EXECUTE('
DELETE FROM dbo.OPERACIONES WHERE TITULO = 7901 AND IDENTIFICACION = 9965;
');

EXECUTE('
DELETE FROM dbo.DESCRIPTORES WHERE IDENTIFICACION=36;
DELETE FROM dbo.DICCIONARIO WHERE NUMERODECAMPO BETWEEN 25551 AND 25581;
DELETE FROM dbo.AYUDAS WHERE NUMERODEAYUDA in (3,4);
DELETE FROM dbo.INDICES WHERE NUMERODEARCHIVO=36;
DELETE FROM dbo.OPCIONES WHERE NUMERODECAMPO IN (25553,25560,25570,25579,25581);
');

EXECUTE('
INSERT INTO dbo.DESCRIPTORES
(TITULO, IDENTIFICACION, TIPODEARCHIVO, DESCRIPCION, GRUPODELMAPA, NOMBREFISICO, TIPODEDBMS, LARGODELREGISTRO, INICIALIZACIONDELREGISTRO, BASE, SELECCION, ACEPTA_MOVS_DIFERIDO)
VALUES(10, 36,NULL,''MAESTRO_TRANSFERENCIAS'', 0,''MAESTRO_TRANSFERENCIAS'',''D'', NULL, NULL,''Top/Clientes'', NULL,''N'');

INSERT INTO dbo.DICCIONARIO
(NUMERODECAMPO, USODELCAMPO, REFERENCIA, DESCRIPCION, PROMPT, LARGO, TIPODECAMPO, DECIMALES, EDICION, CONTABILIZA, CONCEPTO, CALCULO, VALIDACION, TABLADEVALIDACION, TABLADEAYUDA, OPCIONES, TABLA, CAMPO, BASICO, MASCARA)
VALUES
(25551,'' '', 0,''AYUDA_ASIENTO_ORIGEN'',''AYUDA_ASIENTO_ORIGEN'', 10,''N'', 0, NULL, 0, 0, 0, 0, 0, 3, 0, 0,''C25551'', 0, NULL),
(25552,'' '', 0,''AYUDA_ASIENTO_DESTINO'',''AYUDA_ASIENTO_DESTINO'', 10,''N'', 0, NULL, 0, 0, 0, 0, 0, 4, 0, 0,''C25552'', 0, NULL),
(25553,'' '', 0,''CANAL'',''CANAL'', 2,''A'', 0, NULL, 0, 0, 0, 0, 0, 0, 1, 36,''CANAL'', 0, NULL),
(25554,'' '', 0,''INTERFAZ'',''INTERFAZ'', 10,''A'', 0, NULL, 0, 0, 0, 0, 0, 0, 0, 36,''INTERFAZ'', 0, NULL),
(25555,'' '', 0,''LINK_TERMINAL'',''LINK_TERMINAL'', 2,''A'', 0, NULL, 0, 0, 0, 0, 0, 0, 0, 36,''LINK_TERMINAL'', 0, NULL),
(25556,'' '', 0,''MOTIVO'',''MOTIVO'', 3,''A'', 0, NULL, 0, 0, 0, 0, 0, 0, 0, 36,''MOTIVO'', 0, NULL),
(25557,'' '', 0,''REFERENCIA'',''REFERENCIA'', 15,''A'', 0, NULL, 0, 0, 0, 0, 0, 0, 0, 36,''REFERENCIA'', 0, NULL),
(25558,'' '', 0,''SOLICITUD_FECHA'',''SOLICITUD_FECHA'', 8,''F'', 0, ''F'', 0, 0, 0, 0, 0, 0, 0, 36,''SOLICITUD_FECHA'', 0, NULL),
(25559,'' '', 0,''ORIGEN_ENTIDAD'',''ORIGEN_ENTIDAD'', 5,''N'', 0, NULL, 0, 0, 0, 0, 0, 0, 0, 36,''ORIGEN_ENTIDAD'', 0, NULL),
(25560,'' '', 0,''ORIGEN_SUBSISTEMA'',''ORIGEN_SUBSISTEMA'', 2,''A'', 0, NULL, 0, 0, 0, 0, 0, 0, 1, 36,''ORIGEN_SUBSISTEMA'', 0, NULL),
(25561,'' '', 0,''ORIGEN_SUCURSAL'',''ORIGEN_SUCURSAL'', 5,''N'', 0, NULL, 0, 0, 0, 0, 0, 0, 0, 36,''ORIGEN_SUCURSAL'', 0, NULL),
(25562,'' '', 0,''ORIGEN_CUENTA'',''ORIGEN_CUENTA'', 13,''N'', 0, NULL, 0, 0, 0, 0, 0, 0, 0, 36,''ORIGEN_CUENTA'', 0, NULL),
(25563,'' '', 0,''ORIGEN_CUIT'',''ORIGEN_CUIT'', 11,''N'', 0, NULL, 0, 0, 0, 0, 0, 0, 0, 36,''ORIGEN_CUIT'', 0, NULL),
(25564,'' '', 0,''ORIGEN_RAZON_SOCIAL'',''ORIGEN_RAZON_SOCIAL'', 50,''A'', 0, NULL, 0, 0, 0, 0, 0, 0, 0, 36,''ORIGEN_RAZON_SOCIAL'', 0, NULL),
(25565,'' '', 0,''ORIGEN_CBU'',''ORIGEN_CBU'', 22,''A'', 0, NULL, 0, 0, 0, 0, 0, 0, 0, 36,''ORIGEN_CBU'', 0, NULL),
(25566,'' '', 0,''ORIGEN_ASIENTO_NUMERO'',''ORIGEN_ASIENTO_NUMERO'', 10,''N'', 0, NULL, 0, 0, 0, 0, 0, 0, 0, 36,''ORIGEN_ASIENTO_NUMERO'', 0, NULL),
(25567,'' '', 0,''ORIGEN_ASIENTO_FECHA'',''ORIGEN_ASIENTO_FECHA'', 8,''F'', 0, ''F'', 0, 0, 0, 0, 0, 0, 0, 36,''ORIGEN_ASIENTO_FECHA'', 0, NULL),
(25568,'' '', 0,''ORIGEN_ASIENTO_SUCURSAL'',''ORIGEN_ASIENTO_SUCURSAL'', 5,''N'', 0, NULL, 0, 0, 0, 0, 0, 0, 0, 36,''ORIGEN_ASIENTO_SUCURSAL'', 0, NULL),
(25569,'' '', 0,''DESTINO_ENTIDAD'',''DESTINO_ENTIDAD'', 5,''N'', 0, NULL, 0, 0, 0, 0, 0, 0, 0, 36,''DESTINO_ENTIDAD'', 0, NULL),
(25570,'' '', 0,''DESTINO_SUBSISTEMA'',''DESTINO_SUBSISTEMA'', 2,''A'', 0, NULL, 0, 0, 0, 0, 0, 0, 1, 36,''DESTINO_SUBSISTEMA'', 0, NULL),
(25571,'' '', 0,''DESTINO_SUCURSAL'',''DESTINO_SUCURSAL'', 5,''N'', 0, NULL, 0, 0, 0, 0, 0, 0, 0, 36,''DESTINO_SUCURSAL'', 0, NULL),
(25572,'' '', 0,''DESTINO_CUENTA'',''DESTINO_CUENTA'', 13,''N'', 0, NULL, 0, 0, 0, 0, 0, 0, 0, 36,''DESTINO_CUENTA'', 0, NULL),
(25573,'' '', 0,''DESTINO_CUIT'',''DESTINO_CUIT'', 11,''N'', 0, NULL, 0, 0, 0, 0, 0, 0, 0, 36,''DESTINO_CUIT'', 0, NULL),
(25574,'' '', 0,''DESTINO_RAZON_SOCIAL'',''DESTINO_RAZON_SOCIAL'', 50,''A'', 0, NULL, 0, 0, 0, 0, 0, 0, 0, 36,''DESTINO_RAZON_SOCIAL'', 0, NULL),
(25575,'' '', 0,''DESTINO_CBU'',''DESTINO_CBU'', 22,''A'', 0, NULL, 0, 0, 0, 0, 0, 0, 0, 36,''DESTINO_CBU'', 0, NULL),
(25576,'' '', 0,''DESTINO_ASIENTO_NUMERO'',''DESTINO_ASIENTO_NUMERO'', 10,''N'', 0, NULL, 0, 0, 0, 0, 0, 0, 0, 36,''DESTINO_ASIENTO_NUMERO'', 0, NULL),
(25577,'' '', 0,''DESTINO_ASIENTO_FECHA'',''DESTINO_ASIENTO_FECHA'', 8,''F'', 0, ''F'', 0, 0, 0, 0, 0, 0, 0, 36,''DESTINO_ASIENTO_FECHA'', 0, NULL),
(25578,'' '', 0,''DESTINO_ASIENTO_SUCURSAL'',''DESTINO_ASIENTO_SUCURSAL'', 5,''N'', 0, NULL, 0, 0, 0, 0, 0, 0, 0, 36,''DESTINO_ASIENTO_SUCURSAL'', 0, NULL),
(25579,'' '', 0,''MONEDA'',''MONEDA'', 5,''N'', 0, NULL, 0, 0, 0, 0, 0, 0, 1, 36,''MONEDA'', 0, NULL),
(25580,'' '', 0,''IMPORTE'',''IMPORTE'', 15,''N'', 2, NULL, 0, 0, 0, 0, 0, 0, 0, 36,''IMPORTE'', 0, NULL),
(25581,'' '', 0,''TITULAR'',''TITULAR'', 1,''A'', 0, NULL, 0, 0, 0, 0, 0, 0, 1, 36,''TITULAR'', 0, NULL);

INSERT INTO dbo.AYUDAS
(NUMERODEARCHIVO, NUMERODEAYUDA, DESCRIPCION, FILTRO, MOSTRARTODOS, CAMPOS, CAMPOSVISTA, BASEVISTA, NOMBREVISTA, AYUDAGRANDE)
VALUES
(36, 3,''Ayuda_ASIENTO_ORIGEN'','''', 0,''25566R;25567R;25568R;25553;25554;25555;25556;25557;25558;25559;25560;25561;25562;25563;25564;25565;25569;25570;25571;25572;25573;25574;25575;25579;25580;25581'', NULL, NULL, NULL, 0),
(36, 4,''Ayuda_ASIENTO_DESTINO'','''', 0,''25576R;25577R;25578R;25553;25554;25555;25556;25557;25558;25559;25560;25561;25562;25563;25564;25565;25569;25570;25571;25572;25573;25574;25575;25579;25580;25581'', NULL, NULL, NULL, 0);

INSERT INTO dbo.OPERACIONES
(TITULO, IDENTIFICACION, NOMBRE, DESCRIPCION, MNEMOTECNICO, AUTORIZACION, FORMULARIOPRINCIPAL, PROXOPERACION, ESTADO, TZ_LOCK, COPIAS, SUBOPERACION, PERMITEBAJA, COMPORTAMIENTOENCIERRE, REQUIERECONTRASENA, PERMITECONCURRENTE, PERMITEESTADODIFERIDO, ICONO_TITULO, ESTILO)
VALUES
(6800, 14,''REGISTRA TRANSFERENCIA CONTRAPARTE'',''REGISTRA TRANSFERENCIA CONTRAPARTE'',''14'',''N'', NULL, NULL,''P'', 0, NULL, 0,''S'',''N'',''N'',''N'',''N'', NULL, 0);

INSERT INTO dbo.INDICES
(NUMERODEARCHIVO, NUMERODEINDICE, DESCRIPCION, CLAVESREPETIDAS, CAMPO1, CAMPO2, CAMPO3, CAMPO4, CAMPO5, CAMPO6, CAMPO7, CAMPO8, CAMPO9, CAMPO10, CAMPO11, CAMPO12, CAMPO13, CAMPO14, CAMPO15, CAMPO16, CAMPO17, CAMPO18, CAMPO19, CAMPO20)
VALUES
(36, 1,''ID_ORIGEN'', 0, 25566, 25567, 25568, NULL, NULL, NULL, NULL, NULL, NULL, NULL, NULL, NULL, NULL, NULL, NULL, NULL, NULL, NULL, NULL, NULL),
(36, 2,''ID_DESTINO'', 0, 25576, 25577, 25578, NULL, NULL, NULL, NULL, NULL, NULL, NULL, NULL, NULL, NULL, NULL, NULL, NULL, NULL, NULL, NULL, NULL);

INSERT INTO OPCIONES (NUMERODECAMPO,IDIOMA,DESCRIPCION,OPCIONINTERNA,OPCIONDEPANTALLA) VALUES 
(25553,''E'',''INTERBANKING'',''IB'',''IB''), 
(25553,''E'',''LINK'',''LK'',''LK''), 
(25553,''E'',''MEP'',''ME'',''ME''), 
(25553,''E'',''COELSA'',''TR'',''TR''),
(25553,''E'',''BANCA'',''DO'',''DO''), 
(25560,''E'',''Caja de Ahorro'',''AC'',''AC''), 
(25560,''E'',''Cuenta Corriente'',''CC'',''CC''),
(25570,''E'',''Caja de Ahorro'',''AC'',''AC''), 
(25570,''E'',''Cuenta Corriente'',''CC'',''CC''),
(25579,''E'',''Pesos Argentinos'',''1'',''1''),
(25579,''E'',''Dolares Estadounidenses'',''2'',''2''),
(25581,''E'',''Mismo Titular'',''S'',''S''),
(25581,''E'',''Distinto Titular'',''N'',''N'');
');
