-- DESCRIPTORES
EXEC('
    DELETE DESCRIPTORES WHERE IDENTIFICACION IN (450,451);
');

EXEC ('
    INSERT INTO DESCRIPTORES (TITULO,IDENTIFICACION,TIPODEARCHIVO,DESCRIPCION,GRUPODELMAPA,NOMBREFISICO,TIPODEDBMS,LARGODELREGISTRO,INICIALIZACIONDELREGISTRO,BASE,SELECCION,ACEPTA_MOVS_DIFERIDO) VALUES
	 (930,450,NULL,''ASIENTOS_VARIOS_ARCHIVOS'',0,''ASIENTOS_VARIOS_ARCHIVOS'',''D'',NULL,NULL,''Top/Clientes'',NULL,''N''),
     (930,451,NULL,''ASIENTOS_VARIOS_REGISTROS'',0,''ASIENTOS_VARIOS_REGISTROS'',''D'',NULL,NULL,''Top/Clientes'',NULL,''N'');
    ');

-- DICCIONARIO
EXEC('
    DELETE DICCIONARIO WHERE (NUMERODECAMPO >= 25517 AND NUMERODECAMPO <= 25546) OR NUMERODECAMPO = 25550 OR NUMERODECAMPO = 3588;
');

---- ASIENTOS_VARIOS_ARCHIVOS
EXEC ('
    INSERT INTO DICCIONARIO (NUMERODECAMPO,USODELCAMPO,REFERENCIA,DESCRIPCION,PROMPT,LARGO,TIPODECAMPO,DECIMALES,EDICION,CONTABILIZA,CONCEPTO,CALCULO,VALIDACION,TABLADEVALIDACION,TABLADEAYUDA,OPCIONES,TABLA,CAMPO,BASICO,MASCARA) VALUES
        (25517,'' '',NULL,''Fecha de importación'',''Fecha de importación'',8,''F'',0,''F'',0,0,NULL,NULL,NULL,NULL,0,450,''FECHA_IMPORTACION'',0,'' ''),
        (3588,'' '',NULL,''Hora de importación'',''Hora de importación'',8,''H'',0,''H'',0,0,NULL,NULL,NULL,NULL,0,450,''HORA_IMPORTACION'',0,'' ''),
        (25518,'' '',NULL,''MD5 Archivo'',''MD5 Archivo'',80,''A'',0,NULL,0,0,NULL,NULL,NULL,NULL,0,450,''MD5_ARCH'',0,'' ''),
        (25519,'' '',NULL,''Nombre de Archivo'',''Nombre de Archivo'',50,''A'',0,NULL,0,0,NULL,NULL,NULL,NULL,0,450,''NOMBRE_ARCH'',0,'' ''),
        (25520,'' '',NULL,''Total de débitos'',''Total de débitos'',15,''N'',2,''I'',0,0,NULL,NULL,NULL,NULL,0,450,''TOTAL_DEBITOS'',0,'' ''),
        (25550,'' '',NULL,''Total de créditos'',''Total de créditos'',15,''N'',2,''I'',0,0,NULL,NULL,NULL,NULL,0,450,''TOTAL_CREDITOS'',0,'' ''),
        (25521,'' '',NULL,''Canal bandeja'',''Canal bandeja'',35,''A'',0,NULL,0,0,NULL,NULL,NULL,NULL,0,450,''CANAL_BANDEJA'',0,'' ''),
        (25522,'' '',NULL,''Usuario importa'',''Usuario importa'',10,''A'',0,NULL,0,0,NULL,NULL,NULL,NULL,0,450,''USUARIO_IMPORTA'',0,'' ''),
        (25523,'' '',NULL,''Estado'',''Estado'',1,''A'',0,NULL,0,0,NULL,NULL,NULL,NULL,1,450,''ESTADO'',0,'' '');
    ');

---- ASIENTOS_VARIOS_REGISTROS
EXEC ('
    INSERT INTO DICCIONARIO (NUMERODECAMPO,USODELCAMPO,REFERENCIA,DESCRIPCION,PROMPT,LARGO,TIPODECAMPO,DECIMALES,EDICION,CONTABILIZA,CONCEPTO,CALCULO,VALIDACION,TABLADEVALIDACION,TABLADEAYUDA,OPCIONES,TABLA,CAMPO,BASICO,MASCARA) VALUES
        (25524,'' '',NULL,''Fecha de importación'',''Fecha de importación'',8,''F'',0,''F'',0,0,NULL,NULL,NULL,NULL,0,451,''FECHA_IMPORTACION'',0,'' ''),
        (25525,'' '',NULL,''MD5 Archivo'',''MD5 Archivo'',80,''A'',0,NULL,0,0,NULL,NULL,NULL,NULL,0,451,''MD5_ARCH'',0,'' ''),
        (25526,'' '',NULL,''Numero de registro'',''Numero de registro'',15,''N'',0,NULL,0,0,NULL,NULL,NULL,NULL,0,451,''NRO_REGISTRO'',0,'' ''),
        (25527,'' '',NULL,''Tipo cuenta originante'',''Tipo cuenta originante'',1,''A'',0,NULL,0,0,NULL,NULL,NULL,NULL,0,451,''TIPO_CTA_ORIG'',0,'' ''),
        (25528,'' '',NULL,''Sucursal cuenta originante'',''Sucursal cuenta originante'',5,''N'',0,NULL,0,0,NULL,NULL,NULL,NULL,0,451,''SUC_CTA_ORIG'',0,'' ''),
        (25529,'' '',NULL,''Numero cuenta originante'',''Numero cuenta originante'',12,''N'',0,NULL,0,0,NULL,NULL,NULL,NULL,0,451,''NRO_CTA_ORIG'',0,'' ''),
        (25530,'' '',NULL,''Modulo cuenta originante'',''Modulo cuenta originante'',1,''N'',0,NULL,0,0,NULL,NULL,NULL,NULL,0,451,''MODULO_CTA_ORIG'',0,'' ''),
        (25531,'' '',NULL,''Tipo cuenta destinatario'',''Tipo cuenta destinatario'',1,''A'',0,NULL,0,0,NULL,NULL,NULL,NULL,0,451,''TIPO_CTA_DEST'',0,'' ''),
        (25532,'' '',NULL,''Sucursal cuenta destinatario'',''Sucursal cuenta destinatario'',5,''N'',0,NULL,0,0,NULL,NULL,NULL,NULL,0,451,''SUC_CTA_DEST'',0,'' ''),
        (25533,'' '',NULL,''Numero cuenta destinatario'',''Numero cuenta destinatario'',12,''N'',0,NULL,0,0,NULL,NULL,NULL,NULL,0,451,''NRO_CTA_DEST'',0,'' ''),
        (25534,'' '',NULL,''Modulo cuenta destinatario'',''Modulo cuenta destinatario'',1,''N'',0,NULL,0,0,NULL,NULL,NULL,NULL,0,451,''MODULO_CTA_DEST'',0,'' ''),
        (25535,'' '',NULL,''Codigo moneda operacion'',''Codigo moneda operacion'',5,''N'',0,NULL,0,0,NULL,NULL,NULL,NULL,0,451,''COD_MON_OPE'',0,'' ''),
        (25536,'' '',NULL,''Importe'',''Importe'',15,''N'',2,''I'',0,0,NULL,NULL,NULL,NULL,0,451,''IMPORTE'',0,'' ''),
        (25537,'' '',NULL,''Codigo de evento'',''Codigo de evento'',5,''N'',0,NULL,0,0,NULL,NULL,NULL,NULL,0,451,''COD_EVENTO'',0,'' ''),
        (25538,'' '',NULL,''Codigo de transaccion'',''Codigo de transaccion'',5,''N'',0,NULL,0,0,NULL,NULL,NULL,NULL,0,451,''COD_TR'',0,'' ''),
        (25539,'' '',NULL,''Fecha de impacto'',''Fecha de impacto'',8,''F'',0,''F'',0,0,NULL,NULL,NULL,NULL,0,451,''FECHA_IMPACTO'',0,'' ''),
        (25540,'' '',NULL,''Ajuste'',''Ajuste'',2,''A'',0,NULL,0,0,NULL,NULL,NULL,NULL,0,451,''AJUSTE'',0,'' ''),
        (25541,'' '',NULL,''Estado'',''Estado'',1,''A'',0,NULL,0,0,NULL,NULL,NULL,NULL,1,451,''ESTADO'',0,'' ''),
        (25542,'' '',NULL,''Motivo de rechazo'',''Motivo de rechazo'',50,''A'',0,NULL,0,0,NULL,NULL,NULL,NULL,0,451,''MOTIVO_RECHAZO'',0,'' ''),
        (25543,'' '',NULL,''Asiento procesado'',''Asiento procesado'',10,''N'',0,NULL,0,0,NULL,NULL,NULL,NULL,0,451,''ASIENTO_PROCESADO'',0,'' ''),
        (25544,'' '',NULL,''Fecha procesado'',''Fecha procesado'',8,''F'',0,''F'',0,0,NULL,NULL,NULL,NULL,0,451,''FECHA_PROCESADO'',0,'' ''),
        (25545,'' '',NULL,''Sucursal procesado'',''Sucursal procesado'',10,''N'',0,NULL,0,0,NULL,NULL,NULL,NULL,0,451,''SUC_PROCESADO'',0,'' ''),
        (25546,'' '',NULL,''JTS Bandeja'',''JTS Bandeja'',15,''N'',0,NULL,0,0,NULL,NULL,NULL,NULL,0,451,''JTS_BANDEJA'',0,'' '');
    ');


-- INDICES
EXEC('
    DELETE INDICES WHERE NUMERODEARCHIVO IN (450,451);
');

EXEC('
    INSERT INTO INDICES (NUMERODEARCHIVO,NUMERODEINDICE,DESCRIPCION,CLAVESREPETIDAS,CAMPO1,CAMPO2,CAMPO3,CAMPO4,CAMPO5,CAMPO6,CAMPO7,CAMPO8,CAMPO9,CAMPO10,CAMPO11,CAMPO12,CAMPO13,CAMPO14,CAMPO15,CAMPO16,CAMPO17,CAMPO18,CAMPO19,CAMPO20) VALUES
        (450,1,''Asientos Varios Archivos'',0,25517,25518,NULL,NULL,NULL,NULL,NULL,NULL,NULL,NULL,NULL,NULL,NULL,NULL,NULL,NULL,NULL,NULL,NULL,NULL),
        (451,1,''Asientos Varios Archivos'',0,25524,25525,25526,NULL,NULL,NULL,NULL,NULL,NULL,NULL,NULL,NULL,NULL,NULL,NULL,NULL,NULL,NULL,NULL,NULL);
    ');

-- AYUDAS
EXEC('
    DELETE AYUDAS WHERE NUMERODEAYUDA IN (250,251);
');

EXEC('
    INSERT INTO AYUDAS (NUMERODEARCHIVO,NUMERODEAYUDA,DESCRIPCION,FILTRO,MOSTRARTODOS,CAMPOS,CAMPOSVISTA,BASEVISTA,NOMBREVISTA,AYUDAGRANDE) VALUES
	    (450,250,''Asientos Varios Archivos'','''',1,''25517ROD1;3588OD2;25518R;25519;25520;25550;25521;25522;25523;'',NULL,NULL,NULL,0),
        (451,251,''Asientos Varios Registros'','''',1,''25524R;25525R;25526ROA1;25527;25528;25529;25530;25531;25532;25533;25534;25535;25536;25537;25538;25539;25540;25541;25542;25543;25544;25545;25546;'',NULL,NULL,NULL,0);
    ');

-- CAMPOS AYUDAS
EXEC('
    DELETE DICCIONARIO WHERE NUMERODECAMPO IN (25547, 25548);
    ');

EXEC('
    INSERT INTO DICCIONARIO (NUMERODECAMPO,USODELCAMPO,REFERENCIA,DESCRIPCION,PROMPT,LARGO,TIPODECAMPO,DECIMALES,EDICION,CONTABILIZA,CONCEPTO,CALCULO,VALIDACION,TABLADEVALIDACION,TABLADEAYUDA,OPCIONES,TABLA,CAMPO,BASICO,MASCARA) VALUES
	    (25547,'' '',0,''Ayuda As. Var. Arch.'',NULL,80,''A'',0,NULL,0,0,0,0,0,250,0,0,''AYUDA_AS_VAR_ARCH'',0,NULL),
        (25548,'' '',0,''Ayuda As. Var. Reg.'',NULL,80,''A'',0,NULL,0,0,0,0,0,251,0,0,''AYUDA_AS_VAR_REG'',0,NULL);
    ');

-- OPCIONES
EXEC('
    DELETE OPCIONES WHERE NUMERODECAMPO IN (25523, 25541, 25549);
    ');

EXEC('
    INSERT INTO OPCIONES (NUMERODECAMPO,IDIOMA,DESCRIPCION,OPCIONINTERNA,OPCIONDEPANTALLA) VALUES
        (25523,''E'',''Ingresado'',''I'',''I''),
        (25523,''E'',''Confirmado'',''C'',''C''),
        (25523,''E'',''Rechazado'',''R'',''R''),
        (25523,''E'',''En proceso'',''E'',''E''),
        (25523,''E'',''Procesado'',''P'',''P'');
    ');

EXEC('
    INSERT INTO OPCIONES (NUMERODECAMPO,IDIOMA,DESCRIPCION,OPCIONINTERNA,OPCIONDEPANTALLA) VALUES
        (25541,''E'',''Validado'',''V'',''V''),
        (25541,''E'',''Rechazado'',''R'',''R''),
        (25541,''E'',''Procesado'',''P'',''P'');
    ');

EXEC('
    INSERT INTO OPCIONES (NUMERODECAMPO,IDIOMA,DESCRIPCION,OPCIONINTERNA,OPCIONDEPANTALLA) VALUES
        (25549,''E'',''Archivos pendientes de revisión'',''P'',''P''),
        (25549,''E'',''Archivos confirmados'',''C'',''C''),
        (25549,''E'',''Archivos históricos'',''H'',''H'');
    ');

-- CAMPOS LIBRES
EXEC('
    DELETE DICCIONARIO WHERE NUMERODECAMPO = 25549;
    ');

EXEC('
    INSERT INTO DICCIONARIO (NUMERODECAMPO,USODELCAMPO,REFERENCIA,DESCRIPCION,PROMPT,LARGO,TIPODECAMPO,DECIMALES,EDICION,CONTABILIZA,CONCEPTO,CALCULO,VALIDACION,TABLADEVALIDACION,TABLADEAYUDA,OPCIONES,TABLA,CAMPO,BASICO,MASCARA) VALUES
	    (25549,'' '',0,''Opciones As. Var. Reg.'',NULL,1,''A'',0,NULL,0,0,0,0,0,0,1,0,''OPCION_AS_VAR_REG'',0,NULL);
    ');

-- OPERACIONES
EXEC('
    DELETE OPERACIONES WHERE IDENTIFICACION = 200;
    ');

EXEC('
    INSERT INTO OPERACIONES (TITULO,IDENTIFICACION,NOMBRE,DESCRIPCION,MNEMOTECNICO,AUTORIZACION,FORMULARIOPRINCIPAL,PROXOPERACION,ESTADO,TZ_LOCK,COPIAS,SUBOPERACION,PERMITEBAJA,COMPORTAMIENTOENCIERRE,REQUIERECONTRASENA,PERMITECONCURRENTE,PERMITEESTADODIFERIDO,ICONO_TITULO,ESTILO) VALUES
	    (6800,200,''Asientos varios'',''Asientos varios'',''200'',''N'',NULL,NULL,''P'',0,NULL,0,''S'',''N'',''N'',''N'',''S'',NULL,0);
    ');

-- REPORTES
EXEC('
    DELETE REPORTES WHERE IDENTIFICACION = 6807;
');

EXEC('
    INSERT INTO reportes (TITULO,IDENTIFICACION,DESCRIPCION,TIPO,BIGREPORT,TIPOSALIDA,GENERAREPORTE,GENERAONLINEREPORTE,GRUPO_REIMPRESION,EJ_DE_OPERACION) VALUES
	 (6800,6807,''Reporte Asientos Varios'',''C'',1,NULL,0,0.0,0,''N'');
');