Execute('DROP TABLE IF EXISTS dbo.ITF_EPAGO_TIPO_OPERACION;

CREATE TABLE dbo.ITF_EPAGO_TIPO_OPERACION (
	TIPO_OPERACION NUMERIC(8,0) NOT NULL PRIMARY KEY,
	DESCRIPCION VARCHAR(100) NOT NULL,
	CAUSAL VARCHAR(10) NOT NULL,
	HABILITADO NUMERIC(1,0) NOT NULL,
	TZ_LOCK NUMERIC(15,0) NOT NULL CONSTRAINT DF__ITF_EPAGO_TIPO_OPERACION__TZ_LOCK DEFAULT 0
);')

Execute('INSERT INTO dbo.ITF_EPAGO_TIPO_OPERACION (TIPO_OPERACION, DESCRIPCION, CAUSAL, HABILITADO) VALUES(1, N''Pago a proveedores del estado'', N''PAGELEC'', 1);
INSERT INTO dbo.ITF_EPAGO_TIPO_OPERACION (TIPO_OPERACION, DESCRIPCION, CAUSAL, HABILITADO) VALUES(2, N''Pago a Municipios'', N''PAGELEC'', 1);
INSERT INTO dbo.ITF_EPAGO_TIPO_OPERACION (TIPO_OPERACION, DESCRIPCION, CAUSAL, HABILITADO) VALUES(3, N''ATP – Ingresos Brutos'', N''PAGELEC'', 1);
INSERT INTO dbo.ITF_EPAGO_TIPO_OPERACION (TIPO_OPERACION, DESCRIPCION, CAUSAL, HABILITADO) VALUES(4, N''Pago a Agencieros Lotería Chaqueña'', N''PAGELEC'', 1);
INSERT INTO dbo.ITF_EPAGO_TIPO_OPERACION (TIPO_OPERACION, DESCRIPCION, CAUSAL, HABILITADO) VALUES(5, N''Pago retenciones DGI'', N''PAGELEC'', 1);
INSERT INTO dbo.ITF_EPAGO_TIPO_OPERACION (TIPO_OPERACION, DESCRIPCION, CAUSAL, HABILITADO) VALUES(6, N''Pago Judicial'', N''PAGELEC'', 1);')

Execute('DROP TABLE IF EXISTS dbo.ITF_EPAGO_TIPO_CUENTA_TIPO_OPERACION;

CREATE TABLE dbo.ITF_EPAGO_TIPO_CUENTA_TIPO_OPERACION (
	TIPO_CUENTA NUMERIC(2,0) NOT NULL,
	TIPO_OPERACION NUMERIC(8,0) NOT NULL,
	ORIGEN_DESTINO VARCHAR(1) COLLATE Modern_Spanish_CI_AS NOT NULL,
	HABILITADO NUMERIC(1,0) NOT NULL,
	TZ_LOCK NUMERIC(15,0) NOT NULL CONSTRAINT DF__ITF_EPAGO_TIPO_CUENTA_TIPO_OPERACION__TZ_LOCK DEFAULT 0,
	PRIMARY KEY (TIPO_CUENTA, TIPO_OPERACION, ORIGEN_DESTINO)
);')

Execute('INSERT INTO dbo.ITF_EPAGO_TIPO_CUENTA_TIPO_OPERACION (TIPO_CUENTA, TIPO_OPERACION, ORIGEN_DESTINO, HABILITADO) VALUES(01, 01, N''D'', 1);
INSERT INTO dbo.ITF_EPAGO_TIPO_CUENTA_TIPO_OPERACION (TIPO_CUENTA, TIPO_OPERACION, ORIGEN_DESTINO, HABILITADO) VALUES(01, 01, N''O'', 1);
INSERT INTO dbo.ITF_EPAGO_TIPO_CUENTA_TIPO_OPERACION (TIPO_CUENTA, TIPO_OPERACION, ORIGEN_DESTINO, HABILITADO) VALUES(01, 02, N''D'', 1);
INSERT INTO dbo.ITF_EPAGO_TIPO_CUENTA_TIPO_OPERACION (TIPO_CUENTA, TIPO_OPERACION, ORIGEN_DESTINO, HABILITADO) VALUES(01, 02, N''O'', 1);
INSERT INTO dbo.ITF_EPAGO_TIPO_CUENTA_TIPO_OPERACION (TIPO_CUENTA, TIPO_OPERACION, ORIGEN_DESTINO, HABILITADO) VALUES(01, 03, N''D'', 1);
INSERT INTO dbo.ITF_EPAGO_TIPO_CUENTA_TIPO_OPERACION (TIPO_CUENTA, TIPO_OPERACION, ORIGEN_DESTINO, HABILITADO) VALUES(01, 03, N''O'', 1);
INSERT INTO dbo.ITF_EPAGO_TIPO_CUENTA_TIPO_OPERACION (TIPO_CUENTA, TIPO_OPERACION, ORIGEN_DESTINO, HABILITADO) VALUES(01, 05, N''D'', 1);
INSERT INTO dbo.ITF_EPAGO_TIPO_CUENTA_TIPO_OPERACION (TIPO_CUENTA, TIPO_OPERACION, ORIGEN_DESTINO, HABILITADO) VALUES(01, 05, N''O'', 1);
INSERT INTO dbo.ITF_EPAGO_TIPO_CUENTA_TIPO_OPERACION (TIPO_CUENTA, TIPO_OPERACION, ORIGEN_DESTINO, HABILITADO) VALUES(01, 06, N''D'', 1);
INSERT INTO dbo.ITF_EPAGO_TIPO_CUENTA_TIPO_OPERACION (TIPO_CUENTA, TIPO_OPERACION, ORIGEN_DESTINO, HABILITADO) VALUES(01, 06, N''O'', 1);
INSERT INTO dbo.ITF_EPAGO_TIPO_CUENTA_TIPO_OPERACION (TIPO_CUENTA, TIPO_OPERACION, ORIGEN_DESTINO, HABILITADO) VALUES(07, 01, N''D'', 1);
INSERT INTO dbo.ITF_EPAGO_TIPO_CUENTA_TIPO_OPERACION (TIPO_CUENTA, TIPO_OPERACION, ORIGEN_DESTINO, HABILITADO) VALUES(07, 01, N''O'', 1);
INSERT INTO dbo.ITF_EPAGO_TIPO_CUENTA_TIPO_OPERACION (TIPO_CUENTA, TIPO_OPERACION, ORIGEN_DESTINO, HABILITADO) VALUES(07, 02, N''D'', 1);
INSERT INTO dbo.ITF_EPAGO_TIPO_CUENTA_TIPO_OPERACION (TIPO_CUENTA, TIPO_OPERACION, ORIGEN_DESTINO, HABILITADO) VALUES(07, 02, N''O'', 1);
INSERT INTO dbo.ITF_EPAGO_TIPO_CUENTA_TIPO_OPERACION (TIPO_CUENTA, TIPO_OPERACION, ORIGEN_DESTINO, HABILITADO) VALUES(07, 03, N''D'', 1);
INSERT INTO dbo.ITF_EPAGO_TIPO_CUENTA_TIPO_OPERACION (TIPO_CUENTA, TIPO_OPERACION, ORIGEN_DESTINO, HABILITADO) VALUES(07, 03, N''O'', 1);
INSERT INTO dbo.ITF_EPAGO_TIPO_CUENTA_TIPO_OPERACION (TIPO_CUENTA, TIPO_OPERACION, ORIGEN_DESTINO, HABILITADO) VALUES(07, 05, N''D'', 1);
INSERT INTO dbo.ITF_EPAGO_TIPO_CUENTA_TIPO_OPERACION (TIPO_CUENTA, TIPO_OPERACION, ORIGEN_DESTINO, HABILITADO) VALUES(07, 05, N''O'', 1);
INSERT INTO dbo.ITF_EPAGO_TIPO_CUENTA_TIPO_OPERACION (TIPO_CUENTA, TIPO_OPERACION, ORIGEN_DESTINO, HABILITADO) VALUES(11, 01, N''D'', 1);
INSERT INTO dbo.ITF_EPAGO_TIPO_CUENTA_TIPO_OPERACION (TIPO_CUENTA, TIPO_OPERACION, ORIGEN_DESTINO, HABILITADO) VALUES(11, 01, N''O'', 1);
INSERT INTO dbo.ITF_EPAGO_TIPO_CUENTA_TIPO_OPERACION (TIPO_CUENTA, TIPO_OPERACION, ORIGEN_DESTINO, HABILITADO) VALUES(11, 02, N''D'', 1);
INSERT INTO dbo.ITF_EPAGO_TIPO_CUENTA_TIPO_OPERACION (TIPO_CUENTA, TIPO_OPERACION, ORIGEN_DESTINO, HABILITADO) VALUES(11, 02, N''O'', 1);
INSERT INTO dbo.ITF_EPAGO_TIPO_CUENTA_TIPO_OPERACION (TIPO_CUENTA, TIPO_OPERACION, ORIGEN_DESTINO, HABILITADO) VALUES(11, 03, N''D'', 1);
INSERT INTO dbo.ITF_EPAGO_TIPO_CUENTA_TIPO_OPERACION (TIPO_CUENTA, TIPO_OPERACION, ORIGEN_DESTINO, HABILITADO) VALUES(11, 03, N''O'', 1);
INSERT INTO dbo.ITF_EPAGO_TIPO_CUENTA_TIPO_OPERACION (TIPO_CUENTA, TIPO_OPERACION, ORIGEN_DESTINO, HABILITADO) VALUES(11, 05, N''D'', 1);
INSERT INTO dbo.ITF_EPAGO_TIPO_CUENTA_TIPO_OPERACION (TIPO_CUENTA, TIPO_OPERACION, ORIGEN_DESTINO, HABILITADO) VALUES(11, 05, N''O'', 1);
INSERT INTO dbo.ITF_EPAGO_TIPO_CUENTA_TIPO_OPERACION (TIPO_CUENTA, TIPO_OPERACION, ORIGEN_DESTINO, HABILITADO) VALUES(11, 06, N''D'', 1);
INSERT INTO dbo.ITF_EPAGO_TIPO_CUENTA_TIPO_OPERACION (TIPO_CUENTA, TIPO_OPERACION, ORIGEN_DESTINO, HABILITADO) VALUES(11, 06, N''O'', 1);
INSERT INTO dbo.ITF_EPAGO_TIPO_CUENTA_TIPO_OPERACION (TIPO_CUENTA, TIPO_OPERACION, ORIGEN_DESTINO, HABILITADO) VALUES(15, 01, N''D'', 1);
INSERT INTO dbo.ITF_EPAGO_TIPO_CUENTA_TIPO_OPERACION (TIPO_CUENTA, TIPO_OPERACION, ORIGEN_DESTINO, HABILITADO) VALUES(15, 01, N''O'', 1);
INSERT INTO dbo.ITF_EPAGO_TIPO_CUENTA_TIPO_OPERACION (TIPO_CUENTA, TIPO_OPERACION, ORIGEN_DESTINO, HABILITADO) VALUES(15, 02, N''D'', 1);
INSERT INTO dbo.ITF_EPAGO_TIPO_CUENTA_TIPO_OPERACION (TIPO_CUENTA, TIPO_OPERACION, ORIGEN_DESTINO, HABILITADO) VALUES(15, 02, N''O'', 1);
INSERT INTO dbo.ITF_EPAGO_TIPO_CUENTA_TIPO_OPERACION (TIPO_CUENTA, TIPO_OPERACION, ORIGEN_DESTINO, HABILITADO) VALUES(15, 03, N''D'', 1);
INSERT INTO dbo.ITF_EPAGO_TIPO_CUENTA_TIPO_OPERACION (TIPO_CUENTA, TIPO_OPERACION, ORIGEN_DESTINO, HABILITADO) VALUES(15, 03, N''O'', 1);
INSERT INTO dbo.ITF_EPAGO_TIPO_CUENTA_TIPO_OPERACION (TIPO_CUENTA, TIPO_OPERACION, ORIGEN_DESTINO, HABILITADO) VALUES(15, 05, N''D'', 1);
INSERT INTO dbo.ITF_EPAGO_TIPO_CUENTA_TIPO_OPERACION (TIPO_CUENTA, TIPO_OPERACION, ORIGEN_DESTINO, HABILITADO) VALUES(15, 05, N''O'', 1);
INSERT INTO dbo.ITF_EPAGO_TIPO_CUENTA_TIPO_OPERACION (TIPO_CUENTA, TIPO_OPERACION, ORIGEN_DESTINO, HABILITADO) VALUES(15, 06, N''D'', 1);
INSERT INTO dbo.ITF_EPAGO_TIPO_CUENTA_TIPO_OPERACION (TIPO_CUENTA, TIPO_OPERACION, ORIGEN_DESTINO, HABILITADO) VALUES(15, 06, N''O'', 1);')

Execute('DELETE FROM dbo.OPERACIONES WHERE IDENTIFICACION = 179
INSERT INTO dbo.OPERACIONES 
(TITULO,	IDENTIFICACION,	NOMBRE,							DESCRIPCION,					MNEMOTECNICO,	AUTORIZACION,	FORMULARIOPRINCIPAL,	PROXOPERACION,	ESTADO,	TZ_LOCK,	COPIAS,	SUBOPERACION,	PERMITEBAJA,	COMPORTAMIENTOENCIERRE,	REQUIERECONTRASENA,	PERMITECONCURRENTE,	PERMITEESTADODIFERIDO,	ICONO_TITULO,	ESTILO) 
VALUES
(6800,		179,			N''ABMC EPAGO Tipo Operación'',	N''ABMC EPAGO Tipo Operación'',	N''179'',			N''N'',			NULL,					NULL,			N''P'',	0,			NULL,	0,				N''S'',			N''N'',					N''N'',				N''N'',				N''S'',					NULL,			0);
;

DELETE FROM dbo.OPERACIONES WHERE IDENTIFICACION = 183
INSERT INTO dbo.OPERACIONES 
(TITULO,	IDENTIFICACION,	NOMBRE,							DESCRIPCION,					MNEMOTECNICO,	AUTORIZACION,	FORMULARIOPRINCIPAL,	PROXOPERACION,	ESTADO,	TZ_LOCK,	COPIAS,	SUBOPERACION,	PERMITEBAJA,	COMPORTAMIENTOENCIERRE,	REQUIERECONTRASENA,	PERMITECONCURRENTE,	PERMITEESTADODIFERIDO,	ICONO_TITULO,	ESTILO) 
VALUES
(6800,		183,			N''ABMC Tipo Ope Tipo Cta'',		N''ABMC Tipo Ope Tipo Cta'',		N''183'',			N''N'',			NULL,					NULL,			N''P'',	0,			NULL,	0,				N''S'',			N''N'',					N''N'',				N''N'',				N''S'',					NULL,			0);
;

DELETE FROM dbo.DICCIONARIO WHERE NUMERODECAMPO IN (41346, 41348, 41350, 41352, 41354)
INSERT INTO dbo.DICCIONARIO 
(NUMERODECAMPO,	USODELCAMPO,	REFERENCIA,	DESCRIPCION,			PROMPT,					LARGO,	TIPODECAMPO,	DECIMALES,	EDICION,	CONTABILIZA,	CONCEPTO,	CALCULO,	VALIDACION,	TABLADEVALIDACION,	TABLADEAYUDA,	OPCIONES,	TABLA,	CAMPO,				BASICO,	MASCARA) 
VALUES	
(41346, 		'' '', 			0,			N''TIPO_OPERACION'',		N''Tipo de Operación'',	8, 		N''N'',			0,			NULL,		0,				0,			0,			0,			0,					0,				0,			859, 	''TIPO_OPERACION'',	0,		NULL),
(41348, 		'' '', 			0,			N''DESCRIPCION'',			N''Descripción'',			100,	N''A'',			0,			NULL,		0,				0,			0,			0,			0,					0,				0,			859,	''DESCRIPCION'',		0,		NULL),
(41350, 		'' '', 			0,			N''CAUSAL'',				N''Causal'',				10,		N''A'',			0,			NULL,		0,				0,			0,			0,			0,					90819,			0,			859,	''CAUSAL'',			0,		NULL),
(41352, 		'' '', 			0,			N''HABILITADO'',			N''Habilitado?'',			1,		N''N'',			0,			NULL,		0,				0,			0,			0,			0,					0,				1,			859,	''HABILITADO'',		0,		NULL),
(41354, 		'' '', 			0,			N''Ayuda Tipo Ope'',		NULL,					8,		N''N'',			0,			NULL,		0,				0,			0,			0,			0,					34412,			0,			0,		''C41354'',			0,		NULL)
;

DELETE FROM dbo.DICCIONARIO WHERE NUMERODECAMPO IN (41356, 41358, 41360, 41362, 41365)
INSERT INTO dbo.DICCIONARIO 
(NUMERODECAMPO,	USODELCAMPO,	REFERENCIA,	DESCRIPCION,				PROMPT,					LARGO,	TIPODECAMPO,	DECIMALES,	EDICION,	CONTABILIZA,	CONCEPTO,	CALCULO,	VALIDACION,	TABLADEVALIDACION,	TABLADEAYUDA,	OPCIONES,	TABLA,	CAMPO,				BASICO,	MASCARA) 
VALUES
(41356, 		'' '', 			0,			''TIPO_CUENTA'',				''Tipo de Cuenta'',		2,		''N'',			0,			NULL,		0,				0,			0,			0,			0,					0,				1,			58,		''TIPO_CUENTA'',		0,		NULL),
(41358, 		'' '', 			0,			''TIPO_OPERACION'',			''Tipo de Operación'',	8,		''N'',			0,			NULL,		0,				0,			0,			0,			859,				0,				0,			58,		''TIPO_OPERACION'',	0,		NULL),
(41360, 		'' '', 			0,			''ORIGEN_DESTINO'',			''Origen/Destino'',		1,		''A'',			0,			NULL,		0,				0,			0,			0,			0,					0,				1,			58,		''ORIGEN_DESTINO'',	0,		NULL),
(41362, 		'' '', 			0,			''HABILITADO'',				''Habilitado?'',			1,		''N'',			0,			NULL,		0,				0,			0,			0,			0,					0,				1,			58,		''HABILITADO'',		0,		NULL),
(41365,			'' '',			0,			''Ayu Tipo Ope x Tipo Cta'',	NULL,					2,		''N'',			0,			NULL,		0,				0,			0,			0,			0,					34413,			0,			0,		''C41365'',			0,		NULL)
;

DELETE FROM dbo.INDICES WHERE NUMERODEARCHIVO IN (859, 58)
INSERT INTO dbo.INDICES
(NUMERODEARCHIVO,	NUMERODEINDICE,	DESCRIPCION,					CLAVESREPETIDAS,	CAMPO1,	CAMPO2, CAMPO3)
VALUES
(859,				1,				''Idx ITF_EPAGO_TIPO_OPERACION'',	0,					41346,	NULL,	NULL),
(58,				1,				''Idx TIPO_CUENTA_TIPO_OPE'',		0,					41356,	41358,	41360)
;

DELETE FROM dbo.AYUDAS WHERE NUMERODEAYUDA IN (34412, 34413)
INSERT INTO dbo.AYUDAS
(NUMERODEARCHIVO,	NUMERODEAYUDA,	DESCRIPCION,					FILTRO,	MOSTRARTODOS,	CAMPOS, AYUDAGRANDE)
VALUES
(859,				34412,			''Ayu ITF_EPAGO_TIPO_OPERACION'',	'''',		0,				''41346R;41348;41350;41352;'', 0),
(58,				34413,			''Ayu TIPO_OPERACION_TIPO_CTA'',	'''',		0,				''41356R;41358R;41360R;41362;'', 0)
;

DELETE FROM dbo.DESCRIPTORES WHERE IDENTIFICACION IN (859, 58)
INSERT INTO dbo.DESCRIPTORES
(TITULO,	IDENTIFICACION,	TIPODEARCHIVO,	DESCRIPCION,							GRUPODELMAPA,	NOMBREFISICO,							TIPODEDBMS,	LARGODELREGISTRO,	INICIALIZACIONDELREGISTRO,	BASE,			SELECCION,	ACEPTA_MOVS_DIFERIDO)
VALUES
(930,		859,			NULL,			''PE Tipos de Operación'',				0,				''ITF_EPAGO_TIPO_OPERACION'',				''D'',		NULL,				NULL,						''Top/Clientes'',	NULL,		''N''),
(930,		58,				NULL,			''PE TipoCta x TipoOpe'',					0,				''ITF_EPAGO_TIPO_CUENTA_TIPO_OPERACION'',	''D'',		NULL,				NULL,						''Top/Clientes'',	NULL,		''N'')
;

DELETE FROM dbo.OPCIONES WHERE NUMERODECAMPO IN (41352)
INSERT INTO dbo.OPCIONES
(NUMERODECAMPO,	IDIOMA,	DESCRIPCION,	OPCIONINTERNA,	OPCIONDEPANTALLA)
VALUES
(41352,			''E'',	''Habilitado'',	1,				1),
(41352,			''E'',	''Inhabilitado'',	0,				0)
;

DELETE FROM dbo.OPCIONES WHERE NUMERODECAMPO IN (41356, 41360, 41362)
INSERT INTO OPCIONES
(NUMERODECAMPO,	IDIOMA,	DESCRIPCION,					OPCIONINTERNA,	OPCIONDEPANTALLA)
VALUES
(41356,			''E'',	''Cuenta Corriente en Pesos'',	''1'',			''1''),
(41356,			''E'',	''Cuenta Corriente en Dolares'',	''7'',			''7''),
(41356,			''E'',	''Caja de Ahorro en Pesos'',		''11'',			''11''),
(41356,			''E'',	''Caja de Ahorro en Dolares'',	''15'',			''15''),
(41360,			''E'',	''Destino'',						''D'',			''D''),
(41360,			''E'',	''Origen'',						''O'',			''O''),
(41362,			''E'',	''Habilitado'',					''1'',			''1''),
(41362,			''E'',	''Inhabilitado'',					''0'',			''0'')
;


DELETE FROM dbo.DICCIONARIO WHERE NUMERODECAMPO = 99996
INSERT INTO dbo.DICCIONARIO
(NUMERODECAMPO, USODELCAMPO, REFERENCIA, DESCRIPCION, PROMPT, LARGO, TIPODECAMPO, DECIMALES, EDICION, CONTABILIZA, CONCEPTO, CALCULO, VALIDACION, TABLADEVALIDACION, TABLADEAYUDA, OPCIONES, TABLA, CAMPO, BASICO, MASCARA)
VALUES
(99996, N'' '', 0, N''Importe'', N''Importe'', 15, N''N'', 2, N''I'', 0, 0, 0, 0, 0, 0, 0, 0, NULL, 0, N''0.00'');')
