EXECUTE('

INSERT INTO dbo.DICCIONARIO (NUMERODECAMPO, USODELCAMPO, REFERENCIA, DESCRIPCION, PROMPT, LARGO, TIPODECAMPO, DECIMALES, EDICION, CONTABILIZA, CONCEPTO, CALCULO, VALIDACION, TABLADEVALIDACION, TABLADEAYUDA, OPCIONES, TABLA, CAMPO, BASICO, MASCARA)
VALUES (58388, '' '', 0, ''Pivot Credeb sobre Iva'', ''Pivot Libre Credeb sobre Iva'', 15, ''N'', 2, ''I'', 0, 0, 0, 0, 0, 0, 0, 0, NULL, 0, NULL)


INSERT INTO dbo.DICCIONARIO (NUMERODECAMPO, USODELCAMPO, REFERENCIA, DESCRIPCION, PROMPT, LARGO, TIPODECAMPO, DECIMALES, EDICION, CONTABILIZA, CONCEPTO, CALCULO, VALIDACION, TABLADEVALIDACION, TABLADEAYUDA, OPCIONES, TABLA, CAMPO, BASICO, MASCARA)
VALUES (58389, '' '', 0, ''Pivot Credeb sobre Iva P'', ''Pivot Credeb sobre Iva P'', 15, ''N'', 2, ''I'', 0, 0, 0, 0, 0, 0, 0, 0, NULL, 0, NULL)


INSERT INTO dbo.DICCIONARIO (NUMERODECAMPO, USODELCAMPO, REFERENCIA, DESCRIPCION, PROMPT, LARGO, TIPODECAMPO, DECIMALES, EDICION, CONTABILIZA, CONCEPTO, CALCULO, VALIDACION, TABLADEVALIDACION, TABLADEAYUDA, OPCIONES, TABLA, CAMPO, BASICO, MASCARA)
VALUES (58386, '' '', 0, ''Campo Libre Credeb sobre Iva'', ''Campo Libre Credeb sobre Iva'', 15, ''N'', 2, ''I'', 0, 0, 0, 0, 0, 0, 0, 0, NULL, 0, NULL)


INSERT INTO dbo.DICCIONARIO (NUMERODECAMPO, USODELCAMPO, REFERENCIA, DESCRIPCION, PROMPT, LARGO, TIPODECAMPO, DECIMALES, EDICION, CONTABILIZA, CONCEPTO, CALCULO, VALIDACION, TABLADEVALIDACION, TABLADEAYUDA, OPCIONES, TABLA, CAMPO, BASICO, MASCARA)
VALUES (58387, '' '', 0, ''Campo Libre Credeb sobre Iva P'', ''Campo Libre Credeb sobre Iva P'', 15, ''N'', 2, ''I'', 0, 0, 0, 0, 0, 0, 0, 0, NULL, 0, NULL)




UPDATE dbo.CI_IMPUESTOS
SET CAMPO_PUBLICA_PIVOT = 58386
WHERE ID_IMPUESTO IN (3,5,7) 


UPDATE dbo.CI_IMPUESTOS
SET CAMPO_PUBLICA_PIVOT = 58387
WHERE ID_IMPUESTO IN (4,6,8) 


DELETE CI_IMPUESTOS WHERE ID_IMPUESTO IN (900,901)

INSERT INTO dbo.CI_IMPUESTOS (ID_IMPUESTO, DESCRIPCION, CONDICION, TZ_LOCK, PIVOT_, ID_FORMULA, CONCEPTO, MONTO_DEDUCIBLE, IMPORTE_MAXIMO, IMPORTE_MINIMO, MONEDA_IMPORTE, TRATAMIENTO_MINIMO, TIPO_FECHA_VIGENCIA, FECHADESDE, FECHAHASTA, MONEDA_RANGO, BUSCA_MONEDA_RANGO, COBRO_PROPORCIONAL, CAMPO_RANGO_TARIFA, GENERA_FACTURA_EN_CERO, TIPO_IMPUESTO, CODIGO_TRANSACCION, CAMPO_PUBLICA_PIVOT)
VALUES (900, ''Impuesto al Débito Ley 25413 Iva '', 405, 0, 58388, 40, 0, 0, 9999999999999, 0, 1, ''C'', 0, ''20000101'', NULL, 0, ''N'', ''N'', 58386, ''N'', 6, 212, 0)


INSERT INTO dbo.CI_IMPUESTOS (ID_IMPUESTO, DESCRIPCION, CONDICION, TZ_LOCK, PIVOT_, ID_FORMULA, CONCEPTO, MONTO_DEDUCIBLE, IMPORTE_MAXIMO, IMPORTE_MINIMO, MONEDA_IMPORTE, TRATAMIENTO_MINIMO, TIPO_FECHA_VIGENCIA, FECHADESDE, FECHAHASTA, MONEDA_RANGO, BUSCA_MONEDA_RANGO, COBRO_PROPORCIONAL, CAMPO_RANGO_TARIFA, GENERA_FACTURA_EN_CERO, TIPO_IMPUESTO, CODIGO_TRANSACCION, CAMPO_PUBLICA_PIVOT)
VALUES (901, ''Impuesto al Débito Ley 25413 Iva P '', 405, 0, 58389, 41, 0, 0, 9999999999999, 0, 1, ''C'', 0, ''20000101'', NULL, 0, ''N'', ''N'', 58387, ''N'', 6, 212, 0)




DELETE CI_FORMULAS WHERE ID_FORMULA IN (40,41)

INSERT INTO dbo.CI_FORMULAS (ID_FORMULA, DESCRIPCION, FORMULA, TZ_LOCK, ES_CONDICION)
VALUES (40, ''PIVOT IVA * TASA'', ''C58386*C3297'', 0, 0)


INSERT INTO dbo.CI_FORMULAS (ID_FORMULA, DESCRIPCION, FORMULA, TZ_LOCK, ES_CONDICION)
VALUES (41, ''PIVOT IVA P * TASA'', ''C58387*C3297'', 0, 0)


DELETE CI_IMPUESTOS_TARIFAS WHERE ID_IMPUESTO IN (900,901)

INSERT INTO dbo.CI_IMPUESTOS_TARIFAS (ID_IMPUESTO, MONEDA, RANGO_HASTA, TASA, IMPORTE_APLICAR, MONEDA_IMPORTE, TZ_LOCK, FECHA_HASTA, FECHA_DESDE, ID_CLIENTE, SEGMENTO, EMPRESA)
VALUES (900,1, 9999999999999, 0.0025, 0, 1, 0, NULL, ''20000101'', 0, ''1'', 0)

DELETE CI_IMPUESTOS_TARIFAS WHERE ID_IMPUESTO IN (11,12)
INSERT INTO dbo.CI_IMPUESTOS_TARIFAS (ID_IMPUESTO, MONEDA, RANGO_HASTA, TASA, IMPORTE_APLICAR, MONEDA_IMPORTE, TZ_LOCK, FECHA_HASTA, FECHA_DESDE, ID_CLIENTE, SEGMENTO, EMPRESA)
VALUES (900,1, 9999999999999, 0.006, 0, 1, 0, ''20991231'', ''20000101'', 0, ''0'', 0)


INSERT INTO dbo.CI_IMPUESTOS_TARIFAS (ID_IMPUESTO, MONEDA, RANGO_HASTA, TASA, IMPORTE_APLICAR, MONEDA_IMPORTE, TZ_LOCK, FECHA_HASTA, FECHA_DESDE, ID_CLIENTE, SEGMENTO, EMPRESA)
VALUES (900,1, 9999999999999, 0.00075, 0, 1, 0, NULL, ''20000101'', 0, ''2'', 0)


INSERT INTO dbo.CI_IMPUESTOS_TARIFAS (ID_IMPUESTO, MONEDA, RANGO_HASTA, TASA, IMPORTE_APLICAR, MONEDA_IMPORTE, TZ_LOCK, FECHA_HASTA, FECHA_DESDE, ID_CLIENTE, SEGMENTO, EMPRESA)
VALUES (900,1, 9999999999999, 0, 0, 1, 0, NULL, ''20000101'', 0, ''3'', 0)


INSERT INTO dbo.CI_IMPUESTOS_TARIFAS (ID_IMPUESTO, MONEDA, RANGO_HASTA, TASA, IMPORTE_APLICAR, MONEDA_IMPORTE, TZ_LOCK, FECHA_HASTA, FECHA_DESDE, ID_CLIENTE, SEGMENTO, EMPRESA)
VALUES (900,2, 9999999999999, 0.0025, 0, 1, 0, NULL, ''20000101'', 0, ''1'', 0)


INSERT INTO dbo.CI_IMPUESTOS_TARIFAS (ID_IMPUESTO, MONEDA, RANGO_HASTA, TASA, IMPORTE_APLICAR, MONEDA_IMPORTE, TZ_LOCK, FECHA_HASTA, FECHA_DESDE, ID_CLIENTE, SEGMENTO, EMPRESA)
VALUES (900,2, 9999999999999, 0.006, 0, 1, 0, NULL, ''20000101'', 0, ''0'', 0)


INSERT INTO dbo.CI_IMPUESTOS_TARIFAS (ID_IMPUESTO, MONEDA, RANGO_HASTA, TASA, IMPORTE_APLICAR, MONEDA_IMPORTE, TZ_LOCK, FECHA_HASTA, FECHA_DESDE, ID_CLIENTE, SEGMENTO, EMPRESA)
VALUES (900,2, 9999999999999, 0.00075, 0, 1, 0, NULL, ''20000101'', 0, ''2'', 0)


INSERT INTO dbo.CI_IMPUESTOS_TARIFAS (ID_IMPUESTO, MONEDA, RANGO_HASTA, TASA, IMPORTE_APLICAR, MONEDA_IMPORTE, TZ_LOCK, FECHA_HASTA, FECHA_DESDE, ID_CLIENTE, SEGMENTO, EMPRESA)
VALUES (900,2, 9999999999999, 0, 0, 1, 0, NULL, ''20000101'', 0, ''3'', 0)


INSERT INTO dbo.CI_IMPUESTOS_TARIFAS (ID_IMPUESTO, MONEDA, RANGO_HASTA, TASA, IMPORTE_APLICAR, MONEDA_IMPORTE, TZ_LOCK, FECHA_HASTA, FECHA_DESDE, ID_CLIENTE, SEGMENTO, EMPRESA)
VALUES (900,5, 9999999999999, 0.0025, 0, 1, 0, NULL, ''20000101'', 0, ''1'', 0)


INSERT INTO dbo.CI_IMPUESTOS_TARIFAS (ID_IMPUESTO, MONEDA, RANGO_HASTA, TASA, IMPORTE_APLICAR, MONEDA_IMPORTE, TZ_LOCK, FECHA_HASTA, FECHA_DESDE, ID_CLIENTE, SEGMENTO, EMPRESA)
VALUES (900,5, 9999999999999, 0.006, 0, 1, 0, NULL, ''20000101'', 0, ''0'', 0)


INSERT INTO dbo.CI_IMPUESTOS_TARIFAS (ID_IMPUESTO, MONEDA, RANGO_HASTA, TASA, IMPORTE_APLICAR, MONEDA_IMPORTE, TZ_LOCK, FECHA_HASTA, FECHA_DESDE, ID_CLIENTE, SEGMENTO, EMPRESA)
VALUES (900,5, 9999999999999, 0, 0, 1, 0, NULL, ''20000101'', 0, ''3'', 0)


INSERT INTO dbo.CI_IMPUESTOS_TARIFAS (ID_IMPUESTO, MONEDA, RANGO_HASTA, TASA, IMPORTE_APLICAR, MONEDA_IMPORTE, TZ_LOCK, FECHA_HASTA, FECHA_DESDE, ID_CLIENTE, SEGMENTO, EMPRESA)
VALUES (900,5, 9999999999999, 0.00075, 0, 1, 0, NULL, ''20000101'', 0, ''2'', 0)


INSERT INTO dbo.CI_IMPUESTOS_TARIFAS (ID_IMPUESTO, MONEDA, RANGO_HASTA, TASA, IMPORTE_APLICAR, MONEDA_IMPORTE, TZ_LOCK, FECHA_HASTA, FECHA_DESDE, ID_CLIENTE, SEGMENTO, EMPRESA)
VALUES (900,6, 9999999999999, 0.0025, 0, 1, 0, ''20991212'', ''20000101'', 0, ''1'', 0)


INSERT INTO dbo.CI_IMPUESTOS_TARIFAS (ID_IMPUESTO, MONEDA, RANGO_HASTA, TASA, IMPORTE_APLICAR, MONEDA_IMPORTE, TZ_LOCK, FECHA_HASTA, FECHA_DESDE, ID_CLIENTE, SEGMENTO, EMPRESA)
VALUES (900,6, 9999999999999, 0.006, 0, 1, 0, ''20991212'', ''20000101'', 0, ''0'', 0)


INSERT INTO dbo.CI_IMPUESTOS_TARIFAS (ID_IMPUESTO, MONEDA, RANGO_HASTA, TASA, IMPORTE_APLICAR, MONEDA_IMPORTE, TZ_LOCK, FECHA_HASTA, FECHA_DESDE, ID_CLIENTE, SEGMENTO, EMPRESA)
VALUES (900,6, 9999999999999, 0, 0, 1, 0, ''20991212'', ''20000101'', 0, ''3'', 0)


INSERT INTO dbo.CI_IMPUESTOS_TARIFAS (ID_IMPUESTO, MONEDA, RANGO_HASTA, TASA, IMPORTE_APLICAR, MONEDA_IMPORTE, TZ_LOCK, FECHA_HASTA, FECHA_DESDE, ID_CLIENTE, SEGMENTO, EMPRESA)
VALUES (900,6, 9999999999999, 0.00075, 0, 1, 0, ''20991212'', ''20000101'', 0, ''2'', 0)


INSERT INTO dbo.CI_IMPUESTOS_TARIFAS (ID_IMPUESTO, MONEDA, RANGO_HASTA, TASA, IMPORTE_APLICAR, MONEDA_IMPORTE, TZ_LOCK, FECHA_HASTA, FECHA_DESDE, ID_CLIENTE, SEGMENTO, EMPRESA)
VALUES (900,988, 9999999999999, 0.0025, 0, 1, 0, ''20991212'', ''20000101'', 0, ''1'', 0)


INSERT INTO dbo.CI_IMPUESTOS_TARIFAS (ID_IMPUESTO, MONEDA, RANGO_HASTA, TASA, IMPORTE_APLICAR, MONEDA_IMPORTE, TZ_LOCK, FECHA_HASTA, FECHA_DESDE, ID_CLIENTE, SEGMENTO, EMPRESA)
VALUES (900,988, 9999999999999, 0.006, 0, 1, 0, ''20991212'', ''20000101'', 0, ''0'', 0)


INSERT INTO dbo.CI_IMPUESTOS_TARIFAS (ID_IMPUESTO, MONEDA, RANGO_HASTA, TASA, IMPORTE_APLICAR, MONEDA_IMPORTE, TZ_LOCK, FECHA_HASTA, FECHA_DESDE, ID_CLIENTE, SEGMENTO, EMPRESA)
VALUES (900,988, 9999999999999, 0, 0, 1, 0, ''20991212'', ''20000101'', 0, ''3'', 0)


INSERT INTO dbo.CI_IMPUESTOS_TARIFAS (ID_IMPUESTO, MONEDA, RANGO_HASTA, TASA, IMPORTE_APLICAR, MONEDA_IMPORTE, TZ_LOCK, FECHA_HASTA, FECHA_DESDE, ID_CLIENTE, SEGMENTO, EMPRESA)
VALUES (900,988, 9999999999999, 0.00075, 0, 1, 0, ''20991212'', ''20000101'', 0, ''2'', 0)


INSERT INTO dbo.CI_IMPUESTOS_TARIFAS (ID_IMPUESTO, MONEDA, RANGO_HASTA, TASA, IMPORTE_APLICAR, MONEDA_IMPORTE, TZ_LOCK, FECHA_HASTA, FECHA_DESDE, ID_CLIENTE, SEGMENTO, EMPRESA)
VALUES (900,999, 9999999999999, 0.0025, 0, 1, 0, ''20991212'', ''20000101'', 0, ''1'', 0)


INSERT INTO dbo.CI_IMPUESTOS_TARIFAS (ID_IMPUESTO, MONEDA, RANGO_HASTA, TASA, IMPORTE_APLICAR, MONEDA_IMPORTE, TZ_LOCK, FECHA_HASTA, FECHA_DESDE, ID_CLIENTE, SEGMENTO, EMPRESA)
VALUES (900,999, 9999999999999, 0.006, 0, 1, 0, ''20991212'', ''20000101'', 0, ''0'', 0)


INSERT INTO dbo.CI_IMPUESTOS_TARIFAS (ID_IMPUESTO, MONEDA, RANGO_HASTA, TASA, IMPORTE_APLICAR, MONEDA_IMPORTE, TZ_LOCK, FECHA_HASTA, FECHA_DESDE, ID_CLIENTE, SEGMENTO, EMPRESA)
VALUES (900,999, 9999999999999, 0, 0, 1, 0, ''20991212'', ''20000101'', 0, ''3'', 0)


INSERT INTO dbo.CI_IMPUESTOS_TARIFAS (ID_IMPUESTO, MONEDA, RANGO_HASTA, TASA, IMPORTE_APLICAR, MONEDA_IMPORTE, TZ_LOCK, FECHA_HASTA, FECHA_DESDE, ID_CLIENTE, SEGMENTO, EMPRESA)
VALUES (900,999, 9999999999999, 0.00075, 0, 1, 0, ''20991212'', ''20000101'', 0, ''2'', 0)



INSERT INTO dbo.CI_IMPUESTOS_TARIFAS (ID_IMPUESTO, MONEDA, RANGO_HASTA, TASA, IMPORTE_APLICAR, MONEDA_IMPORTE, TZ_LOCK, FECHA_HASTA, FECHA_DESDE, ID_CLIENTE, SEGMENTO, EMPRESA)
VALUES (901,1, 9999999999999, 0.0025, 0, 1, 0, NULL, ''20000101'', 0, ''1'', 0)


INSERT INTO dbo.CI_IMPUESTOS_TARIFAS (ID_IMPUESTO, MONEDA, RANGO_HASTA, TASA, IMPORTE_APLICAR, MONEDA_IMPORTE, TZ_LOCK, FECHA_HASTA, FECHA_DESDE, ID_CLIENTE, SEGMENTO, EMPRESA)
VALUES (901,1, 9999999999999, 0.006, 0, 1, 0, ''20991231'', ''20000101'', 0, ''0'', 0)


INSERT INTO dbo.CI_IMPUESTOS_TARIFAS (ID_IMPUESTO, MONEDA, RANGO_HASTA, TASA, IMPORTE_APLICAR, MONEDA_IMPORTE, TZ_LOCK, FECHA_HASTA, FECHA_DESDE, ID_CLIENTE, SEGMENTO, EMPRESA)
VALUES (901,1, 9999999999999, 0.00075, 0, 1, 0, NULL, ''20000101'', 0, ''2'', 0)


INSERT INTO dbo.CI_IMPUESTOS_TARIFAS (ID_IMPUESTO, MONEDA, RANGO_HASTA, TASA, IMPORTE_APLICAR, MONEDA_IMPORTE, TZ_LOCK, FECHA_HASTA, FECHA_DESDE, ID_CLIENTE, SEGMENTO, EMPRESA)
VALUES (901,1, 9999999999999, 0, 0, 1, 0, NULL, ''20000101'', 0, ''3'', 0)


INSERT INTO dbo.CI_IMPUESTOS_TARIFAS (ID_IMPUESTO, MONEDA, RANGO_HASTA, TASA, IMPORTE_APLICAR, MONEDA_IMPORTE, TZ_LOCK, FECHA_HASTA, FECHA_DESDE, ID_CLIENTE, SEGMENTO, EMPRESA)
VALUES (901,2, 9999999999999, 0.0025, 0, 1, 0, NULL, ''20000101'', 0, ''1'', 0)


INSERT INTO dbo.CI_IMPUESTOS_TARIFAS (ID_IMPUESTO, MONEDA, RANGO_HASTA, TASA, IMPORTE_APLICAR, MONEDA_IMPORTE, TZ_LOCK, FECHA_HASTA, FECHA_DESDE, ID_CLIENTE, SEGMENTO, EMPRESA)
VALUES (901,2, 9999999999999, 0.006, 0, 1, 0, NULL, ''20000101'', 0, ''0'', 0)


INSERT INTO dbo.CI_IMPUESTOS_TARIFAS (ID_IMPUESTO, MONEDA, RANGO_HASTA, TASA, IMPORTE_APLICAR, MONEDA_IMPORTE, TZ_LOCK, FECHA_HASTA, FECHA_DESDE, ID_CLIENTE, SEGMENTO, EMPRESA)
VALUES (901,2, 9999999999999, 0.00075, 0, 1, 0, NULL, ''20000101'', 0, ''2'', 0)


INSERT INTO dbo.CI_IMPUESTOS_TARIFAS (ID_IMPUESTO, MONEDA, RANGO_HASTA, TASA, IMPORTE_APLICAR, MONEDA_IMPORTE, TZ_LOCK, FECHA_HASTA, FECHA_DESDE, ID_CLIENTE, SEGMENTO, EMPRESA)
VALUES (901,2, 9999999999999, 0, 0, 1, 0, NULL, ''20000101'', 0, ''3'', 0)


INSERT INTO dbo.CI_IMPUESTOS_TARIFAS (ID_IMPUESTO, MONEDA, RANGO_HASTA, TASA, IMPORTE_APLICAR, MONEDA_IMPORTE, TZ_LOCK, FECHA_HASTA, FECHA_DESDE, ID_CLIENTE, SEGMENTO, EMPRESA)
VALUES (901,5, 9999999999999, 0.0025, 0, 1, 0, NULL, ''20000101'', 0, ''1'', 0)


INSERT INTO dbo.CI_IMPUESTOS_TARIFAS (ID_IMPUESTO, MONEDA, RANGO_HASTA, TASA, IMPORTE_APLICAR, MONEDA_IMPORTE, TZ_LOCK, FECHA_HASTA, FECHA_DESDE, ID_CLIENTE, SEGMENTO, EMPRESA)
VALUES (901,5, 9999999999999, 0.006, 0, 1, 0, NULL, ''20000101'', 0, ''0'', 0)


INSERT INTO dbo.CI_IMPUESTOS_TARIFAS (ID_IMPUESTO, MONEDA, RANGO_HASTA, TASA, IMPORTE_APLICAR, MONEDA_IMPORTE, TZ_LOCK, FECHA_HASTA, FECHA_DESDE, ID_CLIENTE, SEGMENTO, EMPRESA)
VALUES (901,5, 9999999999999, 0, 0, 1, 0, NULL, ''20000101'', 0, ''3'', 0)


INSERT INTO dbo.CI_IMPUESTOS_TARIFAS (ID_IMPUESTO, MONEDA, RANGO_HASTA, TASA, IMPORTE_APLICAR, MONEDA_IMPORTE, TZ_LOCK, FECHA_HASTA, FECHA_DESDE, ID_CLIENTE, SEGMENTO, EMPRESA)
VALUES (901,5, 9999999999999, 0.00075, 0, 1, 0, NULL, ''20000101'', 0, ''2'', 0)


INSERT INTO dbo.CI_IMPUESTOS_TARIFAS (ID_IMPUESTO, MONEDA, RANGO_HASTA, TASA, IMPORTE_APLICAR, MONEDA_IMPORTE, TZ_LOCK, FECHA_HASTA, FECHA_DESDE, ID_CLIENTE, SEGMENTO, EMPRESA)
VALUES (901,6, 9999999999999, 0.0025, 0, 1, 0, ''20991212'', ''20000101'', 0, ''1'', 0)


INSERT INTO dbo.CI_IMPUESTOS_TARIFAS (ID_IMPUESTO, MONEDA, RANGO_HASTA, TASA, IMPORTE_APLICAR, MONEDA_IMPORTE, TZ_LOCK, FECHA_HASTA, FECHA_DESDE, ID_CLIENTE, SEGMENTO, EMPRESA)
VALUES (901,6, 9999999999999, 0.006, 0, 1, 0, ''20991212'', ''20000101'', 0, ''0'', 0)


INSERT INTO dbo.CI_IMPUESTOS_TARIFAS (ID_IMPUESTO, MONEDA, RANGO_HASTA, TASA, IMPORTE_APLICAR, MONEDA_IMPORTE, TZ_LOCK, FECHA_HASTA, FECHA_DESDE, ID_CLIENTE, SEGMENTO, EMPRESA)
VALUES (901,6, 9999999999999, 0, 0, 1, 0, ''20991212'', ''20000101'', 0, ''3'', 0)


INSERT INTO dbo.CI_IMPUESTOS_TARIFAS (ID_IMPUESTO, MONEDA, RANGO_HASTA, TASA, IMPORTE_APLICAR, MONEDA_IMPORTE, TZ_LOCK, FECHA_HASTA, FECHA_DESDE, ID_CLIENTE, SEGMENTO, EMPRESA)
VALUES (901,6, 9999999999999, 0.00075, 0, 1, 0, ''20991212'', ''20000101'', 0, ''2'', 0)


INSERT INTO dbo.CI_IMPUESTOS_TARIFAS (ID_IMPUESTO, MONEDA, RANGO_HASTA, TASA, IMPORTE_APLICAR, MONEDA_IMPORTE, TZ_LOCK, FECHA_HASTA, FECHA_DESDE, ID_CLIENTE, SEGMENTO, EMPRESA)
VALUES (901,988, 9999999999999, 0.0025, 0, 1, 0, ''20991212'', ''20000101'', 0, ''1'', 0)


INSERT INTO dbo.CI_IMPUESTOS_TARIFAS (ID_IMPUESTO, MONEDA, RANGO_HASTA, TASA, IMPORTE_APLICAR, MONEDA_IMPORTE, TZ_LOCK, FECHA_HASTA, FECHA_DESDE, ID_CLIENTE, SEGMENTO, EMPRESA)
VALUES (901,988, 9999999999999, 0.006, 0, 1, 0, ''20991212'', ''20000101'', 0, ''0'', 0)


INSERT INTO dbo.CI_IMPUESTOS_TARIFAS (ID_IMPUESTO, MONEDA, RANGO_HASTA, TASA, IMPORTE_APLICAR, MONEDA_IMPORTE, TZ_LOCK, FECHA_HASTA, FECHA_DESDE, ID_CLIENTE, SEGMENTO, EMPRESA)
VALUES (901,988, 9999999999999, 0, 0, 1, 0, ''20991212'', ''20000101'', 0, ''3'', 0)


INSERT INTO dbo.CI_IMPUESTOS_TARIFAS (ID_IMPUESTO, MONEDA, RANGO_HASTA, TASA, IMPORTE_APLICAR, MONEDA_IMPORTE, TZ_LOCK, FECHA_HASTA, FECHA_DESDE, ID_CLIENTE, SEGMENTO, EMPRESA)
VALUES (901,988, 9999999999999, 0.00075, 0, 1, 0, ''20991212'', ''20000101'', 0, ''2'', 0)


INSERT INTO dbo.CI_IMPUESTOS_TARIFAS (ID_IMPUESTO, MONEDA, RANGO_HASTA, TASA, IMPORTE_APLICAR, MONEDA_IMPORTE, TZ_LOCK, FECHA_HASTA, FECHA_DESDE, ID_CLIENTE, SEGMENTO, EMPRESA)
VALUES (901,999, 9999999999999, 0.0025, 0, 1, 0, ''20991212'', ''20000101'', 0, ''1'', 0)


INSERT INTO dbo.CI_IMPUESTOS_TARIFAS (ID_IMPUESTO, MONEDA, RANGO_HASTA, TASA, IMPORTE_APLICAR, MONEDA_IMPORTE, TZ_LOCK, FECHA_HASTA, FECHA_DESDE, ID_CLIENTE, SEGMENTO, EMPRESA)
VALUES (901,999, 9999999999999, 0.006, 0, 1, 0, ''20991212'', ''20000101'', 0, ''0'', 0)


INSERT INTO dbo.CI_IMPUESTOS_TARIFAS (ID_IMPUESTO, MONEDA, RANGO_HASTA, TASA, IMPORTE_APLICAR, MONEDA_IMPORTE, TZ_LOCK, FECHA_HASTA, FECHA_DESDE, ID_CLIENTE, SEGMENTO, EMPRESA)
VALUES (901,999, 9999999999999, 0, 0, 1, 0, ''20991212'', ''20000101'', 0, ''3'', 0)


INSERT INTO dbo.CI_IMPUESTOS_TARIFAS (ID_IMPUESTO, MONEDA, RANGO_HASTA, TASA, IMPORTE_APLICAR, MONEDA_IMPORTE, TZ_LOCK, FECHA_HASTA, FECHA_DESDE, ID_CLIENTE, SEGMENTO, EMPRESA)
VALUES (901,999, 9999999999999, 0.00075, 0, 1, 0, ''20991212'', ''20000101'', 0, ''2'', 0)



DELETE CI_IMPUESTOS_X_CARGO WHERE ID_IMPUESTO IN (900,901)

INSERT INTO dbo.CI_IMPUESTOS_X_CARGO (ID_IMPUESTO, ID_CARGO, LECTURA_TOPAZ, TZ_LOCK, CAMPO_SEGMENTO, DESCRIPCION_SEGMENTO)
VALUES (900, 8012, ''A'', 0, 34096, ''Cond CREDEB'')


INSERT INTO dbo.CI_IMPUESTOS_X_CARGO (ID_IMPUESTO, ID_CARGO, LECTURA_TOPAZ, TZ_LOCK, CAMPO_SEGMENTO, DESCRIPCION_SEGMENTO)
VALUES (901, 8012, ''A'', 0, 34096, ''Cond CREDEB'')


')
