EXECUTE('
DELETE FROM dbo.CI_EVENTO WHERE ID_EVENTO = 277

DELETE FROM dbo.CI_CARGOS_X_EVENTO WHERE ID_CARGO = 436 AND ID_EVENTO = 277

DELETE FROM dbo.CI_CARGOS_X_EVENTO WHERE ID_CARGO = 437 AND ID_EVENTO = 277

DELETE FROM dbo.CI_CARGOS WHERE ID_CARGO = 436

DELETE FROM dbo.CI_CARGOS WHERE ID_CARGO = 437

DELETE FROM dbo.CI_CARGOS_TARIFAS WHERE ID_CARGO = 436

DELETE FROM dbo.CI_CARGOS_TARIFAS WHERE ID_CARGO = 437

DELETE FROM dbo.CI_IMPUESTOS_X_CARGO WHERE ID_IMPUESTO = 10 AND ID_CARGO = 436

DELETE FROM dbo.CI_IMPUESTOS_X_CARGO WHERE ID_IMPUESTO = 10 AND ID_CARGO = 437
')

EXECUTE('
INSERT INTO dbo.CI_EVENTO (ID_EVENTO, DESCRIPCION, TZ_LOCK)
VALUES (277, ''COMPRA VENTA M.E POS.'', 0)

INSERT INTO dbo.CI_CARGOS_X_EVENTO (ID_CARGO, ID_EVENTO, TZ_LOCK, TIPO_RELACION, CAMPO_SEGMENTO, DESCRIPCION_SEGMENTO, PRIORIDAD)
VALUES (436, 277, 0, ''A'', 0, '''', 1)

INSERT INTO dbo.CI_CARGOS_X_EVENTO (ID_CARGO, ID_EVENTO, TZ_LOCK, TIPO_RELACION, CAMPO_SEGMENTO, DESCRIPCION_SEGMENTO, PRIORIDAD)
VALUES (437, 277, 0, ''A'', 0, '''', 2)

INSERT INTO dbo.CI_CARGOS (ID_CARGO, DESCRIPCION, ENQUEUE, EXONERABLE, ID_FORMULA, ACTUALIZABLE, CONDICION, PIVOT_, MONEDA_IMPORTE, IMPORTE_MINIMO, IMPORTE_MAXIMO, TRATAMIENTO_MINIMO, TZ_LOCK, CAMPO_MONTO_IMPONIBLE, CAMPO_RANGO_TARIFA, NETEAR, CANTIDAD_REINTENTOS, CONCEPTO, PIVOT_ENCOLA, CONTABILIZA, SOBREGIRO, BLOQUEO, CONTROL_MAX_MIN, TIPO_FECHA_VIGENCIA, TIPO_DOCUMENTO, ACEPTAPAGOPARCIAL, FECHAHASTA, FECHADESDE, MONEDA_RANGO, BUSCA_MONEDA_RANGO, CODIGO_TRANSACCION, REGENERA_AL_PAGAR, CARGO_O_IMPUESTO, INCLUIRENCUOTA, CUOTASNOCONSIDERARALFINAL, COBRARHASTADIAS, PORCENTAJE_MINIMO, PORCENTAJE_MAXIMO, CAMPO_DIA_COBRO, GENERA_RESERVA, DIAS_COBRO_HASTA_INMOVILIZADA, DESCRIPCION_1, DESCRIPCION_2, DESCRIPCION_3, GENERA_FACTURA_EN_CERO, TIPO_CARGO_IMPOSITIVO)
VALUES (436, ''Imp Pais'', ''N'', ''N'', 2, ''N'', 200, 58366, 1, 0, 9999999999999, ''C'', 0, 36, 0, ''N'', 9999, 0, 7480, ''S'', ''E'', ''E'', ''N'', 2, ''F'', ''N'', ''20990328'', ''20000321'', 0, ''N'', 221, ''N'', ''I'', ''N'', 0, 0, 0, 0, 0, NULL, 0, NULL, NULL, NULL, ''N'', 18)

INSERT INTO dbo.CI_CARGOS (ID_CARGO, DESCRIPCION, ENQUEUE, EXONERABLE, ID_FORMULA, ACTUALIZABLE, CONDICION, PIVOT_, MONEDA_IMPORTE, IMPORTE_MINIMO, IMPORTE_MAXIMO, TRATAMIENTO_MINIMO, TZ_LOCK, CAMPO_MONTO_IMPONIBLE, CAMPO_RANGO_TARIFA, NETEAR, CANTIDAD_REINTENTOS, CONCEPTO, PIVOT_ENCOLA, CONTABILIZA, SOBREGIRO, BLOQUEO, CONTROL_MAX_MIN, TIPO_FECHA_VIGENCIA, TIPO_DOCUMENTO, ACEPTAPAGOPARCIAL, FECHAHASTA, FECHADESDE, MONEDA_RANGO, BUSCA_MONEDA_RANGO, CODIGO_TRANSACCION, REGENERA_AL_PAGAR, CARGO_O_IMPUESTO, INCLUIRENCUOTA, CUOTASNOCONSIDERARALFINAL, COBRARHASTADIAS, PORCENTAJE_MINIMO, PORCENTAJE_MAXIMO, CAMPO_DIA_COBRO, GENERA_RESERVA, DIAS_COBRO_HASTA_INMOVILIZADA, DESCRIPCION_1, DESCRIPCION_2, DESCRIPCION_3, GENERA_FACTURA_EN_CERO, TIPO_CARGO_IMPOSITIVO)
VALUES (437, ''Percep RG 4815'', ''N'', ''N'', 2, ''N'', 200, 58367, 1, 0, 9999999999999, ''C'', 0, 36, 0, ''N'', 9999, 0, 7481, ''S'', ''E'', ''E'', ''N'', 2, ''F'', ''N'', ''20990328'', ''20000321'', 0, ''N'', 222, ''N'', ''I'', ''N'', 0, 0, 0, 0, 0, NULL, 0, NULL, NULL, NULL, ''N'', 19)

INSERT INTO dbo.CI_CARGOS_TARIFAS (ID_CARGO, MONEDA, RANGO_HASTA, TASA, IMPORTE_APLICAR, MONEDA_IMPORTE, TZ_LOCK, ID_CLIENTE, SEGMENTO, APLICA_MIN_MAX, IMPORTE_MINIMO, IMPORTE_MAXIMO, FECHA_DESDE, FECHA_HASTA, EMPRESA)
VALUES (436, 1, 9999999999999, 0.3, 0, 1, 0, 0, ''0'', ''N'', 0, 0, ''20000101'', ''20990101'', 0)

INSERT INTO dbo.CI_CARGOS_TARIFAS (ID_CARGO, MONEDA, RANGO_HASTA, TASA, IMPORTE_APLICAR, MONEDA_IMPORTE, TZ_LOCK, ID_CLIENTE, SEGMENTO, APLICA_MIN_MAX, IMPORTE_MINIMO, IMPORTE_MAXIMO, FECHA_DESDE, FECHA_HASTA, EMPRESA)
VALUES (436, 988, 9999999999999, 0.3, 0, 988, 0, 0, ''0'', ''N'', 0, 0, ''20000101'', ''20990101'', 0)

INSERT INTO dbo.CI_CARGOS_TARIFAS (ID_CARGO, MONEDA, RANGO_HASTA, TASA, IMPORTE_APLICAR, MONEDA_IMPORTE, TZ_LOCK, ID_CLIENTE, SEGMENTO, APLICA_MIN_MAX, IMPORTE_MINIMO, IMPORTE_MAXIMO, FECHA_DESDE, FECHA_HASTA, EMPRESA)
VALUES (436, 999, 9999999999999, 0.3, 0, 999, 0, 0, ''0'', ''N'', 0, 0, ''20000101'', ''20990101'', 0)

INSERT INTO dbo.CI_CARGOS_TARIFAS (ID_CARGO, MONEDA, RANGO_HASTA, TASA, IMPORTE_APLICAR, MONEDA_IMPORTE, TZ_LOCK, ID_CLIENTE, SEGMENTO, APLICA_MIN_MAX, IMPORTE_MINIMO, IMPORTE_MAXIMO, FECHA_DESDE, FECHA_HASTA, EMPRESA)
VALUES (437, 1, 9999999999999, 0.3, 0, 1, 0, 0, ''0'', ''N'', 0, 0, ''20000101'', ''20990101'', 0)

INSERT INTO dbo.CI_CARGOS_TARIFAS (ID_CARGO, MONEDA, RANGO_HASTA, TASA, IMPORTE_APLICAR, MONEDA_IMPORTE, TZ_LOCK, ID_CLIENTE, SEGMENTO, APLICA_MIN_MAX, IMPORTE_MINIMO, IMPORTE_MAXIMO, FECHA_DESDE, FECHA_HASTA, EMPRESA)
VALUES (437, 988, 9999999999999, 0.3, 0, 988, 0, 0, ''0'', ''N'', 0, 0, ''20000101'', ''20990101'', 0)

INSERT INTO dbo.CI_CARGOS_TARIFAS (ID_CARGO, MONEDA, RANGO_HASTA, TASA, IMPORTE_APLICAR, MONEDA_IMPORTE, TZ_LOCK, ID_CLIENTE, SEGMENTO, APLICA_MIN_MAX, IMPORTE_MINIMO, IMPORTE_MAXIMO, FECHA_DESDE, FECHA_HASTA, EMPRESA)
VALUES (437, 999, 9999999999999, 0.3, 0, 999, 0, 0, ''0'', ''N'', 0, 0, ''20000101'', ''20990101'', 0)

INSERT INTO dbo.CI_IMPUESTOS_X_CARGO (ID_IMPUESTO, ID_CARGO, LECTURA_TOPAZ, TZ_LOCK, CAMPO_SEGMENTO, DESCRIPCION_SEGMENTO)
VALUES (10, 436, ''A'', 0, 34096, ''Cond CREDEB'')

INSERT INTO dbo.CI_IMPUESTOS_X_CARGO (ID_IMPUESTO, ID_CARGO, LECTURA_TOPAZ, TZ_LOCK, CAMPO_SEGMENTO, DESCRIPCION_SEGMENTO)
VALUES (10, 437, ''A'', 0, 34096, ''Cond CREDEB'')

INSERT INTO dbo.DICCIONARIO (NUMERODECAMPO, USODELCAMPO, REFERENCIA, DESCRIPCION, PROMPT, LARGO, TIPODECAMPO, DECIMALES, EDICION, CONTABILIZA, CONCEPTO, CALCULO, VALIDACION, TABLADEVALIDACION, TABLADEAYUDA, OPCIONES, TABLA, CAMPO, BASICO, MASCARA)
VALUES (7480, '' '', 0, ''Pivot IMP PAIS Encola'', ''Pivot IMP PAIS Encola'', 15, ''N'', 2, ''I'', 0, 0, 0, 0, 0, 0, 0, 0, NULL, 0, NULL)

INSERT INTO dbo.DICCIONARIO (NUMERODECAMPO, USODELCAMPO, REFERENCIA, DESCRIPCION, PROMPT, LARGO, TIPODECAMPO, DECIMALES, EDICION, CONTABILIZA, CONCEPTO, CALCULO, VALIDACION, TABLADEVALIDACION, TABLADEAYUDA, OPCIONES, TABLA, CAMPO, BASICO, MASCARA)
VALUES (7481, '' '', 0, ''Pivot PERCEP RG 4815 Encola'', ''Pivot PERCEP RG 4815 Encola'', 15, ''N'', 2, ''I'', 0, 0, 0, 0, 0, 0, 0, 0, NULL, 0, NULL)

INSERT INTO dbo.ESQUEMACONTABLE (PROCESO, RUBRO, MONEDA, LINEA, ORDINAL, DESCRIPCION, CAMPO, RUBROSALIDA, CD, D_DC, C_DC, TRANSACCION, CONDICION, USAR_CAMPOS_MOVIMIENTOS)
VALUES (0, 300001, -1, 65, 1, ''IMPUESTO PAIS POS'', 7480, 3211510870, NULL, ''C'', ''D'', 7, ''1=1'', ''S'')

INSERT INTO dbo.ESQUEMACONTABLE (PROCESO, RUBRO, MONEDA, LINEA, ORDINAL, DESCRIPCION, CAMPO, RUBROSALIDA, CD, D_DC, C_DC, TRANSACCION, CONDICION, USAR_CAMPOS_MOVIMIENTOS)
VALUES (0, 300001, -1, 66, 1, ''IMPUESTO PAIS POS'', 7480, 1411360777, NULL, ''D'', ''C'', 7, ''1=1'', ''S'')

INSERT INTO dbo.ESQUEMACONTABLE (PROCESO, RUBRO, MONEDA, LINEA, ORDINAL, DESCRIPCION, CAMPO, RUBROSALIDA, CD, D_DC, C_DC, TRANSACCION, CONDICION, USAR_CAMPOS_MOVIMIENTOS)
VALUES (0, 300002, -1, 65, 1, ''IMPUESTO PAIS POS'', 7480, 3211510870, NULL, ''C'', ''D'', 7, ''1=1'', ''S'')

INSERT INTO dbo.ESQUEMACONTABLE (PROCESO, RUBRO, MONEDA, LINEA, ORDINAL, DESCRIPCION, CAMPO, RUBROSALIDA, CD, D_DC, C_DC, TRANSACCION, CONDICION, USAR_CAMPOS_MOVIMIENTOS)
VALUES (0, 300002, -1, 66, 1, ''IMPUESTO PAIS POS'', 7480, 1411360777, NULL, ''D'', ''C'', 7, ''1=1'', ''S'')

INSERT INTO dbo.ESQUEMACONTABLE (PROCESO, RUBRO, MONEDA, LINEA, ORDINAL, DESCRIPCION, CAMPO, RUBROSALIDA, CD, D_DC, C_DC, TRANSACCION, CONDICION, USAR_CAMPOS_MOVIMIENTOS)
VALUES (0, 300003, -1, 65, 1, ''IMPUESTO PAIS POS'', 7480, 3211510870, NULL, ''C'', ''D'', 7, ''1=1'', ''S'')

INSERT INTO dbo.ESQUEMACONTABLE (PROCESO, RUBRO, MONEDA, LINEA, ORDINAL, DESCRIPCION, CAMPO, RUBROSALIDA, CD, D_DC, C_DC, TRANSACCION, CONDICION, USAR_CAMPOS_MOVIMIENTOS)
VALUES (0, 300003, -1, 66, 1, ''IMPUESTO PAIS POS'', 7480, 1411360777, NULL, ''D'', ''C'', 7, ''1=1'', ''S'')

INSERT INTO dbo.ESQUEMACONTABLE (PROCESO, RUBRO, MONEDA, LINEA, ORDINAL, DESCRIPCION, CAMPO, RUBROSALIDA, CD, D_DC, C_DC, TRANSACCION, CONDICION, USAR_CAMPOS_MOVIMIENTOS)
VALUES (0, 300004, -1, 65, 1, ''IMPUESTO PAIS POS'', 7480, 3211510870, NULL, ''C'', ''D'', 7, ''1=1'', ''S'')

INSERT INTO dbo.ESQUEMACONTABLE (PROCESO, RUBRO, MONEDA, LINEA, ORDINAL, DESCRIPCION, CAMPO, RUBROSALIDA, CD, D_DC, C_DC, TRANSACCION, CONDICION, USAR_CAMPOS_MOVIMIENTOS)
VALUES (0, 300004, -1, 66, 1, ''IMPUESTO PAIS POS'', 7480, 1411360777, NULL, ''D'', ''C'', 7, ''1=1'', ''S'')

INSERT INTO dbo.ESQUEMACONTABLE (PROCESO, RUBRO, MONEDA, LINEA, ORDINAL, DESCRIPCION, CAMPO, RUBROSALIDA, CD, D_DC, C_DC, TRANSACCION, CONDICION, USAR_CAMPOS_MOVIMIENTOS)
VALUES (0, 300005, -1, 65, 1, ''IMPUESTO PAIS POS'', 7480, 3211510870, NULL, ''C'', ''D'', 7, ''1=1'', ''S'')

INSERT INTO dbo.ESQUEMACONTABLE (PROCESO, RUBRO, MONEDA, LINEA, ORDINAL, DESCRIPCION, CAMPO, RUBROSALIDA, CD, D_DC, C_DC, TRANSACCION, CONDICION, USAR_CAMPOS_MOVIMIENTOS)
VALUES (0, 300005, -1, 66, 1, ''IMPUESTO PAIS POS'', 7480, 1411360777, NULL, ''D'', ''C'', 7, ''1=1'', ''S'')

INSERT INTO dbo.ESQUEMACONTABLE (PROCESO, RUBRO, MONEDA, LINEA, ORDINAL, DESCRIPCION, CAMPO, RUBROSALIDA, CD, D_DC, C_DC, TRANSACCION, CONDICION, USAR_CAMPOS_MOVIMIENTOS)
VALUES (0, 300006, -1, 65, 1, ''IMPUESTO PAIS POS'', 7480, 3211510870, NULL, ''C'', ''D'', 7, ''1=1'', ''S'')

INSERT INTO dbo.ESQUEMACONTABLE (PROCESO, RUBRO, MONEDA, LINEA, ORDINAL, DESCRIPCION, CAMPO, RUBROSALIDA, CD, D_DC, C_DC, TRANSACCION, CONDICION, USAR_CAMPOS_MOVIMIENTOS)
VALUES (0, 300006, -1, 66, 1, ''IMPUESTO PAIS POS'', 7480, 1411360777, NULL, ''D'', ''C'', 7, ''1=1'', ''S'')

INSERT INTO dbo.ESQUEMACONTABLE (PROCESO, RUBRO, MONEDA, LINEA, ORDINAL, DESCRIPCION, CAMPO, RUBROSALIDA, CD, D_DC, C_DC, TRANSACCION, CONDICION, USAR_CAMPOS_MOVIMIENTOS)
VALUES (0, 300007, -1, 65, 1, ''IMPUESTO PAIS POS'', 7480, 3211510870, NULL, ''C'', ''D'', 7, ''1=1'', ''S'')

INSERT INTO dbo.ESQUEMACONTABLE (PROCESO, RUBRO, MONEDA, LINEA, ORDINAL, DESCRIPCION, CAMPO, RUBROSALIDA, CD, D_DC, C_DC, TRANSACCION, CONDICION, USAR_CAMPOS_MOVIMIENTOS)
VALUES (0, 300007, -1, 66, 1, ''IMPUESTO PAIS POS'', 7480, 1411360777, NULL, ''D'', ''C'', 7, ''1=1'', ''S'')

INSERT INTO dbo.ESQUEMACONTABLE (PROCESO, RUBRO, MONEDA, LINEA, ORDINAL, DESCRIPCION, CAMPO, RUBROSALIDA, CD, D_DC, C_DC, TRANSACCION, CONDICION, USAR_CAMPOS_MOVIMIENTOS)
VALUES (0, 310042, -1, 65, 1, ''IMPUESTO PAIS POS'', 7480, 3211510870, NULL, ''C'', ''D'', 7, ''1=1'', ''S'')

INSERT INTO dbo.ESQUEMACONTABLE (PROCESO, RUBRO, MONEDA, LINEA, ORDINAL, DESCRIPCION, CAMPO, RUBROSALIDA, CD, D_DC, C_DC, TRANSACCION, CONDICION, USAR_CAMPOS_MOVIMIENTOS)
VALUES (0, 310042, -1, 66, 1, ''IMPUESTO PAIS POS'', 7480, 1411360777, NULL, ''D'', ''C'', 7, ''1=1'', ''S'')

INSERT INTO dbo.ESQUEMACONTABLE (PROCESO, RUBRO, MONEDA, LINEA, ORDINAL, DESCRIPCION, CAMPO, RUBROSALIDA, CD, D_DC, C_DC, TRANSACCION, CONDICION, USAR_CAMPOS_MOVIMIENTOS)
VALUES (0, 311000, -1, 65, 1, ''IMPUESTO PAIS POS'', 7480, 3211510870, NULL, ''C'', ''D'', 7, ''1=1'', ''S'')

INSERT INTO dbo.ESQUEMACONTABLE (PROCESO, RUBRO, MONEDA, LINEA, ORDINAL, DESCRIPCION, CAMPO, RUBROSALIDA, CD, D_DC, C_DC, TRANSACCION, CONDICION, USAR_CAMPOS_MOVIMIENTOS)
VALUES (0, 311000, -1, 66, 1, ''IMPUESTO PAIS POS'', 7480, 1411360777, NULL, ''D'', ''C'', 7, ''1=1'', ''S'')

INSERT INTO dbo.ESQUEMACONTABLE (PROCESO, RUBRO, MONEDA, LINEA, ORDINAL, DESCRIPCION, CAMPO, RUBROSALIDA, CD, D_DC, C_DC, TRANSACCION, CONDICION, USAR_CAMPOS_MOVIMIENTOS)
VALUES (0, 400001, -1, 65, 1, ''IMPUESTO PAIS POS'', 7480, 3211510870, NULL, ''C'', ''D'', 7, ''1=1'', ''S'')

INSERT INTO dbo.ESQUEMACONTABLE (PROCESO, RUBRO, MONEDA, LINEA, ORDINAL, DESCRIPCION, CAMPO, RUBROSALIDA, CD, D_DC, C_DC, TRANSACCION, CONDICION, USAR_CAMPOS_MOVIMIENTOS)
VALUES (0, 400001, -1, 66, 1, ''IMPUESTO PAIS POS'', 7480, 1411360777, NULL, ''D'', ''C'', 7, ''1=1'', ''S'')

INSERT INTO dbo.ESQUEMACONTABLE (PROCESO, RUBRO, MONEDA, LINEA, ORDINAL, DESCRIPCION, CAMPO, RUBROSALIDA, CD, D_DC, C_DC, TRANSACCION, CONDICION, USAR_CAMPOS_MOVIMIENTOS)
VALUES (0, 400012, -1, 65, 1, ''IMPUESTO PAIS POS'', 7480, 3211510870, NULL, ''C'', ''D'', 7, ''1=1'', ''S'')

INSERT INTO dbo.ESQUEMACONTABLE (PROCESO, RUBRO, MONEDA, LINEA, ORDINAL, DESCRIPCION, CAMPO, RUBROSALIDA, CD, D_DC, C_DC, TRANSACCION, CONDICION, USAR_CAMPOS_MOVIMIENTOS)
VALUES (0, 400012, -1, 66, 1, ''IMPUESTO PAIS POS'', 7480, 1411360777, NULL, ''D'', ''C'', 7, ''1=1'', ''S'')

INSERT INTO dbo.ESQUEMACONTABLE (PROCESO, RUBRO, MONEDA, LINEA, ORDINAL, DESCRIPCION, CAMPO, RUBROSALIDA, CD, D_DC, C_DC, TRANSACCION, CONDICION, USAR_CAMPOS_MOVIMIENTOS)
VALUES (0, 400013, -1, 65, 1, ''IMPUESTO PAIS POS'', 7480, 3211510870, NULL, ''C'', ''D'', 7, ''1=1'', ''S'')

INSERT INTO dbo.ESQUEMACONTABLE (PROCESO, RUBRO, MONEDA, LINEA, ORDINAL, DESCRIPCION, CAMPO, RUBROSALIDA, CD, D_DC, C_DC, TRANSACCION, CONDICION, USAR_CAMPOS_MOVIMIENTOS)
VALUES (0, 400013, -1, 66, 1, ''IMPUESTO PAIS POS'', 7480, 1411360777, NULL, ''D'', ''C'', 7, ''1=1'', ''S'')

INSERT INTO dbo.ESQUEMACONTABLE (PROCESO, RUBRO, MONEDA, LINEA, ORDINAL, DESCRIPCION, CAMPO, RUBROSALIDA, CD, D_DC, C_DC, TRANSACCION, CONDICION, USAR_CAMPOS_MOVIMIENTOS)
VALUES (0, 400014, -1, 65, 1, ''IMPUESTO PAIS POS'', 7480, 3211510870, NULL, ''C'', ''D'', 7, ''1=1'', ''S'')

INSERT INTO dbo.ESQUEMACONTABLE (PROCESO, RUBRO, MONEDA, LINEA, ORDINAL, DESCRIPCION, CAMPO, RUBROSALIDA, CD, D_DC, C_DC, TRANSACCION, CONDICION, USAR_CAMPOS_MOVIMIENTOS)
VALUES (0, 400014, -1, 66, 1, ''IMPUESTO PAIS POS'', 7480, 1411360777, NULL, ''D'', ''C'', 7, ''1=1'', ''S'')

INSERT INTO dbo.ESQUEMACONTABLE (PROCESO, RUBRO, MONEDA, LINEA, ORDINAL, DESCRIPCION, CAMPO, RUBROSALIDA, CD, D_DC, C_DC, TRANSACCION, CONDICION, USAR_CAMPOS_MOVIMIENTOS)
VALUES (0, 400015, -1, 65, 1, ''IMPUESTO PAIS POS'', 7480, 3211510870, NULL, ''C'', ''D'', 7, ''1=1'', ''S'')

INSERT INTO dbo.ESQUEMACONTABLE (PROCESO, RUBRO, MONEDA, LINEA, ORDINAL, DESCRIPCION, CAMPO, RUBROSALIDA, CD, D_DC, C_DC, TRANSACCION, CONDICION, USAR_CAMPOS_MOVIMIENTOS)
VALUES (0, 400015, -1, 66, 1, ''IMPUESTO PAIS POS'', 7480, 1411360777, NULL, ''D'', ''C'', 7, ''1=1'', ''S'')

INSERT INTO dbo.ESQUEMACONTABLE (PROCESO, RUBRO, MONEDA, LINEA, ORDINAL, DESCRIPCION, CAMPO, RUBROSALIDA, CD, D_DC, C_DC, TRANSACCION, CONDICION, USAR_CAMPOS_MOVIMIENTOS)
VALUES (0, 400016, -1, 65, 1, ''IMPUESTO PAIS POS'', 7480, 3211510870, NULL, ''C'', ''D'', 7, ''1=1'', ''S'')

INSERT INTO dbo.ESQUEMACONTABLE (PROCESO, RUBRO, MONEDA, LINEA, ORDINAL, DESCRIPCION, CAMPO, RUBROSALIDA, CD, D_DC, C_DC, TRANSACCION, CONDICION, USAR_CAMPOS_MOVIMIENTOS)
VALUES (0, 400016, -1, 66, 1, ''IMPUESTO PAIS POS'', 7480, 1411360777, NULL, ''D'', ''C'', 7, ''1=1'', ''S'')

INSERT INTO dbo.ESQUEMACONTABLE (PROCESO, RUBRO, MONEDA, LINEA, ORDINAL, DESCRIPCION, CAMPO, RUBROSALIDA, CD, D_DC, C_DC, TRANSACCION, CONDICION, USAR_CAMPOS_MOVIMIENTOS)
VALUES (0, 400017, -1, 65, 1, ''IMPUESTO PAIS POS'', 7480, 3211510870, NULL, ''C'', ''D'', 7, ''1=1'', ''S'')

INSERT INTO dbo.ESQUEMACONTABLE (PROCESO, RUBRO, MONEDA, LINEA, ORDINAL, DESCRIPCION, CAMPO, RUBROSALIDA, CD, D_DC, C_DC, TRANSACCION, CONDICION, USAR_CAMPOS_MOVIMIENTOS)
VALUES (0, 400017, -1, 66, 1, ''IMPUESTO PAIS POS'', 7480, 1411360777, NULL, ''D'', ''C'', 7, ''1=1'', ''S'')

INSERT INTO dbo.ESQUEMACONTABLE (PROCESO, RUBRO, MONEDA, LINEA, ORDINAL, DESCRIPCION, CAMPO, RUBROSALIDA, CD, D_DC, C_DC, TRANSACCION, CONDICION, USAR_CAMPOS_MOVIMIENTOS)
VALUES (0, 400018, -1, 65, 1, ''IMPUESTO PAIS POS'', 7480, 3211510870, NULL, ''C'', ''D'', 7, ''1=1'', ''S'')

INSERT INTO dbo.ESQUEMACONTABLE (PROCESO, RUBRO, MONEDA, LINEA, ORDINAL, DESCRIPCION, CAMPO, RUBROSALIDA, CD, D_DC, C_DC, TRANSACCION, CONDICION, USAR_CAMPOS_MOVIMIENTOS)
VALUES (0, 400018, -1, 66, 1, ''IMPUESTO PAIS POS'', 7480, 1411360777, NULL, ''D'', ''C'', 7, ''1=1'', ''S'')

INSERT INTO dbo.ESQUEMACONTABLE (PROCESO, RUBRO, MONEDA, LINEA, ORDINAL, DESCRIPCION, CAMPO, RUBROSALIDA, CD, D_DC, C_DC, TRANSACCION, CONDICION, USAR_CAMPOS_MOVIMIENTOS)
VALUES (0, 400070, -1, 65, 1, ''IMPUESTO PAIS POS'', 7480, 3211510870, NULL, ''C'', ''D'', 7, ''1=1'', ''S'')

INSERT INTO dbo.ESQUEMACONTABLE (PROCESO, RUBRO, MONEDA, LINEA, ORDINAL, DESCRIPCION, CAMPO, RUBROSALIDA, CD, D_DC, C_DC, TRANSACCION, CONDICION, USAR_CAMPOS_MOVIMIENTOS)
VALUES (0, 400070, -1, 66, 1, ''IMPUESTO PAIS POS'', 7480, 1411360777, NULL, ''D'', ''C'', 7, ''1=1'', ''S'')
')