EXECUTE('

INSERT INTO DESCRIPTORES (TITULO, IDENTIFICACION, TIPODEARCHIVO, DESCRIPCION, GRUPODELMAPA, NOMBREFISICO, TIPODEDBMS, LARGODELREGISTRO, INICIALIZACIONDELREGISTRO, BASE, SELECCION, ACEPTA_MOVS_DIFERIDO)
VALUES (35, 3496, NULL, ''CLEARING DPF Compensable'', 0, ''CLE_DPF_SALIENTE'', ''D'', NULL, NULL, ''Top/Clientes'', NULL, ''N'')


INSERT INTO INDICES (NUMERODEARCHIVO, NUMERODEINDICE, DESCRIPCION, CLAVESREPETIDAS, CAMPO1, CAMPO2, CAMPO3, CAMPO4, CAMPO5, CAMPO6, CAMPO7, CAMPO8, CAMPO9, CAMPO10, CAMPO11, CAMPO12, CAMPO13, CAMPO14, CAMPO15, CAMPO16, CAMPO17, CAMPO18, CAMPO19, CAMPO20)
VALUES (3496, 1, ''Indice Ppal'', 0, 35221, 35223, 35224, 35225, 35228, NULL, NULL, NULL, NULL, NULL, NULL, NULL, NULL, NULL, NULL, NULL, NULL, NULL, NULL, NULL)

INSERT INTO DICCIONARIO (NUMERODECAMPO, USODELCAMPO, REFERENCIA, DESCRIPCION, PROMPT, LARGO, TIPODECAMPO, DECIMALES, EDICION, CONTABILIZA, CONCEPTO, CALCULO, VALIDACION, TABLADEVALIDACION, TABLADEAYUDA, OPCIONES, TABLA, CAMPO, BASICO, MASCARA)
VALUES (35220, NULL, 0, ''Fecha devolucion Clearing'', ''Fecha Devuelto'', 8, ''F'', 0, ''F'', 0, 0, 0, 0, 0, 0, 0, 3496, ''FECHA_DEVUELTO'', 0, NULL)


INSERT INTO DICCIONARIO (NUMERODECAMPO, USODELCAMPO, REFERENCIA, DESCRIPCION, PROMPT, LARGO, TIPODECAMPO, DECIMALES, EDICION, CONTABILIZA, CONCEPTO, CALCULO, VALIDACION, TABLADEVALIDACION, TABLADEAYUDA, OPCIONES, TABLA, CAMPO, BASICO, MASCARA)
VALUES (35221, '' '', 0, ''Tipo de Documento'', ''Tipo de Documento'', 4, ''A'', 0, NULL, 0, 0, 0, 0, 0, 0, 0, 3496, ''TIPO_DOCUMENTO'', 0, NULL)


INSERT INTO DICCIONARIO (NUMERODECAMPO, USODELCAMPO, REFERENCIA, DESCRIPCION, PROMPT, LARGO, TIPODECAMPO, DECIMALES, EDICION, CONTABILIZA, CONCEPTO, CALCULO, VALIDACION, TABLADEVALIDACION, TABLADEAYUDA, OPCIONES, TABLA, CAMPO, BASICO, MASCARA)
VALUES (35222, '' '', 0, ''Moneda'', ''Moneda'', 4, ''N'', 0, NULL, 0, 0, 0, 0, 0, 0, 0, 3496, ''MONEDA'', 0, NULL)


INSERT INTO DICCIONARIO (NUMERODECAMPO, USODELCAMPO, REFERENCIA, DESCRIPCION, PROMPT, LARGO, TIPODECAMPO, DECIMALES, EDICION, CONTABILIZA, CONCEPTO, CALCULO, VALIDACION, TABLADEVALIDACION, TABLADEAYUDA, OPCIONES, TABLA, CAMPO, BASICO, MASCARA)
VALUES (35223, '' '', 0, ''Nro de DPF'', ''Nº DPF'', 12, ''N'', 0, NULL, 0, 0, 0, 0, 0, 0, 0, 3496, ''NUMERO_DPF'', 0, NULL)


INSERT INTO DICCIONARIO (NUMERODECAMPO, USODELCAMPO, REFERENCIA, DESCRIPCION, PROMPT, LARGO, TIPODECAMPO, DECIMALES, EDICION, CONTABILIZA, CONCEPTO, CALCULO, VALIDACION, TABLADEVALIDACION, TABLADEAYUDA, OPCIONES, TABLA, CAMPO, BASICO, MASCARA)
VALUES (35224, '' '', 0, ''Banco Girado'', ''Banco'', 4, ''N'', 0, NULL, 0, 0, 0, 0, 0, 0, 0, 3496, ''BANCO_GIRADO'', 0, NULL)


INSERT INTO DICCIONARIO (NUMERODECAMPO, USODELCAMPO, REFERENCIA, DESCRIPCION, PROMPT, LARGO, TIPODECAMPO, DECIMALES, EDICION, CONTABILIZA, CONCEPTO, CALCULO, VALIDACION, TABLADEVALIDACION, TABLADEAYUDA, OPCIONES, TABLA, CAMPO, BASICO, MASCARA)
VALUES (35225, '' '', 0, ''Sucursal del banco girado'', ''Sucural banco'', 5, ''N'', 0, NULL, 0, 0, 0, 0, 0, 0, 0, 3496, ''SUCURSAL_BANCO_GIRADO'', 0, NULL)


INSERT INTO DICCIONARIO (NUMERODECAMPO, USODELCAMPO, REFERENCIA, DESCRIPCION, PROMPT, LARGO, TIPODECAMPO, DECIMALES, EDICION, CONTABILIZA, CONCEPTO, CALCULO, VALIDACION, TABLADEVALIDACION, TABLADEAYUDA, OPCIONES, TABLA, CAMPO, BASICO, MASCARA)
VALUES (35226, '' '', 0, ''Numerico de Cuenta Giradora'', ''Num Cuenta Gir.'', 12, ''N'', 0, NULL, 0, 0, 0, 0, 0, 0, 0, 3496, ''NUMERICO_CUENTA_GIRADORA'', 0, NULL)


INSERT INTO DICCIONARIO (NUMERODECAMPO, USODELCAMPO, REFERENCIA, DESCRIPCION, PROMPT, LARGO, TIPODECAMPO, DECIMALES, EDICION, CONTABILIZA, CONCEPTO, CALCULO, VALIDACION, TABLADEVALIDACION, TABLADEAYUDA, OPCIONES, TABLA, CAMPO, BASICO, MASCARA)
VALUES (35227, '' '', 0, ''Codigo de Usuario'', ''Cod de Usuario'', 10, ''A'', 0, NULL, 0, 0, 0, 0, 0, 0, 0, 3496, ''CODIGO_USUARIO'', 0, NULL)


INSERT INTO DICCIONARIO (NUMERODECAMPO, USODELCAMPO, REFERENCIA, DESCRIPCION, PROMPT, LARGO, TIPODECAMPO, DECIMALES, EDICION, CONTABILIZA, CONCEPTO, CALCULO, VALIDACION, TABLADEVALIDACION, TABLADEAYUDA, OPCIONES, TABLA, CAMPO, BASICO, MASCARA)
VALUES (35228, '' '', 0, ''Fecha Alta'', ''Fecha Alta'', 8, ''F'', 0, ''F'', 0, 0, 0, 0, 0, 0, 0, 3496, ''FECHA_ALTA'', 0, NULL)


INSERT INTO DICCIONARIO (NUMERODECAMPO, USODELCAMPO, REFERENCIA, DESCRIPCION, PROMPT, LARGO, TIPODECAMPO, DECIMALES, EDICION, CONTABILIZA, CONCEPTO, CALCULO, VALIDACION, TABLADEVALIDACION, TABLADEAYUDA, OPCIONES, TABLA, CAMPO, BASICO, MASCARA)
VALUES (35229, '' '', 0, ''Importe'', ''Importe'', 15, ''N'', 2, ''I'', 0, 0, 0, 0, 0, 0, 0, 3496, ''IMPORTE'', 0, NULL)


INSERT INTO DICCIONARIO (NUMERODECAMPO, USODELCAMPO, REFERENCIA, DESCRIPCION, PROMPT, LARGO, TIPODECAMPO, DECIMALES, EDICION, CONTABILIZA, CONCEPTO, CALCULO, VALIDACION, TABLADEVALIDACION, TABLADEAYUDA, OPCIONES, TABLA, CAMPO, BASICO, MASCARA)
VALUES (35230, '' '', 0, ''Fecha de Acreditacion'', ''Fecha Acreditación'', 8, ''F'', 0, ''F'', 0, 0, 0, 0, 0, 0, 0, 3496, ''FECHA_ACREDITACION'', 0, NULL)


INSERT INTO DICCIONARIO (NUMERODECAMPO, USODELCAMPO, REFERENCIA, DESCRIPCION, PROMPT, LARGO, TIPODECAMPO, DECIMALES, EDICION, CONTABILIZA, CONCEPTO, CALCULO, VALIDACION, TABLADEVALIDACION, TABLADEAYUDA, OPCIONES, TABLA, CAMPO, BASICO, MASCARA)
VALUES (35231, '' '', 0, ''Acreditado'', ''Acreditado'', 1, ''N'', 0, NULL, 0, 0, 0, 0, 0, 0, 1, 3496, ''ACREDITADO'', 0, NULL)


INSERT INTO DICCIONARIO (NUMERODECAMPO, USODELCAMPO, REFERENCIA, DESCRIPCION, PROMPT, LARGO, TIPODECAMPO, DECIMALES, EDICION, CONTABILIZA, CONCEPTO, CALCULO, VALIDACION, TABLADEVALIDACION, TABLADEAYUDA, OPCIONES, TABLA, CAMPO, BASICO, MASCARA)
VALUES (35232, '' '', 0, ''Fecha de Envio de Compensacion'', ''F envio Comp.'', 8, ''F'', 0, ''F'', 0, 0, 0, 0, 0, 0, 0, 3496, ''FECHA_ENVIO_COMPENSACION'', 0, NULL)


INSERT INTO DICCIONARIO (NUMERODECAMPO, USODELCAMPO, REFERENCIA, DESCRIPCION, PROMPT, LARGO, TIPODECAMPO, DECIMALES, EDICION, CONTABILIZA, CONCEPTO, CALCULO, VALIDACION, TABLADEVALIDACION, TABLADEAYUDA, OPCIONES, TABLA, CAMPO, BASICO, MASCARA)
VALUES (35233, NULL, 0, ''Estado'', ''Estado'', 4, ''N'', 0, NULL, 0, 0, 0, 0, 0, 0, 1, 3496, ''ESTADO'', 0, NULL)


INSERT INTO DICCIONARIO (NUMERODECAMPO, USODELCAMPO, REFERENCIA, DESCRIPCION, PROMPT, LARGO, TIPODECAMPO, DECIMALES, EDICION, CONTABILIZA, CONCEPTO, CALCULO, VALIDACION, TABLADEVALIDACION, TABLADEAYUDA, OPCIONES, TABLA, CAMPO, BASICO, MASCARA)
VALUES (35234, '' '', 0, ''Sucursal de Ingreso'', ''Suc. de Ingreso'', 5, ''N'', 0, NULL, 0, 0, 0, 0, 0, 0, 0, 3496, ''SUCURSAL_DE_INGRESO'', 0, NULL)


INSERT INTO DICCIONARIO (NUMERODECAMPO, USODELCAMPO, REFERENCIA, DESCRIPCION, PROMPT, LARGO, TIPODECAMPO, DECIMALES, EDICION, CONTABILIZA, CONCEPTO, CALCULO, VALIDACION, TABLADEVALIDACION, TABLADEAYUDA, OPCIONES, TABLA, CAMPO, BASICO, MASCARA)
VALUES (35235, '' '', 0, ''Numero Asiento'', ''Numero Asiento'', 10, ''N'', 0, NULL, 0, 0, 0, 0, 0, 0, 0, 3496, ''NRO_ASIENTO'', 0, NULL)


INSERT INTO DICCIONARIO (NUMERODECAMPO, USODELCAMPO, REFERENCIA, DESCRIPCION, PROMPT, LARGO, TIPODECAMPO, DECIMALES, EDICION, CONTABILIZA, CONCEPTO, CALCULO, VALIDACION, TABLADEVALIDACION, TABLADEAYUDA, OPCIONES, TABLA, CAMPO, BASICO, MASCARA)
VALUES (35236, NULL, 0, ''Fecha_envio_camara'', ''Fecha_envio_cam'', 8, ''F'', 0, ''F'', 0, 0, 0, 0, 0, 0, 0, 3496, ''FECHA_ENVIO_CAMARA'', 0, NULL)


INSERT INTO DICCIONARIO (NUMERODECAMPO, USODELCAMPO, REFERENCIA, DESCRIPCION, PROMPT, LARGO, TIPODECAMPO, DECIMALES, EDICION, CONTABILIZA, CONCEPTO, CALCULO, VALIDACION, TABLADEVALIDACION, TABLADEAYUDA, OPCIONES, TABLA, CAMPO, BASICO, MASCARA)
VALUES (35237, '' '', 0, ''Importe Impuesto'', ''Importe Impuesto'', 15, ''N'', 2, ''I'', 0, 0, 0, 0, 0, 0, 0, 3496, ''IMPORTE_IMPUESTO'', 0, NULL)

INSERT INTO AYUDAS (NUMERODEARCHIVO, NUMERODEAYUDA, DESCRIPCION, FILTRO, MOSTRARTODOS, CAMPOS, CAMPOSVISTA, BASEVISTA, NOMBREVISTA, AYUDAGRANDE)
VALUES (3496, 34961, ''Ayuda DPF Compensables'', '''', 0, ''35223R;35222;35224R;35225R;35227;35228R;35229;35230;35231;35232;35233;35234;35236;35220;35221R;'', NULL, NULL, NULL, 0)

INSERT INTO OPCIONES (NUMERODECAMPO, IDIOMA, DESCRIPCION, OPCIONINTERNA, OPCIONDEPANTALLA)
VALUES (35233, ''E'', ''Ingresado'', ''1'', ''1'')


INSERT INTO OPCIONES (NUMERODECAMPO, IDIOMA, DESCRIPCION, OPCIONINTERNA, OPCIONDEPANTALLA)
VALUES (35233, ''E'', ''Procesado'', ''2'', ''2'')


INSERT INTO OPCIONES (NUMERODECAMPO, IDIOMA, DESCRIPCION, OPCIONINTERNA, OPCIONDEPANTALLA)
VALUES (35233, ''E'', ''Finalizado'', ''3'', ''3'')


INSERT INTO OPCIONES (NUMERODECAMPO, IDIOMA, DESCRIPCION, OPCIONINTERNA, OPCIONDEPANTALLA)
VALUES (35233, ''E'', ''Ingresado Sin Imagen'', ''4'', ''4'')



INSERT INTO DICCIONARIO (NUMERODECAMPO, USODELCAMPO, REFERENCIA, DESCRIPCION, PROMPT, LARGO, TIPODECAMPO, DECIMALES, EDICION, CONTABILIZA, CONCEPTO, CALCULO, VALIDACION, TABLADEVALIDACION, TABLADEAYUDA, OPCIONES, TABLA, CAMPO, BASICO, MASCARA)
VALUES (35241, '' '', 0, ''Nro de Track'', ''Nro de Track'', 20, ''A'', 0, NULL, 0, 0, 0, 0, 0, 0, 0, 3496, ''TRACKNUMBER'', 0, NULL)

INSERT INTO OPCIONES (NUMERODECAMPO, IDIOMA, DESCRIPCION, OPCIONINTERNA, OPCIONDEPANTALLA)
VALUES (35231, ''E'', ''No Acreditado'', ''0'', ''0'')


INSERT INTO OPCIONES (NUMERODECAMPO, IDIOMA, DESCRIPCION, OPCIONINTERNA, OPCIONDEPANTALLA)
VALUES (35231, ''E'', ''Acreditado'', ''1'', ''1'')


INSERT INTO OPCIONES (NUMERODECAMPO, IDIOMA, DESCRIPCION, OPCIONINTERNA, OPCIONDEPANTALLA)
VALUES (35231, ''I'', ''No Acreditado'', ''0'', ''0'')


INSERT INTO OPCIONES (NUMERODECAMPO, IDIOMA, DESCRIPCION, OPCIONINTERNA, OPCIONDEPANTALLA)
VALUES (35231, ''I'', ''Acreditado'', ''1'', ''1'')

INSERT INTO DICCIONARIO (NUMERODECAMPO, USODELCAMPO, REFERENCIA, DESCRIPCION, PROMPT, LARGO, TIPODECAMPO, DECIMALES, EDICION, CONTABILIZA, CONCEPTO, CALCULO, VALIDACION, TABLADEVALIDACION, TABLADEAYUDA, OPCIONES, TABLA, CAMPO, BASICO, MASCARA)
VALUES (35242, '' '', 0, ''Nro Deposito'', ''Número Depósito'', 15, ''N'', 0, NULL, 0, 0, 0, 0, 0, 0, 0, 3496, ''NUMERO_DEPOSITO'', 0, NULL)

INSERT INTO DICCIONARIO (NUMERODECAMPO, USODELCAMPO, REFERENCIA, DESCRIPCION, PROMPT, LARGO, TIPODECAMPO, DECIMALES, EDICION, CONTABILIZA, CONCEPTO, CALCULO, VALIDACION, TABLADEVALIDACION, TABLADEAYUDA, OPCIONES, TABLA, CAMPO, BASICO, MASCARA)
VALUES (35243, '' '', 0, ''Fecha de Vencimiento'', ''Fecha de Vencimiento'', 8, ''F'', 0, ''F'', 0, 0, 0, 0, 0, 0, 0, 3496, ''FECHA_VENCIMIENTO'', 0, NULL)

INSERT INTO DICCIONARIO (NUMERODECAMPO, USODELCAMPO, REFERENCIA, DESCRIPCION, PROMPT, LARGO, TIPODECAMPO, DECIMALES, EDICION, CONTABILIZA, CONCEPTO, CALCULO, VALIDACION, TABLADEVALIDACION, TABLADEAYUDA, OPCIONES, TABLA, CAMPO, BASICO, MASCARA)
VALUES (35244, '' '', 0, ''Estado dpf (aceptado/rechazado)'', ''Estado dpf (aceptado/rechazado)'', 1, ''A'', 0, NULL, 0, 0, 0, 0, 0, 0, 1, 3496, ''ESTADO_DPF'', 0, NULL)


INSERT INTO OPCIONES (NUMERODECAMPO, IDIOMA, DESCRIPCION, OPCIONINTERNA, OPCIONDEPANTALLA)
VALUES (35244, ''E'', ''Aceptado'', ''A'', ''A'')


INSERT INTO OPCIONES (NUMERODECAMPO, IDIOMA, DESCRIPCION, OPCIONINTERNA, OPCIONDEPANTALLA)
VALUES (35244, ''E'', ''Rechazado'', ''R'', ''R'')

INSERT INTO DICCIONARIO (NUMERODECAMPO, USODELCAMPO, REFERENCIA, DESCRIPCION, PROMPT, LARGO, TIPODECAMPO, DECIMALES, EDICION, CONTABILIZA, CONCEPTO, CALCULO, VALIDACION, TABLADEVALIDACION, TABLADEAYUDA, OPCIONES, TABLA, CAMPO, BASICO, MASCARA)
VALUES (35269, '' '', 0, ''Rubro Contable'', ''Rubro Contable'', 12, ''N'', 0, NULL, 0, 0, 0, 0, 0, 0, 0, 3496, ''RUBRO_CONTABLE'', 0, NULL)


INSERT INTO DICCIONARIO (NUMERODECAMPO, USODELCAMPO, REFERENCIA, DESCRIPCION, PROMPT, LARGO, TIPODECAMPO, DECIMALES, EDICION, CONTABILIZA, CONCEPTO, CALCULO, VALIDACION, TABLADEVALIDACION, TABLADEAYUDA, OPCIONES, TABLA, CAMPO, BASICO, MASCARA)
VALUES (35270, '' '', 0, ''Banda'', ''Banda'', 30, ''A'', 0, NULL, 0, 0, 0, 0, 0, 0, 0, 3496, ''BANDA'', 0, NULL)

INSERT INTO DICCIONARIO (NUMERODECAMPO, USODELCAMPO, REFERENCIA, DESCRIPCION, PROMPT, LARGO, TIPODECAMPO, DECIMALES, EDICION, CONTABILIZA, CONCEPTO, CALCULO, VALIDACION, TABLADEVALIDACION, TABLADEAYUDA, OPCIONES, TABLA, CAMPO, BASICO, MASCARA)
VALUES (35271, '' '', 0, ''Código Postal'', ''Código Postal'', 4, ''N'', 0, NULL, 0, 0, 0, 0, 0, 0, 0, 3496, ''COD_POSTAL'', 0, NULL)

INSERT INTO INDICES (NUMERODEARCHIVO, NUMERODEINDICE, DESCRIPCION, CLAVESREPETIDAS, CAMPO1, CAMPO2, CAMPO3, CAMPO4, CAMPO5, CAMPO6, CAMPO7, CAMPO8, CAMPO9, CAMPO10, CAMPO11, CAMPO12, CAMPO13, CAMPO14, CAMPO15, CAMPO16, CAMPO17, CAMPO18, CAMPO19, CAMPO20)
VALUES (3496, 2, ''Secundario por Doble Present'', 0, 35221, 35223, 35224, 35225, NULL, NULL, NULL, NULL, NULL, NULL, NULL, NULL, NULL, NULL, NULL, NULL, NULL, NULL, NULL, NULL)


')



