
---CREACION DE RUBROS
EXECUTE('
DELETE PLANCTAS WHERE C6326 IN (1711390500,
1711390501,
1711390502,
1711390503,
1711390504,
1711390505,
1711390506,
1711390507,
1711390508,
1711390509,
1711390510,
1711390511,
1751390500,
1751390501,
1751390502,
1751390503,
1751390504,
1751390505,
1751390506,
1751390507,
1751390508,
1751390509,
1751390510,
1751390511)
')

EXECUTE('
INSERT INTO PLANCTAS (TZ_LOCK, C6300, C6301, C6302, C6303, C6304, C6305, C6306, C6307, C6308, C6309, C6310, C6311, C6312, C6313, C6314, C6315, C6316, C6317, C6326, C6327, C6329, C6330, C6331, C6340, C6341, RUBRO_PERDIDA_VAL, RUBRO_GANANCIA_VAL, C6318, DEV_TASA_MORA, CALIFICA, DIADEVENGA, PREVISIONA, APERT_REFERENC, CENTRAL_RIESGOS, LCRED_CONTINGENCIA, TIPO_AJUSTE_VALUACION, EXPSOBREGIRO, ESTADO_ORG_CONTROL, DEVENGADO_POR_PLAZO, DISTRIBUYE_CENTROCOSTO, CONVIERTEA_MN, COD_INTERNO_IFRS, INVENTARIADO)
VALUES (0, ''Seguro s/bien (automotor)'', 1711390500, ''N'', '' '', ''1'', ''D'', ''0'', ''  '', '' '', ''0'', ''  '', ''  '', ''  '', ''  '', ''  '', ''  '', '' '', '' '', 1711390500, '' '', 0, 0, 0, 1711390500, 0, NULL, NULL, ''N'', ''N'', ''N'', '' '', 0, ''N'', ''N'', ''0'', 0, ''N'', ''N'', ''N'', ''N'', ''N'', ''171139'', ''N'')


INSERT INTO PLANCTAS (TZ_LOCK, C6300, C6301, C6302, C6303, C6304, C6305, C6306, C6307, C6308, C6309, C6310, C6311, C6312, C6313, C6314, C6315, C6316, C6317, C6326, C6327, C6329, C6330, C6331, C6340, C6341, RUBRO_PERDIDA_VAL, RUBRO_GANANCIA_VAL, C6318, DEV_TASA_MORA, CALIFICA, DIADEVENGA, PREVISIONA, APERT_REFERENC, CENTRAL_RIESGOS, LCRED_CONTINGENCIA, TIPO_AJUSTE_VALUACION, EXPSOBREGIRO, ESTADO_ORG_CONTROL, DEVENGADO_POR_PLAZO, DISTRIBUYE_CENTROCOSTO, CONVIERTEA_MN, COD_INTERNO_IFRS, INVENTARIADO)
VALUES (0, ''Seguro tecnico'', 1711390501, ''N'', '' '', ''1'', ''D'', ''0'', ''  '', '' '', ''0'', ''  '', ''  '', ''  '', ''  '', ''  '', ''  '', '' '', '' '', 1711390501, '' '', 0, 0, 0, 1711390501, 0, NULL, NULL, ''N'', ''N'', ''N'', '' '', 0, ''N'', ''N'', ''0'', 0, ''N'', ''N'', ''N'', ''N'', ''N'', ''171139'', ''N'')


INSERT INTO PLANCTAS (TZ_LOCK, C6300, C6301, C6302, C6303, C6304, C6305, C6306, C6307, C6308, C6309, C6310, C6311, C6312, C6313, C6314, C6315, C6316, C6317, C6326, C6327, C6329, C6330, C6331, C6340, C6341, RUBRO_PERDIDA_VAL, RUBRO_GANANCIA_VAL, C6318, DEV_TASA_MORA, CALIFICA, DIADEVENGA, PREVISIONA, APERT_REFERENC, CENTRAL_RIESGOS, LCRED_CONTINGENCIA, TIPO_AJUSTE_VALUACION, EXPSOBREGIRO, ESTADO_ORG_CONTROL, DEVENGADO_POR_PLAZO, DISTRIBUYE_CENTROCOSTO, CONVIERTEA_MN, COD_INTERNO_IFRS, INVENTARIADO)
VALUES (0, ''Patente'', 1711390502, ''N'', '' '', ''1'', ''D'', ''0'', ''  '', '' '', ''0'', ''  '', ''  '', ''  '', ''  '', ''  '', ''  '', '' '', '' '', 1711390502, '' '', 0, 0, 0, 1711390502, 0, NULL, NULL, ''N'', ''N'', ''N'', '' '', 0, ''N'', ''N'', ''0'', 0, ''N'', ''N'', ''N'', ''N'', ''N'', ''171139'', ''N'')


INSERT INTO PLANCTAS (TZ_LOCK, C6300, C6301, C6302, C6303, C6304, C6305, C6306, C6307, C6308, C6309, C6310, C6311, C6312, C6313, C6314, C6315, C6316, C6317, C6326, C6327, C6329, C6330, C6331, C6340, C6341, RUBRO_PERDIDA_VAL, RUBRO_GANANCIA_VAL, C6318, DEV_TASA_MORA, CALIFICA, DIADEVENGA, PREVISIONA, APERT_REFERENC, CENTRAL_RIESGOS, LCRED_CONTINGENCIA, TIPO_AJUSTE_VALUACION, EXPSOBREGIRO, ESTADO_ORG_CONTROL, DEVENGADO_POR_PLAZO, DISTRIBUYE_CENTROCOSTO, CONVIERTEA_MN, COD_INTERNO_IFRS, INVENTARIADO)
VALUES (0, ''Gasto por multas'', 1711390503, ''N'', '' '', ''1'', ''D'', ''0'', ''  '', '' '', ''0'', ''  '', ''  '', ''  '', ''  '', ''  '', ''  '', '' '', '' '', 1711390503, '' '', 0, 0, 0, 1711390503, 0, NULL, NULL, ''N'', ''N'', ''N'', '' '', 0, ''N'', ''N'', ''0'', 0, ''N'', ''N'', ''N'', ''N'', ''N'', ''171139'', ''N'')


INSERT INTO PLANCTAS (TZ_LOCK, C6300, C6301, C6302, C6303, C6304, C6305, C6306, C6307, C6308, C6309, C6310, C6311, C6312, C6313, C6314, C6315, C6316, C6317, C6326, C6327, C6329, C6330, C6331, C6340, C6341, RUBRO_PERDIDA_VAL, RUBRO_GANANCIA_VAL, C6318, DEV_TASA_MORA, CALIFICA, DIADEVENGA, PREVISIONA, APERT_REFERENC, CENTRAL_RIESGOS, LCRED_CONTINGENCIA, TIPO_AJUSTE_VALUACION, EXPSOBREGIRO, ESTADO_ORG_CONTROL, DEVENGADO_POR_PLAZO, DISTRIBUYE_CENTROCOSTO, CONVIERTEA_MN, COD_INTERNO_IFRS, INVENTARIADO)
VALUES (0, ''Gastos por comision y otros'', 1711390504, ''N'', '' '', ''1'', ''D'', ''0'', ''  '', '' '', ''0'', ''  '', ''  '', ''  '', ''  '', ''  '', ''  '', '' '', '' '', 1711390504, '' '', 0, 0, 0, 1711390504, 0, NULL, NULL, ''N'', ''N'', ''N'', '' '', 0, ''N'', ''N'', ''0'', 0, ''N'', ''N'', ''N'', ''N'', ''N'', ''171139'', ''N'')


INSERT INTO PLANCTAS (TZ_LOCK, C6300, C6301, C6302, C6303, C6304, C6305, C6306, C6307, C6308, C6309, C6310, C6311, C6312, C6313, C6314, C6315, C6316, C6317, C6326, C6327, C6329, C6330, C6331, C6340, C6341, RUBRO_PERDIDA_VAL, RUBRO_GANANCIA_VAL, C6318, DEV_TASA_MORA, CALIFICA, DIADEVENGA, PREVISIONA, APERT_REFERENC, CENTRAL_RIESGOS, LCRED_CONTINGENCIA, TIPO_AJUSTE_VALUACION, EXPSOBREGIRO, ESTADO_ORG_CONTROL, DEVENGADO_POR_PLAZO, DISTRIBUYE_CENTROCOSTO, CONVIERTEA_MN, COD_INTERNO_IFRS, INVENTARIADO)
VALUES (0, ''Gastos Inscripcion registro Bien'', 1711390505, ''N'', '' '', ''1'', ''D'', ''0'', ''  '', '' '', ''0'', ''  '', ''  '', ''  '', ''  '', ''  '', ''  '', '' '', '' '', 1711390505, '' '', 0, 0, 0, 1711390505, 0, NULL, NULL, ''N'', ''N'', ''N'', '' '', 0, ''N'', ''N'', ''0'', 0, ''N'', ''N'', ''N'', ''N'', ''N'', ''171139'', ''N'')


INSERT INTO PLANCTAS (TZ_LOCK, C6300, C6301, C6302, C6303, C6304, C6305, C6306, C6307, C6308, C6309, C6310, C6311, C6312, C6313, C6314, C6315, C6316, C6317, C6326, C6327, C6329, C6330, C6331, C6340, C6341, RUBRO_PERDIDA_VAL, RUBRO_GANANCIA_VAL, C6318, DEV_TASA_MORA, CALIFICA, DIADEVENGA, PREVISIONA, APERT_REFERENC, CENTRAL_RIESGOS, LCRED_CONTINGENCIA, TIPO_AJUSTE_VALUACION, EXPSOBREGIRO, ESTADO_ORG_CONTROL, DEVENGADO_POR_PLAZO, DISTRIBUYE_CENTROCOSTO, CONVIERTEA_MN, COD_INTERNO_IFRS, INVENTARIADO)
VALUES (0, ''Gastos Inscripcion contrato'', 1711390506, ''N'', '' '', ''1'', ''D'', ''0'', ''  '', '' '', ''0'', ''  '', ''  '', ''  '', ''  '', ''  '', ''  '', '' '', '' '', 1711390506, '' '', 0, 0, 0, 1711390506, 0, NULL, NULL, ''N'', ''N'', ''N'', '' '', 0, ''N'', ''N'', ''0'', 0, ''N'', ''N'', ''N'', ''N'', ''N'', ''171139'', ''N'')


INSERT INTO PLANCTAS (TZ_LOCK, C6300, C6301, C6302, C6303, C6304, C6305, C6306, C6307, C6308, C6309, C6310, C6311, C6312, C6313, C6314, C6315, C6316, C6317, C6326, C6327, C6329, C6330, C6331, C6340, C6341, RUBRO_PERDIDA_VAL, RUBRO_GANANCIA_VAL, C6318, DEV_TASA_MORA, CALIFICA, DIADEVENGA, PREVISIONA, APERT_REFERENC, CENTRAL_RIESGOS, LCRED_CONTINGENCIA, TIPO_AJUSTE_VALUACION, EXPSOBREGIRO, ESTADO_ORG_CONTROL, DEVENGADO_POR_PLAZO, DISTRIBUYE_CENTROCOSTO, CONVIERTEA_MN, COD_INTERNO_IFRS, INVENTARIADO)
VALUES (0, ''Otros gastos'', 1711390507, ''N'', '' '', ''1'', ''D'', ''0'', ''  '', '' '', ''0'', ''  '', ''  '', ''  '', ''  '', ''  '', ''  '', '' '', '' '', 1711390507, '' '', 0, 0, 0, 1711390507, 0, NULL, NULL, ''N'', ''N'', ''N'', '' '', 0, ''N'', ''N'', ''0'', 0, ''N'', ''N'', ''N'', ''N'', ''N'', ''171139'', ''N'')


INSERT INTO PLANCTAS (TZ_LOCK, C6300, C6301, C6302, C6303, C6304, C6305, C6306, C6307, C6308, C6309, C6310, C6311, C6312, C6313, C6314, C6315, C6316, C6317, C6326, C6327, C6329, C6330, C6331, C6340, C6341, RUBRO_PERDIDA_VAL, RUBRO_GANANCIA_VAL, C6318, DEV_TASA_MORA, CALIFICA, DIADEVENGA, PREVISIONA, APERT_REFERENC, CENTRAL_RIESGOS, LCRED_CONTINGENCIA, TIPO_AJUSTE_VALUACION, EXPSOBREGIRO, ESTADO_ORG_CONTROL, DEVENGADO_POR_PLAZO, DISTRIBUYE_CENTROCOSTO, CONVIERTEA_MN, COD_INTERNO_IFRS, INVENTARIADO)
VALUES (0, ''Aj. PATENTE'', 1711390508, ''N'', '' '', ''1'', ''D'', ''0'', ''  '', '' '', ''0'', ''  '', ''  '', ''  '', ''  '', ''  '', ''  '', '' '', '' '', 1711390508, '' '', 0, 0, 0, 1711390508, 0, NULL, NULL, ''N'', ''N'', ''N'', '' '', 0, ''N'', ''N'', ''0'', 0, ''N'', ''N'', ''N'', ''N'', ''N'', ''171139'', ''N'')


INSERT INTO PLANCTAS (TZ_LOCK, C6300, C6301, C6302, C6303, C6304, C6305, C6306, C6307, C6308, C6309, C6310, C6311, C6312, C6313, C6314, C6315, C6316, C6317, C6326, C6327, C6329, C6330, C6331, C6340, C6341, RUBRO_PERDIDA_VAL, RUBRO_GANANCIA_VAL, C6318, DEV_TASA_MORA, CALIFICA, DIADEVENGA, PREVISIONA, APERT_REFERENC, CENTRAL_RIESGOS, LCRED_CONTINGENCIA, TIPO_AJUSTE_VALUACION, EXPSOBREGIRO, ESTADO_ORG_CONTROL, DEVENGADO_POR_PLAZO, DISTRIBUYE_CENTROCOSTO, CONVIERTEA_MN, COD_INTERNO_IFRS, INVENTARIADO)
VALUES (0, ''Aj. Seguro autom.'', 1711390509, ''N'', '' '', ''1'', ''D'', ''0'', ''  '', '' '', ''0'', ''  '', ''  '', ''  '', ''  '', ''  '', ''  '', '' '', '' '', 1711390509, '' '', 0, 0, 0, 1711390509, 0, NULL, NULL, ''N'', ''N'', ''N'', '' '', 0, ''N'', ''N'', ''0'', 0, ''N'', ''N'', ''N'', ''N'', ''N'', ''171139'', ''N'')


INSERT INTO PLANCTAS (TZ_LOCK, C6300, C6301, C6302, C6303, C6304, C6305, C6306, C6307, C6308, C6309, C6310, C6311, C6312, C6313, C6314, C6315, C6316, C6317, C6326, C6327, C6329, C6330, C6331, C6340, C6341, RUBRO_PERDIDA_VAL, RUBRO_GANANCIA_VAL, C6318, DEV_TASA_MORA, CALIFICA, DIADEVENGA, PREVISIONA, APERT_REFERENC, CENTRAL_RIESGOS, LCRED_CONTINGENCIA, TIPO_AJUSTE_VALUACION, EXPSOBREGIRO, ESTADO_ORG_CONTROL, DEVENGADO_POR_PLAZO, DISTRIBUYE_CENTROCOSTO, CONVIERTEA_MN, COD_INTERNO_IFRS, INVENTARIADO)
VALUES (0, ''Aj. Seguro Tecnico'', 1711390510, ''N'', '' '', ''1'', ''D'', ''0'', ''  '', '' '', ''0'', ''  '', ''  '', ''  '', ''  '', ''  '', ''  '', '' '', '' '', 1711390510, '' '', 0, 0, 0, 1711390510, 0, NULL, NULL, ''N'', ''N'', ''N'', '' '', 0, ''N'', ''N'', ''0'', 0, ''N'', ''N'', ''N'', ''N'', ''N'', ''171139'', ''N'')


INSERT INTO PLANCTAS (TZ_LOCK, C6300, C6301, C6302, C6303, C6304, C6305, C6306, C6307, C6308, C6309, C6310, C6311, C6312, C6313, C6314, C6315, C6316, C6317, C6326, C6327, C6329, C6330, C6331, C6340, C6341, RUBRO_PERDIDA_VAL, RUBRO_GANANCIA_VAL, C6318, DEV_TASA_MORA, CALIFICA, DIADEVENGA, PREVISIONA, APERT_REFERENC, CENTRAL_RIESGOS, LCRED_CONTINGENCIA, TIPO_AJUSTE_VALUACION, EXPSOBREGIRO, ESTADO_ORG_CONTROL, DEVENGADO_POR_PLAZO, DISTRIBUYE_CENTROCOSTO, CONVIERTEA_MN, COD_INTERNO_IFRS, INVENTARIADO)
VALUES (0, ''Gastos migrados'', 1711390511, ''N'', '' '', ''1'', ''D'', ''0'', ''  '', '' '', ''0'', ''  '', ''  '', ''  '', ''  '', ''  '', ''  '', '' '', '' '', 1711390511, '' '', 0, 0, 0, 1711390511, 0, NULL, NULL, ''N'', ''N'', ''N'', '' '', 0, ''N'', ''N'', ''0'', 0, ''N'', ''N'', ''N'', ''N'', ''N'', ''171139'', ''N'')


INSERT INTO PLANCTAS (TZ_LOCK, C6300, C6301, C6302, C6303, C6304, C6305, C6306, C6307, C6308, C6309, C6310, C6311, C6312, C6313, C6314, C6315, C6316, C6317, C6326, C6327, C6329, C6330, C6331, C6340, C6341, RUBRO_PERDIDA_VAL, RUBRO_GANANCIA_VAL, C6318, DEV_TASA_MORA, CALIFICA, DIADEVENGA, PREVISIONA, APERT_REFERENC, CENTRAL_RIESGOS, LCRED_CONTINGENCIA, TIPO_AJUSTE_VALUACION, EXPSOBREGIRO, ESTADO_ORG_CONTROL, DEVENGADO_POR_PLAZO, DISTRIBUYE_CENTROCOSTO, CONVIERTEA_MN, COD_INTERNO_IFRS, INVENTARIADO)
VALUES (0, ''Seguro s/bien (automotor) ME'', 1751390500, ''E'', '' '', ''1'', ''D'', ''0'', ''  '', '' '', ''0'', ''  '', ''  '', ''  '', ''  '', ''  '', ''  '', '' '', '' '', 1751390500, '' '', 0, 0, 0, 1711390500, 0, 5259100000, 5159100000, ''N'', ''N'', ''N'', '' '', 0, ''N'', ''N'', ''0'', 0, ''N'', ''N'', ''N'', ''N'', ''N'', ''175139'', ''N'')


INSERT INTO PLANCTAS (TZ_LOCK, C6300, C6301, C6302, C6303, C6304, C6305, C6306, C6307, C6308, C6309, C6310, C6311, C6312, C6313, C6314, C6315, C6316, C6317, C6326, C6327, C6329, C6330, C6331, C6340, C6341, RUBRO_PERDIDA_VAL, RUBRO_GANANCIA_VAL, C6318, DEV_TASA_MORA, CALIFICA, DIADEVENGA, PREVISIONA, APERT_REFERENC, CENTRAL_RIESGOS, LCRED_CONTINGENCIA, TIPO_AJUSTE_VALUACION, EXPSOBREGIRO, ESTADO_ORG_CONTROL, DEVENGADO_POR_PLAZO, DISTRIBUYE_CENTROCOSTO, CONVIERTEA_MN, COD_INTERNO_IFRS, INVENTARIADO)
VALUES (0, ''Seguro tecnico ME'', 1751390501, ''E'', '' '', ''1'', ''D'', ''0'', ''  '', '' '', ''0'', ''  '', ''  '', ''  '', ''  '', ''  '', ''  '', '' '', '' '', 1751390501, '' '', 0, 0, 0, 1711390501, 0, 5259100000, 5159100000, ''N'', ''N'', ''N'', '' '', 0, ''N'', ''N'', ''0'', 0, ''N'', ''N'', ''N'', ''N'', ''N'', ''175139'', ''N'')


INSERT INTO PLANCTAS (TZ_LOCK, C6300, C6301, C6302, C6303, C6304, C6305, C6306, C6307, C6308, C6309, C6310, C6311, C6312, C6313, C6314, C6315, C6316, C6317, C6326, C6327, C6329, C6330, C6331, C6340, C6341, RUBRO_PERDIDA_VAL, RUBRO_GANANCIA_VAL, C6318, DEV_TASA_MORA, CALIFICA, DIADEVENGA, PREVISIONA, APERT_REFERENC, CENTRAL_RIESGOS, LCRED_CONTINGENCIA, TIPO_AJUSTE_VALUACION, EXPSOBREGIRO, ESTADO_ORG_CONTROL, DEVENGADO_POR_PLAZO, DISTRIBUYE_CENTROCOSTO, CONVIERTEA_MN, COD_INTERNO_IFRS, INVENTARIADO)
VALUES (0, ''Patente ME'', 1751390502, ''E'', '' '', ''1'', ''D'', ''0'', ''  '', '' '', ''0'', ''  '', ''  '', ''  '', ''  '', ''  '', ''  '', '' '', '' '', 1751390502, '' '', 0, 0, 0, 1711390502, 0, 5259100000, 5159100000, ''N'', ''N'', ''N'', '' '', 0, ''N'', ''N'', ''0'', 0, ''N'', ''N'', ''N'', ''N'', ''N'', ''175139'', ''N'')


INSERT INTO PLANCTAS (TZ_LOCK, C6300, C6301, C6302, C6303, C6304, C6305, C6306, C6307, C6308, C6309, C6310, C6311, C6312, C6313, C6314, C6315, C6316, C6317, C6326, C6327, C6329, C6330, C6331, C6340, C6341, RUBRO_PERDIDA_VAL, RUBRO_GANANCIA_VAL, C6318, DEV_TASA_MORA, CALIFICA, DIADEVENGA, PREVISIONA, APERT_REFERENC, CENTRAL_RIESGOS, LCRED_CONTINGENCIA, TIPO_AJUSTE_VALUACION, EXPSOBREGIRO, ESTADO_ORG_CONTROL, DEVENGADO_POR_PLAZO, DISTRIBUYE_CENTROCOSTO, CONVIERTEA_MN, COD_INTERNO_IFRS, INVENTARIADO)
VALUES (0, ''Gasto por multas ME'', 1751390503, ''E'', '' '', ''1'', ''D'', ''0'', ''  '', '' '', ''0'', ''  '', ''  '', ''  '', ''  '', ''  '', ''  '', '' '', '' '', 1751390503, '' '', 0, 0, 0, 1711390503, 0, 5259100000, 5159100000, ''N'', ''N'', ''N'', '' '', 0, ''N'', ''N'', ''0'', 0, ''N'', ''N'', ''N'', ''N'', ''N'', ''175139'', ''N'')


INSERT INTO PLANCTAS (TZ_LOCK, C6300, C6301, C6302, C6303, C6304, C6305, C6306, C6307, C6308, C6309, C6310, C6311, C6312, C6313, C6314, C6315, C6316, C6317, C6326, C6327, C6329, C6330, C6331, C6340, C6341, RUBRO_PERDIDA_VAL, RUBRO_GANANCIA_VAL, C6318, DEV_TASA_MORA, CALIFICA, DIADEVENGA, PREVISIONA, APERT_REFERENC, CENTRAL_RIESGOS, LCRED_CONTINGENCIA, TIPO_AJUSTE_VALUACION, EXPSOBREGIRO, ESTADO_ORG_CONTROL, DEVENGADO_POR_PLAZO, DISTRIBUYE_CENTROCOSTO, CONVIERTEA_MN, COD_INTERNO_IFRS, INVENTARIADO)
VALUES (0, ''Gastos por comision y otros ME'', 1751390504, ''E'', '' '', ''1'', ''D'', ''0'', ''  '', '' '', ''0'', ''  '', ''  '', ''  '', ''  '', ''  '', ''  '', '' '', '' '', 1751390504, '' '', 0, 0, 0, 1711390504, 0, 5259100000, 5159100000, ''N'', ''N'', ''N'', '' '', 0, ''N'', ''N'', ''0'', 0, ''N'', ''N'', ''N'', ''N'', ''N'', ''175139'', ''N'')


INSERT INTO PLANCTAS (TZ_LOCK, C6300, C6301, C6302, C6303, C6304, C6305, C6306, C6307, C6308, C6309, C6310, C6311, C6312, C6313, C6314, C6315, C6316, C6317, C6326, C6327, C6329, C6330, C6331, C6340, C6341, RUBRO_PERDIDA_VAL, RUBRO_GANANCIA_VAL, C6318, DEV_TASA_MORA, CALIFICA, DIADEVENGA, PREVISIONA, APERT_REFERENC, CENTRAL_RIESGOS, LCRED_CONTINGENCIA, TIPO_AJUSTE_VALUACION, EXPSOBREGIRO, ESTADO_ORG_CONTROL, DEVENGADO_POR_PLAZO, DISTRIBUYE_CENTROCOSTO, CONVIERTEA_MN, COD_INTERNO_IFRS, INVENTARIADO)
VALUES (0, ''Gastos Inscripcion registro Bien ME'', 1751390505, ''E'', '' '', ''1'', ''D'', ''0'', ''  '', '' '', ''0'', ''  '', ''  '', ''  '', ''  '', ''  '', ''  '', '' '', '' '', 1751390505, '' '', 0, 0, 0, 1711390505, 0, 5259100000, 5159100000, ''N'', ''N'', ''N'', '' '', 0, ''N'', ''N'', ''0'', 0, ''N'', ''N'', ''N'', ''N'', ''N'', ''175139'', ''N'')


INSERT INTO PLANCTAS (TZ_LOCK, C6300, C6301, C6302, C6303, C6304, C6305, C6306, C6307, C6308, C6309, C6310, C6311, C6312, C6313, C6314, C6315, C6316, C6317, C6326, C6327, C6329, C6330, C6331, C6340, C6341, RUBRO_PERDIDA_VAL, RUBRO_GANANCIA_VAL, C6318, DEV_TASA_MORA, CALIFICA, DIADEVENGA, PREVISIONA, APERT_REFERENC, CENTRAL_RIESGOS, LCRED_CONTINGENCIA, TIPO_AJUSTE_VALUACION, EXPSOBREGIRO, ESTADO_ORG_CONTROL, DEVENGADO_POR_PLAZO, DISTRIBUYE_CENTROCOSTO, CONVIERTEA_MN, COD_INTERNO_IFRS, INVENTARIADO)
VALUES (0, ''Gastos Inscripcion contrato ME'', 1751390506, ''E'', '' '', ''1'', ''D'', ''0'', ''  '', '' '', ''0'', ''  '', ''  '', ''  '', ''  '', ''  '', ''  '', '' '', '' '', 1751390506, '' '', 0, 0, 0, 1711390506, 0, 5259100000, 5159100000, ''N'', ''N'', ''N'', '' '', 0, ''N'', ''N'', ''0'', 0, ''N'', ''N'', ''N'', ''N'', ''N'', ''175139'', ''N'')


INSERT INTO PLANCTAS (TZ_LOCK, C6300, C6301, C6302, C6303, C6304, C6305, C6306, C6307, C6308, C6309, C6310, C6311, C6312, C6313, C6314, C6315, C6316, C6317, C6326, C6327, C6329, C6330, C6331, C6340, C6341, RUBRO_PERDIDA_VAL, RUBRO_GANANCIA_VAL, C6318, DEV_TASA_MORA, CALIFICA, DIADEVENGA, PREVISIONA, APERT_REFERENC, CENTRAL_RIESGOS, LCRED_CONTINGENCIA, TIPO_AJUSTE_VALUACION, EXPSOBREGIRO, ESTADO_ORG_CONTROL, DEVENGADO_POR_PLAZO, DISTRIBUYE_CENTROCOSTO, CONVIERTEA_MN, COD_INTERNO_IFRS, INVENTARIADO)
VALUES (0, ''Otros gastos ME'', 1751390507, ''E'', '' '', ''1'', ''D'', ''0'', ''  '', '' '', ''0'', ''  '', ''  '', ''  '', ''  '', ''  '', ''  '', '' '', '' '', 1751390507, '' '', 0, 0, 0, 1711390507, 0, 5259100000, 5159100000, ''N'', ''N'', ''N'', '' '', 0, ''N'', ''N'', ''0'', 0, ''N'', ''N'', ''N'', ''N'', ''N'', ''175139'', ''N'')


INSERT INTO PLANCTAS (TZ_LOCK, C6300, C6301, C6302, C6303, C6304, C6305, C6306, C6307, C6308, C6309, C6310, C6311, C6312, C6313, C6314, C6315, C6316, C6317, C6326, C6327, C6329, C6330, C6331, C6340, C6341, RUBRO_PERDIDA_VAL, RUBRO_GANANCIA_VAL, C6318, DEV_TASA_MORA, CALIFICA, DIADEVENGA, PREVISIONA, APERT_REFERENC, CENTRAL_RIESGOS, LCRED_CONTINGENCIA, TIPO_AJUSTE_VALUACION, EXPSOBREGIRO, ESTADO_ORG_CONTROL, DEVENGADO_POR_PLAZO, DISTRIBUYE_CENTROCOSTO, CONVIERTEA_MN, COD_INTERNO_IFRS, INVENTARIADO)
VALUES (0, ''Aj. PATENTE ME'', 1751390508, ''E'', '' '', ''1'', ''D'', ''0'', ''  '', '' '', ''0'', ''  '', ''  '', ''  '', ''  '', ''  '', ''  '', '' '', '' '', 1751390508, '' '', 0, 0, 0, 1711390508, 0, 5259100000, 5159100000, ''N'', ''N'', ''N'', '' '', 0, ''N'', ''N'', ''0'', 0, ''N'', ''N'', ''N'', ''N'', ''N'', ''175139'', ''N'')


INSERT INTO PLANCTAS (TZ_LOCK, C6300, C6301, C6302, C6303, C6304, C6305, C6306, C6307, C6308, C6309, C6310, C6311, C6312, C6313, C6314, C6315, C6316, C6317, C6326, C6327, C6329, C6330, C6331, C6340, C6341, RUBRO_PERDIDA_VAL, RUBRO_GANANCIA_VAL, C6318, DEV_TASA_MORA, CALIFICA, DIADEVENGA, PREVISIONA, APERT_REFERENC, CENTRAL_RIESGOS, LCRED_CONTINGENCIA, TIPO_AJUSTE_VALUACION, EXPSOBREGIRO, ESTADO_ORG_CONTROL, DEVENGADO_POR_PLAZO, DISTRIBUYE_CENTROCOSTO, CONVIERTEA_MN, COD_INTERNO_IFRS, INVENTARIADO)
VALUES (0, ''Aj. Seguro autom. ME'', 1751390509, ''E'', '' '', ''1'', ''D'', ''0'', ''  '', '' '', ''0'', ''  '', ''  '', ''  '', ''  '', ''  '', ''  '', '' '', '' '', 1751390509, '' '', 0, 0, 0, 1711390509, 0, 5259100000, 5159100000, ''N'', ''N'', ''N'', '' '', 0, ''N'', ''N'', ''0'', 0, ''N'', ''N'', ''N'', ''N'', ''N'', ''175139'', ''N'')


INSERT INTO PLANCTAS (TZ_LOCK, C6300, C6301, C6302, C6303, C6304, C6305, C6306, C6307, C6308, C6309, C6310, C6311, C6312, C6313, C6314, C6315, C6316, C6317, C6326, C6327, C6329, C6330, C6331, C6340, C6341, RUBRO_PERDIDA_VAL, RUBRO_GANANCIA_VAL, C6318, DEV_TASA_MORA, CALIFICA, DIADEVENGA, PREVISIONA, APERT_REFERENC, CENTRAL_RIESGOS, LCRED_CONTINGENCIA, TIPO_AJUSTE_VALUACION, EXPSOBREGIRO, ESTADO_ORG_CONTROL, DEVENGADO_POR_PLAZO, DISTRIBUYE_CENTROCOSTO, CONVIERTEA_MN, COD_INTERNO_IFRS, INVENTARIADO)
VALUES (0, ''Aj. Seguro Tecnico ME'', 1751390510, ''E'', '' '', ''1'', ''D'', ''0'', ''  '', '' '', ''0'', ''  '', ''  '', ''  '', ''  '', ''  '', ''  '', '' '', '' '', 1751390510, '' '', 0, 0, 0, 1711390510, 0, 5259100000, 5159100000, ''N'', ''N'', ''N'', '' '', 0, ''N'', ''N'', ''0'', 0, ''N'', ''N'', ''N'', ''N'', ''N'', ''175139'', ''N'')


INSERT INTO PLANCTAS (TZ_LOCK, C6300, C6301, C6302, C6303, C6304, C6305, C6306, C6307, C6308, C6309, C6310, C6311, C6312, C6313, C6314, C6315, C6316, C6317, C6326, C6327, C6329, C6330, C6331, C6340, C6341, RUBRO_PERDIDA_VAL, RUBRO_GANANCIA_VAL, C6318, DEV_TASA_MORA, CALIFICA, DIADEVENGA, PREVISIONA, APERT_REFERENC, CENTRAL_RIESGOS, LCRED_CONTINGENCIA, TIPO_AJUSTE_VALUACION, EXPSOBREGIRO, ESTADO_ORG_CONTROL, DEVENGADO_POR_PLAZO, DISTRIBUYE_CENTROCOSTO, CONVIERTEA_MN, COD_INTERNO_IFRS, INVENTARIADO)
VALUES (0, ''Gastos migrados ME'', 1751390511, ''E'', '' '', ''1'', ''D'', ''0'', ''  '', '' '', ''0'', ''  '', ''  '', ''  '', ''  '', ''  '', ''  '', '' '', '' '', 1751390511, '' '', 0, 0, 0, 1711390511, 0, 5259100000, 5159100000, ''N'', ''N'', ''N'', '' '', 0, ''N'', ''N'', ''0'', 0, ''N'', ''N'', ''N'', ''N'', ''N'', ''175139'', ''N'')
')


EXECUTE('
DELETE DICCIONARIO WHERE NUMERODECAMPO IN (58511,
58512,
58513,
58514,
58515,
58516,
58517,
58518,
58519,
58520,
58521,
58522)
')

EXECUTE('
INSERT INTO DICCIONARIO (NUMERODECAMPO, USODELCAMPO, REFERENCIA, DESCRIPCION, PROMPT, LARGO, TIPODECAMPO, DECIMALES, EDICION, CONTABILIZA, CONCEPTO, CALCULO, VALIDACION, TABLADEVALIDACION, TABLADEAYUDA, OPCIONES, TABLA, CAMPO, BASICO, MASCARA)
VALUES (58511, '' '', 0, ''Seguro s/bien (automotor)'', ''Seguro s/bien (automotor)'', 15, ''N'', 2, ''I'', 0, 0, 0, 0, 0, 0, 0, 0, NULL, 0, NULL)


INSERT INTO DICCIONARIO (NUMERODECAMPO, USODELCAMPO, REFERENCIA, DESCRIPCION, PROMPT, LARGO, TIPODECAMPO, DECIMALES, EDICION, CONTABILIZA, CONCEPTO, CALCULO, VALIDACION, TABLADEVALIDACION, TABLADEAYUDA, OPCIONES, TABLA, CAMPO, BASICO, MASCARA)
VALUES (58512, '' '', 0, ''Seguro tecnico'', ''Seguro tecnico'', 15, ''N'', 2, ''I'', 0, 0, 0, 0, 0, 0, 0, 0, NULL, 0, NULL)


INSERT INTO DICCIONARIO (NUMERODECAMPO, USODELCAMPO, REFERENCIA, DESCRIPCION, PROMPT, LARGO, TIPODECAMPO, DECIMALES, EDICION, CONTABILIZA, CONCEPTO, CALCULO, VALIDACION, TABLADEVALIDACION, TABLADEAYUDA, OPCIONES, TABLA, CAMPO, BASICO, MASCARA)
VALUES (58513, '' '', 0, ''Patente'', ''Patente'', 15, ''N'', 2, ''I'', 0, 0, 0, 0, 0, 0, 0, 0, NULL, 0, NULL)


INSERT INTO DICCIONARIO (NUMERODECAMPO, USODELCAMPO, REFERENCIA, DESCRIPCION, PROMPT, LARGO, TIPODECAMPO, DECIMALES, EDICION, CONTABILIZA, CONCEPTO, CALCULO, VALIDACION, TABLADEVALIDACION, TABLADEAYUDA, OPCIONES, TABLA, CAMPO, BASICO, MASCARA)
VALUES (58514, '' '', 0, ''Gasto por multas'', ''Gasto por multas'', 15, ''N'', 2, ''I'', 0, 0, 0, 0, 0, 0, 0, 0, NULL, 0, NULL)


INSERT INTO DICCIONARIO (NUMERODECAMPO, USODELCAMPO, REFERENCIA, DESCRIPCION, PROMPT, LARGO, TIPODECAMPO, DECIMALES, EDICION, CONTABILIZA, CONCEPTO, CALCULO, VALIDACION, TABLADEVALIDACION, TABLADEAYUDA, OPCIONES, TABLA, CAMPO, BASICO, MASCARA)
VALUES (58515, '' '', 0, ''Gastos por comision y otros'', ''Gastos por comision y otros'', 15, ''N'', 2, ''I'', 0, 0, 0, 0, 0, 0, 0, 0, NULL, 0, NULL)


INSERT INTO DICCIONARIO (NUMERODECAMPO, USODELCAMPO, REFERENCIA, DESCRIPCION, PROMPT, LARGO, TIPODECAMPO, DECIMALES, EDICION, CONTABILIZA, CONCEPTO, CALCULO, VALIDACION, TABLADEVALIDACION, TABLADEAYUDA, OPCIONES, TABLA, CAMPO, BASICO, MASCARA)
VALUES (58516, '' '', 0, ''Gastos Inscripcion registro Bien'', ''Gastos Inscripcion registro Bien'', 15, ''N'', 2, ''I'', 0, 0, 0, 0, 0, 0, 0, 0, NULL, 0, NULL)


INSERT INTO DICCIONARIO (NUMERODECAMPO, USODELCAMPO, REFERENCIA, DESCRIPCION, PROMPT, LARGO, TIPODECAMPO, DECIMALES, EDICION, CONTABILIZA, CONCEPTO, CALCULO, VALIDACION, TABLADEVALIDACION, TABLADEAYUDA, OPCIONES, TABLA, CAMPO, BASICO, MASCARA)
VALUES (58517, '' '', 0, ''Gastos Inscripcion contrato'', ''Gastos Inscripcion contrato'', 15, ''N'', 2, ''I'', 0, 0, 0, 0, 0, 0, 0, 0, NULL, 0, NULL)


INSERT INTO DICCIONARIO (NUMERODECAMPO, USODELCAMPO, REFERENCIA, DESCRIPCION, PROMPT, LARGO, TIPODECAMPO, DECIMALES, EDICION, CONTABILIZA, CONCEPTO, CALCULO, VALIDACION, TABLADEVALIDACION, TABLADEAYUDA, OPCIONES, TABLA, CAMPO, BASICO, MASCARA)
VALUES (58518, '' '', 0, ''Otros gastos'', ''Otros gastos'', 15, ''N'', 2, ''I'', 0, 0, 0, 0, 0, 0, 0, 0, NULL, 0, NULL)


INSERT INTO DICCIONARIO (NUMERODECAMPO, USODELCAMPO, REFERENCIA, DESCRIPCION, PROMPT, LARGO, TIPODECAMPO, DECIMALES, EDICION, CONTABILIZA, CONCEPTO, CALCULO, VALIDACION, TABLADEVALIDACION, TABLADEAYUDA, OPCIONES, TABLA, CAMPO, BASICO, MASCARA)
VALUES (58519, '' '', 0, ''Aj. PATENTE'', ''Aj. PATENTE'', 15, ''N'', 2, ''I'', 0, 0, 0, 0, 0, 0, 0, 0, NULL, 0, NULL)


INSERT INTO DICCIONARIO (NUMERODECAMPO, USODELCAMPO, REFERENCIA, DESCRIPCION, PROMPT, LARGO, TIPODECAMPO, DECIMALES, EDICION, CONTABILIZA, CONCEPTO, CALCULO, VALIDACION, TABLADEVALIDACION, TABLADEAYUDA, OPCIONES, TABLA, CAMPO, BASICO, MASCARA)
VALUES (58520, '' '', 0, ''Aj. Seguro autom.'', ''Aj. Seguro autom.'', 15, ''N'', 2, ''I'', 0, 0, 0, 0, 0, 0, 0, 0, NULL, 0, NULL)


INSERT INTO DICCIONARIO (NUMERODECAMPO, USODELCAMPO, REFERENCIA, DESCRIPCION, PROMPT, LARGO, TIPODECAMPO, DECIMALES, EDICION, CONTABILIZA, CONCEPTO, CALCULO, VALIDACION, TABLADEVALIDACION, TABLADEAYUDA, OPCIONES, TABLA, CAMPO, BASICO, MASCARA)
VALUES (58521, '' '', 0, ''Aj. Seguro Tecnico'', ''Aj. Seguro Tecnico'', 15, ''N'', 2, ''I'', 0, 0, 0, 0, 0, 0, 0, 0, NULL, 0, NULL)

INSERT INTO DICCIONARIO (NUMERODECAMPO, USODELCAMPO, REFERENCIA, DESCRIPCION, PROMPT, LARGO, TIPODECAMPO, DECIMALES, EDICION, CONTABILIZA, CONCEPTO, CALCULO, VALIDACION, TABLADEVALIDACION, TABLADEAYUDA, OPCIONES, TABLA, CAMPO, BASICO, MASCARA)
VALUES (58522, '' '', 0, ''Gastos migrados'', ''Gastos migrados'', 15, ''N'', 2, ''I'', 0, 0, 0, 0, 0, 0, 0, 0, NULL, 0, NULL)
')


EXECUTE('
DELETE TTR_CODIGO_TRANSACCION_DEF WHERE CODIGO_TRANSACCION IN (5001,
5002,
5003,
5004,
5005,
5006,
5007,
5008,
5009,
5010,
5011,
5012)
')

EXECUTE('
INSERT INTO TTR_CODIGO_TRANSACCION_DEF (TZ_LOCK, CODIGO_TRANSACCION, DESCRIPCION, UTILIZA_CONTADOR_MOVIM, EN_PROMEDIO_MENSUAL, USO_COMERCIAL, INFO_EXTENDIDA, GRUPO, TIPO, DEBITO_CREDITO)
VALUES (0, 5001, ''Seguro s/bien (automotor)'', ''N'', NULL, '' '', ''N'', 0, NULL, NULL)


INSERT INTO TTR_CODIGO_TRANSACCION_DEF (TZ_LOCK, CODIGO_TRANSACCION, DESCRIPCION, UTILIZA_CONTADOR_MOVIM, EN_PROMEDIO_MENSUAL, USO_COMERCIAL, INFO_EXTENDIDA, GRUPO, TIPO, DEBITO_CREDITO)
VALUES (0, 5002, ''Seguro tecnico'', ''N'', NULL, '' '', ''N'', 0, NULL, NULL)


INSERT INTO TTR_CODIGO_TRANSACCION_DEF (TZ_LOCK, CODIGO_TRANSACCION, DESCRIPCION, UTILIZA_CONTADOR_MOVIM, EN_PROMEDIO_MENSUAL, USO_COMERCIAL, INFO_EXTENDIDA, GRUPO, TIPO, DEBITO_CREDITO)
VALUES (0, 5003, ''Patente'', ''N'', NULL, '' '', ''N'', 0, NULL, NULL)


INSERT INTO TTR_CODIGO_TRANSACCION_DEF (TZ_LOCK, CODIGO_TRANSACCION, DESCRIPCION, UTILIZA_CONTADOR_MOVIM, EN_PROMEDIO_MENSUAL, USO_COMERCIAL, INFO_EXTENDIDA, GRUPO, TIPO, DEBITO_CREDITO)
VALUES (0, 5004, ''Gasto por multas'', ''N'', NULL, '' '', ''N'', 0, NULL, NULL)


INSERT INTO TTR_CODIGO_TRANSACCION_DEF (TZ_LOCK, CODIGO_TRANSACCION, DESCRIPCION, UTILIZA_CONTADOR_MOVIM, EN_PROMEDIO_MENSUAL, USO_COMERCIAL, INFO_EXTENDIDA, GRUPO, TIPO, DEBITO_CREDITO)
VALUES (0, 5005, ''Gastos por comision y otros'', ''N'', NULL, '' '', ''N'', 0, NULL, NULL)


INSERT INTO TTR_CODIGO_TRANSACCION_DEF (TZ_LOCK, CODIGO_TRANSACCION, DESCRIPCION, UTILIZA_CONTADOR_MOVIM, EN_PROMEDIO_MENSUAL, USO_COMERCIAL, INFO_EXTENDIDA, GRUPO, TIPO, DEBITO_CREDITO)
VALUES (0, 5006, ''Gastos Inscripcion registro Bien'', ''N'', NULL, '' '', ''N'', 0, NULL, NULL)


INSERT INTO TTR_CODIGO_TRANSACCION_DEF (TZ_LOCK, CODIGO_TRANSACCION, DESCRIPCION, UTILIZA_CONTADOR_MOVIM, EN_PROMEDIO_MENSUAL, USO_COMERCIAL, INFO_EXTENDIDA, GRUPO, TIPO, DEBITO_CREDITO)
VALUES (0, 5007, ''Gastos Inscripcion contrato'', ''N'', NULL, '' '', ''N'', 0, NULL, NULL)


INSERT INTO TTR_CODIGO_TRANSACCION_DEF (TZ_LOCK, CODIGO_TRANSACCION, DESCRIPCION, UTILIZA_CONTADOR_MOVIM, EN_PROMEDIO_MENSUAL, USO_COMERCIAL, INFO_EXTENDIDA, GRUPO, TIPO, DEBITO_CREDITO)
VALUES (0, 5008, ''Otros gastos'', ''N'', NULL, '' '', ''N'', 0, NULL, NULL)


INSERT INTO TTR_CODIGO_TRANSACCION_DEF (TZ_LOCK, CODIGO_TRANSACCION, DESCRIPCION, UTILIZA_CONTADOR_MOVIM, EN_PROMEDIO_MENSUAL, USO_COMERCIAL, INFO_EXTENDIDA, GRUPO, TIPO, DEBITO_CREDITO)
VALUES (0, 5009, ''Aj. PATENTE'', ''N'', NULL, '' '', ''N'', 0, NULL, NULL)


INSERT INTO TTR_CODIGO_TRANSACCION_DEF (TZ_LOCK, CODIGO_TRANSACCION, DESCRIPCION, UTILIZA_CONTADOR_MOVIM, EN_PROMEDIO_MENSUAL, USO_COMERCIAL, INFO_EXTENDIDA, GRUPO, TIPO, DEBITO_CREDITO)
VALUES (0, 5010, ''Aj. Seguro autom.'', ''N'', NULL, '' '', ''N'', 0, NULL, NULL)


INSERT INTO TTR_CODIGO_TRANSACCION_DEF (TZ_LOCK, CODIGO_TRANSACCION, DESCRIPCION, UTILIZA_CONTADOR_MOVIM, EN_PROMEDIO_MENSUAL, USO_COMERCIAL, INFO_EXTENDIDA, GRUPO, TIPO, DEBITO_CREDITO)
VALUES (0, 5011, ''Aj. Seguro Tecnico'', ''N'', NULL, '' '', ''N'', 0, NULL, NULL)

INSERT INTO TTR_CODIGO_TRANSACCION_DEF (TZ_LOCK, CODIGO_TRANSACCION, DESCRIPCION, UTILIZA_CONTADOR_MOVIM, EN_PROMEDIO_MENSUAL, USO_COMERCIAL, INFO_EXTENDIDA, GRUPO, TIPO, DEBITO_CREDITO)
VALUES (0, 5012, ''Gastos migrados'', ''N'', NULL, '' '', ''N'', 0, NULL, NULL)
')

EXECUTE('
INSERT INTO ESQUEMACONTABLE (PROCESO, RUBRO, MONEDA, LINEA, ORDINAL, DESCRIPCION, CAMPO, RUBROSALIDA, CD, D_DC, C_DC, TRANSACCION, CONDICION, USAR_CAMPOS_MOVIMIENTOS)
VALUES (0, 151000, -1, 35, 1, ''Seguro s/bien (automotor)'', 58511, 1711390500, NULL, NULL, ''C'', 7, ''1=1'', ''S'')


INSERT INTO ESQUEMACONTABLE (PROCESO, RUBRO, MONEDA, LINEA, ORDINAL, DESCRIPCION, CAMPO, RUBROSALIDA, CD, D_DC, C_DC, TRANSACCION, CONDICION, USAR_CAMPOS_MOVIMIENTOS)
VALUES (0, 151000, -1, 36, 1, ''Seguro tecnico'', 58512, 1711390501, NULL, NULL, ''C'', 7, ''1=1'', ''S'')


INSERT INTO ESQUEMACONTABLE (PROCESO, RUBRO, MONEDA, LINEA, ORDINAL, DESCRIPCION, CAMPO, RUBROSALIDA, CD, D_DC, C_DC, TRANSACCION, CONDICION, USAR_CAMPOS_MOVIMIENTOS)
VALUES (0, 151000, -1, 37, 1, ''Patente'', 58513, 1711390502, NULL, NULL, ''C'', 7, ''1=1'', ''S'')


INSERT INTO ESQUEMACONTABLE (PROCESO, RUBRO, MONEDA, LINEA, ORDINAL, DESCRIPCION, CAMPO, RUBROSALIDA, CD, D_DC, C_DC, TRANSACCION, CONDICION, USAR_CAMPOS_MOVIMIENTOS)
VALUES (0, 151000, -1, 38, 1, ''Gasto por multas'', 58514, 1711390503, NULL, NULL, ''C'', 7, ''1=1'', ''S'')


INSERT INTO ESQUEMACONTABLE (PROCESO, RUBRO, MONEDA, LINEA, ORDINAL, DESCRIPCION, CAMPO, RUBROSALIDA, CD, D_DC, C_DC, TRANSACCION, CONDICION, USAR_CAMPOS_MOVIMIENTOS)
VALUES (0, 151000, -1, 39, 1, ''Gastos por comision y otros'', 58515, 1711390504, NULL, NULL, ''C'', 7, ''1=1'', ''S'')


INSERT INTO ESQUEMACONTABLE (PROCESO, RUBRO, MONEDA, LINEA, ORDINAL, DESCRIPCION, CAMPO, RUBROSALIDA, CD, D_DC, C_DC, TRANSACCION, CONDICION, USAR_CAMPOS_MOVIMIENTOS)
VALUES (0, 151000, -1, 40, 1, ''Gastos Inscripcion registro Bien'', 58516, 1711390505, NULL, NULL, ''C'', 7, ''1=1'', ''S'')


INSERT INTO ESQUEMACONTABLE (PROCESO, RUBRO, MONEDA, LINEA, ORDINAL, DESCRIPCION, CAMPO, RUBROSALIDA, CD, D_DC, C_DC, TRANSACCION, CONDICION, USAR_CAMPOS_MOVIMIENTOS)
VALUES (0, 151000, -1, 41, 1, ''Gastos Inscripcion contrato'', 58517, 1711390506, NULL, NULL, ''C'', 7, ''1=1'', ''S'')


INSERT INTO ESQUEMACONTABLE (PROCESO, RUBRO, MONEDA, LINEA, ORDINAL, DESCRIPCION, CAMPO, RUBROSALIDA, CD, D_DC, C_DC, TRANSACCION, CONDICION, USAR_CAMPOS_MOVIMIENTOS)
VALUES (0, 151000, -1, 42, 1, ''Otros gastos'', 58518, 1711390507, NULL, NULL, ''C'', 7, ''1=1'', ''S'')


INSERT INTO ESQUEMACONTABLE (PROCESO, RUBRO, MONEDA, LINEA, ORDINAL, DESCRIPCION, CAMPO, RUBROSALIDA, CD, D_DC, C_DC, TRANSACCION, CONDICION, USAR_CAMPOS_MOVIMIENTOS)
VALUES (0, 151000, -1, 43, 1, ''Aj. PATENTE'', 58519, 1711390508, NULL, NULL, ''C'', 7, ''1=1'', ''S'')


INSERT INTO ESQUEMACONTABLE (PROCESO, RUBRO, MONEDA, LINEA, ORDINAL, DESCRIPCION, CAMPO, RUBROSALIDA, CD, D_DC, C_DC, TRANSACCION, CONDICION, USAR_CAMPOS_MOVIMIENTOS)
VALUES (0, 151000, -1, 44, 1, ''Aj. Seguro autom.'', 58520, 1711390509, NULL, NULL, ''C'', 7, ''1=1'', ''S'')


INSERT INTO ESQUEMACONTABLE (PROCESO, RUBRO, MONEDA, LINEA, ORDINAL, DESCRIPCION, CAMPO, RUBROSALIDA, CD, D_DC, C_DC, TRANSACCION, CONDICION, USAR_CAMPOS_MOVIMIENTOS)
VALUES (0, 151000, -1, 45, 1, ''Aj. Seguro Tecnico'', 58521, 1711390510, NULL, NULL, ''C'', 7, ''1=1'', ''S'')


INSERT INTO ESQUEMACONTABLE (PROCESO, RUBRO, MONEDA, LINEA, ORDINAL, DESCRIPCION, CAMPO, RUBROSALIDA, CD, D_DC, C_DC, TRANSACCION, CONDICION, USAR_CAMPOS_MOVIMIENTOS)
VALUES (0, 151000, -1, 46, 1, ''Gastos migrados'', 58522, 1711390511, NULL, NULL, ''C'', 7, ''1=1'', ''S'')


INSERT INTO ESQUEMACONTABLE (PROCESO, RUBRO, MONEDA, LINEA, ORDINAL, DESCRIPCION, CAMPO, RUBROSALIDA, CD, D_DC, C_DC, TRANSACCION, CONDICION, USAR_CAMPOS_MOVIMIENTOS)
VALUES (0, 710000, -1, 35, 1, ''Seguro s/bien (automotor)'', 58511, 1711390500, NULL, NULL, ''C'', 7, ''1=1'', ''S'')


INSERT INTO ESQUEMACONTABLE (PROCESO, RUBRO, MONEDA, LINEA, ORDINAL, DESCRIPCION, CAMPO, RUBROSALIDA, CD, D_DC, C_DC, TRANSACCION, CONDICION, USAR_CAMPOS_MOVIMIENTOS)
VALUES (0, 710000, -1, 36, 1, ''Seguro tecnico'', 58512, 1711390501, NULL, NULL, ''C'', 7, ''1=1'', ''S'')


INSERT INTO ESQUEMACONTABLE (PROCESO, RUBRO, MONEDA, LINEA, ORDINAL, DESCRIPCION, CAMPO, RUBROSALIDA, CD, D_DC, C_DC, TRANSACCION, CONDICION, USAR_CAMPOS_MOVIMIENTOS)
VALUES (0, 710000, -1, 37, 1, ''Patente'', 58513, 1711390502, NULL, NULL, ''C'', 7, ''1=1'', ''S'')


INSERT INTO ESQUEMACONTABLE (PROCESO, RUBRO, MONEDA, LINEA, ORDINAL, DESCRIPCION, CAMPO, RUBROSALIDA, CD, D_DC, C_DC, TRANSACCION, CONDICION, USAR_CAMPOS_MOVIMIENTOS)
VALUES (0, 710000, -1, 38, 1, ''Gasto por multas'', 58514, 1711390503, NULL, NULL, ''C'', 7, ''1=1'', ''S'')


INSERT INTO ESQUEMACONTABLE (PROCESO, RUBRO, MONEDA, LINEA, ORDINAL, DESCRIPCION, CAMPO, RUBROSALIDA, CD, D_DC, C_DC, TRANSACCION, CONDICION, USAR_CAMPOS_MOVIMIENTOS)
VALUES (0, 710000, -1, 39, 1, ''Gastos por comision y otros'', 58515, 1711390504, NULL, NULL, ''C'', 7, ''1=1'', ''S'')


INSERT INTO ESQUEMACONTABLE (PROCESO, RUBRO, MONEDA, LINEA, ORDINAL, DESCRIPCION, CAMPO, RUBROSALIDA, CD, D_DC, C_DC, TRANSACCION, CONDICION, USAR_CAMPOS_MOVIMIENTOS)
VALUES (0, 710000, -1, 40, 1, ''Gastos Inscripcion registro Bien'', 58516, 1711390505, NULL, NULL, ''C'', 7, ''1=1'', ''S'')


INSERT INTO ESQUEMACONTABLE (PROCESO, RUBRO, MONEDA, LINEA, ORDINAL, DESCRIPCION, CAMPO, RUBROSALIDA, CD, D_DC, C_DC, TRANSACCION, CONDICION, USAR_CAMPOS_MOVIMIENTOS)
VALUES (0, 710000, -1, 41, 1, ''Gastos Inscripcion contrato'', 58517, 1711390506, NULL, NULL, ''C'', 7, ''1=1'', ''S'')


INSERT INTO ESQUEMACONTABLE (PROCESO, RUBRO, MONEDA, LINEA, ORDINAL, DESCRIPCION, CAMPO, RUBROSALIDA, CD, D_DC, C_DC, TRANSACCION, CONDICION, USAR_CAMPOS_MOVIMIENTOS)
VALUES (0, 710000, -1, 42, 1, ''Otros gastos'', 58518, 1711390507, NULL, NULL, ''C'', 7, ''1=1'', ''S'')


INSERT INTO ESQUEMACONTABLE (PROCESO, RUBRO, MONEDA, LINEA, ORDINAL, DESCRIPCION, CAMPO, RUBROSALIDA, CD, D_DC, C_DC, TRANSACCION, CONDICION, USAR_CAMPOS_MOVIMIENTOS)
VALUES (0, 710000, -1, 43, 1, ''Aj. PATENTE'', 58519, 1711390508, NULL, NULL, ''C'', 7, ''1=1'', ''S'')


INSERT INTO ESQUEMACONTABLE (PROCESO, RUBRO, MONEDA, LINEA, ORDINAL, DESCRIPCION, CAMPO, RUBROSALIDA, CD, D_DC, C_DC, TRANSACCION, CONDICION, USAR_CAMPOS_MOVIMIENTOS)
VALUES (0, 710000, -1, 44, 1, ''Aj. Seguro autom.'', 58520, 1711390509, NULL, NULL, ''C'', 7, ''1=1'', ''S'')


INSERT INTO ESQUEMACONTABLE (PROCESO, RUBRO, MONEDA, LINEA, ORDINAL, DESCRIPCION, CAMPO, RUBROSALIDA, CD, D_DC, C_DC, TRANSACCION, CONDICION, USAR_CAMPOS_MOVIMIENTOS)
VALUES (0, 710000, -1, 45, 1, ''Aj. Seguro Tecnico'', 58521, 1711390510, NULL, NULL, ''C'', 7, ''1=1'', ''S'')


INSERT INTO ESQUEMACONTABLE (PROCESO, RUBRO, MONEDA, LINEA, ORDINAL, DESCRIPCION, CAMPO, RUBROSALIDA, CD, D_DC, C_DC, TRANSACCION, CONDICION, USAR_CAMPOS_MOVIMIENTOS)
VALUES (0, 710000, -1, 46, 1, ''Gastos migrados'', 58522, 1711390511, NULL, NULL, ''C'', 7, ''1=1'', ''S'')


INSERT INTO ESQUEMACONTABLE (PROCESO, RUBRO, MONEDA, LINEA, ORDINAL, DESCRIPCION, CAMPO, RUBROSALIDA, CD, D_DC, C_DC, TRANSACCION, CONDICION, USAR_CAMPOS_MOVIMIENTOS)
VALUES (0, 3510090020, -1, 35, 1, ''Seguro s/bien (automotor)'', 58511, 1711390500, NULL, ''C'', NULL, 7, ''1=1'', ''S'')


INSERT INTO ESQUEMACONTABLE (PROCESO, RUBRO, MONEDA, LINEA, ORDINAL, DESCRIPCION, CAMPO, RUBROSALIDA, CD, D_DC, C_DC, TRANSACCION, CONDICION, USAR_CAMPOS_MOVIMIENTOS)
VALUES (0, 3510090020, -1, 36, 1, ''Seguro tecnico'', 58512, 1711390501, NULL, ''C'', NULL, 7, ''1=1'', ''S'')


INSERT INTO ESQUEMACONTABLE (PROCESO, RUBRO, MONEDA, LINEA, ORDINAL, DESCRIPCION, CAMPO, RUBROSALIDA, CD, D_DC, C_DC, TRANSACCION, CONDICION, USAR_CAMPOS_MOVIMIENTOS)
VALUES (0, 3510090020, -1, 37, 1, ''Patente'', 58513, 1711390502, NULL, ''C'', NULL, 7, ''1=1'', ''S'')


INSERT INTO ESQUEMACONTABLE (PROCESO, RUBRO, MONEDA, LINEA, ORDINAL, DESCRIPCION, CAMPO, RUBROSALIDA, CD, D_DC, C_DC, TRANSACCION, CONDICION, USAR_CAMPOS_MOVIMIENTOS)
VALUES (0, 3510090020, -1, 38, 1, ''Gasto por multas'', 58514, 1711390503, NULL, ''C'', NULL, 7, ''1=1'', ''S'')


INSERT INTO ESQUEMACONTABLE (PROCESO, RUBRO, MONEDA, LINEA, ORDINAL, DESCRIPCION, CAMPO, RUBROSALIDA, CD, D_DC, C_DC, TRANSACCION, CONDICION, USAR_CAMPOS_MOVIMIENTOS)
VALUES (0, 3510090020, -1, 39, 1, ''Gastos por comision y otros'', 58515, 1711390504, NULL, ''C'', NULL, 7, ''1=1'', ''S'')


INSERT INTO ESQUEMACONTABLE (PROCESO, RUBRO, MONEDA, LINEA, ORDINAL, DESCRIPCION, CAMPO, RUBROSALIDA, CD, D_DC, C_DC, TRANSACCION, CONDICION, USAR_CAMPOS_MOVIMIENTOS)
VALUES (0, 3510090020, -1, 40, 1, ''Gastos Inscripcion registro Bien'', 58516, 1711390505, NULL, ''C'', NULL, 7, ''1=1'', ''S'')


INSERT INTO ESQUEMACONTABLE (PROCESO, RUBRO, MONEDA, LINEA, ORDINAL, DESCRIPCION, CAMPO, RUBROSALIDA, CD, D_DC, C_DC, TRANSACCION, CONDICION, USAR_CAMPOS_MOVIMIENTOS)
VALUES (0, 3510090020, -1, 41, 1, ''Gastos Inscripcion contrato'', 58517, 1711390506, NULL, ''C'', NULL, 7, ''1=1'', ''S'')


INSERT INTO ESQUEMACONTABLE (PROCESO, RUBRO, MONEDA, LINEA, ORDINAL, DESCRIPCION, CAMPO, RUBROSALIDA, CD, D_DC, C_DC, TRANSACCION, CONDICION, USAR_CAMPOS_MOVIMIENTOS)
VALUES (0, 3510090020, -1, 42, 1, ''Otros gastos'', 58518, 1711390507, NULL, ''C'', NULL, 7, ''1=1'', ''S'')


INSERT INTO ESQUEMACONTABLE (PROCESO, RUBRO, MONEDA, LINEA, ORDINAL, DESCRIPCION, CAMPO, RUBROSALIDA, CD, D_DC, C_DC, TRANSACCION, CONDICION, USAR_CAMPOS_MOVIMIENTOS)
VALUES (0, 3510090020, -1, 43, 1, ''Aj. PATENTE'', 58519, 1711390508, NULL, ''C'', NULL, 7, ''1=1'', ''S'')


INSERT INTO ESQUEMACONTABLE (PROCESO, RUBRO, MONEDA, LINEA, ORDINAL, DESCRIPCION, CAMPO, RUBROSALIDA, CD, D_DC, C_DC, TRANSACCION, CONDICION, USAR_CAMPOS_MOVIMIENTOS)
VALUES (0, 3510090020, -1, 44, 1, ''Aj. Seguro autom.'', 58520, 1711390509, NULL, ''C'', NULL, 7, ''1=1'', ''S'')


INSERT INTO ESQUEMACONTABLE (PROCESO, RUBRO, MONEDA, LINEA, ORDINAL, DESCRIPCION, CAMPO, RUBROSALIDA, CD, D_DC, C_DC, TRANSACCION, CONDICION, USAR_CAMPOS_MOVIMIENTOS)
VALUES (0, 3510090020, -1, 45, 1, ''Aj. Seguro Tecnico'', 58521, 1711390510, NULL, ''C'', NULL, 7, ''1=1'', ''S'')


INSERT INTO ESQUEMACONTABLE (PROCESO, RUBRO, MONEDA, LINEA, ORDINAL, DESCRIPCION, CAMPO, RUBROSALIDA, CD, D_DC, C_DC, TRANSACCION, CONDICION, USAR_CAMPOS_MOVIMIENTOS)
VALUES (0, 3510090020, -1, 46, 1, ''Gastos migrados'', 58522, 1711390511, NULL, ''C'', NULL, 7, ''1=1'', ''S'')
')

EXECUTE('
INSERT INTO ESQUEMACAMPO (PROCESO, RUBRO, MONEDA, LINEA, ORDINAL, CP, NUMERO, FORMULA)
VALUES (0, 151000, -1, 35, 101, ''C'', 2, ''0'')


INSERT INTO ESQUEMACAMPO (PROCESO, RUBRO, MONEDA, LINEA, ORDINAL, CP, NUMERO, FORMULA)
VALUES (0, 151000, -1, 35, 102, ''C'', 5, ''C6326'')


INSERT INTO ESQUEMACAMPO (PROCESO, RUBRO, MONEDA, LINEA, ORDINAL, CP, NUMERO, FORMULA)
VALUES (0, 151000, -1, 35, 104, ''C'', 7, ''0'')


INSERT INTO ESQUEMACAMPO (PROCESO, RUBRO, MONEDA, LINEA, ORDINAL, CP, NUMERO, FORMULA)
VALUES (0, 151000, -1, 35, 105, ''C'', 8, ''0'')


INSERT INTO ESQUEMACAMPO (PROCESO, RUBRO, MONEDA, LINEA, ORDINAL, CP, NUMERO, FORMULA)
VALUES (0, 151000, -1, 35, 107, ''C'', 6, ''0'')


INSERT INTO ESQUEMACAMPO (PROCESO, RUBRO, MONEDA, LINEA, ORDINAL, CP, NUMERO, FORMULA)
VALUES (0, 151000, -1, 35, 108, ''C'', 58511, ''C58511-C43975'')


INSERT INTO ESQUEMACAMPO (PROCESO, RUBRO, MONEDA, LINEA, ORDINAL, CP, NUMERO, FORMULA)
VALUES (0, 3510090020, -1, 35, 101, ''C'', 2, ''0'')


INSERT INTO ESQUEMACAMPO (PROCESO, RUBRO, MONEDA, LINEA, ORDINAL, CP, NUMERO, FORMULA)
VALUES (0, 3510090020, -1, 35, 102, ''C'', 5, ''C6326'')


INSERT INTO ESQUEMACAMPO (PROCESO, RUBRO, MONEDA, LINEA, ORDINAL, CP, NUMERO, FORMULA)
VALUES (0, 3510090020, -1, 35, 104, ''C'', 7, ''0'')


INSERT INTO ESQUEMACAMPO (PROCESO, RUBRO, MONEDA, LINEA, ORDINAL, CP, NUMERO, FORMULA)
VALUES (0, 3510090020, -1, 35, 105, ''C'', 8, ''0'')


INSERT INTO ESQUEMACAMPO (PROCESO, RUBRO, MONEDA, LINEA, ORDINAL, CP, NUMERO, FORMULA)
VALUES (0, 3510090020, -1, 35, 107, ''C'', 6, ''0'')


INSERT INTO ESQUEMACAMPO (PROCESO, RUBRO, MONEDA, LINEA, ORDINAL, CP, NUMERO, FORMULA)
VALUES (0, 3510090020, -1, 35, 108, ''C'', 58511, ''C58511-C43975'')


INSERT INTO ESQUEMACAMPO (PROCESO, RUBRO, MONEDA, LINEA, ORDINAL, CP, NUMERO, FORMULA)
VALUES (0, 710000, -1, 35, 101, ''C'', 2, ''0'')


INSERT INTO ESQUEMACAMPO (PROCESO, RUBRO, MONEDA, LINEA, ORDINAL, CP, NUMERO, FORMULA)
VALUES (0, 710000, -1, 35, 102, ''C'', 5, ''C6326'')


INSERT INTO ESQUEMACAMPO (PROCESO, RUBRO, MONEDA, LINEA, ORDINAL, CP, NUMERO, FORMULA)
VALUES (0, 710000, -1, 35, 104, ''C'', 7, ''0'')


INSERT INTO ESQUEMACAMPO (PROCESO, RUBRO, MONEDA, LINEA, ORDINAL, CP, NUMERO, FORMULA)
VALUES (0, 710000, -1, 35, 105, ''C'', 8, ''0'')


INSERT INTO ESQUEMACAMPO (PROCESO, RUBRO, MONEDA, LINEA, ORDINAL, CP, NUMERO, FORMULA)
VALUES (0, 710000, -1, 35, 107, ''C'', 6, ''0'')


INSERT INTO ESQUEMACAMPO (PROCESO, RUBRO, MONEDA, LINEA, ORDINAL, CP, NUMERO, FORMULA)
VALUES (0, 151000, -1, 36, 101, ''C'', 2, ''0'')


INSERT INTO ESQUEMACAMPO (PROCESO, RUBRO, MONEDA, LINEA, ORDINAL, CP, NUMERO, FORMULA)
VALUES (0, 151000, -1, 36, 102, ''C'', 5, ''C6326'')


INSERT INTO ESQUEMACAMPO (PROCESO, RUBRO, MONEDA, LINEA, ORDINAL, CP, NUMERO, FORMULA)
VALUES (0, 151000, -1, 36, 104, ''C'', 7, ''0'')


INSERT INTO ESQUEMACAMPO (PROCESO, RUBRO, MONEDA, LINEA, ORDINAL, CP, NUMERO, FORMULA)
VALUES (0, 151000, -1, 36, 105, ''C'', 8, ''0'')


INSERT INTO ESQUEMACAMPO (PROCESO, RUBRO, MONEDA, LINEA, ORDINAL, CP, NUMERO, FORMULA)
VALUES (0, 151000, -1, 36, 107, ''C'', 6, ''0'')


INSERT INTO ESQUEMACAMPO (PROCESO, RUBRO, MONEDA, LINEA, ORDINAL, CP, NUMERO, FORMULA)
VALUES (0, 151000, -1, 36, 108, ''C'', 58512, ''C58512-C43975'')


INSERT INTO ESQUEMACAMPO (PROCESO, RUBRO, MONEDA, LINEA, ORDINAL, CP, NUMERO, FORMULA)
VALUES (0, 3510090020, -1, 36, 101, ''C'', 2, ''0'')


INSERT INTO ESQUEMACAMPO (PROCESO, RUBRO, MONEDA, LINEA, ORDINAL, CP, NUMERO, FORMULA)
VALUES (0, 3510090020, -1, 36, 102, ''C'', 5, ''C6326'')


INSERT INTO ESQUEMACAMPO (PROCESO, RUBRO, MONEDA, LINEA, ORDINAL, CP, NUMERO, FORMULA)
VALUES (0, 3510090020, -1, 36, 104, ''C'', 7, ''0'')


INSERT INTO ESQUEMACAMPO (PROCESO, RUBRO, MONEDA, LINEA, ORDINAL, CP, NUMERO, FORMULA)
VALUES (0, 3510090020, -1, 36, 105, ''C'', 8, ''0'')


INSERT INTO ESQUEMACAMPO (PROCESO, RUBRO, MONEDA, LINEA, ORDINAL, CP, NUMERO, FORMULA)
VALUES (0, 3510090020, -1, 36, 107, ''C'', 6, ''0'')


INSERT INTO ESQUEMACAMPO (PROCESO, RUBRO, MONEDA, LINEA, ORDINAL, CP, NUMERO, FORMULA)
VALUES (0, 3510090020, -1, 36, 108, ''C'', 58512, ''C58512-C43975'')


INSERT INTO ESQUEMACAMPO (PROCESO, RUBRO, MONEDA, LINEA, ORDINAL, CP, NUMERO, FORMULA)
VALUES (0, 710000, -1, 36, 101, ''C'', 2, ''0'')


INSERT INTO ESQUEMACAMPO (PROCESO, RUBRO, MONEDA, LINEA, ORDINAL, CP, NUMERO, FORMULA)
VALUES (0, 710000, -1, 36, 102, ''C'', 5, ''C6326'')


INSERT INTO ESQUEMACAMPO (PROCESO, RUBRO, MONEDA, LINEA, ORDINAL, CP, NUMERO, FORMULA)
VALUES (0, 710000, -1, 36, 104, ''C'', 7, ''0'')


INSERT INTO ESQUEMACAMPO (PROCESO, RUBRO, MONEDA, LINEA, ORDINAL, CP, NUMERO, FORMULA)
VALUES (0, 710000, -1, 36, 105, ''C'', 8, ''0'')


INSERT INTO ESQUEMACAMPO (PROCESO, RUBRO, MONEDA, LINEA, ORDINAL, CP, NUMERO, FORMULA)
VALUES (0, 710000, -1, 36, 107, ''C'', 6, ''0'')


INSERT INTO ESQUEMACAMPO (PROCESO, RUBRO, MONEDA, LINEA, ORDINAL, CP, NUMERO, FORMULA)
VALUES (0, 151000, -1, 37, 101, ''C'', 2, ''0'')


INSERT INTO ESQUEMACAMPO (PROCESO, RUBRO, MONEDA, LINEA, ORDINAL, CP, NUMERO, FORMULA)
VALUES (0, 151000, -1, 37, 102, ''C'', 5, ''C6326'')


INSERT INTO ESQUEMACAMPO (PROCESO, RUBRO, MONEDA, LINEA, ORDINAL, CP, NUMERO, FORMULA)
VALUES (0, 151000, -1, 37, 104, ''C'', 7, ''0'')


INSERT INTO ESQUEMACAMPO (PROCESO, RUBRO, MONEDA, LINEA, ORDINAL, CP, NUMERO, FORMULA)
VALUES (0, 151000, -1, 37, 105, ''C'', 8, ''0'')


INSERT INTO ESQUEMACAMPO (PROCESO, RUBRO, MONEDA, LINEA, ORDINAL, CP, NUMERO, FORMULA)
VALUES (0, 151000, -1, 37, 107, ''C'', 6, ''0'')


INSERT INTO ESQUEMACAMPO (PROCESO, RUBRO, MONEDA, LINEA, ORDINAL, CP, NUMERO, FORMULA)
VALUES (0, 151000, -1, 37, 108, ''C'', 58513, ''C58513-C43975'')


INSERT INTO ESQUEMACAMPO (PROCESO, RUBRO, MONEDA, LINEA, ORDINAL, CP, NUMERO, FORMULA)
VALUES (0, 3510090020, -1, 37, 101, ''C'', 2, ''0'')


INSERT INTO ESQUEMACAMPO (PROCESO, RUBRO, MONEDA, LINEA, ORDINAL, CP, NUMERO, FORMULA)
VALUES (0, 3510090020, -1, 37, 102, ''C'', 5, ''C6326'')


INSERT INTO ESQUEMACAMPO (PROCESO, RUBRO, MONEDA, LINEA, ORDINAL, CP, NUMERO, FORMULA)
VALUES (0, 3510090020, -1, 37, 104, ''C'', 7, ''0'')


INSERT INTO ESQUEMACAMPO (PROCESO, RUBRO, MONEDA, LINEA, ORDINAL, CP, NUMERO, FORMULA)
VALUES (0, 3510090020, -1, 37, 105, ''C'', 8, ''0'')


INSERT INTO ESQUEMACAMPO (PROCESO, RUBRO, MONEDA, LINEA, ORDINAL, CP, NUMERO, FORMULA)
VALUES (0, 3510090020, -1, 37, 107, ''C'', 6, ''0'')


INSERT INTO ESQUEMACAMPO (PROCESO, RUBRO, MONEDA, LINEA, ORDINAL, CP, NUMERO, FORMULA)
VALUES (0, 3510090020, -1, 37, 108, ''C'', 58513, ''C58513-C43975'')


INSERT INTO ESQUEMACAMPO (PROCESO, RUBRO, MONEDA, LINEA, ORDINAL, CP, NUMERO, FORMULA)
VALUES (0, 710000, -1, 37, 101, ''C'', 2, ''0'')


INSERT INTO ESQUEMACAMPO (PROCESO, RUBRO, MONEDA, LINEA, ORDINAL, CP, NUMERO, FORMULA)
VALUES (0, 710000, -1, 37, 102, ''C'', 5, ''C6326'')


INSERT INTO ESQUEMACAMPO (PROCESO, RUBRO, MONEDA, LINEA, ORDINAL, CP, NUMERO, FORMULA)
VALUES (0, 710000, -1, 37, 104, ''C'', 7, ''0'')


INSERT INTO ESQUEMACAMPO (PROCESO, RUBRO, MONEDA, LINEA, ORDINAL, CP, NUMERO, FORMULA)
VALUES (0, 710000, -1, 37, 105, ''C'', 8, ''0'')


INSERT INTO ESQUEMACAMPO (PROCESO, RUBRO, MONEDA, LINEA, ORDINAL, CP, NUMERO, FORMULA)
VALUES (0, 710000, -1, 37, 107, ''C'', 6, ''0'')


INSERT INTO ESQUEMACAMPO (PROCESO, RUBRO, MONEDA, LINEA, ORDINAL, CP, NUMERO, FORMULA)
VALUES (0, 151000, -1, 38, 101, ''C'', 2, ''0'')


INSERT INTO ESQUEMACAMPO (PROCESO, RUBRO, MONEDA, LINEA, ORDINAL, CP, NUMERO, FORMULA)
VALUES (0, 151000, -1, 38, 102, ''C'', 5, ''C6326'')


INSERT INTO ESQUEMACAMPO (PROCESO, RUBRO, MONEDA, LINEA, ORDINAL, CP, NUMERO, FORMULA)
VALUES (0, 151000, -1, 38, 104, ''C'', 7, ''0'')


INSERT INTO ESQUEMACAMPO (PROCESO, RUBRO, MONEDA, LINEA, ORDINAL, CP, NUMERO, FORMULA)
VALUES (0, 151000, -1, 38, 105, ''C'', 8, ''0'')


INSERT INTO ESQUEMACAMPO (PROCESO, RUBRO, MONEDA, LINEA, ORDINAL, CP, NUMERO, FORMULA)
VALUES (0, 151000, -1, 38, 107, ''C'', 6, ''0'')


INSERT INTO ESQUEMACAMPO (PROCESO, RUBRO, MONEDA, LINEA, ORDINAL, CP, NUMERO, FORMULA)
VALUES (0, 151000, -1, 38, 108, ''C'', 58514, ''C58514-C43975'')


INSERT INTO ESQUEMACAMPO (PROCESO, RUBRO, MONEDA, LINEA, ORDINAL, CP, NUMERO, FORMULA)
VALUES (0, 3510090020, -1, 38, 101, ''C'', 2, ''0'')


INSERT INTO ESQUEMACAMPO (PROCESO, RUBRO, MONEDA, LINEA, ORDINAL, CP, NUMERO, FORMULA)
VALUES (0, 3510090020, -1, 38, 102, ''C'', 5, ''C6326'')


INSERT INTO ESQUEMACAMPO (PROCESO, RUBRO, MONEDA, LINEA, ORDINAL, CP, NUMERO, FORMULA)
VALUES (0, 3510090020, -1, 38, 104, ''C'', 7, ''0'')


INSERT INTO ESQUEMACAMPO (PROCESO, RUBRO, MONEDA, LINEA, ORDINAL, CP, NUMERO, FORMULA)
VALUES (0, 3510090020, -1, 38, 105, ''C'', 8, ''0'')


INSERT INTO ESQUEMACAMPO (PROCESO, RUBRO, MONEDA, LINEA, ORDINAL, CP, NUMERO, FORMULA)
VALUES (0, 3510090020, -1, 38, 107, ''C'', 6, ''0'')


INSERT INTO ESQUEMACAMPO (PROCESO, RUBRO, MONEDA, LINEA, ORDINAL, CP, NUMERO, FORMULA)
VALUES (0, 3510090020, -1, 38, 108, ''C'', 58514, ''C58514-C43975'')


INSERT INTO ESQUEMACAMPO (PROCESO, RUBRO, MONEDA, LINEA, ORDINAL, CP, NUMERO, FORMULA)
VALUES (0, 710000, -1, 38, 101, ''C'', 2, ''0'')


INSERT INTO ESQUEMACAMPO (PROCESO, RUBRO, MONEDA, LINEA, ORDINAL, CP, NUMERO, FORMULA)
VALUES (0, 710000, -1, 38, 102, ''C'', 5, ''C6326'')


INSERT INTO ESQUEMACAMPO (PROCESO, RUBRO, MONEDA, LINEA, ORDINAL, CP, NUMERO, FORMULA)
VALUES (0, 710000, -1, 38, 104, ''C'', 7, ''0'')


INSERT INTO ESQUEMACAMPO (PROCESO, RUBRO, MONEDA, LINEA, ORDINAL, CP, NUMERO, FORMULA)
VALUES (0, 710000, -1, 38, 105, ''C'', 8, ''0'')


INSERT INTO ESQUEMACAMPO (PROCESO, RUBRO, MONEDA, LINEA, ORDINAL, CP, NUMERO, FORMULA)
VALUES (0, 710000, -1, 38, 107, ''C'', 6, ''0'')


INSERT INTO ESQUEMACAMPO (PROCESO, RUBRO, MONEDA, LINEA, ORDINAL, CP, NUMERO, FORMULA)
VALUES (0, 151000, -1, 39, 101, ''C'', 2, ''0'')


INSERT INTO ESQUEMACAMPO (PROCESO, RUBRO, MONEDA, LINEA, ORDINAL, CP, NUMERO, FORMULA)
VALUES (0, 151000, -1, 39, 102, ''C'', 5, ''C6326'')


INSERT INTO ESQUEMACAMPO (PROCESO, RUBRO, MONEDA, LINEA, ORDINAL, CP, NUMERO, FORMULA)
VALUES (0, 151000, -1, 39, 104, ''C'', 7, ''0'')


INSERT INTO ESQUEMACAMPO (PROCESO, RUBRO, MONEDA, LINEA, ORDINAL, CP, NUMERO, FORMULA)
VALUES (0, 151000, -1, 39, 105, ''C'', 8, ''0'')


INSERT INTO ESQUEMACAMPO (PROCESO, RUBRO, MONEDA, LINEA, ORDINAL, CP, NUMERO, FORMULA)
VALUES (0, 151000, -1, 39, 107, ''C'', 6, ''0'')


INSERT INTO ESQUEMACAMPO (PROCESO, RUBRO, MONEDA, LINEA, ORDINAL, CP, NUMERO, FORMULA)
VALUES (0, 151000, -1, 39, 108, ''C'', 58515, ''C58515-C43975'')


INSERT INTO ESQUEMACAMPO (PROCESO, RUBRO, MONEDA, LINEA, ORDINAL, CP, NUMERO, FORMULA)
VALUES (0, 3510090020, -1, 39, 101, ''C'', 2, ''0'')


INSERT INTO ESQUEMACAMPO (PROCESO, RUBRO, MONEDA, LINEA, ORDINAL, CP, NUMERO, FORMULA)
VALUES (0, 3510090020, -1, 39, 102, ''C'', 5, ''C6326'')


INSERT INTO ESQUEMACAMPO (PROCESO, RUBRO, MONEDA, LINEA, ORDINAL, CP, NUMERO, FORMULA)
VALUES (0, 3510090020, -1, 39, 104, ''C'', 7, ''0'')


INSERT INTO ESQUEMACAMPO (PROCESO, RUBRO, MONEDA, LINEA, ORDINAL, CP, NUMERO, FORMULA)
VALUES (0, 3510090020, -1, 39, 105, ''C'', 8, ''0'')


INSERT INTO ESQUEMACAMPO (PROCESO, RUBRO, MONEDA, LINEA, ORDINAL, CP, NUMERO, FORMULA)
VALUES (0, 3510090020, -1, 39, 107, ''C'', 6, ''0'')


INSERT INTO ESQUEMACAMPO (PROCESO, RUBRO, MONEDA, LINEA, ORDINAL, CP, NUMERO, FORMULA)
VALUES (0, 3510090020, -1, 39, 108, ''C'', 58515, ''C58515-C43975'')


INSERT INTO ESQUEMACAMPO (PROCESO, RUBRO, MONEDA, LINEA, ORDINAL, CP, NUMERO, FORMULA)
VALUES (0, 710000, -1, 39, 101, ''C'', 2, ''0'')


INSERT INTO ESQUEMACAMPO (PROCESO, RUBRO, MONEDA, LINEA, ORDINAL, CP, NUMERO, FORMULA)
VALUES (0, 710000, -1, 39, 102, ''C'', 5, ''C6326'')


INSERT INTO ESQUEMACAMPO (PROCESO, RUBRO, MONEDA, LINEA, ORDINAL, CP, NUMERO, FORMULA)
VALUES (0, 710000, -1, 39, 104, ''C'', 7, ''0'')


INSERT INTO ESQUEMACAMPO (PROCESO, RUBRO, MONEDA, LINEA, ORDINAL, CP, NUMERO, FORMULA)
VALUES (0, 710000, -1, 39, 105, ''C'', 8, ''0'')


INSERT INTO ESQUEMACAMPO (PROCESO, RUBRO, MONEDA, LINEA, ORDINAL, CP, NUMERO, FORMULA)
VALUES (0, 710000, -1, 39, 107, ''C'', 6, ''0'')


INSERT INTO ESQUEMACAMPO (PROCESO, RUBRO, MONEDA, LINEA, ORDINAL, CP, NUMERO, FORMULA)
VALUES (0, 151000, -1, 40, 101, ''C'', 2, ''0'')


INSERT INTO ESQUEMACAMPO (PROCESO, RUBRO, MONEDA, LINEA, ORDINAL, CP, NUMERO, FORMULA)
VALUES (0, 151000, -1, 40, 102, ''C'', 5, ''C6326'')


INSERT INTO ESQUEMACAMPO (PROCESO, RUBRO, MONEDA, LINEA, ORDINAL, CP, NUMERO, FORMULA)
VALUES (0, 151000, -1, 40, 104, ''C'', 7, ''0'')


INSERT INTO ESQUEMACAMPO (PROCESO, RUBRO, MONEDA, LINEA, ORDINAL, CP, NUMERO, FORMULA)
VALUES (0, 151000, -1, 40, 105, ''C'', 8, ''0'')


INSERT INTO ESQUEMACAMPO (PROCESO, RUBRO, MONEDA, LINEA, ORDINAL, CP, NUMERO, FORMULA)
VALUES (0, 151000, -1, 40, 107, ''C'', 6, ''0'')


INSERT INTO ESQUEMACAMPO (PROCESO, RUBRO, MONEDA, LINEA, ORDINAL, CP, NUMERO, FORMULA)
VALUES (0, 151000, -1, 40, 108, ''C'', 58516, ''C58516-C43975'')


INSERT INTO ESQUEMACAMPO (PROCESO, RUBRO, MONEDA, LINEA, ORDINAL, CP, NUMERO, FORMULA)
VALUES (0, 3510090020, -1, 40, 101, ''C'', 2, ''0'')


INSERT INTO ESQUEMACAMPO (PROCESO, RUBRO, MONEDA, LINEA, ORDINAL, CP, NUMERO, FORMULA)
VALUES (0, 3510090020, -1, 40, 102, ''C'', 5, ''C6326'')


INSERT INTO ESQUEMACAMPO (PROCESO, RUBRO, MONEDA, LINEA, ORDINAL, CP, NUMERO, FORMULA)
VALUES (0, 3510090020, -1, 40, 104, ''C'', 7, ''0'')


INSERT INTO ESQUEMACAMPO (PROCESO, RUBRO, MONEDA, LINEA, ORDINAL, CP, NUMERO, FORMULA)
VALUES (0, 3510090020, -1, 40, 105, ''C'', 8, ''0'')


INSERT INTO ESQUEMACAMPO (PROCESO, RUBRO, MONEDA, LINEA, ORDINAL, CP, NUMERO, FORMULA)
VALUES (0, 3510090020, -1, 40, 107, ''C'', 6, ''0'')


INSERT INTO ESQUEMACAMPO (PROCESO, RUBRO, MONEDA, LINEA, ORDINAL, CP, NUMERO, FORMULA)
VALUES (0, 3510090020, -1, 40, 108, ''C'', 58516, ''C58516-C43975'')


INSERT INTO ESQUEMACAMPO (PROCESO, RUBRO, MONEDA, LINEA, ORDINAL, CP, NUMERO, FORMULA)
VALUES (0, 710000, -1, 40, 101, ''C'', 2, ''0'')


INSERT INTO ESQUEMACAMPO (PROCESO, RUBRO, MONEDA, LINEA, ORDINAL, CP, NUMERO, FORMULA)
VALUES (0, 710000, -1, 40, 102, ''C'', 5, ''C6326'')


INSERT INTO ESQUEMACAMPO (PROCESO, RUBRO, MONEDA, LINEA, ORDINAL, CP, NUMERO, FORMULA)
VALUES (0, 710000, -1, 40, 104, ''C'', 7, ''0'')


INSERT INTO ESQUEMACAMPO (PROCESO, RUBRO, MONEDA, LINEA, ORDINAL, CP, NUMERO, FORMULA)
VALUES (0, 710000, -1, 40, 105, ''C'', 8, ''0'')


INSERT INTO ESQUEMACAMPO (PROCESO, RUBRO, MONEDA, LINEA, ORDINAL, CP, NUMERO, FORMULA)
VALUES (0, 710000, -1, 40, 107, ''C'', 6, ''0'')


INSERT INTO ESQUEMACAMPO (PROCESO, RUBRO, MONEDA, LINEA, ORDINAL, CP, NUMERO, FORMULA)
VALUES (0, 151000, -1, 41, 101, ''C'', 2, ''0'')


INSERT INTO ESQUEMACAMPO (PROCESO, RUBRO, MONEDA, LINEA, ORDINAL, CP, NUMERO, FORMULA)
VALUES (0, 151000, -1, 41, 102, ''C'', 5, ''C6326'')


INSERT INTO ESQUEMACAMPO (PROCESO, RUBRO, MONEDA, LINEA, ORDINAL, CP, NUMERO, FORMULA)
VALUES (0, 151000, -1, 41, 104, ''C'', 7, ''0'')


INSERT INTO ESQUEMACAMPO (PROCESO, RUBRO, MONEDA, LINEA, ORDINAL, CP, NUMERO, FORMULA)
VALUES (0, 151000, -1, 41, 105, ''C'', 8, ''0'')


INSERT INTO ESQUEMACAMPO (PROCESO, RUBRO, MONEDA, LINEA, ORDINAL, CP, NUMERO, FORMULA)
VALUES (0, 151000, -1, 41, 107, ''C'', 6, ''0'')


INSERT INTO ESQUEMACAMPO (PROCESO, RUBRO, MONEDA, LINEA, ORDINAL, CP, NUMERO, FORMULA)
VALUES (0, 151000, -1, 41, 108, ''C'', 58517, ''C58517-C43975'')


INSERT INTO ESQUEMACAMPO (PROCESO, RUBRO, MONEDA, LINEA, ORDINAL, CP, NUMERO, FORMULA)
VALUES (0, 3510090020, -1, 41, 101, ''C'', 2, ''0'')


INSERT INTO ESQUEMACAMPO (PROCESO, RUBRO, MONEDA, LINEA, ORDINAL, CP, NUMERO, FORMULA)
VALUES (0, 3510090020, -1, 41, 102, ''C'', 5, ''C6326'')


INSERT INTO ESQUEMACAMPO (PROCESO, RUBRO, MONEDA, LINEA, ORDINAL, CP, NUMERO, FORMULA)
VALUES (0, 3510090020, -1, 41, 104, ''C'', 7, ''0'')


INSERT INTO ESQUEMACAMPO (PROCESO, RUBRO, MONEDA, LINEA, ORDINAL, CP, NUMERO, FORMULA)
VALUES (0, 3510090020, -1, 41, 105, ''C'', 8, ''0'')


INSERT INTO ESQUEMACAMPO (PROCESO, RUBRO, MONEDA, LINEA, ORDINAL, CP, NUMERO, FORMULA)
VALUES (0, 3510090020, -1, 41, 107, ''C'', 6, ''0'')


INSERT INTO ESQUEMACAMPO (PROCESO, RUBRO, MONEDA, LINEA, ORDINAL, CP, NUMERO, FORMULA)
VALUES (0, 3510090020, -1, 41, 108, ''C'', 58517, ''C58517-C43975'')


INSERT INTO ESQUEMACAMPO (PROCESO, RUBRO, MONEDA, LINEA, ORDINAL, CP, NUMERO, FORMULA)
VALUES (0, 710000, -1, 41, 101, ''C'', 2, ''0'')


INSERT INTO ESQUEMACAMPO (PROCESO, RUBRO, MONEDA, LINEA, ORDINAL, CP, NUMERO, FORMULA)
VALUES (0, 710000, -1, 41, 102, ''C'', 5, ''C6326'')


INSERT INTO ESQUEMACAMPO (PROCESO, RUBRO, MONEDA, LINEA, ORDINAL, CP, NUMERO, FORMULA)
VALUES (0, 710000, -1, 41, 104, ''C'', 7, ''0'')


INSERT INTO ESQUEMACAMPO (PROCESO, RUBRO, MONEDA, LINEA, ORDINAL, CP, NUMERO, FORMULA)
VALUES (0, 710000, -1, 41, 105, ''C'', 8, ''0'')


INSERT INTO ESQUEMACAMPO (PROCESO, RUBRO, MONEDA, LINEA, ORDINAL, CP, NUMERO, FORMULA)
VALUES (0, 710000, -1, 41, 107, ''C'', 6, ''0'')


INSERT INTO ESQUEMACAMPO (PROCESO, RUBRO, MONEDA, LINEA, ORDINAL, CP, NUMERO, FORMULA)
VALUES (0, 151000, -1, 42, 101, ''C'', 2, ''0'')


INSERT INTO ESQUEMACAMPO (PROCESO, RUBRO, MONEDA, LINEA, ORDINAL, CP, NUMERO, FORMULA)
VALUES (0, 151000, -1, 42, 102, ''C'', 5, ''C6326'')


INSERT INTO ESQUEMACAMPO (PROCESO, RUBRO, MONEDA, LINEA, ORDINAL, CP, NUMERO, FORMULA)
VALUES (0, 151000, -1, 42, 104, ''C'', 7, ''0'')


INSERT INTO ESQUEMACAMPO (PROCESO, RUBRO, MONEDA, LINEA, ORDINAL, CP, NUMERO, FORMULA)
VALUES (0, 151000, -1, 42, 105, ''C'', 8, ''0'')


INSERT INTO ESQUEMACAMPO (PROCESO, RUBRO, MONEDA, LINEA, ORDINAL, CP, NUMERO, FORMULA)
VALUES (0, 151000, -1, 42, 107, ''C'', 6, ''0'')


INSERT INTO ESQUEMACAMPO (PROCESO, RUBRO, MONEDA, LINEA, ORDINAL, CP, NUMERO, FORMULA)
VALUES (0, 151000, -1, 42, 108, ''C'', 58518, ''C58518-C43975'')


INSERT INTO ESQUEMACAMPO (PROCESO, RUBRO, MONEDA, LINEA, ORDINAL, CP, NUMERO, FORMULA)
VALUES (0, 3510090020, -1, 42, 101, ''C'', 2, ''0'')


INSERT INTO ESQUEMACAMPO (PROCESO, RUBRO, MONEDA, LINEA, ORDINAL, CP, NUMERO, FORMULA)
VALUES (0, 3510090020, -1, 42, 102, ''C'', 5, ''C6326'')


INSERT INTO ESQUEMACAMPO (PROCESO, RUBRO, MONEDA, LINEA, ORDINAL, CP, NUMERO, FORMULA)
VALUES (0, 3510090020, -1, 42, 104, ''C'', 7, ''0'')


INSERT INTO ESQUEMACAMPO (PROCESO, RUBRO, MONEDA, LINEA, ORDINAL, CP, NUMERO, FORMULA)
VALUES (0, 3510090020, -1, 42, 105, ''C'', 8, ''0'')


INSERT INTO ESQUEMACAMPO (PROCESO, RUBRO, MONEDA, LINEA, ORDINAL, CP, NUMERO, FORMULA)
VALUES (0, 3510090020, -1, 42, 107, ''C'', 6, ''0'')


INSERT INTO ESQUEMACAMPO (PROCESO, RUBRO, MONEDA, LINEA, ORDINAL, CP, NUMERO, FORMULA)
VALUES (0, 3510090020, -1, 42, 108, ''C'', 58518, ''C58518-C43975'')


INSERT INTO ESQUEMACAMPO (PROCESO, RUBRO, MONEDA, LINEA, ORDINAL, CP, NUMERO, FORMULA)
VALUES (0, 710000, -1, 42, 101, ''C'', 2, ''0'')


INSERT INTO ESQUEMACAMPO (PROCESO, RUBRO, MONEDA, LINEA, ORDINAL, CP, NUMERO, FORMULA)
VALUES (0, 710000, -1, 42, 102, ''C'', 5, ''C6326'')


INSERT INTO ESQUEMACAMPO (PROCESO, RUBRO, MONEDA, LINEA, ORDINAL, CP, NUMERO, FORMULA)
VALUES (0, 710000, -1, 42, 104, ''C'', 7, ''0'')


INSERT INTO ESQUEMACAMPO (PROCESO, RUBRO, MONEDA, LINEA, ORDINAL, CP, NUMERO, FORMULA)
VALUES (0, 710000, -1, 42, 105, ''C'', 8, ''0'')


INSERT INTO ESQUEMACAMPO (PROCESO, RUBRO, MONEDA, LINEA, ORDINAL, CP, NUMERO, FORMULA)
VALUES (0, 710000, -1, 42, 107, ''C'', 6, ''0'')


INSERT INTO ESQUEMACAMPO (PROCESO, RUBRO, MONEDA, LINEA, ORDINAL, CP, NUMERO, FORMULA)
VALUES (0, 151000, -1, 43, 101, ''C'', 2, ''0'')


INSERT INTO ESQUEMACAMPO (PROCESO, RUBRO, MONEDA, LINEA, ORDINAL, CP, NUMERO, FORMULA)
VALUES (0, 151000, -1, 43, 102, ''C'', 5, ''C6326'')


INSERT INTO ESQUEMACAMPO (PROCESO, RUBRO, MONEDA, LINEA, ORDINAL, CP, NUMERO, FORMULA)
VALUES (0, 151000, -1, 43, 104, ''C'', 7, ''0'')


INSERT INTO ESQUEMACAMPO (PROCESO, RUBRO, MONEDA, LINEA, ORDINAL, CP, NUMERO, FORMULA)
VALUES (0, 151000, -1, 43, 105, ''C'', 8, ''0'')


INSERT INTO ESQUEMACAMPO (PROCESO, RUBRO, MONEDA, LINEA, ORDINAL, CP, NUMERO, FORMULA)
VALUES (0, 151000, -1, 43, 107, ''C'', 6, ''0'')


INSERT INTO ESQUEMACAMPO (PROCESO, RUBRO, MONEDA, LINEA, ORDINAL, CP, NUMERO, FORMULA)
VALUES (0, 151000, -1, 43, 108, ''C'', 58519, ''C58519-C43975'')


INSERT INTO ESQUEMACAMPO (PROCESO, RUBRO, MONEDA, LINEA, ORDINAL, CP, NUMERO, FORMULA)
VALUES (0, 3510090020, -1, 43, 101, ''C'', 2, ''0'')


INSERT INTO ESQUEMACAMPO (PROCESO, RUBRO, MONEDA, LINEA, ORDINAL, CP, NUMERO, FORMULA)
VALUES (0, 3510090020, -1, 43, 102, ''C'', 5, ''C6326'')


INSERT INTO ESQUEMACAMPO (PROCESO, RUBRO, MONEDA, LINEA, ORDINAL, CP, NUMERO, FORMULA)
VALUES (0, 3510090020, -1, 43, 104, ''C'', 7, ''0'')


INSERT INTO ESQUEMACAMPO (PROCESO, RUBRO, MONEDA, LINEA, ORDINAL, CP, NUMERO, FORMULA)
VALUES (0, 3510090020, -1, 43, 105, ''C'', 8, ''0'')


INSERT INTO ESQUEMACAMPO (PROCESO, RUBRO, MONEDA, LINEA, ORDINAL, CP, NUMERO, FORMULA)
VALUES (0, 3510090020, -1, 43, 107, ''C'', 6, ''0'')


INSERT INTO ESQUEMACAMPO (PROCESO, RUBRO, MONEDA, LINEA, ORDINAL, CP, NUMERO, FORMULA)
VALUES (0, 3510090020, -1, 43, 108, ''C'', 58519, ''C58519-C43975'')


INSERT INTO ESQUEMACAMPO (PROCESO, RUBRO, MONEDA, LINEA, ORDINAL, CP, NUMERO, FORMULA)
VALUES (0, 710000, -1, 43, 101, ''C'', 2, ''0'')


INSERT INTO ESQUEMACAMPO (PROCESO, RUBRO, MONEDA, LINEA, ORDINAL, CP, NUMERO, FORMULA)
VALUES (0, 710000, -1, 43, 102, ''C'', 5, ''C6326'')


INSERT INTO ESQUEMACAMPO (PROCESO, RUBRO, MONEDA, LINEA, ORDINAL, CP, NUMERO, FORMULA)
VALUES (0, 710000, -1, 43, 104, ''C'', 7, ''0'')


INSERT INTO ESQUEMACAMPO (PROCESO, RUBRO, MONEDA, LINEA, ORDINAL, CP, NUMERO, FORMULA)
VALUES (0, 710000, -1, 43, 105, ''C'', 8, ''0'')


INSERT INTO ESQUEMACAMPO (PROCESO, RUBRO, MONEDA, LINEA, ORDINAL, CP, NUMERO, FORMULA)
VALUES (0, 710000, -1, 43, 107, ''C'', 6, ''0'')


INSERT INTO ESQUEMACAMPO (PROCESO, RUBRO, MONEDA, LINEA, ORDINAL, CP, NUMERO, FORMULA)
VALUES (0, 151000, -1, 44, 101, ''C'', 2, ''0'')


INSERT INTO ESQUEMACAMPO (PROCESO, RUBRO, MONEDA, LINEA, ORDINAL, CP, NUMERO, FORMULA)
VALUES (0, 151000, -1, 44, 102, ''C'', 5, ''C6326'')


INSERT INTO ESQUEMACAMPO (PROCESO, RUBRO, MONEDA, LINEA, ORDINAL, CP, NUMERO, FORMULA)
VALUES (0, 151000, -1, 44, 104, ''C'', 7, ''0'')


INSERT INTO ESQUEMACAMPO (PROCESO, RUBRO, MONEDA, LINEA, ORDINAL, CP, NUMERO, FORMULA)
VALUES (0, 151000, -1, 44, 105, ''C'', 8, ''0'')


INSERT INTO ESQUEMACAMPO (PROCESO, RUBRO, MONEDA, LINEA, ORDINAL, CP, NUMERO, FORMULA)
VALUES (0, 151000, -1, 44, 107, ''C'', 6, ''0'')


INSERT INTO ESQUEMACAMPO (PROCESO, RUBRO, MONEDA, LINEA, ORDINAL, CP, NUMERO, FORMULA)
VALUES (0, 151000, -1, 44, 108, ''C'', 58520, ''C58520-C43975'')


INSERT INTO ESQUEMACAMPO (PROCESO, RUBRO, MONEDA, LINEA, ORDINAL, CP, NUMERO, FORMULA)
VALUES (0, 3510090020, -1, 44, 101, ''C'', 2, ''0'')


INSERT INTO ESQUEMACAMPO (PROCESO, RUBRO, MONEDA, LINEA, ORDINAL, CP, NUMERO, FORMULA)
VALUES (0, 3510090020, -1, 44, 102, ''C'', 5, ''C6326'')


INSERT INTO ESQUEMACAMPO (PROCESO, RUBRO, MONEDA, LINEA, ORDINAL, CP, NUMERO, FORMULA)
VALUES (0, 3510090020, -1, 44, 104, ''C'', 7, ''0'')


INSERT INTO ESQUEMACAMPO (PROCESO, RUBRO, MONEDA, LINEA, ORDINAL, CP, NUMERO, FORMULA)
VALUES (0, 3510090020, -1, 44, 105, ''C'', 8, ''0'')


INSERT INTO ESQUEMACAMPO (PROCESO, RUBRO, MONEDA, LINEA, ORDINAL, CP, NUMERO, FORMULA)
VALUES (0, 3510090020, -1, 44, 107, ''C'', 6, ''0'')


INSERT INTO ESQUEMACAMPO (PROCESO, RUBRO, MONEDA, LINEA, ORDINAL, CP, NUMERO, FORMULA)
VALUES (0, 3510090020, -1, 44, 108, ''C'', 58520, ''C58520-C43975'')


INSERT INTO ESQUEMACAMPO (PROCESO, RUBRO, MONEDA, LINEA, ORDINAL, CP, NUMERO, FORMULA)
VALUES (0, 710000, -1, 44, 101, ''C'', 2, ''0'')


INSERT INTO ESQUEMACAMPO (PROCESO, RUBRO, MONEDA, LINEA, ORDINAL, CP, NUMERO, FORMULA)
VALUES (0, 710000, -1, 44, 102, ''C'', 5, ''C6326'')


INSERT INTO ESQUEMACAMPO (PROCESO, RUBRO, MONEDA, LINEA, ORDINAL, CP, NUMERO, FORMULA)
VALUES (0, 710000, -1, 44, 104, ''C'', 7, ''0'')


INSERT INTO ESQUEMACAMPO (PROCESO, RUBRO, MONEDA, LINEA, ORDINAL, CP, NUMERO, FORMULA)
VALUES (0, 710000, -1, 44, 105, ''C'', 8, ''0'')


INSERT INTO ESQUEMACAMPO (PROCESO, RUBRO, MONEDA, LINEA, ORDINAL, CP, NUMERO, FORMULA)
VALUES (0, 710000, -1, 44, 107, ''C'', 6, ''0'')


INSERT INTO ESQUEMACAMPO (PROCESO, RUBRO, MONEDA, LINEA, ORDINAL, CP, NUMERO, FORMULA)
VALUES (0, 151000, -1, 45, 101, ''C'', 2, ''0'')


INSERT INTO ESQUEMACAMPO (PROCESO, RUBRO, MONEDA, LINEA, ORDINAL, CP, NUMERO, FORMULA)
VALUES (0, 151000, -1, 45, 102, ''C'', 5, ''C6326'')


INSERT INTO ESQUEMACAMPO (PROCESO, RUBRO, MONEDA, LINEA, ORDINAL, CP, NUMERO, FORMULA)
VALUES (0, 151000, -1, 45, 104, ''C'', 7, ''0'')


INSERT INTO ESQUEMACAMPO (PROCESO, RUBRO, MONEDA, LINEA, ORDINAL, CP, NUMERO, FORMULA)
VALUES (0, 151000, -1, 45, 105, ''C'', 8, ''0'')


INSERT INTO ESQUEMACAMPO (PROCESO, RUBRO, MONEDA, LINEA, ORDINAL, CP, NUMERO, FORMULA)
VALUES (0, 151000, -1, 45, 107, ''C'', 6, ''0'')


INSERT INTO ESQUEMACAMPO (PROCESO, RUBRO, MONEDA, LINEA, ORDINAL, CP, NUMERO, FORMULA)
VALUES (0, 151000, -1, 45, 108, ''C'', 58521, ''C58521-C43975'')


INSERT INTO ESQUEMACAMPO (PROCESO, RUBRO, MONEDA, LINEA, ORDINAL, CP, NUMERO, FORMULA)
VALUES (0, 3510090020, -1, 45, 101, ''C'', 2, ''0'')


INSERT INTO ESQUEMACAMPO (PROCESO, RUBRO, MONEDA, LINEA, ORDINAL, CP, NUMERO, FORMULA)
VALUES (0, 3510090020, -1, 45, 102, ''C'', 5, ''C6326'')


INSERT INTO ESQUEMACAMPO (PROCESO, RUBRO, MONEDA, LINEA, ORDINAL, CP, NUMERO, FORMULA)
VALUES (0, 3510090020, -1, 45, 104, ''C'', 7, ''0'')


INSERT INTO ESQUEMACAMPO (PROCESO, RUBRO, MONEDA, LINEA, ORDINAL, CP, NUMERO, FORMULA)
VALUES (0, 3510090020, -1, 45, 105, ''C'', 8, ''0'')


INSERT INTO ESQUEMACAMPO (PROCESO, RUBRO, MONEDA, LINEA, ORDINAL, CP, NUMERO, FORMULA)
VALUES (0, 3510090020, -1, 45, 107, ''C'', 6, ''0'')


INSERT INTO ESQUEMACAMPO (PROCESO, RUBRO, MONEDA, LINEA, ORDINAL, CP, NUMERO, FORMULA)
VALUES (0, 3510090020, -1, 45, 108, ''C'', 58521, ''C58521-C43975'')


INSERT INTO ESQUEMACAMPO (PROCESO, RUBRO, MONEDA, LINEA, ORDINAL, CP, NUMERO, FORMULA)
VALUES (0, 710000, -1, 45, 101, ''C'', 2, ''0'')


INSERT INTO ESQUEMACAMPO (PROCESO, RUBRO, MONEDA, LINEA, ORDINAL, CP, NUMERO, FORMULA)
VALUES (0, 710000, -1, 45, 102, ''C'', 5, ''C6326'')


INSERT INTO ESQUEMACAMPO (PROCESO, RUBRO, MONEDA, LINEA, ORDINAL, CP, NUMERO, FORMULA)
VALUES (0, 710000, -1, 45, 104, ''C'', 7, ''0'')


INSERT INTO ESQUEMACAMPO (PROCESO, RUBRO, MONEDA, LINEA, ORDINAL, CP, NUMERO, FORMULA)
VALUES (0, 710000, -1, 45, 105, ''C'', 8, ''0'')


INSERT INTO ESQUEMACAMPO (PROCESO, RUBRO, MONEDA, LINEA, ORDINAL, CP, NUMERO, FORMULA)
VALUES (0, 710000, -1, 45, 107, ''C'', 6, ''0'')


INSERT INTO ESQUEMACAMPO (PROCESO, RUBRO, MONEDA, LINEA, ORDINAL, CP, NUMERO, FORMULA)
VALUES (0, 151000, -1, 46, 101, ''C'', 2, ''0'')


INSERT INTO ESQUEMACAMPO (PROCESO, RUBRO, MONEDA, LINEA, ORDINAL, CP, NUMERO, FORMULA)
VALUES (0, 151000, -1, 46, 102, ''C'', 5, ''C6326'')


INSERT INTO ESQUEMACAMPO (PROCESO, RUBRO, MONEDA, LINEA, ORDINAL, CP, NUMERO, FORMULA)
VALUES (0, 151000, -1, 46, 104, ''C'', 7, ''0'')


INSERT INTO ESQUEMACAMPO (PROCESO, RUBRO, MONEDA, LINEA, ORDINAL, CP, NUMERO, FORMULA)
VALUES (0, 151000, -1, 46, 105, ''C'', 8, ''0'')


INSERT INTO ESQUEMACAMPO (PROCESO, RUBRO, MONEDA, LINEA, ORDINAL, CP, NUMERO, FORMULA)
VALUES (0, 151000, -1, 46, 107, ''C'', 6, ''0'')


INSERT INTO ESQUEMACAMPO (PROCESO, RUBRO, MONEDA, LINEA, ORDINAL, CP, NUMERO, FORMULA)
VALUES (0, 151000, -1, 46, 108, ''C'', 58522, ''C58522-C43975'')


INSERT INTO ESQUEMACAMPO (PROCESO, RUBRO, MONEDA, LINEA, ORDINAL, CP, NUMERO, FORMULA)
VALUES (0, 3510090020, -1, 46, 101, ''C'', 2, ''0'')


INSERT INTO ESQUEMACAMPO (PROCESO, RUBRO, MONEDA, LINEA, ORDINAL, CP, NUMERO, FORMULA)
VALUES (0, 3510090020, -1, 46, 102, ''C'', 5, ''C6326'')


INSERT INTO ESQUEMACAMPO (PROCESO, RUBRO, MONEDA, LINEA, ORDINAL, CP, NUMERO, FORMULA)
VALUES (0, 3510090020, -1, 46, 104, ''C'', 7, ''0'')


INSERT INTO ESQUEMACAMPO (PROCESO, RUBRO, MONEDA, LINEA, ORDINAL, CP, NUMERO, FORMULA)
VALUES (0, 3510090020, -1, 46, 105, ''C'', 8, ''0'')


INSERT INTO ESQUEMACAMPO (PROCESO, RUBRO, MONEDA, LINEA, ORDINAL, CP, NUMERO, FORMULA)
VALUES (0, 3510090020, -1, 46, 107, ''C'', 6, ''0'')


INSERT INTO ESQUEMACAMPO (PROCESO, RUBRO, MONEDA, LINEA, ORDINAL, CP, NUMERO, FORMULA)
VALUES (0, 3510090020, -1, 46, 108, ''C'', 58522, ''C58522-C43975'')


INSERT INTO ESQUEMACAMPO (PROCESO, RUBRO, MONEDA, LINEA, ORDINAL, CP, NUMERO, FORMULA)
VALUES (0, 710000, -1, 46, 101, ''C'', 2, ''0'')


INSERT INTO ESQUEMACAMPO (PROCESO, RUBRO, MONEDA, LINEA, ORDINAL, CP, NUMERO, FORMULA)
VALUES (0, 710000, -1, 46, 102, ''C'', 5, ''C6326'')


INSERT INTO ESQUEMACAMPO (PROCESO, RUBRO, MONEDA, LINEA, ORDINAL, CP, NUMERO, FORMULA)
VALUES (0, 710000, -1, 46, 104, ''C'', 7, ''0'')


INSERT INTO ESQUEMACAMPO (PROCESO, RUBRO, MONEDA, LINEA, ORDINAL, CP, NUMERO, FORMULA)
VALUES (0, 710000, -1, 46, 105, ''C'', 8, ''0'')


INSERT INTO ESQUEMACAMPO (PROCESO, RUBRO, MONEDA, LINEA, ORDINAL, CP, NUMERO, FORMULA)
VALUES (0, 710000, -1, 46, 107, ''C'', 6, ''0'')
')



EXECUTE('
DELETE CI_CARGOS WHERE ID_CARGO IN (5001,
5002,
5003,
5004,
5005,
5006,
5007,
5008,
5009,
5010,
5011,
3002)
')

EXECUTE('
INSERT INTO CI_CARGOS (ID_CARGO, DESCRIPCION, ENQUEUE, EXONERABLE, ID_FORMULA, ACTUALIZABLE, CONDICION, PIVOT_, MONEDA_IMPORTE, IMPORTE_MINIMO, IMPORTE_MAXIMO, TRATAMIENTO_MINIMO, TZ_LOCK, CAMPO_MONTO_IMPONIBLE, CAMPO_RANGO_TARIFA, NETEAR, CANTIDAD_REINTENTOS, CONCEPTO, PIVOT_ENCOLA, CONTABILIZA, SOBREGIRO, BLOQUEO, CONTROL_MAX_MIN, TIPO_FECHA_VIGENCIA, TIPO_DOCUMENTO, ACEPTAPAGOPARCIAL, FECHAHASTA, FECHADESDE, MONEDA_RANGO, BUSCA_MONEDA_RANGO, CODIGO_TRANSACCION, REGENERA_AL_PAGAR, CARGO_O_IMPUESTO, INCLUIRENCUOTA, CUOTASNOCONSIDERARALFINAL, COBRARHASTADIAS, PORCENTAJE_MINIMO, PORCENTAJE_MAXIMO, CAMPO_DIA_COBRO, GENERA_RESERVA, DIAS_COBRO_HASTA_INMOVILIZADA, DESCRIPCION_1, DESCRIPCION_2, DESCRIPCION_3, GENERA_FACTURA_EN_CERO)
VALUES (5001, ''Seguro s/bien (automotor)'', ''N'', ''N'', 1, ''N'', 0, 58511, 1, 0, 9999999999999, ''C'', 0, 0, 0, ''S'', 9999, 0, NULL, NULL, ''R'', ''R'', ''N'', 0, ''F'', ''N'', ''20600331'', ''19990301'', 0, ''N'', 5001, ''N'', ''C'', ''N'', 0, 0, 0, 0, 0, ''S'', 0, NULL, NULL, NULL, ''N'')


INSERT INTO CI_CARGOS (ID_CARGO, DESCRIPCION, ENQUEUE, EXONERABLE, ID_FORMULA, ACTUALIZABLE, CONDICION, PIVOT_, MONEDA_IMPORTE, IMPORTE_MINIMO, IMPORTE_MAXIMO, TRATAMIENTO_MINIMO, TZ_LOCK, CAMPO_MONTO_IMPONIBLE, CAMPO_RANGO_TARIFA, NETEAR, CANTIDAD_REINTENTOS, CONCEPTO, PIVOT_ENCOLA, CONTABILIZA, SOBREGIRO, BLOQUEO, CONTROL_MAX_MIN, TIPO_FECHA_VIGENCIA, TIPO_DOCUMENTO, ACEPTAPAGOPARCIAL, FECHAHASTA, FECHADESDE, MONEDA_RANGO, BUSCA_MONEDA_RANGO, CODIGO_TRANSACCION, REGENERA_AL_PAGAR, CARGO_O_IMPUESTO, INCLUIRENCUOTA, CUOTASNOCONSIDERARALFINAL, COBRARHASTADIAS, PORCENTAJE_MINIMO, PORCENTAJE_MAXIMO, CAMPO_DIA_COBRO, GENERA_RESERVA, DIAS_COBRO_HASTA_INMOVILIZADA, DESCRIPCION_1, DESCRIPCION_2, DESCRIPCION_3, GENERA_FACTURA_EN_CERO)
VALUES (5002, ''Seguro tecnico'', ''N'', ''N'', 1, ''N'', 0, 58512, 1, 0, 9999999999999, ''C'', 0, 0, 0, ''S'', 9999, 0, NULL, NULL, ''R'', ''R'', ''N'', 0, ''F'', ''N'', ''20600331'', ''1999-03-01'', 0, ''N'', 5002, ''N'', ''C'', ''N'', 0, 0, 0, 0, 0, ''S'', 0, NULL, NULL, NULL, ''N'')


INSERT INTO CI_CARGOS (ID_CARGO, DESCRIPCION, ENQUEUE, EXONERABLE, ID_FORMULA, ACTUALIZABLE, CONDICION, PIVOT_, MONEDA_IMPORTE, IMPORTE_MINIMO, IMPORTE_MAXIMO, TRATAMIENTO_MINIMO, TZ_LOCK, CAMPO_MONTO_IMPONIBLE, CAMPO_RANGO_TARIFA, NETEAR, CANTIDAD_REINTENTOS, CONCEPTO, PIVOT_ENCOLA, CONTABILIZA, SOBREGIRO, BLOQUEO, CONTROL_MAX_MIN, TIPO_FECHA_VIGENCIA, TIPO_DOCUMENTO, ACEPTAPAGOPARCIAL, FECHAHASTA, FECHADESDE, MONEDA_RANGO, BUSCA_MONEDA_RANGO, CODIGO_TRANSACCION, REGENERA_AL_PAGAR, CARGO_O_IMPUESTO, INCLUIRENCUOTA, CUOTASNOCONSIDERARALFINAL, COBRARHASTADIAS, PORCENTAJE_MINIMO, PORCENTAJE_MAXIMO, CAMPO_DIA_COBRO, GENERA_RESERVA, DIAS_COBRO_HASTA_INMOVILIZADA, DESCRIPCION_1, DESCRIPCION_2, DESCRIPCION_3, GENERA_FACTURA_EN_CERO)
VALUES (5003, ''Patente'', ''N'', ''N'', 1, ''N'', 0, 58513, 1, 0, 9999999999999, ''C'', 0, 0, 0, ''S'', 9999, 0, NULL, NULL, ''R'', ''R'', ''N'', 0, ''F'', ''N'', ''20600331'', ''1999-03-01'', 0, ''N'', 5003, ''N'', ''C'', ''N'', 0, 0, 0, 0, 0, ''S'', 0, NULL, NULL, NULL, ''N'')


INSERT INTO CI_CARGOS (ID_CARGO, DESCRIPCION, ENQUEUE, EXONERABLE, ID_FORMULA, ACTUALIZABLE, CONDICION, PIVOT_, MONEDA_IMPORTE, IMPORTE_MINIMO, IMPORTE_MAXIMO, TRATAMIENTO_MINIMO, TZ_LOCK, CAMPO_MONTO_IMPONIBLE, CAMPO_RANGO_TARIFA, NETEAR, CANTIDAD_REINTENTOS, CONCEPTO, PIVOT_ENCOLA, CONTABILIZA, SOBREGIRO, BLOQUEO, CONTROL_MAX_MIN, TIPO_FECHA_VIGENCIA, TIPO_DOCUMENTO, ACEPTAPAGOPARCIAL, FECHAHASTA, FECHADESDE, MONEDA_RANGO, BUSCA_MONEDA_RANGO, CODIGO_TRANSACCION, REGENERA_AL_PAGAR, CARGO_O_IMPUESTO, INCLUIRENCUOTA, CUOTASNOCONSIDERARALFINAL, COBRARHASTADIAS, PORCENTAJE_MINIMO, PORCENTAJE_MAXIMO, CAMPO_DIA_COBRO, GENERA_RESERVA, DIAS_COBRO_HASTA_INMOVILIZADA, DESCRIPCION_1, DESCRIPCION_2, DESCRIPCION_3, GENERA_FACTURA_EN_CERO)
VALUES (5004, ''Gasto por multas'', ''N'', ''N'', 1, ''N'', 0, 58514, 1, 0, 9999999999999, ''C'', 0, 0, 0, ''S'', 9999, 0, NULL, NULL, ''R'', ''R'', ''N'', 0, ''F'', ''N'', ''20600331'', ''1999-03-01'', 0, ''N'', 5004, ''N'', ''C'', ''N'', 0, 0, 0, 0, 0, ''S'', 0, NULL, NULL, NULL, ''N'')


INSERT INTO CI_CARGOS (ID_CARGO, DESCRIPCION, ENQUEUE, EXONERABLE, ID_FORMULA, ACTUALIZABLE, CONDICION, PIVOT_, MONEDA_IMPORTE, IMPORTE_MINIMO, IMPORTE_MAXIMO, TRATAMIENTO_MINIMO, TZ_LOCK, CAMPO_MONTO_IMPONIBLE, CAMPO_RANGO_TARIFA, NETEAR, CANTIDAD_REINTENTOS, CONCEPTO, PIVOT_ENCOLA, CONTABILIZA, SOBREGIRO, BLOQUEO, CONTROL_MAX_MIN, TIPO_FECHA_VIGENCIA, TIPO_DOCUMENTO, ACEPTAPAGOPARCIAL, FECHAHASTA, FECHADESDE, MONEDA_RANGO, BUSCA_MONEDA_RANGO, CODIGO_TRANSACCION, REGENERA_AL_PAGAR, CARGO_O_IMPUESTO, INCLUIRENCUOTA, CUOTASNOCONSIDERARALFINAL, COBRARHASTADIAS, PORCENTAJE_MINIMO, PORCENTAJE_MAXIMO, CAMPO_DIA_COBRO, GENERA_RESERVA, DIAS_COBRO_HASTA_INMOVILIZADA, DESCRIPCION_1, DESCRIPCION_2, DESCRIPCION_3, GENERA_FACTURA_EN_CERO)
VALUES (5005, ''Gastos por comision y otros'', ''N'', ''N'', 1, ''N'', 0, 58515, 1, 0, 9999999999999, ''C'', 0, 0, 0, ''S'', 9999, 0, NULL, NULL, ''R'', ''R'', ''N'', 0, ''F'', ''N'', ''20600331'', ''1999-03-01'', 0, ''N'', 5005, ''N'', ''C'', ''N'', 0, 0, 0, 0, 0, ''S'', 0, NULL, NULL, NULL, ''N'')


INSERT INTO CI_CARGOS (ID_CARGO, DESCRIPCION, ENQUEUE, EXONERABLE, ID_FORMULA, ACTUALIZABLE, CONDICION, PIVOT_, MONEDA_IMPORTE, IMPORTE_MINIMO, IMPORTE_MAXIMO, TRATAMIENTO_MINIMO, TZ_LOCK, CAMPO_MONTO_IMPONIBLE, CAMPO_RANGO_TARIFA, NETEAR, CANTIDAD_REINTENTOS, CONCEPTO, PIVOT_ENCOLA, CONTABILIZA, SOBREGIRO, BLOQUEO, CONTROL_MAX_MIN, TIPO_FECHA_VIGENCIA, TIPO_DOCUMENTO, ACEPTAPAGOPARCIAL, FECHAHASTA, FECHADESDE, MONEDA_RANGO, BUSCA_MONEDA_RANGO, CODIGO_TRANSACCION, REGENERA_AL_PAGAR, CARGO_O_IMPUESTO, INCLUIRENCUOTA, CUOTASNOCONSIDERARALFINAL, COBRARHASTADIAS, PORCENTAJE_MINIMO, PORCENTAJE_MAXIMO, CAMPO_DIA_COBRO, GENERA_RESERVA, DIAS_COBRO_HASTA_INMOVILIZADA, DESCRIPCION_1, DESCRIPCION_2, DESCRIPCION_3, GENERA_FACTURA_EN_CERO)
VALUES (5006, ''Gastos Inscripcion registro Bien'', ''N'', ''N'', 1, ''N'', 0, 58516, 1, 0, 9999999999999, ''C'', 0, 0, 0, ''S'', 9999, 0, NULL, NULL, ''R'', ''R'', ''N'', 0, ''F'', ''N'', ''20600331'', ''1999-03-01'', 0, ''N'', 5006, ''N'', ''C'', ''N'', 0, 0, 0, 0, 0, ''S'', 0, NULL, NULL, NULL, ''N'')


INSERT INTO CI_CARGOS (ID_CARGO, DESCRIPCION, ENQUEUE, EXONERABLE, ID_FORMULA, ACTUALIZABLE, CONDICION, PIVOT_, MONEDA_IMPORTE, IMPORTE_MINIMO, IMPORTE_MAXIMO, TRATAMIENTO_MINIMO, TZ_LOCK, CAMPO_MONTO_IMPONIBLE, CAMPO_RANGO_TARIFA, NETEAR, CANTIDAD_REINTENTOS, CONCEPTO, PIVOT_ENCOLA, CONTABILIZA, SOBREGIRO, BLOQUEO, CONTROL_MAX_MIN, TIPO_FECHA_VIGENCIA, TIPO_DOCUMENTO, ACEPTAPAGOPARCIAL, FECHAHASTA, FECHADESDE, MONEDA_RANGO, BUSCA_MONEDA_RANGO, CODIGO_TRANSACCION, REGENERA_AL_PAGAR, CARGO_O_IMPUESTO, INCLUIRENCUOTA, CUOTASNOCONSIDERARALFINAL, COBRARHASTADIAS, PORCENTAJE_MINIMO, PORCENTAJE_MAXIMO, CAMPO_DIA_COBRO, GENERA_RESERVA, DIAS_COBRO_HASTA_INMOVILIZADA, DESCRIPCION_1, DESCRIPCION_2, DESCRIPCION_3, GENERA_FACTURA_EN_CERO)
VALUES (5007, ''Gastos Inscripcion contrato'', ''N'', ''N'', 1, ''N'', 0, 58517, 1, 0, 9999999999999, ''C'', 0, 0, 0, ''S'', 9999, 0, NULL, NULL, ''R'', ''R'', ''N'', 0, ''F'', ''N'', ''20600331'', ''1999-03-01'', 0, ''N'', 5007, ''N'', ''C'', ''N'', 0, 0, 0, 0, 0, ''S'', 0, NULL, NULL, NULL, ''N'')


INSERT INTO CI_CARGOS (ID_CARGO, DESCRIPCION, ENQUEUE, EXONERABLE, ID_FORMULA, ACTUALIZABLE, CONDICION, PIVOT_, MONEDA_IMPORTE, IMPORTE_MINIMO, IMPORTE_MAXIMO, TRATAMIENTO_MINIMO, TZ_LOCK, CAMPO_MONTO_IMPONIBLE, CAMPO_RANGO_TARIFA, NETEAR, CANTIDAD_REINTENTOS, CONCEPTO, PIVOT_ENCOLA, CONTABILIZA, SOBREGIRO, BLOQUEO, CONTROL_MAX_MIN, TIPO_FECHA_VIGENCIA, TIPO_DOCUMENTO, ACEPTAPAGOPARCIAL, FECHAHASTA, FECHADESDE, MONEDA_RANGO, BUSCA_MONEDA_RANGO, CODIGO_TRANSACCION, REGENERA_AL_PAGAR, CARGO_O_IMPUESTO, INCLUIRENCUOTA, CUOTASNOCONSIDERARALFINAL, COBRARHASTADIAS, PORCENTAJE_MINIMO, PORCENTAJE_MAXIMO, CAMPO_DIA_COBRO, GENERA_RESERVA, DIAS_COBRO_HASTA_INMOVILIZADA, DESCRIPCION_1, DESCRIPCION_2, DESCRIPCION_3, GENERA_FACTURA_EN_CERO)
VALUES (5008, ''Otros gastos'', ''N'', ''N'', 1, ''N'', 0, 58518, 1, 0, 9999999999999, ''C'', 0, 0, 0, ''S'', 9999, 0, NULL, NULL, ''R'', ''R'', ''N'', 0, ''F'', ''N'', ''20600331'', ''1999-03-01'', 0, ''N'', 5008, ''N'', ''C'', ''N'', 0, 0, 0, 0, 0, ''S'', 0, NULL, NULL, NULL, ''N'')


INSERT INTO CI_CARGOS (ID_CARGO, DESCRIPCION, ENQUEUE, EXONERABLE, ID_FORMULA, ACTUALIZABLE, CONDICION, PIVOT_, MONEDA_IMPORTE, IMPORTE_MINIMO, IMPORTE_MAXIMO, TRATAMIENTO_MINIMO, TZ_LOCK, CAMPO_MONTO_IMPONIBLE, CAMPO_RANGO_TARIFA, NETEAR, CANTIDAD_REINTENTOS, CONCEPTO, PIVOT_ENCOLA, CONTABILIZA, SOBREGIRO, BLOQUEO, CONTROL_MAX_MIN, TIPO_FECHA_VIGENCIA, TIPO_DOCUMENTO, ACEPTAPAGOPARCIAL, FECHAHASTA, FECHADESDE, MONEDA_RANGO, BUSCA_MONEDA_RANGO, CODIGO_TRANSACCION, REGENERA_AL_PAGAR, CARGO_O_IMPUESTO, INCLUIRENCUOTA, CUOTASNOCONSIDERARALFINAL, COBRARHASTADIAS, PORCENTAJE_MINIMO, PORCENTAJE_MAXIMO, CAMPO_DIA_COBRO, GENERA_RESERVA, DIAS_COBRO_HASTA_INMOVILIZADA, DESCRIPCION_1, DESCRIPCION_2, DESCRIPCION_3, GENERA_FACTURA_EN_CERO)
VALUES (5009, ''Aj. PATENTE'', ''N'', ''N'', 1, ''N'', 0, 58519, 1, 0, 9999999999999, ''C'', 0, 0, 0, ''S'', 9999, 0, NULL, NULL, ''R'', ''R'', ''N'', 0, ''F'', ''N'', ''20600331'', ''1999-03-01'', 0, ''N'', 5009, ''N'', ''C'', ''N'', 0, 0, 0, 0, 0, ''S'', 0, NULL, NULL, NULL, ''N'')


INSERT INTO CI_CARGOS (ID_CARGO, DESCRIPCION, ENQUEUE, EXONERABLE, ID_FORMULA, ACTUALIZABLE, CONDICION, PIVOT_, MONEDA_IMPORTE, IMPORTE_MINIMO, IMPORTE_MAXIMO, TRATAMIENTO_MINIMO, TZ_LOCK, CAMPO_MONTO_IMPONIBLE, CAMPO_RANGO_TARIFA, NETEAR, CANTIDAD_REINTENTOS, CONCEPTO, PIVOT_ENCOLA, CONTABILIZA, SOBREGIRO, BLOQUEO, CONTROL_MAX_MIN, TIPO_FECHA_VIGENCIA, TIPO_DOCUMENTO, ACEPTAPAGOPARCIAL, FECHAHASTA, FECHADESDE, MONEDA_RANGO, BUSCA_MONEDA_RANGO, CODIGO_TRANSACCION, REGENERA_AL_PAGAR, CARGO_O_IMPUESTO, INCLUIRENCUOTA, CUOTASNOCONSIDERARALFINAL, COBRARHASTADIAS, PORCENTAJE_MINIMO, PORCENTAJE_MAXIMO, CAMPO_DIA_COBRO, GENERA_RESERVA, DIAS_COBRO_HASTA_INMOVILIZADA, DESCRIPCION_1, DESCRIPCION_2, DESCRIPCION_3, GENERA_FACTURA_EN_CERO)
VALUES (5010, ''Aj. Seguro autom.'', ''N'', ''N'', 1, ''N'', 0, 58520, 1, 0, 9999999999999, ''C'', 0, 0, 0, ''S'', 9999, 0, NULL, NULL, ''R'', ''R'', ''N'', 0, ''F'', ''N'', ''20600331'', ''1999-03-01'', 0, ''N'', 5010, ''N'', ''C'', ''N'', 0, 0, 0, 0, 0, ''S'', 0, NULL, NULL, NULL, ''N'')


INSERT INTO CI_CARGOS (ID_CARGO, DESCRIPCION, ENQUEUE, EXONERABLE, ID_FORMULA, ACTUALIZABLE, CONDICION, PIVOT_, MONEDA_IMPORTE, IMPORTE_MINIMO, IMPORTE_MAXIMO, TRATAMIENTO_MINIMO, TZ_LOCK, CAMPO_MONTO_IMPONIBLE, CAMPO_RANGO_TARIFA, NETEAR, CANTIDAD_REINTENTOS, CONCEPTO, PIVOT_ENCOLA, CONTABILIZA, SOBREGIRO, BLOQUEO, CONTROL_MAX_MIN, TIPO_FECHA_VIGENCIA, TIPO_DOCUMENTO, ACEPTAPAGOPARCIAL, FECHAHASTA, FECHADESDE, MONEDA_RANGO, BUSCA_MONEDA_RANGO, CODIGO_TRANSACCION, REGENERA_AL_PAGAR, CARGO_O_IMPUESTO, INCLUIRENCUOTA, CUOTASNOCONSIDERARALFINAL, COBRARHASTADIAS, PORCENTAJE_MINIMO, PORCENTAJE_MAXIMO, CAMPO_DIA_COBRO, GENERA_RESERVA, DIAS_COBRO_HASTA_INMOVILIZADA, DESCRIPCION_1, DESCRIPCION_2, DESCRIPCION_3, GENERA_FACTURA_EN_CERO)
VALUES (5011, ''Aj. Seguro Tecnico'', ''N'', ''N'', 1, ''N'', 0, 58521, 1, 0, 9999999999999, ''C'', 0, 0, 0, ''S'', 9999, 0, NULL, NULL, ''R'', ''R'', ''N'', 0, ''F'', ''N'', ''20600331'', ''1999-03-01'', 0, ''N'', 5011, ''N'', ''C'', ''N'', 0, 0, 0, 0, 0, ''S'', 0, NULL, NULL, NULL, ''N'')


INSERT INTO CI_CARGOS (ID_CARGO, DESCRIPCION, ENQUEUE, EXONERABLE, ID_FORMULA, ACTUALIZABLE, CONDICION, PIVOT_, MONEDA_IMPORTE, IMPORTE_MINIMO, IMPORTE_MAXIMO, TRATAMIENTO_MINIMO, TZ_LOCK, CAMPO_MONTO_IMPONIBLE, CAMPO_RANGO_TARIFA, NETEAR, CANTIDAD_REINTENTOS, CONCEPTO, PIVOT_ENCOLA, CONTABILIZA, SOBREGIRO, BLOQUEO, CONTROL_MAX_MIN, TIPO_FECHA_VIGENCIA, TIPO_DOCUMENTO, ACEPTAPAGOPARCIAL, FECHAHASTA, FECHADESDE, MONEDA_RANGO, BUSCA_MONEDA_RANGO, CODIGO_TRANSACCION, REGENERA_AL_PAGAR, CARGO_O_IMPUESTO, INCLUIRENCUOTA, CUOTASNOCONSIDERARALFINAL, COBRARHASTADIAS, PORCENTAJE_MINIMO, PORCENTAJE_MAXIMO, CAMPO_DIA_COBRO, GENERA_RESERVA, DIAS_COBRO_HASTA_INMOVILIZADA, DESCRIPCION_1, DESCRIPCION_2, DESCRIPCION_3, GENERA_FACTURA_EN_CERO)
VALUES (3002, ''LEASING MIGRADOS'', ''N'', ''N'', 11, ''N'', 0, 58522, 1, 0, 9999999999999, ''C'', 0, 0, 0, ''N'', 9999, 0, NULL, NULL, ''R'', ''R'', ''N'', 0, ''F'', ''N'', ''20600331'', ''1999-03-01'', 0, ''N'', 5012, ''N'', ''C'', ''N'', 0, 0, 0, 0, 0, NULL, 0, NULL, NULL, NULL, ''N'')
')




