EXECUTE ('
DELETE FROM CRE_GAR_ORGANISMOS
INSERT INTO CRE_GAR_ORGANISMOS (CODIGO, TIPO_ORGANISMO, NOMBRE, CUIT, ID_PERSONA, NRO_REGISTRO, DENOMINACION, TZ_LOCK)
VALUES (0	,''GE'',''SIN GESTOR'',	''0'',	0	,''N/A''	,''SIN GESTOR'',	0)
INSERT INTO CRE_GAR_ORGANISMOS (CODIGO, TIPO_ORGANISMO, NOMBRE, CUIT, ID_PERSONA, NRO_REGISTRO, DENOMINACION, TZ_LOCK)
VALUES (1	,''OP'',''INSTITUTO PROVINCIAL DE DESARROLLO URBANO Y VIVIENDAS'',	''30999176905'',	0	,''N/A''	,''INSTITUTO PROVINCIAL DE DESARROLLO URBANO Y VIVIENDAS'',	0)
INSERT INTO CRE_GAR_ORGANISMOS (CODIGO, TIPO_ORGANISMO, NOMBRE, CUIT, ID_PERSONA, NRO_REGISTRO, DENOMINACION, TZ_LOCK)
VALUES (2	,''OP'',''MINISTERIO DE EDUCACION CULTURA CIENCIA Y TECNOLOGIA'',	''30999259789'',	0	,''N/A''	,''MINISTERIO DE EDUCACION CULTURA CIENCIA Y TECNOLOGIA'',	0)
INSERT INTO CRE_GAR_ORGANISMOS (CODIGO, TIPO_ORGANISMO, NOMBRE, CUIT, ID_PERSONA, NRO_REGISTRO, DENOMINACION, TZ_LOCK)
VALUES (3	,''OP'',''MINISTERIO DE INFRAESTRUCTURA LOGISTICA Y SERVICIOS PUBLICO'',	''30650734986'',	0	,''N/A''	,''MINISTERIO DE INFRAESTRUCTURA LOGISTICA Y SERVICIOS PUBLICO'',	0)
INSERT INTO CRE_GAR_ORGANISMOS (CODIGO, TIPO_ORGANISMO, NOMBRE, CUIT, ID_PERSONA, NRO_REGISTRO, DENOMINACION, TZ_LOCK)
VALUES (4	,''OP'',''MINISTERIO DE GOBIERNO JUSTICIA Y RELACION CON LA COMUNIDAD'',	''30999201195'',	0	,''N/A''	,''MINISTERIO DE GOBIERNO JUSTICIA Y RELACION CON LA COMUNIDAD'',	0)
INSERT INTO CRE_GAR_ORGANISMOS (CODIGO, TIPO_ORGANISMO, NOMBRE, CUIT, ID_PERSONA, NRO_REGISTRO, DENOMINACION, TZ_LOCK)
VALUES (5	,''MU'',''MUNICIPALIDAD DE RESISTENCIA'',	''30999167655'',	0	,''N/A''	,''MUNICIPALIDAD DE RESISTENCIA'',	0)
INSERT INTO CRE_GAR_ORGANISMOS (CODIGO, TIPO_ORGANISMO, NOMBRE, CUIT, ID_PERSONA, NRO_REGISTRO, DENOMINACION, TZ_LOCK)
VALUES (6	,''MU'',''MUNICIPALIDAD DE PCIA ROQUE SAENZ PEÑA'',	''30586577537'',	0	,''N/A''	,''MUNICIPALIDAD DE PCIA ROQUE SAENZ PEÑA'',	0)
INSERT INTO CRE_GAR_ORGANISMOS (CODIGO, TIPO_ORGANISMO, NOMBRE, CUIT, ID_PERSONA, NRO_REGISTRO, DENOMINACION, TZ_LOCK)
VALUES (7	,''OP'',''SAMEEP'',	''30556366906'',	0	,''N/A''	,''SAMEEP'',	0)
INSERT INTO CRE_GAR_ORGANISMOS (CODIGO, TIPO_ORGANISMO, NOMBRE, CUIT, ID_PERSONA, NRO_REGISTRO, DENOMINACION, TZ_LOCK)
VALUES (8	,''ON'',''DIRECCION NACIONAL DE VIALIDAD'',	''30546675676'',	0	,''N/A''	,''DIRECCION NACIONAL DE VIALIDAD'',	0)
INSERT INTO CRE_GAR_ORGANISMOS (CODIGO, TIPO_ORGANISMO, NOMBRE, CUIT, ID_PERSONA, NRO_REGISTRO, DENOMINACION, TZ_LOCK)
VALUES (9	,''OP'',''DIRECCION DE VIALIDAD PROVINCIAL DEL CHACO'',	''30999176212'',	0	,''N/A''	,''DIRECCION DE VIALIDAD PROVINCIAL DEL CHACO'',	0)
INSERT INTO CRE_GAR_ORGANISMOS (CODIGO, TIPO_ORGANISMO, NOMBRE, CUIT, ID_PERSONA, NRO_REGISTRO, DENOMINACION, TZ_LOCK)
VALUES (10	,''OP'',''DIRECCION PROVINCIAL DE VIALIDAD DE CORDOBA'',	''30999011108'',	0	,''N/A''	,''DIRECCION PROVINCIAL DE VIALIDAD DE CORDOBA'',	0)
INSERT INTO CRE_GAR_ORGANISMOS (CODIGO, TIPO_ORGANISMO, NOMBRE, CUIT, ID_PERSONA, NRO_REGISTRO, DENOMINACION, TZ_LOCK)
VALUES (11	,''OP'',''INSSSEP DIRECCION SERVICIOS DIRECTOS (FARMACIA)'',	''30709501352'',	0	,''N/A''	,''INSSSEP DIRECCION SERVICIOS DIRECTOS (FARMACIA)'',	0)
INSERT INTO CRE_GAR_ORGANISMOS (CODIGO, TIPO_ORGANISMO, NOMBRE, CUIT, ID_PERSONA, NRO_REGISTRO, DENOMINACION, TZ_LOCK)
VALUES (12	,''OP'',''HOSPITAL DR JULIO CECILIO PERRANDO'',	''30709548529'',	0	,''N/A''	,''HOSPITAL DR JULIO CECILIO PERRANDO'',	0)
INSERT INTO CRE_GAR_ORGANISMOS (CODIGO, TIPO_ORGANISMO, NOMBRE, CUIT, ID_PERSONA, NRO_REGISTRO, DENOMINACION, TZ_LOCK)
VALUES (13	,''OP'',''INSSSEP TESORERIA'',	''30999175461'',	0	,''N/A''	,''INSSSEP TESORERIA'',	0)
INSERT INTO CRE_GAR_ORGANISMOS (CODIGO, TIPO_ORGANISMO, NOMBRE, CUIT, ID_PERSONA, NRO_REGISTRO, DENOMINACION, TZ_LOCK)
VALUES (14	,''OP'',''APA.(ADMINISTRACION PROVINCIAL DEL AGUA)'',	''30644696614'',	0	,''N/A''	,''APA.(ADMINISTRACION PROVINCIAL DEL AGUA)'',	0)
INSERT INTO CRE_GAR_ORGANISMOS (CODIGO, TIPO_ORGANISMO, NOMBRE, CUIT, ID_PERSONA, NRO_REGISTRO, DENOMINACION, TZ_LOCK)
VALUES (15	,''OP'',''MINISTERIO DE DESARROLLO SOCIAL Y DERECHOS HUMANOS'',	''30686111810'',	0	,''N/A''	,''MINISTERIO DE DESARROLLO SOCIAL Y DERECHOS HUMANOS '',	0)
INSERT INTO CRE_GAR_ORGANISMOS (CODIGO, TIPO_ORGANISMO, NOMBRE, CUIT, ID_PERSONA, NRO_REGISTRO, DENOMINACION, TZ_LOCK)
VALUES (16	,''OP'',''MINISTERIO DE SALUD PUBLICA DE LA PROV.DEL CHACO'',	''30999177448'',	0	,''N/A''	,''MINISTERIO DE SALUD PUBLICA DE LA PROV.DEL CHACO'',	0)
INSERT INTO CRE_GAR_ORGANISMOS (CODIGO, TIPO_ORGANISMO, NOMBRE, CUIT, ID_PERSONA, NRO_REGISTRO, DENOMINACION, TZ_LOCK)
VALUES (17	,''OP'',''FIDUCIARIA DEL NORTE S.A.'',	''30708652977'',	0	,''N/A''	,''FIDUCIARIA DEL NORTE S.A.'',	0)
INSERT INTO CRE_GAR_ORGANISMOS (CODIGO, TIPO_ORGANISMO, NOMBRE, CUIT, ID_PERSONA, NRO_REGISTRO, DENOMINACION, TZ_LOCK)
VALUES (18	,''OP'',''MINISTERIO DE PLANIFICACION Y ECONOMIA'',	''30999176832'',	0	,''N/A''	,''MINISTERIO DE PLANIFICACION Y ECONOMIA'',	0)
INSERT INTO CRE_GAR_ORGANISMOS (CODIGO, TIPO_ORGANISMO, NOMBRE, CUIT, ID_PERSONA, NRO_REGISTRO, DENOMINACION, TZ_LOCK)
VALUES (20	,''AC'',''BUNGE ARGENTINA S.A.'',	''30700869918'',	0	,''N/A''	,''BUNGE ARGENTINA S.A'',	0)
INSERT INTO CRE_GAR_ORGANISMOS (CODIGO, TIPO_ORGANISMO, NOMBRE, CUIT, ID_PERSONA, NRO_REGISTRO, DENOMINACION, TZ_LOCK)
VALUES (21	,''AC'',''CARGILL S.A.C.I.'',	''30506792165'',	0	,''N/A''	,''CARGILL S.A.C.I.'',	0)
INSERT INTO CRE_GAR_ORGANISMOS (CODIGO, TIPO_ORGANISMO, NOMBRE, CUIT, ID_PERSONA, NRO_REGISTRO, DENOMINACION, TZ_LOCK)
VALUES (22	,''AC'',''COMPAÑIA LOGISTICA DEL NORTE S.A.'',	''30711732116'',	0	,''N/A''	,''COMPAÑIA LOGISTICA DEL NORTE S.A.'',	0)
INSERT INTO CRE_GAR_ORGANISMOS (CODIGO, TIPO_ORGANISMO, NOMBRE, CUIT, ID_PERSONA, NRO_REGISTRO, DENOMINACION, TZ_LOCK)
VALUES (23	,''AC'',''MOLINO RIO DE LA PLATA S.A.'',	''30500858628'',	0	,''N/A''	,''MOLINO RIO DE LA PLATA S.A.'',	0)
INSERT INTO CRE_GAR_ORGANISMOS (CODIGO, TIPO_ORGANISMO, NOMBRE, CUIT, ID_PERSONA, NRO_REGISTRO, DENOMINACION, TZ_LOCK)
VALUES (24	,''AC'',''NOBLE ARGENTINA S.A.'',	''30707791086'',	0	,''N/A''	,''NOBLE ARGENTINA S.A.'',	0)
INSERT INTO CRE_GAR_ORGANISMOS (CODIGO, TIPO_ORGANISMO, NOMBRE, CUIT, ID_PERSONA, NRO_REGISTRO, DENOMINACION, TZ_LOCK)
VALUES (25	,''AC'',''VICENTIN S.A.I.C.'',	''30500959629'',	0	,''N/A''	,''VICENTIN S.A.I.C'',	0)
INSERT INTO CRE_GAR_ORGANISMOS (CODIGO, TIPO_ORGANISMO, NOMBRE, CUIT, ID_PERSONA, NRO_REGISTRO, DENOMINACION, TZ_LOCK)
VALUES (27	,''WS'',''GALICIA WARRANTS S.A.'',	''30661840095'',	0	,''Nro de Resolución: 48 sci''	,''GALICIA WARRANTS S.A'',	0)
INSERT INTO CRE_GAR_ORGANISMOS (CODIGO, TIPO_ORGANISMO, NOMBRE, CUIT, ID_PERSONA, NRO_REGISTRO, DENOMINACION, TZ_LOCK)
VALUES (28	,''MU'',''MUNICIPALIDAD DE MACHAGAI'',	''30584132414'',	0	,''N/A''	,''MUNICIPALIDAD DE MACHAGAI'',	0)
INSERT INTO CRE_GAR_ORGANISMOS (CODIGO, TIPO_ORGANISMO, NOMBRE, CUIT, ID_PERSONA, NRO_REGISTRO, DENOMINACION, TZ_LOCK)
VALUES (29	,''SI'',''UNION PERSONAL CIVIL DE LA PROVINCIA'',	''30575473128'',	0	,''N/A''	,''UNION PERSONAL CIVIL DE LA PROVINCIA'',	0)
INSERT INTO CRE_GAR_ORGANISMOS (CODIGO, TIPO_ORGANISMO, NOMBRE, CUIT, ID_PERSONA, NRO_REGISTRO, DENOMINACION, TZ_LOCK)
VALUES (30	,''OP'',''ECOM CHACO S.A.'',	''30584374817'',	0	,''N/A''	,''ECOM CHACO S.A.'',	0)
INSERT INTO CRE_GAR_ORGANISMOS (CODIGO, TIPO_ORGANISMO, NOMBRE, CUIT, ID_PERSONA, NRO_REGISTRO, DENOMINACION, TZ_LOCK)
VALUES (31	,''MU'',''MUNICIPALIDAD DE COLONIA BENITEZ'',	''30670214024'',	0	,''N/A''	,''MUNICIPALIDAD DE COLONIA BENITEZ '',	0)
INSERT INTO CRE_GAR_ORGANISMOS (CODIGO, TIPO_ORGANISMO, NOMBRE, CUIT, ID_PERSONA, NRO_REGISTRO, DENOMINACION, TZ_LOCK)
VALUES (32	,''MU'',''MUNICIPALIDAD DE EL ESPINILLO'',	''30712143017'',	0	,''N/A''	,''MUNICIPALIDAD DE EL ESPINILLO'',	0)
INSERT INTO CRE_GAR_ORGANISMOS (CODIGO, TIPO_ORGANISMO, NOMBRE, CUIT, ID_PERSONA, NRO_REGISTRO, DENOMINACION, TZ_LOCK)
VALUES (33	,''OP'',''SECRETARIA GENERAL DE GOBIERNO Y COORDINACION'',	''30999177138'',	0	,''N/A''	,''SECRETARIA GENERAL DE GOBIERNO Y COORDINACION	'',	0)
INSERT INTO CRE_GAR_ORGANISMOS (CODIGO, TIPO_ORGANISMO, NOMBRE, CUIT, ID_PERSONA, NRO_REGISTRO, DENOMINACION, TZ_LOCK)
VALUES (34	,''MU'',''MUNICIPALIDAD DE ENRIQUE URIEN'',	''30670085240'',	0	,''N/A''	,''MUNICIPALIDAD DE ENRIQUE URIEN '',	0)
INSERT INTO CRE_GAR_ORGANISMOS (CODIGO, TIPO_ORGANISMO, NOMBRE, CUIT, ID_PERSONA, NRO_REGISTRO, DENOMINACION, TZ_LOCK)
VALUES (35	,''OP'',''S.E.C.H.E.E.P'',	''33707597149'',	0	,''N/A''	,''S.E.C.H.E.E.P'',	0)
INSERT INTO CRE_GAR_ORGANISMOS (CODIGO, TIPO_ORGANISMO, NOMBRE, CUIT, ID_PERSONA, NRO_REGISTRO, DENOMINACION, TZ_LOCK)
VALUES (36	,''MU'',''MUNICIPALIDAD DE PUERTO EVA PERON'',	''33670154349'',	0	,''N/A''	,''MUNICIPALIDAD DE PUERTO EVA PERON'',	0)
INSERT INTO CRE_GAR_ORGANISMOS (CODIGO, TIPO_ORGANISMO, NOMBRE, CUIT, ID_PERSONA, NRO_REGISTRO, DENOMINACION, TZ_LOCK)
VALUES (37	,''MU'',''MUNICIPALIDAD DE ISLA DEL CERRITO'',	''33670148209'',	0	,''N/A''	,''MUNICIPALIDAD DE ISLA DEL CERRITO'',	0)
INSERT INTO CRE_GAR_ORGANISMOS (CODIGO, TIPO_ORGANISMO, NOMBRE, CUIT, ID_PERSONA, NRO_REGISTRO, DENOMINACION, TZ_LOCK)
VALUES (38	,''MU'',''MUNICIPALIDAD DE LA ESCONDIDA'',	''30686047837'',	0	,''N/A''	,''MUNICIPALIDAD DE LA ESCONDIDA	'',	0)
INSERT INTO CRE_GAR_ORGANISMOS (CODIGO, TIPO_ORGANISMO, NOMBRE, CUIT, ID_PERSONA, NRO_REGISTRO, DENOMINACION, TZ_LOCK)
VALUES (39	,''MU'',''MUNICIPALIDAD DE FONTANA'',	''30670206765'',	0	,''N/A''	,''MUNICIPALIDAD DE FONTANA '',	0)
INSERT INTO CRE_GAR_ORGANISMOS (CODIGO, TIPO_ORGANISMO, NOMBRE, CUIT, ID_PERSONA, NRO_REGISTRO, DENOMINACION, TZ_LOCK)
VALUES (40	,''MU'',''MUNICIPALIDAD DE JUAN JOSE CASTELLI'',	''30636027754'',	0	,''N/A''	,''MUNICIPALIDAD DE JUAN JOSE CASTELLI'',	0)
INSERT INTO CRE_GAR_ORGANISMOS (CODIGO, TIPO_ORGANISMO, NOMBRE, CUIT, ID_PERSONA, NRO_REGISTRO, DENOMINACION, TZ_LOCK)
VALUES (41	,''MU'',''MUNICIPALIDAD DE LAS PALMAS'',	''30670157551'',	0	,''N/A''	,''MUNICIPALIDAD DE LAS PALMAS  '',	0)
INSERT INTO CRE_GAR_ORGANISMOS (CODIGO, TIPO_ORGANISMO, NOMBRE, CUIT, ID_PERSONA, NRO_REGISTRO, DENOMINACION, TZ_LOCK)
VALUES (42	,''MU'',''MUNICIPALIDAD DE LA LEONESA'',	''30670167107'',	0	,''N/A''	,''MUNICIPALIDAD DE LA LEONESA '',	0)
INSERT INTO CRE_GAR_ORGANISMOS (CODIGO, TIPO_ORGANISMO, NOMBRE, CUIT, ID_PERSONA, NRO_REGISTRO, DENOMINACION, TZ_LOCK)
VALUES (43	,''MU'',''MUNICIPALIDAD DE PAMPA ALMIRON'',	''33670193999'',	0	,''N/A''	,''MUNICIPALIDAD DE PAMPA ALMIRON	'',	0)
INSERT INTO CRE_GAR_ORGANISMOS (CODIGO, TIPO_ORGANISMO, NOMBRE, CUIT, ID_PERSONA, NRO_REGISTRO, DENOMINACION, TZ_LOCK)
VALUES (44	,''MU'',''MUNICIPALIDAD DE PAMPA DEL INFIERNO'',	''30999167728'',	0	,''N/A''	,''MUNICIPALIDAD DE PAMPA DEL INFIERNO	'',	0)
INSERT INTO CRE_GAR_ORGANISMOS (CODIGO, TIPO_ORGANISMO, NOMBRE, CUIT, ID_PERSONA, NRO_REGISTRO, DENOMINACION, TZ_LOCK)
VALUES (45	,''MU'',''MUNICIPALIDAD DE PAMPA DEL INDIO'',	''30670194988'',	0	,''N/A''	,''MUNICIPALIDAD DE PAMPA DEL INDIO	'',	0)
INSERT INTO CRE_GAR_ORGANISMOS (CODIGO, TIPO_ORGANISMO, NOMBRE, CUIT, ID_PERSONA, NRO_REGISTRO, DENOMINACION, TZ_LOCK)
VALUES (46	,''AC'',''BARRILI S.A.'',	''30541906564'',	0	,''N/A''	,''BARRILI S.A. '',	0)
INSERT INTO CRE_GAR_ORGANISMOS (CODIGO, TIPO_ORGANISMO, NOMBRE, CUIT, ID_PERSONA, NRO_REGISTRO, DENOMINACION, TZ_LOCK)
VALUES (47	,''MU'',''MUNICIPALIDAD DE VILLA RIO BERMEJITO'',	''30547704343'',	0	,''N/A''	,''MUNICIPALIDAD DE VILLA RIO BERMEJITO '',	0)
INSERT INTO CRE_GAR_ORGANISMOS (CODIGO, TIPO_ORGANISMO, NOMBRE, CUIT, ID_PERSONA, NRO_REGISTRO, DENOMINACION, TZ_LOCK)
VALUES (48	,''MU'',''MUNICIPALIDAD DE GANCEDO'',	''30656780513'',	0	,''N/A''	,''MUNICIPALIDAD DE GANCEDO	'',	0)
INSERT INTO CRE_GAR_ORGANISMOS (CODIGO, TIPO_ORGANISMO, NOMBRE, CUIT, ID_PERSONA, NRO_REGISTRO, DENOMINACION, TZ_LOCK)
VALUES (49	,''MU'',''MUNICIPALIDAD DE NAPENAY'',	''30670066416'',	0	,''N/A''	,''MUNICIPALIDAD DE NAPENAY	'',	0)
INSERT INTO CRE_GAR_ORGANISMOS (CODIGO, TIPO_ORGANISMO, NOMBRE, CUIT, ID_PERSONA, NRO_REGISTRO, DENOMINACION, TZ_LOCK)
VALUES (50	,''MU'',''MUNICIPALIDAD DE LOS FRENTONES'',	''30670043629'',	0	,''N/A'',''MUNICIPALIDAD DE LOS FRENTONES	'',	0)
INSERT INTO CRE_GAR_ORGANISMOS (CODIGO, TIPO_ORGANISMO, NOMBRE, CUIT, ID_PERSONA, NRO_REGISTRO, DENOMINACION, TZ_LOCK)
VALUES (51	,''AC'',''ACEITERA GENERAL DEHEZA S.A.'',	''30502874353'',	0	,''N/A''	,''ACEITERA GENERAL DEHEZA S.A.'',	0)
INSERT INTO CRE_GAR_ORGANISMOS (CODIGO, TIPO_ORGANISMO, NOMBRE, CUIT, ID_PERSONA, NRO_REGISTRO, DENOMINACION, TZ_LOCK)
VALUES (52	,''MU'',''MUNICIPALIDAD DE FUERTE ESPERANZA'',	''30670064987'',	0	,''N/A''	,''MUNICIPALIDAD DE FUERTE ESPERANZA'',	0)
INSERT INTO CRE_GAR_ORGANISMOS (CODIGO, TIPO_ORGANISMO, NOMBRE, CUIT, ID_PERSONA, NRO_REGISTRO, DENOMINACION, TZ_LOCK)
VALUES (53	,''MU'',''MUNICIPALIDAD DE COLONIA ELISA'',	''30656335714'',	0	,''N/A''	,''MUNICIPALIDAD DE COLONIA ELISA '',	0)
INSERT INTO CRE_GAR_ORGANISMOS (CODIGO, TIPO_ORGANISMO, NOMBRE, CUIT, ID_PERSONA, NRO_REGISTRO, DENOMINACION, TZ_LOCK)
VALUES (54	,''MU'',''MUNICIPALIDAD DE COTELAI'',	''30670148137'',	0	,''N/A''	,''MUNICIPALIDAD DE COTELAI '',	0)
INSERT INTO CRE_GAR_ORGANISMOS (CODIGO, TIPO_ORGANISMO, NOMBRE, CUIT, ID_PERSONA, NRO_REGISTRO, DENOMINACION, TZ_LOCK)
VALUES (55	,''MU'',''MUNICIPALIDAD DE SAN BERNARDO'',	''33635514979'',	0	,''N/A''	,''MUNICIPALIDAD DE SAN BERNARDO	0'',	0)
INSERT INTO CRE_GAR_ORGANISMOS (CODIGO, TIPO_ORGANISMO, NOMBRE, CUIT, ID_PERSONA, NRO_REGISTRO, DENOMINACION, TZ_LOCK)
VALUES (56	,''MU'',''MUNICIPALIDAD DE CORZUELA'',	''30635096329'',	0	,''N/A''	,''MUNICIPALIDAD DE CORZUELA	'',	0)
INSERT INTO CRE_GAR_ORGANISMOS (CODIGO, TIPO_ORGANISMO, NOMBRE, CUIT, ID_PERSONA, NRO_REGISTRO, DENOMINACION, TZ_LOCK)
VALUES (57	,''MU'',''MUNICIPALIDAD DE MAKALLE'',	''33655305829'',	0	,''N/A''	,''MUNICIPALIDAD DE MAKALLE	'',	0)
INSERT INTO CRE_GAR_ORGANISMOS (CODIGO, TIPO_ORGANISMO, NOMBRE, CUIT, ID_PERSONA, NRO_REGISTRO, DENOMINACION, TZ_LOCK)
VALUES (58	,''MU'',''MUNICIPALIDAD DE PRESIDENCIA DE LA PLAZA'',	''33999172259'',	0	,''N/A''	,''MUNICIPALIDAD DE PRESIDENCIA DE LA PLAZA'',	0)
INSERT INTO CRE_GAR_ORGANISMOS (CODIGO, TIPO_ORGANISMO, NOMBRE, CUIT, ID_PERSONA, NRO_REGISTRO, DENOMINACION, TZ_LOCK)
VALUES (59	,''MU'',''MUNICIPALIDAD DE MIRAFLORES'',	''30670044471'',	0	,''N/A''	,''MUNICIPALIDAD DE MIRAFLORES'',	0)
INSERT INTO CRE_GAR_ORGANISMOS (CODIGO, TIPO_ORGANISMO, NOMBRE, CUIT, ID_PERSONA, NRO_REGISTRO, DENOMINACION, TZ_LOCK)
VALUES (60	,''MU'',''MUNICIPALIDAD DE AVIA TERAI'',	''33670064749'',	0	,''N/A''	,''MUNICIPALIDAD DE AVIA TERAI  '',	0)
INSERT INTO CRE_GAR_ORGANISMOS (CODIGO, TIPO_ORGANISMO, NOMBRE, CUIT, ID_PERSONA, NRO_REGISTRO, DENOMINACION, TZ_LOCK)
VALUES (61	,''MU'',''MUNICIPALIDAD DE BARRANQUERAS'',	''30670180065'',	0	,''N/A''	,''MUNICIPALIDAD DE BARRANQUERAS	'',	0)
INSERT INTO CRE_GAR_ORGANISMOS (CODIGO, TIPO_ORGANISMO, NOMBRE, CUIT, ID_PERSONA, NRO_REGISTRO, DENOMINACION, TZ_LOCK)
VALUES (62	,''SG'',''GARANTIZAR SGR'',	''30688331761'',	0	,''Código 50014''	,''GARANTIZAR SGR   '',	0)
INSERT INTO CRE_GAR_ORGANISMOS (CODIGO, TIPO_ORGANISMO, NOMBRE, CUIT, ID_PERSONA, NRO_REGISTRO, DENOMINACION, TZ_LOCK)
VALUES (63	,''FG'',''FONDO DE GARANTIAS DEL CHACO(FOGACH)'',	''30714160350'',	0	,''Código 51002''	,''FONDO DE GARANTIAS DEL CHACO(FOGACH)'',	0)
INSERT INTO CRE_GAR_ORGANISMOS (CODIGO, TIPO_ORGANISMO, NOMBRE, CUIT, ID_PERSONA, NRO_REGISTRO, DENOMINACION, TZ_LOCK)
VALUES (64	,''MU'',''MUNICIPALIDAD DE LA VERDE'',	''30670192381'',		   0	,''N/A''	,''MUNICIPALIDAD DE LA VERDE'',	0)	
INSERT INTO CRE_GAR_ORGANISMOS (CODIGO, TIPO_ORGANISMO, NOMBRE, CUIT, ID_PERSONA, NRO_REGISTRO, DENOMINACION, TZ_LOCK)
VALUES (65	,''MU'',''MUNICIPALIDAD PUERTO BERMEJO'',	''30670195666'',			0	,''N/A''	,''MUNICIPALIDAD PUERTO BERMEJO'',	0)	
INSERT INTO CRE_GAR_ORGANISMOS (CODIGO, TIPO_ORGANISMO, NOMBRE, CUIT, ID_PERSONA, NRO_REGISTRO, DENOMINACION, TZ_LOCK)
VALUES (66	,''MU'',''MUNICIPALIDAD DE LA TIGRA'',	''30659648446'',			0	,''N/A''	,''MUNICIPALIDAD DE LA TIGRA'',	0)	
INSERT INTO CRE_GAR_ORGANISMOS (CODIGO, TIPO_ORGANISMO, NOMBRE, CUIT, ID_PERSONA, NRO_REGISTRO, DENOMINACION, TZ_LOCK)
VALUES (67	,''MU'',''MUNICIPALIDAD DE MARGARITA BELEN'',	''30656571930'',			0	,''N/A''	,''MUNICIPALIDAD DE MARGARITA BELEN '',	0)	
INSERT INTO CRE_GAR_ORGANISMOS (CODIGO, TIPO_ORGANISMO, NOMBRE, CUIT, ID_PERSONA, NRO_REGISTRO, DENOMINACION, TZ_LOCK)
VALUES (68	,''MU'',''MUNICIPALIDAD DEL SAUZALITO'',	''30670042495'',			0	,''N/A''	,''MUNICIPALIDAD DEL SAUZALITO'',	0)	
INSERT INTO CRE_GAR_ORGANISMOS (CODIGO, TIPO_ORGANISMO, NOMBRE, CUIT, ID_PERSONA, NRO_REGISTRO, DENOMINACION, TZ_LOCK)
VALUES (69	,''MU'',''MUNICIPALIDAD DE TACO POZO'',	''30670040417'',			0	,''N/A''	,''MUNICIPALIDAD DE TACO POZO'',	0)	
INSERT INTO CRE_GAR_ORGANISMOS (CODIGO, TIPO_ORGANISMO, NOMBRE, CUIT, ID_PERSONA, NRO_REGISTRO, DENOMINACION, TZ_LOCK)
VALUES (70	,''MU'',''MUNICIPALIDAD DE NUEVA POMPEYA'',	''30670041715'',			0	,''N/A''	,''MUNICIPALIDAD DE NUEVA POMPEYA'',	0)	
INSERT INTO CRE_GAR_ORGANISMOS (CODIGO, TIPO_ORGANISMO, NOMBRE, CUIT, ID_PERSONA, NRO_REGISTRO, DENOMINACION, TZ_LOCK)
VALUES (71	,''MU'',''MUNICIPALIDAD LA EDUVIGIS'',	''30670191911'',			0	,''N/A''	,''MUNICIPALIDAD LA EDUVIGIS	'',	0)
INSERT INTO CRE_GAR_ORGANISMOS (CODIGO, TIPO_ORGANISMO, NOMBRE, CUIT, ID_PERSONA, NRO_REGISTRO, DENOMINACION, TZ_LOCK)
VALUES (72	,''MU'',''MUNICIPALIDAD DE CAPITAN SOLARI'',	''30656972102'',			0	,''N/A''	,''MUNICIPALIDAD DE CAPITAN SOLARI'',	0)	
INSERT INTO CRE_GAR_ORGANISMOS (CODIGO, TIPO_ORGANISMO, NOMBRE, CUIT, ID_PERSONA, NRO_REGISTRO, DENOMINACION, TZ_LOCK)
VALUES (73	,''MU'',''MUNICIPALIDAD DE CIERVO PETISO'',	''30656233652'',			0	,''N/A''	,''MUNICIPALIDAD DE CIERVO PETISO'',	0)	
INSERT INTO CRE_GAR_ORGANISMOS (CODIGO, TIPO_ORGANISMO, NOMBRE, CUIT, ID_PERSONA, NRO_REGISTRO, DENOMINACION, TZ_LOCK)
VALUES (74	,''MU'',''MUNICIPALIDAD DE HERMOSO CAMPO'',	''30640025677'',			0	,''N/A''	,''MUNICIPALIDAD DE HERMOSO CAMPO'',	0)	
INSERT INTO CRE_GAR_ORGANISMOS (CODIGO, TIPO_ORGANISMO, NOMBRE, CUIT, ID_PERSONA, NRO_REGISTRO, DENOMINACION, TZ_LOCK)
VALUES (75	,''MU'',''MUNICIPALIDAD DE COLONIA UNIDAS'',	''30670226723'',			0	,''N/A''	,''MUNICIPALIDAD DE COLONIA UNIDAS'',	0)	
INSERT INTO CRE_GAR_ORGANISMOS (CODIGO, TIPO_ORGANISMO, NOMBRE, CUIT, ID_PERSONA, NRO_REGISTRO, DENOMINACION, TZ_LOCK)
VALUES (76	,''MU'',''MUNICIPALIDAD DE SANTA SYLVINA'',	''30656187588'',			0	,''N/A''	,''MUNICIPALIDAD DE SANTA SYLVINA'',	0)	
INSERT INTO CRE_GAR_ORGANISMOS (CODIGO, TIPO_ORGANISMO, NOMBRE, CUIT, ID_PERSONA, NRO_REGISTRO, DENOMINACION, TZ_LOCK)
VALUES (77	,''WA'',''AG WARRANTS  SA'',	''30711320292'',			0	,''N/A''	,''AG WARRANTS  SA'',	0)	
INSERT INTO CRE_GAR_ORGANISMOS (CODIGO, TIPO_ORGANISMO, NOMBRE, CUIT, ID_PERSONA, NRO_REGISTRO, DENOMINACION, TZ_LOCK)
VALUES (78	,''MU'',''MUNICIPALIDAD DE LAS BRE#AS'',	''30586572659'',			0	,''N/A''	,''MUNICIPALIDAD DE LAS BRE#AS'',	0)	
INSERT INTO CRE_GAR_ORGANISMOS (CODIGO, TIPO_ORGANISMO, NOMBRE, CUIT, ID_PERSONA, NRO_REGISTRO, DENOMINACION, TZ_LOCK)
VALUES (79	,''MU'',''MUNICIPALIDAD DE SAMUHU'',	''30670042320'',			0	,''N/A''	,''MUNICIPALIDAD DE SAMUHU '',	0)	
INSERT INTO CRE_GAR_ORGANISMOS (CODIGO, TIPO_ORGANISMO, NOMBRE, CUIT, ID_PERSONA, NRO_REGISTRO, DENOMINACION, TZ_LOCK)
VALUES (80	,''MU'',''MUNICIPALIDAD DE GENERAL PINEDO'',	''30642937096'',			0	,''N/A''	,''MUNICIPALIDAD DE GENERAL PINEDO'',	0)	
INSERT INTO CRE_GAR_ORGANISMOS (CODIGO, TIPO_ORGANISMO, NOMBRE, CUIT, ID_PERSONA, NRO_REGISTRO, DENOMINACION, TZ_LOCK)
VALUES (81	,''MU'',''MUNICIPALIDAD DE TRES ISLETAS'',	''33634792509'',		   0	,''N/A''	,''	MUNICIPALIDAD DE TRES ISLETAS'',	0)	
INSERT INTO CRE_GAR_ORGANISMOS (CODIGO, TIPO_ORGANISMO, NOMBRE, CUIT, ID_PERSONA, NRO_REGISTRO, DENOMINACION, TZ_LOCK)
VALUES (82	,''MT'',''A.M.E.B'',	''30658983926'',			0	,''N/A''	,''A.M.E.B'',	0)	
INSERT INTO CRE_GAR_ORGANISMOS (CODIGO, TIPO_ORGANISMO, NOMBRE, CUIT, ID_PERSONA, NRO_REGISTRO, DENOMINACION, TZ_LOCK)
VALUES (83	,''MU'',''MUNICIPALIDAD CORONEL DU GRATY'',	''30634143897'',			0	,''N/A''	,''MUNICIPALIDAD CORONEL DU GRATY'',	0)	
INSERT INTO CRE_GAR_ORGANISMOS (CODIGO, TIPO_ORGANISMO, NOMBRE, CUIT, ID_PERSONA, NRO_REGISTRO, DENOMINACION, TZ_LOCK)
VALUES (84	,''MU'',''MUNICIPALIDAD CORONEL DU GRATY'',		''30634143897'',			0	,''N/A''	,''MUNICIPALIDAD CORONEL DU GRATY'',	0)	
INSERT INTO CRE_GAR_ORGANISMOS (CODIGO, TIPO_ORGANISMO, NOMBRE, CUIT, ID_PERSONA, NRO_REGISTRO, DENOMINACION, TZ_LOCK)
VALUES (85	,''MU'',''MUNICIPALIDAD DE LAGUNA BLANCA'',		''30999174929'',			0	,''N/A''	,''MUNICIPALIDAD DE LAGUNA BLANCA'',	0)	
INSERT INTO CRE_GAR_ORGANISMOS (CODIGO, TIPO_ORGANISMO, NOMBRE, CUIT, ID_PERSONA, NRO_REGISTRO, DENOMINACION, TZ_LOCK)
VALUES (86	,''MU'',''MUNICIPALIDAD DE CHARATA'',	''33586573719'',			0	,''N/A''	,''MUNICIPALIDAD DE CHARATA'',	0)	
INSERT INTO CRE_GAR_ORGANISMOS (CODIGO, TIPO_ORGANISMO, NOMBRE, CUIT, ID_PERSONA, NRO_REGISTRO, DENOMINACION, TZ_LOCK)
VALUES (171	,''GE'',''TOLEDO NANCY MABEL'',	''27240772243'',	0	,''N/A''	,''TOLEDO NANCY MABEL'',	0)
INSERT INTO CRE_GAR_ORGANISMOS (CODIGO, TIPO_ORGANISMO, NOMBRE, CUIT, ID_PERSONA, NRO_REGISTRO, DENOMINACION, TZ_LOCK)
VALUES (172	,''GE'',''SLANAC CINTIA'',  	''27291207214'',	0	,''N/A''	,''SLANAC CINTIA'',	0)
INSERT INTO CRE_GAR_ORGANISMOS (CODIGO, TIPO_ORGANISMO, NOMBRE, CUIT, ID_PERSONA, NRO_REGISTRO, DENOMINACION, TZ_LOCK)
VALUES (174	,''RA'',''Dr. SERGIO RUBENS KLEISINGER'',	''20229259009'',	0	,''Registro 6003''	,''Dr. SERGIO RUBENS KLEISINGER'',	0)
INSERT INTO CRE_GAR_ORGANISMOS (CODIGO, TIPO_ORGANISMO, NOMBRE, CUIT, ID_PERSONA, NRO_REGISTRO, DENOMINACION, TZ_LOCK)
VALUES (175	,''RM'',''Dr. SERGIO RUBENS KLEISINGER'',	''20229259009'',	0	,''Registro 30003''	,''Dr. SERGIO RUBENS KLEISINGER'',	0)
INSERT INTO CRE_GAR_ORGANISMOS (CODIGO, TIPO_ORGANISMO, NOMBRE, CUIT, ID_PERSONA, NRO_REGISTRO, DENOMINACION, TZ_LOCK)
VALUES (176	,''RV'',''Dr. SERGIO RUBENS KLEISINGER'',	''20229259009'',	0	,''Registro 56004''	,''Dr. SERGIO RUBENS KLEISINGER '',	0)
INSERT INTO CRE_GAR_ORGANISMOS (CODIGO, TIPO_ORGANISMO, NOMBRE, CUIT, ID_PERSONA, NRO_REGISTRO, DENOMINACION, TZ_LOCK)
VALUES (177	,''RA'',''Esc. GRACIELA BEATRIZ RIERA'',	''27054036170'',	0  ,''Registro 6007''	,''GRACIELA BEATRIZ RIERA '',	0)
INSERT INTO CRE_GAR_ORGANISMOS (CODIGO, TIPO_ORGANISMO, NOMBRE, CUIT, ID_PERSONA, NRO_REGISTRO, DENOMINACION, TZ_LOCK)
VALUES (178	,''RA'',''A cargo Art.7 Dto.644/89 Sra. EVA ARGENTINA FLORES DE GAUNA'',	''27117634308'',	0	,''Registro 6010''	,''A cargo Art.7 Dto.644/89 Sra. EVA ARGENTINA FLORES DE GAUNA'',	0)
')

EXECUTE ('
DELETE FROM CRE_ASEGURADORAS
INSERT INTO CRE_ASEGURADORAS (TZ_LOCK, CODIGO, DESCRIPCION)
VALUES (0, 0, ''Sin Aseguradora'')
INSERT INTO CRE_ASEGURADORAS (TZ_LOCK, CODIGO, DESCRIPCION)
VALUES (0,1	,''SAN CRISTOBAL SEGUROS SMSG'')
INSERT INTO CRE_ASEGURADORAS (TZ_LOCK, CODIGO, DESCRIPCION)
VALUES (0,2	,''NACION SEGUROS'')
INSERT INTO CRE_ASEGURADORAS (TZ_LOCK, CODIGO, DESCRIPCION)
VALUES (0,3	,''SMG LIFE'')
INSERT INTO CRE_ASEGURADORAS (TZ_LOCK, CODIGO, DESCRIPCION)
VALUES (0,4	,''SAN CRISTOBAL - REMISES'')
INSERT INTO CRE_ASEGURADORAS (TZ_LOCK, CODIGO, DESCRIPCION)
VALUES (0,5	,''SANCOR SEGUROS'')
INSERT INTO CRE_ASEGURADORAS (TZ_LOCK, CODIGO, DESCRIPCION)
VALUES (0,6	,''CARTERA VENDIDA SAN CRISTOBAL'')
INSERT INTO CRE_ASEGURADORAS (TZ_LOCK, CODIGO, DESCRIPCION)
VALUES (0,7	,''LIDERAR EX - NACION'')
INSERT INTO CRE_ASEGURADORAS (TZ_LOCK, CODIGO, DESCRIPCION)
VALUES (0,8	,''ORIGENES EX-SMG'')
INSERT INTO CRE_ASEGURADORAS (TZ_LOCK, CODIGO, DESCRIPCION)
VALUES (0,9	,''S/SEGURO CARTERA ADMINISTRADA'')
INSERT INTO CRE_ASEGURADORAS (TZ_LOCK, CODIGO, DESCRIPCION)
VALUES (0,10	,''ORIGENES SEGUROS DE VIDA S.A.'')
INSERT INTO CRE_ASEGURADORAS (TZ_LOCK, CODIGO, DESCRIPCION)
VALUES (0,11	,''LIDERAR'')
INSERT INTO CRE_ASEGURADORAS (TZ_LOCK, CODIGO, DESCRIPCION)
VALUES (0,12	,''EL NORTE SEGUROS'')
INSERT INTO CRE_ASEGURADORAS (TZ_LOCK, CODIGO, DESCRIPCION)
VALUES (0,13	,''POR VIDA SEGUROS S.A.'')
INSERT INTO CRE_ASEGURADORAS (TZ_LOCK, CODIGO, DESCRIPCION)
VALUES (0,14	,''COLON COMPAÑIA DE SEGUROS S.A'')
INSERT INTO CRE_ASEGURADORAS (TZ_LOCK, CODIGO, DESCRIPCION)
VALUES (0,15	,''LA SEGUNDA SEG.DE PERSONAS SA.'')
INSERT INTO CRE_ASEGURADORAS (TZ_LOCK, CODIGO, DESCRIPCION)
VALUES (0,16	,''FONDO DE RESERVA NBCH'')')

EXECUTE ('
DELETE FROM CRE_TASADORES
INSERT INTO CRE_TASADORES (TZ_LOCK, NRO_TASADOR, COMENTARIO, TIPO_DOCUMENTO)
VALUES (0, 24, ''FLORIDDIA GUSTAVO ADRIAN'', ''CUIT'')
INSERT INTO CRE_TASADORES (TZ_LOCK, NRO_TASADOR, COMENTARIO, TIPO_DOCUMENTO)
VALUES (0, 25, ''VELIZ EDGARDO HECTOR'', ''CUIT'')
INSERT INTO CRE_TASADORES (TZ_LOCK, NRO_TASADOR, COMENTARIO, TIPO_DOCUMENTO)
VALUES (0, 26, ''FLORES EDUARDO NICOLAS'', ''CUIT'')')

EXECUTE ('
DELETE FROM CRE_ESCRIBANOS
INSERT INTO CRE_ESCRIBANOS (TZ_LOCK, DOCIDENTIDAD, TELEFONO, DIRECCION, NUMESCRIBANO, NOMBREESCRIBANO)
VALUES (0, ''25369206'', 3624426079, ''Colón 185 2do Piso Oficina 5'', 1, ''FARIAS ARIEL ALFREDO'')
INSERT INTO CRE_ESCRIBANOS (TZ_LOCK, DOCIDENTIDAD, TELEFONO, DIRECCION, NUMESCRIBANO, NOMBREESCRIBANO)
VALUES (0, ''24826888'',3731512635, ''PATRICIOS 233'', 2, ''ARTIEDA MARIA LUISA'')
INSERT INTO CRE_ESCRIBANOS (TZ_LOCK, DOCIDENTIDAD, TELEFONO, DIRECCION, NUMESCRIBANO, NOMBREESCRIBANO)
VALUES (0, ''17251737'',3624636325, ''TIRA 28 MZ D CS 590'', 3, ''PEDERNERA SANDRA LILIAN'')')
			 

