EXECUTE('
DELETE FROM  DICCIONARIO WHERE NUMERODECAMPO in(43800,43792,43793,43799,43788,43789,43790,
43791,43784,43785,43786,43787,43766,43779,
43781,43433,7373, 43671,43782,43106,43295,
43737,43783,45142,58503,6873, 6952, 7000, 7002, 
7003, 7017)

INSERT INTO DICCIONARIO (NUMERODECAMPO, USODELCAMPO, REFERENCIA, DESCRIPCION, PROMPT, LARGO, TIPODECAMPO, DECIMALES, EDICION, CONTABILIZA, CONCEPTO, CALCULO, VALIDACION, TABLADEVALIDACION, TABLADEAYUDA, OPCIONES, TABLA, CAMPO, BASICO, MASCARA)
VALUES (43800, '' '', 0, ''Tipo de Cupo'', ''Tipo de Cupo'', 1, ''A'', 0, NULL, 0, 0, 0, 0, 0, 0, 1, 570, ''TIPO'', 0, NULL)

INSERT INTO DICCIONARIO (NUMERODECAMPO, USODELCAMPO, REFERENCIA, DESCRIPCION, PROMPT, LARGO, TIPODECAMPO, DECIMALES, EDICION, CONTABILIZA, CONCEPTO, CALCULO, VALIDACION, TABLADEVALIDACION, TABLADEAYUDA, OPCIONES, TABLA, CAMPO, BASICO, MASCARA)
VALUES (43792, NULL, 0, ''JTS Cuenta Vista'', ''JTS Cuenta Vista'', 10, ''N'', 0, NULL, 0, 0, 0, 0, 0, 0, 0, 118, ''JTS_OID_BANCO'', 0, NULL)

INSERT INTO DICCIONARIO (NUMERODECAMPO, USODELCAMPO, REFERENCIA, DESCRIPCION, PROMPT, LARGO, TIPODECAMPO, DECIMALES, EDICION, CONTABILIZA, CONCEPTO, CALCULO, VALIDACION, TABLADEVALIDACION, TABLADEAYUDA, OPCIONES, TABLA, CAMPO, BASICO, MASCARA)
VALUES (43793, '' '', 0, ''CMC7'', ''CMC7'', 30, ''A'', 0, NULL, 0, 0, 0, 0, 0, 0, 0, 178, ''CMC7'', 0, NULL)

INSERT INTO DICCIONARIO (NUMERODECAMPO, USODELCAMPO, REFERENCIA, DESCRIPCION, PROMPT, LARGO, TIPODECAMPO, DECIMALES, EDICION, CONTABILIZA, CONCEPTO, CALCULO, VALIDACION, TABLADEVALIDACION, TABLADEAYUDA, OPCIONES, TABLA, CAMPO, BASICO, MASCARA)
VALUES (43799, '' '', 0, ''Ayuda prducto 5'', ''Producto'', 5, ''N'', 0, NULL, 0, 0, 0, 0, 65, 658, 0, 0, ''AYUDA'', 0, NULL)

INSERT INTO DICCIONARIO (NUMERODECAMPO, USODELCAMPO, REFERENCIA, DESCRIPCION, PROMPT, LARGO, TIPODECAMPO, DECIMALES, EDICION, CONTABILIZA, CONCEPTO, CALCULO, VALIDACION, TABLADEVALIDACION, TABLADEAYUDA, OPCIONES, TABLA, CAMPO, BASICO, MASCARA)
VALUES (43788, '' '', 0, ''Número de Documento'', ''Nro. Documento'', 20, ''A'', 0, NULL, 0, 0, 0, 0, 0, 0, 0, 174, ''NUMERO_DOCUMENTO'', 0, NULL)

INSERT INTO DICCIONARIO (NUMERODECAMPO, USODELCAMPO, REFERENCIA, DESCRIPCION, PROMPT, LARGO, TIPODECAMPO, DECIMALES, EDICION, CONTABILIZA, CONCEPTO, CALCULO, VALIDACION, TABLADEVALIDACION, TABLADEAYUDA, OPCIONES, TABLA, CAMPO, BASICO, MASCARA)
VALUES (43789, '' '', 0, ''Descripcion_Cierre'', ''Descripcion_Cierre'', 20, ''A'', 0, NULL, 0, 0, 0, 0, 0, 0, 0, 4492, ''DESCRIPCION_CIERRE'', 0, NULL)

INSERT INTO DICCIONARIO (NUMERODECAMPO, USODELCAMPO, REFERENCIA, DESCRIPCION, PROMPT, LARGO, TIPODECAMPO, DECIMALES, EDICION, CONTABILIZA, CONCEPTO, CALCULO, VALIDACION, TABLADEVALIDACION, TABLADEAYUDA, OPCIONES, TABLA, CAMPO, BASICO, MASCARA)
VALUES (43790, '' '', 0, ''Ay. Deudas Interna'', ''Ay. Deudas Interna'', 12, ''N'', 0, NULL, 0, 0, 0, 0, 0, 43342, 0, 0, ''Ay. Deudas Interna'', 0, NULL)

INSERT INTO DICCIONARIO (NUMERODECAMPO, USODELCAMPO, REFERENCIA, DESCRIPCION, PROMPT, LARGO, TIPODECAMPO, DECIMALES, EDICION, CONTABILIZA, CONCEPTO, CALCULO, VALIDACION, TABLADEVALIDACION, TABLADEAYUDA, OPCIONES, TABLA, CAMPO, BASICO, MASCARA)
VALUES (43791, NULL, 0, ''Destino'', ''Destino'', 2, ''N'', 0, NULL, 0, 0, 0, 0, 0, 0, 1, 575, ''DESTINO'', 0, NULL)

INSERT INTO DICCIONARIO (NUMERODECAMPO, USODELCAMPO, REFERENCIA, DESCRIPCION, PROMPT, LARGO, TIPODECAMPO, DECIMALES, EDICION, CONTABILIZA, CONCEPTO, CALCULO, VALIDACION, TABLADEVALIDACION, TABLADEAYUDA, OPCIONES, TABLA, CAMPO, BASICO, MASCARA)
VALUES (43784, '' '', 0, ''Código Postal'', ''Código Postal'', 4, ''N'', 0, NULL, 0, 0, 0, 0, 0, 0, 0, 178, ''COD_POSTAL'', 0, NULL)

INSERT INTO DICCIONARIO (NUMERODECAMPO, USODELCAMPO, REFERENCIA, DESCRIPCION, PROMPT, LARGO, TIPODECAMPO, DECIMALES, EDICION, CONTABILIZA, CONCEPTO, CALCULO, VALIDACION, TABLADEVALIDACION, TABLADEAYUDA, OPCIONES, TABLA, CAMPO, BASICO, MASCARA)
VALUES (43785, '' '', 0, ''Código Postal'', ''Código Postal'', 4, ''N'', 0, NULL, 0, 0, 0, 0, 0, 0, 0, 118, ''COD_POSTAL'', 0, NULL)

INSERT INTO DICCIONARIO (NUMERODECAMPO, USODELCAMPO, REFERENCIA, DESCRIPCION, PROMPT, LARGO, TIPODECAMPO, DECIMALES, EDICION, CONTABILIZA, CONCEPTO, CALCULO, VALIDACION, TABLADEVALIDACION, TABLADEAYUDA, OPCIONES, TABLA, CAMPO, BASICO, MASCARA)
VALUES (43786, NULL, 0, ''Jts OID Saldo'', ''Jts OID Saldo'', 10, ''N'', 0, NULL, 0, 0, 0, 0, 0, 0, 0, 178, ''JTS_OID_SALDO'', 0, NULL)

INSERT INTO DICCIONARIO (NUMERODECAMPO, USODELCAMPO, REFERENCIA, DESCRIPCION, PROMPT, LARGO, TIPODECAMPO, DECIMALES, EDICION, CONTABILIZA, CONCEPTO, CALCULO, VALIDACION, TABLADEVALIDACION, TABLADEAYUDA, OPCIONES, TABLA, CAMPO, BASICO, MASCARA)
VALUES (43787, '' '', 0, ''Tipo de Documento'', ''Tipo Documento'', 4, ''A'', 0, NULL, 0, 0, 0, 0, 0, 0, 0, 174, ''TIPO_DOCUMENTO'', 0, NULL)

INSERT INTO DICCIONARIO (NUMERODECAMPO, USODELCAMPO, REFERENCIA, DESCRIPCION, PROMPT, LARGO, TIPODECAMPO, DECIMALES, EDICION, CONTABILIZA, CONCEPTO, CALCULO, VALIDACION, TABLADEVALIDACION, TABLADEAYUDA, OPCIONES, TABLA, CAMPO, BASICO, MASCARA)
VALUES (43766, '' '', 0, ''Valida Calificación'', ''Valida Calificación'', 1, ''A'', 0, NULL, 0, 0, 0, 0, 0, 0, 1, 311, ''VALIDACALIFICACION'', 0, NULL)

INSERT INTO DICCIONARIO (NUMERODECAMPO, USODELCAMPO, REFERENCIA, DESCRIPCION, PROMPT, LARGO, TIPODECAMPO, DECIMALES, EDICION, CONTABILIZA, CONCEPTO, CALCULO, VALIDACION, TABLADEVALIDACION, TABLADEAYUDA, OPCIONES, TABLA, CAMPO, BASICO, MASCARA)
VALUES (43779, '' '', 0, ''Ayuda tasas mixtas'', ''Ayuda tasas mixtas'', 1, ''A'', 0, NULL, 0, 0, 0, 0, 0, 43300, 0, 0, ''AYUDA'', 0, NULL)

INSERT INTO DICCIONARIO (NUMERODECAMPO, USODELCAMPO, REFERENCIA, DESCRIPCION, PROMPT, LARGO, TIPODECAMPO, DECIMALES, EDICION, CONTABILIZA, CONCEPTO, CALCULO, VALIDACION, TABLADEVALIDACION, TABLADEAYUDA, OPCIONES, TABLA, CAMPO, BASICO, MASCARA)
VALUES (43781, NULL, 0, ''Tipo de Documento'', ''Tipo Documento'', 1, ''N'', 0, NULL, 0, 0, 0, 0, 0, 0, 1, 4311, ''TIPO_DOCUMENTO'', 0, NULL)

INSERT INTO DICCIONARIO (NUMERODECAMPO, USODELCAMPO, REFERENCIA, DESCRIPCION, PROMPT, LARGO, TIPODECAMPO, DECIMALES, EDICION, CONTABILIZA, CONCEPTO, CALCULO, VALIDACION, TABLADEVALIDACION, TABLADEAYUDA, OPCIONES, TABLA, CAMPO, BASICO, MASCARA)
VALUES (43433, '' '', 0, ''Cupo Máximo'', ''Monto Stock Máximo'', 15, ''N'', 2, ''I'', 0, 0, 0, 0, 0, 0, 0, 570, ''Cupo'', 0, NULL)

INSERT INTO DICCIONARIO (NUMERODECAMPO, USODELCAMPO, REFERENCIA, DESCRIPCION, PROMPT, LARGO, TIPODECAMPO, DECIMALES, EDICION, CONTABILIZA, CONCEPTO, CALCULO, VALIDACION, TABLADEVALIDACION, TABLADEAYUDA, OPCIONES, TABLA, CAMPO, BASICO, MASCARA)
VALUES (7373, '' '', 0, ''Control WF'', ''Control WF'', 1, ''A'', 0, NULL, 0, 0, 0, 0, 0, 0, 1, 502, ''ExoneraFunBCO'', 0, NULL)

INSERT INTO DICCIONARIO (NUMERODECAMPO, USODELCAMPO, REFERENCIA, DESCRIPCION, PROMPT, LARGO, TIPODECAMPO, DECIMALES, EDICION, CONTABILIZA, CONCEPTO, CALCULO, VALIDACION, TABLADEVALIDACION, TABLADEAYUDA, OPCIONES, TABLA, CAMPO, BASICO, MASCARA)
VALUES (43671, '' '', 0, ''Código de Administradora'', ''Código de Administradora'', 2, ''N'', 0, NULL, 0, 0, 0, 0, 4449, 0, 0, 4492, ''ADMINISTRADORA'', 0, NULL)

INSERT INTO DICCIONARIO (NUMERODECAMPO, USODELCAMPO, REFERENCIA, DESCRIPCION, PROMPT, LARGO, TIPODECAMPO, DECIMALES, EDICION, CONTABILIZA, CONCEPTO, CALCULO, VALIDACION, TABLADEVALIDACION, TABLADEAYUDA, OPCIONES, TABLA, CAMPO, BASICO, MASCARA)
VALUES (43782, NULL, 0, ''Tipo de Lista'', ''Tipo Lista'', 1, ''N'', 0, NULL, 0, 0, 0, 0, 0, 0, 1, 566, ''TIPO_LISTA'', 0, NULL)

INSERT INTO DICCIONARIO (NUMERODECAMPO, USODELCAMPO, REFERENCIA, DESCRIPCION, PROMPT, LARGO, TIPODECAMPO, DECIMALES, EDICION, CONTABILIZA, CONCEPTO, CALCULO, VALIDACION, TABLADEVALIDACION, TABLADEAYUDA, OPCIONES, TABLA, CAMPO, BASICO, MASCARA)
VALUES (43106, '' '', 0, ''Categoría'', ''Categoría'', 1, ''A'', 0, NULL, 0, 0, 0, 0, 0, 0, 1, 4310, ''CATEGORIA'', 0, NULL)

INSERT INTO DICCIONARIO (NUMERODECAMPO, USODELCAMPO, REFERENCIA, DESCRIPCION, PROMPT, LARGO, TIPODECAMPO, DECIMALES, EDICION, CONTABILIZA, CONCEPTO, CALCULO, VALIDACION, TABLADEVALIDACION, TABLADEAYUDA, OPCIONES, TABLA, CAMPO, BASICO, MASCARA)
VALUES (43295, '' '', 0, ''Tipo'', ''Tipo'', 1, ''A'', 0, NULL, 0, 0, 0, 0, 0, 0, 1, 4325, ''TIPO'', 0, NULL)

INSERT INTO DICCIONARIO (NUMERODECAMPO, USODELCAMPO, REFERENCIA, DESCRIPCION, PROMPT, LARGO, TIPODECAMPO, DECIMALES, EDICION, CONTABILIZA, CONCEPTO, CALCULO, VALIDACION, TABLADEVALIDACION, TABLADEAYUDA, OPCIONES, TABLA, CAMPO, BASICO, MASCARA)
VALUES (43737, '' '', 0, ''Ayuda Maestro Administradoras TJC'', ''Ayuda Maestro Administradoras TJC'', 2, ''N'', 0, NULL, 0, 0, 0, 0, 0, 44498, 0, 0, ''AYUDA'', 0, NULL)

INSERT INTO DICCIONARIO (NUMERODECAMPO, USODELCAMPO, REFERENCIA, DESCRIPCION, PROMPT, LARGO, TIPODECAMPO, DECIMALES, EDICION, CONTABILIZA, CONCEPTO, CALCULO, VALIDACION, TABLADEVALIDACION, TABLADEAYUDA, OPCIONES, TABLA, CAMPO, BASICO, MASCARA)
VALUES (43783, NULL, 0, ''Acciones Confirmar Lista'', ''Acciones'', 1, ''A'', 0, NULL, 0, 0, 0, 0, 0, 0, 1, 0, ''ACC_CONF_LISTA'', 0, NULL)

INSERT INTO DICCIONARIO (NUMERODECAMPO, USODELCAMPO, REFERENCIA, DESCRIPCION, PROMPT, LARGO, TIPODECAMPO, DECIMALES, EDICION, CONTABILIZA, CONCEPTO, CALCULO, VALIDACION, TABLADEVALIDACION, TABLADEAYUDA, OPCIONES, TABLA, CAMPO, BASICO, MASCARA)
VALUES (45142, '' '', 0, ''Ayuda Subclasif Garantias'', ''Ayuda Subclasif Garantias'', 2, ''N'', 0, NULL, 0, 0, 0, 0, 0, 0, 0, 0, ''AYUDA'', 0, NULL)

INSERT INTO DICCIONARIO (NUMERODECAMPO, USODELCAMPO, REFERENCIA, DESCRIPCION, PROMPT, LARGO, TIPODECAMPO, DECIMALES, EDICION, CONTABILIZA, CONCEPTO, CALCULO, VALIDACION, TABLADEVALIDACION, TABLADEAYUDA, OPCIONES, TABLA, CAMPO, BASICO, MASCARA)
VALUES (58503, '' '', 0, ''Pivot Ints adel Descuent'', ''Piv Ints adel Descuent'', 15, ''N'', 2, ''I'', 0, 0, 0, 0, 0, 0, 0, 0, NULL, 0, NULL)

INSERT INTO DICCIONARIO (NUMERODECAMPO, USODELCAMPO, REFERENCIA, DESCRIPCION, PROMPT, LARGO, TIPODECAMPO, DECIMALES, EDICION, CONTABILIZA, CONCEPTO, CALCULO, VALIDACION, TABLADEVALIDACION, TABLADEAYUDA, OPCIONES, TABLA, CAMPO, BASICO, MASCARA)
VALUES (6873, NULL, 0, ''Tipo de garantía'', ''Tipo Grtía Banco'', 2, ''N'', 0, NULL, 0, 0, 0, 0, 0, 771, 0, 73, ''Tipogarantia'', 0, NULL)

INSERT INTO DICCIONARIO (NUMERODECAMPO, USODELCAMPO, REFERENCIA, DESCRIPCION, PROMPT, LARGO, TIPODECAMPO, DECIMALES, EDICION, CONTABILIZA, CONCEPTO, CALCULO, VALIDACION, TABLADEVALIDACION, TABLADEAYUDA, OPCIONES, TABLA, CAMPO, BASICO, MASCARA)
VALUES (6952, NULL, 0, ''Código de Tipo de Garantía'', ''Tipo Garantía Banco'', 2, ''N'', 0, NULL, 0, 0, 0, 144, 0, 771, 0, 77, ''TIPO_GARANTIA'', 0, NULL)

INSERT INTO DICCIONARIO (NUMERODECAMPO, USODELCAMPO, REFERENCIA, DESCRIPCION, PROMPT, LARGO, TIPODECAMPO, DECIMALES, EDICION, CONTABILIZA, CONCEPTO, CALCULO, VALIDACION, TABLADEVALIDACION, TABLADEAYUDA, OPCIONES, TABLA, CAMPO, BASICO, MASCARA)
VALUES (7000, '' '', 0, ''Tipo de Documento'', ''Tipo de Documento'', 4, ''A'', 0, NULL, 0, 0, 0, 0, 0, 0, 0, 118, ''TIPO_DOCUMENTO'', 0, NULL)

INSERT INTO DICCIONARIO (NUMERODECAMPO, USODELCAMPO, REFERENCIA, DESCRIPCION, PROMPT, LARGO, TIPODECAMPO, DECIMALES, EDICION, CONTABILIZA, CONCEPTO, CALCULO, VALIDACION, TABLADEVALIDACION, TABLADEAYUDA, OPCIONES, TABLA, CAMPO, BASICO, MASCARA)
VALUES (7002, '' '', 0, ''Numero de serie'', ''Nº serie'', 6, ''A'', 0, NULL, 0, 0, 0, 0, 0, 0, 0, 118, ''SERIE_DEL_CHEQUE'', 0, NULL)

INSERT INTO DICCIONARIO (NUMERODECAMPO, USODELCAMPO, REFERENCIA, DESCRIPCION, PROMPT, LARGO, TIPODECAMPO, DECIMALES, EDICION, CONTABILIZA, CONCEPTO, CALCULO, VALIDACION, TABLADEVALIDACION, TABLADEAYUDA, OPCIONES, TABLA, CAMPO, BASICO, MASCARA)
VALUES (7003, '' '', 0, ''Nro de cheque'', ''Nº cheque'', 12, ''N'', 0, NULL, 0, 0, 0, 0, 0, 0, 0, 118, ''NUMERO_CHEQUE'', 0, NULL)

INSERT INTO DICCIONARIO (NUMERODECAMPO, USODELCAMPO, REFERENCIA, DESCRIPCION, PROMPT, LARGO, TIPODECAMPO, DECIMALES, EDICION, CONTABILIZA, CONCEPTO, CALCULO, VALIDACION, TABLADEVALIDACION, TABLADEAYUDA, OPCIONES, TABLA, CAMPO, BASICO, MASCARA)
VALUES (7017, '' '', 0, ''Fecha de Acreditacion'', ''Fecha Acreditación'', 8, ''F'', 0, ''F'', 0, 0, 0, 0, 0, 0, 0, 118, ''FECHA_ACREDITACION'', 0, NULL)


DELETE FROM OPCIONES WHERE NUMERODECAMPO=7134 AND OPCIONINTERNA=''9''

DELETE FROM OPCIONES WHERE NUMERODECAMPO=43208 AND OPCIONINTERNA=''G''

DELETE FROM OPCIONES WHERE NUMERODECAMPO=43209 AND OPCIONINTERNA=''G''

DELETE FROM OPCIONES WHERE NUMERODECAMPO=43281 AND OPCIONINTERNA= ''G''

DELETE FROM OPCIONES WHERE NUMERODECAMPO=43295 AND OPCIONINTERNA=''L''

DELETE FROM OPCIONES WHERE NUMERODECAMPO=43440 AND OPCIONINTERNA=''G''

DELETE FROM OPCIONES WHERE NUMERODECAMPO=43781 AND OPCIONINTERNA=''1''

DELETE FROM OPCIONES WHERE NUMERODECAMPO=43781 AND OPCIONINTERNA=''2''

DELETE FROM OPCIONES WHERE NUMERODECAMPO=43781 AND OPCIONINTERNA=''3''

DELETE FROM OPCIONES WHERE NUMERODECAMPO=43781 AND OPCIONINTERNA=''4''

DELETE FROM OPCIONES WHERE NUMERODECAMPO=43781 AND OPCIONINTERNA=''5''

DELETE FROM OPCIONES WHERE NUMERODECAMPO=43782 AND OPCIONINTERNA=''1''

DELETE FROM OPCIONES WHERE NUMERODECAMPO=43782 AND OPCIONINTERNA=''2''

DELETE FROM OPCIONES WHERE NUMERODECAMPO=43783 AND OPCIONINTERNA=''A''

DELETE FROM OPCIONES WHERE NUMERODECAMPO=43783 AND OPCIONINTERNA=''D''

DELETE FROM OPCIONES WHERE NUMERODECAMPO=43783 AND OPCIONINTERNA=''R''

DELETE FROM OPCIONES WHERE NUMERODECAMPO=43791 AND OPCIONINTERNA=''1''

DELETE FROM OPCIONES WHERE NUMERODECAMPO=43791 AND OPCIONINTERNA=''2''

DELETE FROM OPCIONES WHERE NUMERODECAMPO=43791 AND OPCIONINTERNA=''3''

DELETE FROM OPCIONES WHERE NUMERODECAMPO=43791 AND OPCIONINTERNA=''4''

DELETE FROM OPCIONES WHERE NUMERODECAMPO=43791 AND OPCIONINTERNA=''5''

DELETE FROM OPCIONES WHERE NUMERODECAMPO=43800 AND OPCIONINTERNA=''O''

DELETE FROM OPCIONES WHERE NUMERODECAMPO=43800 AND OPCIONINTERNA=''S''

INSERT INTO OPCIONES (NUMERODECAMPO, IDIOMA, DESCRIPCION, OPCIONINTERNA, OPCIONDEPANTALLA)
VALUES (7134, ''E'', ''Contabilizado'', ''9'', ''9'')

INSERT INTO OPCIONES (NUMERODECAMPO, IDIOMA, DESCRIPCION, OPCIONINTERNA, OPCIONDEPANTALLA)
VALUES (43208, ''E'', ''NO MIPYMES'', ''G'', ''G'')

INSERT INTO OPCIONES (NUMERODECAMPO, IDIOMA, DESCRIPCION, OPCIONINTERNA, OPCIONDEPANTALLA)
VALUES (43209, ''E'', ''NO MIPYMES'', ''G'', ''G'')

INSERT INTO OPCIONES (NUMERODECAMPO, IDIOMA, DESCRIPCION, OPCIONINTERNA, OPCIONDEPANTALLA)
VALUES (43281, ''E'', ''NO MIPYMES'', ''G'', ''G'')

INSERT INTO OPCIONES (NUMERODECAMPO, IDIOMA, DESCRIPCION, OPCIONINTERNA, OPCIONDEPANTALLA)
VALUES (43295, ''E'', ''Producto'', ''L'', ''L'')

INSERT INTO OPCIONES (NUMERODECAMPO, IDIOMA, DESCRIPCION, OPCIONINTERNA, OPCIONDEPANTALLA)
VALUES (43440, ''E'', ''NO MIPYMES'', ''G'', ''G'')

INSERT INTO OPCIONES (NUMERODECAMPO, IDIOMA, DESCRIPCION, OPCIONINTERNA, OPCIONDEPANTALLA)
VALUES (43781, ''E'', ''Conforme'', ''1'', ''1'')

INSERT INTO OPCIONES (NUMERODECAMPO, IDIOMA, DESCRIPCION, OPCIONINTERNA, OPCIONDEPANTALLA)
VALUES (43781, ''E'', ''Cheque'', ''2'', ''2'')

INSERT INTO OPCIONES (NUMERODECAMPO, IDIOMA, DESCRIPCION, OPCIONINTERNA, OPCIONDEPANTALLA)
VALUES (43781, ''E'', ''Factura'', ''3'', ''3'')

INSERT INTO OPCIONES (NUMERODECAMPO, IDIOMA, DESCRIPCION, OPCIONINTERNA, OPCIONDEPANTALLA)
VALUES (43781, ''E'', ''Certificado DGI'', ''4'', ''4'')

INSERT INTO OPCIONES (NUMERODECAMPO, IDIOMA, DESCRIPCION, OPCIONINTERNA, OPCIONDEPANTALLA)
VALUES (43781, ''E'', ''Cheque del Exterior'', ''5'', ''5'')

INSERT INTO OPCIONES (NUMERODECAMPO, IDIOMA, DESCRIPCION, OPCIONINTERNA, OPCIONDEPANTALLA)
VALUES (43782, ''E'', ''Valores al Cobro'', ''1'', ''1'')

INSERT INTO OPCIONES (NUMERODECAMPO, IDIOMA, DESCRIPCION, OPCIONINTERNA, OPCIONDEPANTALLA)
VALUES (43782, ''E'', ''Descuento de Documentos'', ''2'', ''2'')

INSERT INTO OPCIONES (NUMERODECAMPO, IDIOMA, DESCRIPCION, OPCIONINTERNA, OPCIONDEPANTALLA)
VALUES (43783, ''E'', ''Aprobar'', ''A'', ''A'')

INSERT INTO OPCIONES (NUMERODECAMPO, IDIOMA, DESCRIPCION, OPCIONINTERNA, OPCIONDEPANTALLA)
VALUES (43783, ''E'', ''Devolver'', ''D'', ''D'')

INSERT INTO OPCIONES (NUMERODECAMPO, IDIOMA, DESCRIPCION, OPCIONINTERNA, OPCIONDEPANTALLA)
VALUES (43783, ''E'', ''Rechazar'', ''R'', ''R'')

INSERT INTO OPCIONES (NUMERODECAMPO, IDIOMA, DESCRIPCION, OPCIONINTERNA, OPCIONDEPANTALLA)
VALUES (43791, ''E'', ''Deposito'', ''1'', ''1'')

INSERT INTO OPCIONES (NUMERODECAMPO, IDIOMA, DESCRIPCION, OPCIONINTERNA, OPCIONDEPANTALLA)
VALUES (43791, ''E'', ''Al cobro'', ''2'', ''2'')

INSERT INTO OPCIONES (NUMERODECAMPO, IDIOMA, DESCRIPCION, OPCIONINTERNA, OPCIONDEPANTALLA)
VALUES (43791, ''E'', ''Descuento/Compra'', ''3'', ''3'')

INSERT INTO OPCIONES (NUMERODECAMPO, IDIOMA, DESCRIPCION, OPCIONINTERNA, OPCIONDEPANTALLA)
VALUES (43791, ''E'', ''Pago'', ''4'', ''4'')

INSERT INTO OPCIONES (NUMERODECAMPO, IDIOMA, DESCRIPCION, OPCIONINTERNA, OPCIONDEPANTALLA)
VALUES (43791, ''E'', ''Interna Banco'', ''5'', ''5'')

INSERT INTO OPCIONES (NUMERODECAMPO, IDIOMA, DESCRIPCION, OPCIONINTERNA, OPCIONDEPANTALLA)
VALUES (43800, ''E'', ''Sobre Monto Original'', ''O'', ''O'')

INSERT INTO OPCIONES (NUMERODECAMPO, IDIOMA, DESCRIPCION, OPCIONINTERNA, OPCIONDEPANTALLA)
VALUES (43800, ''E'', ''Sobre Saldo'', ''S'', ''S'')


DELETE FROM AYUDAS WHERE NUMERODEAYUDA IN(43300,43342,6001)

INSERT INTO AYUDAS (NUMERODEARCHIVO, NUMERODEAYUDA, DESCRIPCION, FILTRO, MOSTRARTODOS, CAMPOS, CAMPOSVISTA, BASEVISTA, NOMBREVISTA, AYUDAGRANDE)
VALUES (4325, 43300, ''Ayuda tasas mixtas'', '''', 0, ''43295R;43296R;43297R;43298;43299;'', NULL, NULL, NULL, 0)
INSERT INTO AYUDAS (NUMERODEARCHIVO, NUMERODEAYUDA, DESCRIPCION, FILTRO, MOSTRARTODOS, CAMPOS, CAMPOSVISTA, BASEVISTA, NOMBREVISTA, AYUDAGRANDE)
VALUES (0, 43342, ''Ay. Deudas Interna'', NULL, 0, ''65;93;401;1058;48;262;20;537;37;605;429R;'', ''Sucursal;Nombre Sucursal;Producto;Nombre Producto;Cuenta;Operacion;Desglose;Moneda;Monto;Opcion;Numero Solicitud;'', ''TOP/CLIENTES'', ''VW_DEUDAS_INTERNAS_PP'', 0)


DELETE FROM TRANSACCIONES  WHERE IDENTIFICACION=6001
INSERT INTO TRANSACCIONES (TITULO, IDENTIFICACION, TIPO, NOMBRE, DESCRIPCION, TIPODETRANSACCION, NUMERODETABLA, REGISTRODESALIDA)
VALUES (800, 6001, ''S'', ''Consulta NOSIS'', ''Consulta NOSIS'', ''C'', NULL, NULL)

DELETE FROM REPORTES WHERE IDENTIFICACION IN(8070,8071,8072,8073)
INSERT INTO REPORTES (TITULO, IDENTIFICACION, DESCRIPCION, TIPO, BIGREPORT, TIPOSALIDA, GENERAREPORTE, GENERAONLINEREPORTE, GRUPO_REIMPRESION, EJ_DE_OPERACION)
VALUES (6650, 8070, ''Facturas Descontados '', ''C'', 0, NULL, 0, 0, 0, ''N'')

INSERT INTO REPORTES (TITULO, IDENTIFICACION, DESCRIPCION, TIPO, BIGREPORT, TIPOSALIDA, GENERAREPORTE, GENERAONLINEREPORTE, GRUPO_REIMPRESION, EJ_DE_OPERACION)
VALUES (6650, 8071, ''Cheques Descontados'', ''C'', 0, NULL, 0, 0, 0, ''N'')

INSERT INTO REPORTES (TITULO, IDENTIFICACION, DESCRIPCION, TIPO, BIGREPORT, TIPOSALIDA, GENERAREPORTE, GENERAONLINEREPORTE, GRUPO_REIMPRESION, EJ_DE_OPERACION)
VALUES (6650, 8072, ''Lista Documentos'', ''C'', 0, NULL, 0, 0, 0, ''N'')

INSERT INTO REPORTES (TITULO, IDENTIFICACION, DESCRIPCION, TIPO, BIGREPORT, TIPOSALIDA, GENERAREPORTE, GENERAONLINEREPORTE, GRUPO_REIMPRESION, EJ_DE_OPERACION)
VALUES (6650, 8073, ''Lista Cheques'', ''C'', 0, NULL, 0, 0, 0, ''N'')


DELETE FROM OPERACIONES WHERE IDENTIFICACION IN(6010,6059,3539,5801,5810,5811,5812,5815,5816,5983,5985,5987,5989,6009,6012,6018,6039,8075)

INSERT INTO OPERACIONES (TITULO, IDENTIFICACION, NOMBRE, DESCRIPCION, MNEMOTECNICO, AUTORIZACION, FORMULARIOPRINCIPAL, PROXOPERACION, ESTADO, TZ_LOCK, COPIAS, SUBOPERACION, PERMITEBAJA, COMPORTAMIENTOENCIERRE, REQUIERECONTRASENA, PERMITECONCURRENTE, PERMITEESTADODIFERIDO, ICONO_TITULO, ESTILO)
VALUES (6810, 6010, ''Vincular Solicitud Con Lista'', ''Vincular Solicitud Con Lista'', ''6010'', ''N'', NULL, NULL, ''D'', 0, NULL, 1, ''S'', ''N'', ''N'', ''S'', ''S'', NULL, 0)

INSERT INTO OPERACIONES (TITULO, IDENTIFICACION, NOMBRE, DESCRIPCION, MNEMOTECNICO, AUTORIZACION, FORMULARIOPRINCIPAL, PROXOPERACION, ESTADO, TZ_LOCK, COPIAS, SUBOPERACION, PERMITEBAJA, COMPORTAMIENTOENCIERRE, REQUIERECONTRASENA, PERMITECONCURRENTE, PERMITEESTADODIFERIDO, ICONO_TITULO, ESTILO)
VALUES (6810, 6059, ''Consulta Lista'', ''Consulta Lista'', ''6059'', ''N'', NULL, NULL, ''P'', 0, NULL, 1, ''S'', ''N'', ''N'', ''S'', ''S'', NULL, 0)

INSERT INTO OPERACIONES (TITULO, IDENTIFICACION, NOMBRE, DESCRIPCION, MNEMOTECNICO, AUTORIZACION, FORMULARIOPRINCIPAL, PROXOPERACION, ESTADO, TZ_LOCK, COPIAS, SUBOPERACION, PERMITEBAJA, COMPORTAMIENTOENCIERRE, REQUIERECONTRASENA, PERMITECONCURRENTE, PERMITEESTADODIFERIDO, ICONO_TITULO, ESTILO)
VALUES (6815, 0, ''- DOCUMENTOS A DESCONTAR O AL COBRO'', NULL, ''0'', NULL, NULL, NULL, NULL, 0, NULL, NULL, NULL, NULL, NULL, ''N'', ''S'', NULL, 0)

INSERT INTO OPERACIONES (TITULO, IDENTIFICACION, NOMBRE, DESCRIPCION, MNEMOTECNICO, AUTORIZACION, FORMULARIOPRINCIPAL, PROXOPERACION, ESTADO, TZ_LOCK, COPIAS, SUBOPERACION, PERMITEBAJA, COMPORTAMIENTOENCIERRE, REQUIERECONTRASENA, PERMITECONCURRENTE, PERMITEESTADODIFERIDO, ICONO_TITULO, ESTILO)
VALUES (6815, 3539, ''ABMC Cuentas de Cheques'', ''ABMC Cuentas de Cheques'', ''3539'', ''N'', NULL, NULL, ''P'', 0, NULL, 0, ''S'', ''N'', ''N'', ''S'', ''S'', NULL, 0)

INSERT INTO OPERACIONES (TITULO, IDENTIFICACION, NOMBRE, DESCRIPCION, MNEMOTECNICO, AUTORIZACION, FORMULARIOPRINCIPAL, PROXOPERACION, ESTADO, TZ_LOCK, COPIAS, SUBOPERACION, PERMITEBAJA, COMPORTAMIENTOENCIERRE, REQUIERECONTRASENA, PERMITECONCURRENTE, PERMITEESTADODIFERIDO, ICONO_TITULO, ESTILO)
VALUES (6815, 5801, ''Ingreso de Lista de Documentos'', ''Ingreso de Lista de Documentos'', ''5801'', ''N'', NULL, NULL, ''P'', 0, NULL, 1, ''S'', ''N'', ''N'', ''S'', ''S'', NULL, NULL)

INSERT INTO OPERACIONES (TITULO, IDENTIFICACION, NOMBRE, DESCRIPCION, MNEMOTECNICO, AUTORIZACION, FORMULARIOPRINCIPAL, PROXOPERACION, ESTADO, TZ_LOCK, COPIAS, SUBOPERACION, PERMITEBAJA, COMPORTAMIENTOENCIERRE, REQUIERECONTRASENA, PERMITECONCURRENTE, PERMITEESTADODIFERIDO, ICONO_TITULO, ESTILO)
VALUES (6815, 5810, ''Cancelación Documento Descontar'', ''Cancelación Documento Descontar'', ''5810'', ''N'', 500, NULL, ''P'', 0, NULL, 0, ''S'', ''N'', ''N'', ''S'', ''S'', NULL, NULL)

INSERT INTO OPERACIONES (TITULO, IDENTIFICACION, NOMBRE, DESCRIPCION, MNEMOTECNICO, AUTORIZACION, FORMULARIOPRINCIPAL, PROXOPERACION, ESTADO, TZ_LOCK, COPIAS, SUBOPERACION, PERMITEBAJA, COMPORTAMIENTOENCIERRE, REQUIERECONTRASENA, PERMITECONCURRENTE, PERMITEESTADODIFERIDO, ICONO_TITULO, ESTILO)
VALUES (6815, 5811, ''Contabilización Documentos Al Cobro'', ''Contabilización Documentos Al Cobro'', ''5811'', ''N'', 500, NULL, ''P'', 0, NULL, 0, ''S'', ''N'', ''N'', ''S'', ''S'', NULL, NULL)

INSERT INTO OPERACIONES (TITULO, IDENTIFICACION, NOMBRE, DESCRIPCION, MNEMOTECNICO, AUTORIZACION, FORMULARIOPRINCIPAL, PROXOPERACION, ESTADO, TZ_LOCK, COPIAS, SUBOPERACION, PERMITEBAJA, COMPORTAMIENTOENCIERRE, REQUIERECONTRASENA, PERMITECONCURRENTE, PERMITEESTADODIFERIDO, ICONO_TITULO, ESTILO)
VALUES (6815, 5812, ''Cancelación Documentos Al Cobro'', ''Cancelación Documentos Al Cobro'', ''5812'', ''N'', 500, NULL, ''P'', 0, NULL, 0, ''S'', ''N'', ''N'', ''S'', ''S'', NULL, NULL)

INSERT INTO OPERACIONES (TITULO, IDENTIFICACION, NOMBRE, DESCRIPCION, MNEMOTECNICO, AUTORIZACION, FORMULARIOPRINCIPAL, PROXOPERACION, ESTADO, TZ_LOCK, COPIAS, SUBOPERACION, PERMITEBAJA, COMPORTAMIENTOENCIERRE, REQUIERECONTRASENA, PERMITECONCURRENTE, PERMITEESTADODIFERIDO, ICONO_TITULO, ESTILO)
VALUES (6815, 5815, ''Retiro de Documentos al Cobro'', ''Retiro de Documentos al Cobro'', ''5815'', ''N'', 500, NULL, ''P'', 0, NULL, 0, ''S'', ''N'', ''N'', ''S'', ''S'', NULL, NULL)

INSERT INTO OPERACIONES (TITULO, IDENTIFICACION, NOMBRE, DESCRIPCION, MNEMOTECNICO, AUTORIZACION, FORMULARIOPRINCIPAL, PROXOPERACION, ESTADO, TZ_LOCK, COPIAS, SUBOPERACION, PERMITEBAJA, COMPORTAMIENTOENCIERRE, REQUIERECONTRASENA, PERMITECONCURRENTE, PERMITEESTADODIFERIDO, ICONO_TITULO, ESTILO)
VALUES (6815, 5816, ''Retiro de Cheques al Cobro'', ''Retiro de Cheques al Cobro'', ''5816'', ''N'', 500, NULL, ''P'', 0, NULL, 0, ''S'', ''N'', ''N'', ''S'', ''S'', NULL, NULL)

INSERT INTO OPERACIONES (TITULO, IDENTIFICACION, NOMBRE, DESCRIPCION, MNEMOTECNICO, AUTORIZACION, FORMULARIOPRINCIPAL, PROXOPERACION, ESTADO, TZ_LOCK, COPIAS, SUBOPERACION, PERMITEBAJA, COMPORTAMIENTOENCIERRE, REQUIERECONTRASENA, PERMITECONCURRENTE, PERMITEESTADODIFERIDO, ICONO_TITULO, ESTILO)
VALUES (6815, 5983, ''Ingreso Lista Cheques'', ''Ingreso Lista Cheques'', ''5983'', ''N'', NULL, NULL, ''P'', 0, NULL, 1, ''S'', ''N'', ''N'', ''S'', ''S'', NULL, 0)

INSERT INTO OPERACIONES (TITULO, IDENTIFICACION, NOMBRE, DESCRIPCION, MNEMOTECNICO, AUTORIZACION, FORMULARIOPRINCIPAL, PROXOPERACION, ESTADO, TZ_LOCK, COPIAS, SUBOPERACION, PERMITEBAJA, COMPORTAMIENTOENCIERRE, REQUIERECONTRASENA, PERMITECONCURRENTE, PERMITEESTADODIFERIDO, ICONO_TITULO, ESTILO)
VALUES (6815, 5985, ''Cancelación Descuento de Cheques'', ''Cancelación Descuento de Cheques'', ''5985'', ''N'', 500, NULL, ''P'', 0, NULL, 0, ''S'', ''N'', ''N'', ''S'', ''S'', NULL, NULL)

INSERT INTO OPERACIONES (TITULO, IDENTIFICACION, NOMBRE, DESCRIPCION, MNEMOTECNICO, AUTORIZACION, FORMULARIOPRINCIPAL, PROXOPERACION, ESTADO, TZ_LOCK, COPIAS, SUBOPERACION, PERMITEBAJA, COMPORTAMIENTOENCIERRE, REQUIERECONTRASENA, PERMITECONCURRENTE, PERMITEESTADODIFERIDO, ICONO_TITULO, ESTILO)
VALUES (6815, 5987, ''Contabilizar Cheques al Cobro'', ''Contabilizar Cheques al Cobro'', ''5987'', ''N'', 500, NULL, ''P'', 0, NULL, 0, ''S'', ''N'', ''N'', ''S'', ''S'', NULL, NULL)

INSERT INTO OPERACIONES (TITULO, IDENTIFICACION, NOMBRE, DESCRIPCION, MNEMOTECNICO, AUTORIZACION, FORMULARIOPRINCIPAL, PROXOPERACION, ESTADO, TZ_LOCK, COPIAS, SUBOPERACION, PERMITEBAJA, COMPORTAMIENTOENCIERRE, REQUIERECONTRASENA, PERMITECONCURRENTE, PERMITEESTADODIFERIDO, ICONO_TITULO, ESTILO)
VALUES (6815, 5989, ''Cancelación Cheques al Cobro'', ''Cancelación Cheques al Cobro'', ''5989'', ''N'', 500, NULL, ''P'', 0, NULL, 0, ''S'', ''N'', ''N'', ''S'', ''S'', NULL, NULL)

INSERT INTO OPERACIONES (TITULO, IDENTIFICACION, NOMBRE, DESCRIPCION, MNEMOTECNICO, AUTORIZACION, FORMULARIOPRINCIPAL, PROXOPERACION, ESTADO, TZ_LOCK, COPIAS, SUBOPERACION, PERMITEBAJA, COMPORTAMIENTOENCIERRE, REQUIERECONTRASENA, PERMITECONCURRENTE, PERMITEESTADODIFERIDO, ICONO_TITULO, ESTILO)
VALUES (6815, 6009, ''Controles de documentos'', ''Controles de documentos'', ''6009'', ''N'', NULL, NULL, ''D'', 0, NULL, 1, ''S'', ''N'', ''N'', ''S'', ''S'', NULL, 0)

INSERT INTO OPERACIONES (TITULO, IDENTIFICACION, NOMBRE, DESCRIPCION, MNEMOTECNICO, AUTORIZACION, FORMULARIOPRINCIPAL, PROXOPERACION, ESTADO, TZ_LOCK, COPIAS, SUBOPERACION, PERMITEBAJA, COMPORTAMIENTOENCIERRE, REQUIERECONTRASENA, PERMITECONCURRENTE, PERMITEESTADODIFERIDO, ICONO_TITULO, ESTILO)
VALUES (6815, 6012, ''Aprobar Lista'', ''Aprobar Lista'', ''6012'', ''N'', NULL, NULL, ''D'', 0, NULL, 1, ''S'', ''N'', ''N'', ''S'', ''S'', NULL, NULL)

INSERT INTO OPERACIONES (TITULO, IDENTIFICACION, NOMBRE, DESCRIPCION, MNEMOTECNICO, AUTORIZACION, FORMULARIOPRINCIPAL, PROXOPERACION, ESTADO, TZ_LOCK, COPIAS, SUBOPERACION, PERMITEBAJA, COMPORTAMIENTOENCIERRE, REQUIERECONTRASENA, PERMITECONCURRENTE, PERMITEESTADODIFERIDO, ICONO_TITULO, ESTILO)
VALUES (6815, 6018, ''ABMC Lista Documentos a Descontar o al Cobro'', ''ABMC Lista Documentos a Descontar o al Cobro'', ''6018'', ''N'', NULL, NULL, ''P'', 0, NULL, 0, ''S'', ''N'', ''N'', ''S'', ''S'', NULL, 0)

INSERT INTO OPERACIONES (TITULO, IDENTIFICACION, NOMBRE, DESCRIPCION, MNEMOTECNICO, AUTORIZACION, FORMULARIOPRINCIPAL, PROXOPERACION, ESTADO, TZ_LOCK, COPIAS, SUBOPERACION, PERMITEBAJA, COMPORTAMIENTOENCIERRE, REQUIERECONTRASENA, PERMITECONCURRENTE, PERMITEESTADODIFERIDO, ICONO_TITULO, ESTILO)
VALUES (6815, 6039, ''Confirmar Lista/Lote'', ''Confirmar Lista/Lote'', ''6039'', ''N'', NULL, NULL, ''P'', 0, NULL, 1, ''S'', ''N'', ''N'', ''S'', ''S'', NULL, 0)

INSERT INTO OPERACIONES (TITULO, IDENTIFICACION, NOMBRE, DESCRIPCION, MNEMOTECNICO, AUTORIZACION, FORMULARIOPRINCIPAL, PROXOPERACION, ESTADO, TZ_LOCK, COPIAS, SUBOPERACION, PERMITEBAJA, COMPORTAMIENTOENCIERRE, REQUIERECONTRASENA, PERMITECONCURRENTE, PERMITEESTADODIFERIDO, ICONO_TITULO, ESTILO)
VALUES (6850, 8075, ''ABMC de Tasas Mixtas'', ''ABMC de Tasas Mixtas'', ''8075'', ''N'', NULL, NULL, ''D'', 0, NULL, 0, ''S'', ''N'', ''N'', ''N'', ''N'', NULL, 0)

UPDATE DICCIONARIO SET TABLADEAYUDA = 331 WHERE NUMERODECAMPO = 43787')








