EXECUTE('
INSERT INTO PLANCTAS (TZ_LOCK, C6300, C6301, C6302, C6303, C6304, C6305, C6306, C6307, C6308, C6309, C6310, C6311, C6312, C6313, C6314, C6315, C6316, C6317, C6326, C6327, C6329, C6330, C6331, C6340, C6341, RUBRO_PERDIDA_VAL, RUBRO_GANANCIA_VAL, C6318, DEV_TASA_MORA, CALIFICA, DIADEVENGA, PREVISIONA, APERT_REFERENC, CENTRAL_RIESGOS, LCRED_CONTINGENCIA, TIPO_AJUSTE_VALUACION, EXPSOBREGIRO, ESTADO_ORG_CONTROL, DEVENGADO_POR_PLAZO, DISTRIBUYE_CENTROCOSTO, CONVIERTEA_MN, COD_INTERNO_IFRS, INVENTARIADO)
VALUES (0, ''Acred Comercio MasterCard ME'', 1451360100, ''E'', '' '', ''1'', ''D'', ''0'', ''  '', '' '', ''0'', ''  '', ''  '', ''  '', ''  '', ''  '', ''  '', '' '', '' '', 1451360100, '' '', 0, 0, 0, 1451360100, NULL, 5259100000, 5159100000, ''N'', ''N'', ''N'', '' '', 0, ''N'', ''N'', ''0'', 0, ''N'', ''N'', ''N'', ''N'', ''N'', ''145136'', NULL)

INSERT INTO PLANCTAS (TZ_LOCK, C6300, C6301, C6302, C6303, C6304, C6305, C6306, C6307, C6308, C6309, C6310, C6311, C6312, C6313, C6314, C6315, C6316, C6317, C6326, C6327, C6329, C6330, C6331, C6340, C6341, RUBRO_PERDIDA_VAL, RUBRO_GANANCIA_VAL, C6318, DEV_TASA_MORA, CALIFICA, DIADEVENGA, PREVISIONA, APERT_REFERENC, CENTRAL_RIESGOS, LCRED_CONTINGENCIA, TIPO_AJUSTE_VALUACION, EXPSOBREGIRO, ESTADO_ORG_CONTROL, DEVENGADO_POR_PLAZO, DISTRIBUYE_CENTROCOSTO, CONVIERTEA_MN, COD_INTERNO_IFRS, INVENTARIADO)
VALUES (0, ''Acred Comercio Cabal ME'', 1451360200, ''E'', '' '', ''1'', ''D'', ''0'', ''  '', '' '', ''0'', ''  '', ''  '', ''  '', ''  '', ''  '', ''  '', '' '', '' '', 1451360200, '' '', 0, 0, 0, 1451360200, NULL, 5259100000, 5159100000, ''N'', ''N'', ''N'', '' '', 0, ''N'', ''N'', ''0'', 0, ''N'', ''N'', ''N'', ''N'', ''N'', ''145136'', NULL)

INSERT INTO PLANCTAS (TZ_LOCK, C6300, C6301, C6302, C6303, C6304, C6305, C6306, C6307, C6308, C6309, C6310, C6311, C6312, C6313, C6314, C6315, C6316, C6317, C6326, C6327, C6329, C6330, C6331, C6340, C6341, RUBRO_PERDIDA_VAL, RUBRO_GANANCIA_VAL, C6318, DEV_TASA_MORA, CALIFICA, DIADEVENGA, PREVISIONA, APERT_REFERENC, CENTRAL_RIESGOS, LCRED_CONTINGENCIA, TIPO_AJUSTE_VALUACION, EXPSOBREGIRO, ESTADO_ORG_CONTROL, DEVENGADO_POR_PLAZO, DISTRIBUYE_CENTROCOSTO, CONVIERTEA_MN, COD_INTERNO_IFRS, INVENTARIADO)
VALUES (0, ''Acred Comercio Visa ME'', 1451360300, ''E'', '' '', ''1'', ''D'', ''0'', ''  '', '' '', ''0'', ''  '', ''  '', ''  '', ''  '', ''  '', ''  '', '' '', '' '', 1451360300, '' '', 0, 0, 0, 1451360300, NULL, 5259100000, 5159100000, ''N'', ''N'', ''N'', '' '', 0, ''N'', ''N'', ''0'', 0, ''N'', ''N'', ''N'', ''N'', ''N'', ''145136'', NULL)

INSERT INTO PLANCTAS (TZ_LOCK, C6300, C6301, C6302, C6303, C6304, C6305, C6306, C6307, C6308, C6309, C6310, C6311, C6312, C6313, C6314, C6315, C6316, C6317, C6326, C6327, C6329, C6330, C6331, C6340, C6341, RUBRO_PERDIDA_VAL, RUBRO_GANANCIA_VAL, C6318, DEV_TASA_MORA, CALIFICA, DIADEVENGA, PREVISIONA, APERT_REFERENC, CENTRAL_RIESGOS, LCRED_CONTINGENCIA, TIPO_AJUSTE_VALUACION, EXPSOBREGIRO, ESTADO_ORG_CONTROL, DEVENGADO_POR_PLAZO, DISTRIBUYE_CENTROCOSTO, CONVIERTEA_MN, COD_INTERNO_IFRS, INVENTARIADO)
VALUES (0, ''Acred Comercio Tuya ME'', 1451360400, ''E'', '' '', ''1'', ''D'', ''0'', ''  '', '' '', ''0'', ''  '', ''  '', ''  '', ''  '', ''  '', ''  '', '' '', '' '', 1451360400, '' '', 0, 0, 0, 1451360400, NULL, 5259100000, 5159100000, ''N'', ''N'', ''N'', '' '', 0, ''N'', ''N'', ''0'', 0, ''N'', ''N'', ''N'', ''N'', ''N'', ''145136'', NULL)

INSERT INTO PLANCTAS (TZ_LOCK, C6300, C6301, C6302, C6303, C6304, C6305, C6306, C6307, C6308, C6309, C6310, C6311, C6312, C6313, C6314, C6315, C6316, C6317, C6326, C6327, C6329, C6330, C6331, C6340, C6341, RUBRO_PERDIDA_VAL, RUBRO_GANANCIA_VAL, C6318, DEV_TASA_MORA, CALIFICA, DIADEVENGA, PREVISIONA, APERT_REFERENC, CENTRAL_RIESGOS, LCRED_CONTINGENCIA, TIPO_AJUSTE_VALUACION, EXPSOBREGIRO, ESTADO_ORG_CONTROL, DEVENGADO_POR_PLAZO, DISTRIBUYE_CENTROCOSTO, CONVIERTEA_MN, COD_INTERNO_IFRS, INVENTARIADO)
VALUES (0, ''Acred Comercio MasterCrad MN'', 1711390100, ''N'', '' '', ''1'', ''D'', ''0'', ''  '', '' '', ''0'', ''  '', ''  '', ''  '', ''  '', ''  '', ''  '', '' '', '' '', 1711390100, '' '', 0, 0, 0, 1711390100, 0, NULL, NULL, ''N'', ''N'', ''N'', '' '', 0, ''N'', ''N'', ''0'', 0, ''N'', ''N'', ''N'', ''N'', ''N'', ''171139'', NULL)

INSERT INTO PLANCTAS (TZ_LOCK, C6300, C6301, C6302, C6303, C6304, C6305, C6306, C6307, C6308, C6309, C6310, C6311, C6312, C6313, C6314, C6315, C6316, C6317, C6326, C6327, C6329, C6330, C6331, C6340, C6341, RUBRO_PERDIDA_VAL, RUBRO_GANANCIA_VAL, C6318, DEV_TASA_MORA, CALIFICA, DIADEVENGA, PREVISIONA, APERT_REFERENC, CENTRAL_RIESGOS, LCRED_CONTINGENCIA, TIPO_AJUSTE_VALUACION, EXPSOBREGIRO, ESTADO_ORG_CONTROL, DEVENGADO_POR_PLAZO, DISTRIBUYE_CENTROCOSTO, CONVIERTEA_MN, COD_INTERNO_IFRS, INVENTARIADO)
VALUES (0, ''Acred Comercio Cabal MN'', 1711390200, ''N'', '' '', ''1'', ''D'', ''0'', ''  '', '' '', ''0'', ''  '', ''  '', ''  '', ''  '', ''  '', ''  '', '' '', '' '', 1711390200, '' '', 0, 0, 0, 1711390200, 0, NULL, NULL, ''N'', ''N'', ''N'', '' '', 0, ''N'', ''N'', ''0'', 0, ''N'', ''N'', ''N'', ''N'', ''N'', ''171139'', NULL)

INSERT INTO PLANCTAS (TZ_LOCK, C6300, C6301, C6302, C6303, C6304, C6305, C6306, C6307, C6308, C6309, C6310, C6311, C6312, C6313, C6314, C6315, C6316, C6317, C6326, C6327, C6329, C6330, C6331, C6340, C6341, RUBRO_PERDIDA_VAL, RUBRO_GANANCIA_VAL, C6318, DEV_TASA_MORA, CALIFICA, DIADEVENGA, PREVISIONA, APERT_REFERENC, CENTRAL_RIESGOS, LCRED_CONTINGENCIA, TIPO_AJUSTE_VALUACION, EXPSOBREGIRO, ESTADO_ORG_CONTROL, DEVENGADO_POR_PLAZO, DISTRIBUYE_CENTROCOSTO, CONVIERTEA_MN, COD_INTERNO_IFRS, INVENTARIADO)
VALUES (0, ''Acred Comercio Visa MN'', 1711390300, ''N'', '' '', ''1'', ''D'', ''0'', ''  '', '' '', ''0'', ''  '', ''  '', ''  '', ''  '', ''  '', ''  '', '' '', '' '', 1711390300, '' '', 0, 0, 0, 1711390300, 0, NULL, NULL, ''N'', ''N'', ''N'', '' '', 0, ''N'', ''N'', ''0'', 0, ''N'', ''N'', ''N'', ''N'', ''N'', ''171139'', NULL)

INSERT INTO PLANCTAS (TZ_LOCK, C6300, C6301, C6302, C6303, C6304, C6305, C6306, C6307, C6308, C6309, C6310, C6311, C6312, C6313, C6314, C6315, C6316, C6317, C6326, C6327, C6329, C6330, C6331, C6340, C6341, RUBRO_PERDIDA_VAL, RUBRO_GANANCIA_VAL, C6318, DEV_TASA_MORA, CALIFICA, DIADEVENGA, PREVISIONA, APERT_REFERENC, CENTRAL_RIESGOS, LCRED_CONTINGENCIA, TIPO_AJUSTE_VALUACION, EXPSOBREGIRO, ESTADO_ORG_CONTROL, DEVENGADO_POR_PLAZO, DISTRIBUYE_CENTROCOSTO, CONVIERTEA_MN, COD_INTERNO_IFRS, INVENTARIADO)
VALUES (0, ''Acred Comercio Tuya MN'', 1711390400, ''N'', '' '', ''1'', ''D'', ''0'', ''  '', '' '', ''0'', ''  '', ''  '', ''  '', ''  '', ''  '', ''  '', '' '', '' '', 1711390400, '' '', 0, 0, 0, 1711390400, 0, NULL, NULL, ''N'', ''N'', ''N'', '' '', 0, ''N'', ''N'', ''0'', 0, ''N'', ''N'', ''N'', ''N'', ''N'', ''171139'', NULL)

INSERT INTO PLANCTAS (TZ_LOCK, C6300, C6301, C6302, C6303, C6304, C6305, C6306, C6307, C6308, C6309, C6310, C6311, C6312, C6313, C6314, C6315, C6316, C6317, C6326, C6327, C6329, C6330, C6331, C6340, C6341, RUBRO_PERDIDA_VAL, RUBRO_GANANCIA_VAL, C6318, DEV_TASA_MORA, CALIFICA, DIADEVENGA, PREVISIONA, APERT_REFERENC, CENTRAL_RIESGOS, LCRED_CONTINGENCIA, TIPO_AJUSTE_VALUACION, EXPSOBREGIRO, ESTADO_ORG_CONTROL, DEVENGADO_POR_PLAZO, DISTRIBUYE_CENTROCOSTO, CONVIERTEA_MN, COD_INTERNO_IFRS, INVENTARIADO)
VALUES (0, ''Cobranza MasterCrad MN'', 3211540100, ''N'', '' '', ''2'', ''C'', ''0'', ''  '', '' '', ''0'', ''  '', ''  '', ''  '', ''  '', ''  '', ''  '', '' '', '' '', 3211540100, '' '', 0, 0, 0, 3211540100, 0, NULL, NULL, ''N'', ''N'', ''N'', '' '', 0, ''N'', ''N'', ''0'', 0, ''N'', ''N'', ''N'', ''N'', ''N'', ''321154'', NULL)

INSERT INTO PLANCTAS (TZ_LOCK, C6300, C6301, C6302, C6303, C6304, C6305, C6306, C6307, C6308, C6309, C6310, C6311, C6312, C6313, C6314, C6315, C6316, C6317, C6326, C6327, C6329, C6330, C6331, C6340, C6341, RUBRO_PERDIDA_VAL, RUBRO_GANANCIA_VAL, C6318, DEV_TASA_MORA, CALIFICA, DIADEVENGA, PREVISIONA, APERT_REFERENC, CENTRAL_RIESGOS, LCRED_CONTINGENCIA, TIPO_AJUSTE_VALUACION, EXPSOBREGIRO, ESTADO_ORG_CONTROL, DEVENGADO_POR_PLAZO, DISTRIBUYE_CENTROCOSTO, CONVIERTEA_MN, COD_INTERNO_IFRS, INVENTARIADO)
VALUES (0, ''Cobranza Cabal MN'', 3211540200, ''N'', '' '', ''2'', ''C'', ''0'', ''  '', '' '', ''0'', ''  '', ''  '', ''  '', ''  '', ''  '', ''  '', '' '', '' '', 3211540200, '' '', 0, 0, 0, 3211540200, 0, NULL, NULL, ''N'', ''N'', ''N'', '' '', 0, ''N'', ''N'', ''0'', 0, ''N'', ''N'', ''N'', ''N'', ''N'', ''321154'', NULL)

INSERT INTO PLANCTAS (TZ_LOCK, C6300, C6301, C6302, C6303, C6304, C6305, C6306, C6307, C6308, C6309, C6310, C6311, C6312, C6313, C6314, C6315, C6316, C6317, C6326, C6327, C6329, C6330, C6331, C6340, C6341, RUBRO_PERDIDA_VAL, RUBRO_GANANCIA_VAL, C6318, DEV_TASA_MORA, CALIFICA, DIADEVENGA, PREVISIONA, APERT_REFERENC, CENTRAL_RIESGOS, LCRED_CONTINGENCIA, TIPO_AJUSTE_VALUACION, EXPSOBREGIRO, ESTADO_ORG_CONTROL, DEVENGADO_POR_PLAZO, DISTRIBUYE_CENTROCOSTO, CONVIERTEA_MN, COD_INTERNO_IFRS, INVENTARIADO)
VALUES (0, ''Cobranza Visa MN'', 3211540300, ''N'', '' '', ''2'', ''C'', ''0'', ''  '', '' '', ''0'', ''  '', ''  '', ''  '', ''  '', ''  '', ''  '', '' '', '' '', 3211540300, '' '', 0, 0, 0, 3211540300, 0, NULL, NULL, ''N'', ''N'', ''N'', '' '', 0, ''N'', ''N'', ''0'', 0, ''N'', ''N'', ''N'', ''N'', ''N'', ''321154'', NULL)

INSERT INTO PLANCTAS (TZ_LOCK, C6300, C6301, C6302, C6303, C6304, C6305, C6306, C6307, C6308, C6309, C6310, C6311, C6312, C6313, C6314, C6315, C6316, C6317, C6326, C6327, C6329, C6330, C6331, C6340, C6341, RUBRO_PERDIDA_VAL, RUBRO_GANANCIA_VAL, C6318, DEV_TASA_MORA, CALIFICA, DIADEVENGA, PREVISIONA, APERT_REFERENC, CENTRAL_RIESGOS, LCRED_CONTINGENCIA, TIPO_AJUSTE_VALUACION, EXPSOBREGIRO, ESTADO_ORG_CONTROL, DEVENGADO_POR_PLAZO, DISTRIBUYE_CENTROCOSTO, CONVIERTEA_MN, COD_INTERNO_IFRS, INVENTARIADO)
VALUES (0, ''Cobranza Tuya MN'', 3211540400, ''N'', '' '', ''2'', ''C'', ''0'', ''  '', '' '', ''0'', ''  '', ''  '', ''  '', ''  '', ''  '', ''  '', '' '', '' '', 3211540400, '' '', 0, 0, 0, 3211540400, 0, NULL, NULL, ''N'', ''N'', ''N'', '' '', 0, ''N'', ''N'', ''0'', 0, ''N'', ''N'', ''N'', ''N'', ''N'', ''321154'', NULL)

INSERT INTO PLANCTAS (TZ_LOCK, C6300, C6301, C6302, C6303, C6304, C6305, C6306, C6307, C6308, C6309, C6310, C6311, C6312, C6313, C6314, C6315, C6316, C6317, C6326, C6327, C6329, C6330, C6331, C6340, C6341, RUBRO_PERDIDA_VAL, RUBRO_GANANCIA_VAL, C6318, DEV_TASA_MORA, CALIFICA, DIADEVENGA, PREVISIONA, APERT_REFERENC, CENTRAL_RIESGOS, LCRED_CONTINGENCIA, TIPO_AJUSTE_VALUACION, EXPSOBREGIRO, ESTADO_ORG_CONTROL, DEVENGADO_POR_PLAZO, DISTRIBUYE_CENTROCOSTO, CONVIERTEA_MN, COD_INTERNO_IFRS, INVENTARIADO)
VALUES (0, ''Cobranza MasterCard ME'', 3251490100, ''E'', '' '', ''2'', ''C'', ''0'', ''  '', '' '', ''0'', ''  '', ''  '', ''  '', ''  '', ''  '', ''  '', '' '', '' '', 3251490100, '' '', 0, 0, 0, 3251490100, NULL, 5259100000, 5159100000, ''N'', ''N'', ''N'', '' '', 0, ''N'', ''N'', ''0'', 0, ''N'', ''N'', ''N'', ''N'', ''N'', ''325149'', NULL)

INSERT INTO PLANCTAS (TZ_LOCK, C6300, C6301, C6302, C6303, C6304, C6305, C6306, C6307, C6308, C6309, C6310, C6311, C6312, C6313, C6314, C6315, C6316, C6317, C6326, C6327, C6329, C6330, C6331, C6340, C6341, RUBRO_PERDIDA_VAL, RUBRO_GANANCIA_VAL, C6318, DEV_TASA_MORA, CALIFICA, DIADEVENGA, PREVISIONA, APERT_REFERENC, CENTRAL_RIESGOS, LCRED_CONTINGENCIA, TIPO_AJUSTE_VALUACION, EXPSOBREGIRO, ESTADO_ORG_CONTROL, DEVENGADO_POR_PLAZO, DISTRIBUYE_CENTROCOSTO, CONVIERTEA_MN, COD_INTERNO_IFRS, INVENTARIADO)
VALUES (0, ''Cobranza Cabal ME'', 3251490200, ''E'', '' '', ''2'', ''C'', ''0'', ''  '', '' '', ''0'', ''  '', ''  '', ''  '', ''  '', ''  '', ''  '', '' '', '' '', 3251490200, '' '', 0, 0, 0, 3251490200, NULL, 5259100000, 5159100000, ''N'', ''N'', ''N'', '' '', 0, ''N'', ''N'', ''0'', 0, ''N'', ''N'', ''N'', ''N'', ''N'', ''325149'', NULL)

INSERT INTO PLANCTAS (TZ_LOCK, C6300, C6301, C6302, C6303, C6304, C6305, C6306, C6307, C6308, C6309, C6310, C6311, C6312, C6313, C6314, C6315, C6316, C6317, C6326, C6327, C6329, C6330, C6331, C6340, C6341, RUBRO_PERDIDA_VAL, RUBRO_GANANCIA_VAL, C6318, DEV_TASA_MORA, CALIFICA, DIADEVENGA, PREVISIONA, APERT_REFERENC, CENTRAL_RIESGOS, LCRED_CONTINGENCIA, TIPO_AJUSTE_VALUACION, EXPSOBREGIRO, ESTADO_ORG_CONTROL, DEVENGADO_POR_PLAZO, DISTRIBUYE_CENTROCOSTO, CONVIERTEA_MN, COD_INTERNO_IFRS, INVENTARIADO)
VALUES (0, ''Cobranza Visa ME'', 3251490300, ''E'', '' '', ''2'', ''C'', ''0'', ''  '', '' '', ''0'', ''  '', ''  '', ''  '', ''  '', ''  '', ''  '', '' '', '' '', 3251490300, '' '', 0, 0, 0, 3251490300, NULL, 5259100000, 5159100000, ''N'', ''N'', ''N'', '' '', 0, ''N'', ''N'', ''0'', 0, ''N'', ''N'', ''N'', ''N'', ''N'', ''325149'', NULL)

INSERT INTO PLANCTAS (TZ_LOCK, C6300, C6301, C6302, C6303, C6304, C6305, C6306, C6307, C6308, C6309, C6310, C6311, C6312, C6313, C6314, C6315, C6316, C6317, C6326, C6327, C6329, C6330, C6331, C6340, C6341, RUBRO_PERDIDA_VAL, RUBRO_GANANCIA_VAL, C6318, DEV_TASA_MORA, CALIFICA, DIADEVENGA, PREVISIONA, APERT_REFERENC, CENTRAL_RIESGOS, LCRED_CONTINGENCIA, TIPO_AJUSTE_VALUACION, EXPSOBREGIRO, ESTADO_ORG_CONTROL, DEVENGADO_POR_PLAZO, DISTRIBUYE_CENTROCOSTO, CONVIERTEA_MN, COD_INTERNO_IFRS, INVENTARIADO)
VALUES (0, ''Cobranza Tuya ME'', 3251490400, ''E'', '' '', ''2'', ''C'', ''0'', ''  '', '' '', ''0'', ''  '', ''  '', ''  '', ''  '', ''  '', ''  '', '' '', '' '', 3251490400, '' '', 0, 0, 0, 3251490400, NULL, 5259100000, 5159100000, ''N'', ''N'', ''N'', '' '', 0, ''N'', ''N'', ''0'', 0, ''N'', ''N'', ''N'', ''N'', ''N'', ''325149'', NULL)


---operaciones
DELETE FROM dbo.OPERACIONES WHERE TITULO = 2850 AND IDENTIFICACION IN (2854,2855,2856,2857)

INSERT INTO dbo.OPERACIONES (TITULO, IDENTIFICACION, NOMBRE, DESCRIPCION, MNEMOTECNICO, AUTORIZACION, FORMULARIOPRINCIPAL, PROXOPERACION, ESTADO, TZ_LOCK, COPIAS, SUBOPERACION, PERMITEBAJA, COMPORTAMIENTOENCIERRE, REQUIERECONTRASENA, PERMITECONCURRENTE, PERMITEESTADODIFERIDO, ICONO_TITULO, ESTILO)
VALUES (2850, 2854, ''Cobro de Tarjeta de Crédito'', ''Cobro de Tarjeta de Crédito'', ''3626'', ''N'', 500, NULL, ''P'', 0, NULL, 0, ''S'', ''N'', ''N'', ''S'', ''S'', NULL, NULL)

INSERT INTO dbo.DICCIONARIO (NUMERODECAMPO, USODELCAMPO, REFERENCIA, DESCRIPCION, PROMPT, LARGO, TIPODECAMPO, DECIMALES, EDICION, CONTABILIZA, CONCEPTO, CALCULO, VALIDACION, TABLADEVALIDACION, TABLADEAYUDA, OPCIONES, TABLA, CAMPO, BASICO, MASCARA)
VALUES (47003, '' '', 0, ''Opción Cliente/Usuario'', ''Opción Cliente/Usuario'', 1, ''N'', 0, NULL, 0, 0, 0, 0, 0, 0, 1, 0, ''Cliente/Usuario'', 0, NULL)

INSERT INTO dbo.OPCIONES (NUMERODECAMPO, IDIOMA, DESCRIPCION, OPCIONINTERNA, OPCIONDEPANTALLA)
VALUES (47003, ''E'', ''Por Cliente'', ''1'', ''1'')

INSERT INTO dbo.OPCIONES (NUMERODECAMPO, IDIOMA, DESCRIPCION, OPCIONINTERNA, OPCIONDEPANTALLA)
VALUES (47003, ''E'', ''Por Usuario'', ''2'', ''2'')

INSERT INTO dbo.TRANSACCIONES (TITULO, IDENTIFICACION, TIPO, NOMBRE, DESCRIPCION, TIPODETRANSACCION, NUMERODETABLA, REGISTRODESALIDA)
VALUES (800, 6070, ''S'', ''Consulta de Usuario tjc'', ''Consulta de Usuarios tjc'', ''C'', NULL, NULL)

INSERT INTO dbo.TRANSACCIONES (TITULO, IDENTIFICACION, TIPO, NOMBRE, DESCRIPCION, TIPODETRANSACCION, NUMERODETABLA, REGISTRODESALIDA)
VALUES (800, 6060, ''S'', ''Consulta De Cliente tjc'', ''Consulta De Cliente tjc'', ''C'', NULL, NULL)

INSERT INTO dbo.DICCIONARIO (NUMERODECAMPO, USODELCAMPO, REFERENCIA, DESCRIPCION, PROMPT, LARGO, TIPODECAMPO, DECIMALES, EDICION, CONTABILIZA, CONCEPTO, CALCULO, VALIDACION, TABLADEVALIDACION, TABLADEAYUDA, OPCIONES, TABLA, CAMPO, BASICO, MASCARA)
VALUES (47004, '' '', 0, ''Número de Usuario'', ''Número de Usuario'', 20, ''N'', 0, NULL, 0, 0, 0, 0, 0, 0, 0, 0, ''USUARIO'', 0, NULL)

INSERT INTO dbo.DICCIONARIO (NUMERODECAMPO, USODELCAMPO, REFERENCIA, DESCRIPCION, PROMPT, LARGO, TIPODECAMPO, DECIMALES, EDICION, CONTABILIZA, CONCEPTO, CALCULO, VALIDACION, TABLADEVALIDACION, TABLADEAYUDA, OPCIONES, TABLA, CAMPO, BASICO, MASCARA)
VALUES (47005, '' '', 0, ''Opción Pago Total/Parcial'', ''Opción Pago Total/Parcial'', 1, ''N'', 0, NULL, 0, 0, 0, 0, 0, 0, 1, 0, ''Pago Total/Parcial'', 0, NULL)

INSERT INTO dbo.OPCIONES (NUMERODECAMPO, IDIOMA, DESCRIPCION, OPCIONINTERNA, OPCIONDEPANTALLA)
VALUES (47005, ''E'', ''Pago Total'', ''1'', ''1'')

INSERT INTO dbo.OPCIONES (NUMERODECAMPO, IDIOMA, DESCRIPCION, OPCIONINTERNA, OPCIONDEPANTALLA)
VALUES (47005, ''E'', ''Pago Parcial'', ''2'', ''2'')

INSERT INTO dbo.DICCIONARIO (NUMERODECAMPO, USODELCAMPO, REFERENCIA, DESCRIPCION, PROMPT, LARGO, TIPODECAMPO, DECIMALES, EDICION, CONTABILIZA, CONCEPTO, CALCULO, VALIDACION, TABLADEVALIDACION, TABLADEAYUDA, OPCIONES, TABLA, CAMPO, BASICO, MASCARA)
VALUES (47006, '' '', 0, ''Número de Usuario'', ''Número de Usuario'', 20, ''N'', 0, NULL, 0, 0, 0, 0, 0, 43189, 0, 0, ''USUARIO'', 0, NULL)

INSERT INTO dbo.OPERACIONES (TITULO, IDENTIFICACION, NOMBRE, DESCRIPCION, MNEMOTECNICO, AUTORIZACION, FORMULARIOPRINCIPAL, PROXOPERACION, ESTADO, TZ_LOCK, COPIAS, SUBOPERACION, PERMITEBAJA, COMPORTAMIENTOENCIERRE, REQUIERECONTRASENA, PERMITECONCURRENTE, PERMITEESTADODIFERIDO, ICONO_TITULO, ESTILO)
VALUES (2850, 2855, ''Cobro de Tarjeta Crédito - Débito'', ''Cobro de Tarjeta Crédito - Débito'', ''2855'', ''N'', 500, NULL, ''P'', 0, NULL, 1, ''S'', ''N'', ''N'', ''S'', ''S'', NULL, NULL)

INSERT INTO dbo.OPERACIONES (TITULO, IDENTIFICACION, NOMBRE, DESCRIPCION, MNEMOTECNICO, AUTORIZACION, FORMULARIOPRINCIPAL, PROXOPERACION, ESTADO, TZ_LOCK, COPIAS, SUBOPERACION, PERMITEBAJA, COMPORTAMIENTOENCIERRE, REQUIERECONTRASENA, PERMITECONCURRENTE, PERMITEESTADODIFERIDO, ICONO_TITULO, ESTILO)
VALUES (2850, 2856, ''Cobro de Tarjeta Crédito - Efectivo'', ''Cobro de Tarjeta Crédito - Efectivo'', ''2856'', ''N'', 500, NULL, ''P'', 0, NULL, 1, ''S'', ''N'', ''N'', ''S'', ''S'', NULL, NULL)

INSERT INTO dbo.DICCIONARIO (NUMERODECAMPO, USODELCAMPO, REFERENCIA, DESCRIPCION, PROMPT, LARGO, TIPODECAMPO, DECIMALES, EDICION, CONTABILIZA, CONCEPTO, CALCULO, VALIDACION, TABLADEVALIDACION, TABLADEAYUDA, OPCIONES, TABLA, CAMPO, BASICO, MASCARA)
VALUES (47008, NULL, 0, ''Forma Pago'', ''Forma Pago'', 1, ''A'', 0, NULL, 0, 0, 0, 0, 0, 0, 1, 0, ''FORMA_PAGO'', 0, NULL)

INSERT INTO dbo.OPCIONES (NUMERODECAMPO, IDIOMA, DESCRIPCION, OPCIONINTERNA, OPCIONDEPANTALLA)
VALUES (47008, ''E'', ''Débito en Cuenta'', ''D'', ''D'')

INSERT INTO dbo.OPCIONES (NUMERODECAMPO, IDIOMA, DESCRIPCION, OPCIONINTERNA, OPCIONDEPANTALLA)
VALUES (47008, ''E'', ''Efectivo'', ''E'', ''E'')

UPDATE dbo.DICCIONARIO SET TABLADEVALIDACION = 4449 WHERE NUMERODECAMPO = 43671

INSERT INTO dbo.DICCIONARIO (NUMERODECAMPO, USODELCAMPO, REFERENCIA, DESCRIPCION, PROMPT, LARGO, TIPODECAMPO, DECIMALES, EDICION, CONTABILIZA, CONCEPTO, CALCULO, VALIDACION, TABLADEVALIDACION, TABLADEAYUDA, OPCIONES, TABLA, CAMPO, BASICO, MASCARA)
VALUES (47009, '' '', 0, ''Moneda'', ''Moneda'', 4, ''N'', 0, '''', 0, 0, 0, 0, 0, 0, 1, 0, ''MONEDA'', 0, '''')

INSERT INTO dbo.OPCIONES (NUMERODECAMPO, IDIOMA, DESCRIPCION, OPCIONINTERNA, OPCIONDEPANTALLA)
VALUES (47009, ''E'', ''PESOS'', ''1'', ''1'')

INSERT INTO dbo.OPCIONES (NUMERODECAMPO, IDIOMA, DESCRIPCION, OPCIONINTERNA, OPCIONDEPANTALLA)
VALUES (47009, ''E'', ''DÓLAR ESTADOUNIDENSE'', ''2'', ''2'')

INSERT INTO dbo.OPCIONES (NUMERODECAMPO, IDIOMA, DESCRIPCION, OPCIONINTERNA, OPCIONDEPANTALLA)
VALUES (47009, ''I'', ''PESOS'', ''1'', ''1'')

INSERT INTO dbo.OPCIONES (NUMERODECAMPO, IDIOMA, DESCRIPCION, OPCIONINTERNA, OPCIONDEPANTALLA)
VALUES (47009, ''I'', ''DÓLAR ESTADOUNIDENSE'', ''2'', ''2'')

DELETE FROM DICCIONARIO WHERE NUMERODECAMPO=43789

INSERT INTO dbo.DICCIONARIO (NUMERODECAMPO, USODELCAMPO, REFERENCIA, DESCRIPCION, PROMPT, LARGO, TIPODECAMPO, DECIMALES, EDICION, CONTABILIZA, CONCEPTO, CALCULO, VALIDACION, TABLADEVALIDACION, TABLADEAYUDA, OPCIONES, TABLA, CAMPO, BASICO, MASCARA)
VALUES (43789, '' '', 0, ''Descripcion_Cierre'', ''Descripcion_Cierre'', 20, ''A'', 0, NULL, 0, 0, 0, 0, 0, 0, 0, 4492, ''DESCRIPCION_CIERRE'', 0, NULL)

-------

INSERT INTO dbo.MACROR (PROCESO, ORDINAL, ARCHIVO, INDICE, CONDICION, RECEPTOR, FORMULA)
VALUES (460, 0, 21, 4, ''Consulta cliente (JTS_OID)'', NULL, NULL)

INSERT INTO dbo.MACROR (PROCESO, ORDINAL, ARCHIVO, INDICE, CONDICION, RECEPTOR, FORMULA)
VALUES (460, 1, 21, 4, ''C1810=C4355'', ''C4356'', ''C1803'')

INSERT INTO dbo.MACROR (PROCESO, ORDINAL, ARCHIVO, INDICE, CONDICION, RECEPTOR, FORMULA)
VALUES (461, 0, 11, 1, ''Consulta nombre'', NULL, NULL)

INSERT INTO dbo.MACROR (PROCESO, ORDINAL, ARCHIVO, INDICE, CONDICION, RECEPTOR, FORMULA)
VALUES (461, 1, 11, 1, ''C902=C4356'', ''C410'', ''C1000'')

-----

INSERT INTO dbo.OPERACIONES (TITULO, IDENTIFICACION, NOMBRE, DESCRIPCION, MNEMOTECNICO, AUTORIZACION, FORMULARIOPRINCIPAL, PROXOPERACION, ESTADO, TZ_LOCK, COPIAS, SUBOPERACION, PERMITEBAJA, COMPORTAMIENTOENCIERRE, REQUIERECONTRASENA, PERMITECONCURRENTE, PERMITEESTADODIFERIDO, ICONO_TITULO, ESTILO)
VALUES (2850, 2857, ''Consulta de Tarjeta de Crédito'', ''Consulta de Tarjeta de Crédito'', ''2854'', ''N'', 0, NULL, ''P'', 0, NULL, 0, ''S'', ''N'', ''N'', ''S'', ''S'', NULL, NULL)
-----

UPDATE dbo.DICCIONARIO SET TABLADEVALIDACION = 66 WHERE NUMERODECAMPO = 44494

UPDATE dbo.DICCIONARIO SET TABLADEVALIDACION = 66 WHERE NUMERODECAMPO = 44495

UPDATE dbo.DICCIONARIO SET TABLADEVALIDACION = 66 WHERE NUMERODECAMPO = 44496

UPDATE dbo.DICCIONARIO SET TABLADEVALIDACION = 66 WHERE NUMERODECAMPO = 44497

-- campos libres

INSERT INTO dbo.DICCIONARIO (NUMERODECAMPO, USODELCAMPO, REFERENCIA, DESCRIPCION, PROMPT, LARGO, TIPODECAMPO, DECIMALES, EDICION, CONTABILIZA, CONCEPTO, CALCULO, VALIDACION, TABLADEVALIDACION, TABLADEAYUDA, OPCIONES, TABLA, CAMPO, BASICO, MASCARA)
VALUES (47100, '' '', 0, ''COD_ADM'', ''COD_ADM'', 2, ''N'', 0, NULL, 0, 0, 0, 0, 0, 0, 0, 0, ''COD_ADM'', 0, NULL)

INSERT INTO dbo.DICCIONARIO (NUMERODECAMPO, USODELCAMPO, REFERENCIA, DESCRIPCION, PROMPT, LARGO, TIPODECAMPO, DECIMALES, EDICION, CONTABILIZA, CONCEPTO, CALCULO, VALIDACION, TABLADEVALIDACION, TABLADEAYUDA, OPCIONES, TABLA, CAMPO, BASICO, MASCARA)
VALUES (47101, '' '', 0, ''ADMINISTRADORA'', ''ADMINISTRADORA'', 20, ''A'', 0, NULL, 0, 0, 0, 0, 0, 0, 0, 0, ''ADMINISTRADORA'', 0, NULL)

INSERT INTO dbo.DICCIONARIO (NUMERODECAMPO, USODELCAMPO, REFERENCIA, DESCRIPCION, PROMPT, LARGO, TIPODECAMPO, DECIMALES, EDICION, CONTABILIZA, CONCEPTO, CALCULO, VALIDACION, TABLADEVALIDACION, TABLADEAYUDA, OPCIONES, TABLA, CAMPO, BASICO, MASCARA)
VALUES (47102, '' '', 0, ''NUM_CARTERA'', ''NUM_CARTERA'', 3, ''N'', 0, NULL, 0, 0, 0, 0, 0, 0, 0, 0, ''NUM_CARTERA'', 0, NULL)

INSERT INTO dbo.DICCIONARIO (NUMERODECAMPO, USODELCAMPO, REFERENCIA, DESCRIPCION, PROMPT, LARGO, TIPODECAMPO, DECIMALES, EDICION, CONTABILIZA, CONCEPTO, CALCULO, VALIDACION, TABLADEVALIDACION, TABLADEAYUDA, OPCIONES, TABLA, CAMPO, BASICO, MASCARA)
VALUES (47103, '' '', 0, ''NOMBRE_CARTERA'', ''NOMBRE_CARTERA'', 20, ''A'', 0, NULL, 0, 0, 0, 0, 0, 0, 0, 0, ''NOMBRE_CARTERA'', 0, NULL)

INSERT INTO dbo.DICCIONARIO (NUMERODECAMPO, USODELCAMPO, REFERENCIA, DESCRIPCION, PROMPT, LARGO, TIPODECAMPO, DECIMALES, EDICION, CONTABILIZA, CONCEPTO, CALCULO, VALIDACION, TABLADEVALIDACION, TABLADEAYUDA, OPCIONES, TABLA, CAMPO, BASICO, MASCARA)
VALUES (47104, '' '', 0, ''TIPO_COBRO'', ''TIPO_COBRO'', 2, ''N'', 0, NULL, 0, 0, 0, 0, 0, 0, 0, 0, ''TIPO_COBRO'', 0, NULL)

INSERT INTO dbo.DICCIONARIO (NUMERODECAMPO, USODELCAMPO, REFERENCIA, DESCRIPCION, PROMPT, LARGO, TIPODECAMPO, DECIMALES, EDICION, CONTABILIZA, CONCEPTO, CALCULO, VALIDACION, TABLADEVALIDACION, TABLADEAYUDA, OPCIONES, TABLA, CAMPO, BASICO, MASCARA)
VALUES (47105, '' '', 0, ''DESC_TIPO_COBRO'', ''DESC_TIPO_COBRO'', 16, ''A'', 0, NULL, 0, 0, 0, 0, 0, 0, 0, 0, ''DESC_TIPO_COBRO'', 0, NULL)

INSERT INTO dbo.DICCIONARIO (NUMERODECAMPO, USODELCAMPO, REFERENCIA, DESCRIPCION, PROMPT, LARGO, TIPODECAMPO, DECIMALES, EDICION, CONTABILIZA, CONCEPTO, CALCULO, VALIDACION, TABLADEVALIDACION, TABLADEAYUDA, OPCIONES, TABLA, CAMPO, BASICO, MASCARA)
VALUES (47106, '' '', 0, ''TIPO_PAGO'', ''TIPO_PAGO'', 1, ''A'', 0, NULL, 0, 0, 0, 0, 0, 0, 0, 0, ''TIPO_PAGO'', 0, NULL)

INSERT INTO dbo.DICCIONARIO (NUMERODECAMPO, USODELCAMPO, REFERENCIA, DESCRIPCION, PROMPT, LARGO, TIPODECAMPO, DECIMALES, EDICION, CONTABILIZA, CONCEPTO, CALCULO, VALIDACION, TABLADEVALIDACION, TABLADEAYUDA, OPCIONES, TABLA, CAMPO, BASICO, MASCARA)
VALUES (47107, '' '', 0, ''DESC_TIPO_PAGO'', ''DESC_TIPO_PAGO'', 11, ''A'', 0, NULL, 0, 0, 0, 0, 0, 0, 0, 0, ''DESC_TIPO_PAGO'', 0, NULL)

INSERT INTO dbo.DICCIONARIO (NUMERODECAMPO, USODELCAMPO, REFERENCIA, DESCRIPCION, PROMPT, LARGO, TIPODECAMPO, DECIMALES, EDICION, CONTABILIZA, CONCEPTO, CALCULO, VALIDACION, TABLADEVALIDACION, TABLADEAYUDA, OPCIONES, TABLA, CAMPO, BASICO, MASCARA)
VALUES (47108, '' '', 0, ''CUENTA_DEBITO'', ''CUENTA_DEBITO'', 11, ''N'', 0, NULL, 0, 0, 0, 0, 0, 0, 0, 0, ''CUENTA_DEBITO'', 0, NULL)

INSERT INTO dbo.DICCIONARIO (NUMERODECAMPO, USODELCAMPO, REFERENCIA, DESCRIPCION, PROMPT, LARGO, TIPODECAMPO, DECIMALES, EDICION, CONTABILIZA, CONCEPTO, CALCULO, VALIDACION, TABLADEVALIDACION, TABLADEAYUDA, OPCIONES, TABLA, CAMPO, BASICO, MASCARA)
VALUES (47109, NULL, 0, ''CLIENTE'', ''CLIENTE'', 12, ''N'', 0, NULL, 0, 0, 0, 0, 0, 0, 0, 0, ''CLIENTE'', 0, NULL)

INSERT INTO dbo.DICCIONARIO (NUMERODECAMPO, USODELCAMPO, REFERENCIA, DESCRIPCION, PROMPT, LARGO, TIPODECAMPO, DECIMALES, EDICION, CONTABILIZA, CONCEPTO, CALCULO, VALIDACION, TABLADEVALIDACION, TABLADEAYUDA, OPCIONES, TABLA, CAMPO, BASICO, MASCARA)
VALUES (47110, '' '', 0, ''SALDO_PESOS_CIERRE'', ''SALDO_PESOS_CIERRE'', 15, ''N'', 2, ''I'', 0, 0, 0, 0, 0, 0, 0, 0, ''SALDO_PESOS_CIERRE'', 0, NULL)

INSERT INTO dbo.DICCIONARIO (NUMERODECAMPO, USODELCAMPO, REFERENCIA, DESCRIPCION, PROMPT, LARGO, TIPODECAMPO, DECIMALES, EDICION, CONTABILIZA, CONCEPTO, CALCULO, VALIDACION, TABLADEVALIDACION, TABLADEAYUDA, OPCIONES, TABLA, CAMPO, BASICO, MASCARA)
VALUES (47111, '' '', 0, ''PAGO_PESOS'', ''PAGO_PESOS'', 15, ''N'', 2, ''I'', 0, 0, 0, 0, 0, 0, 0, 0, ''PAGO_PESOS'', 0, NULL)

INSERT INTO dbo.DICCIONARIO (NUMERODECAMPO, USODELCAMPO, REFERENCIA, DESCRIPCION, PROMPT, LARGO, TIPODECAMPO, DECIMALES, EDICION, CONTABILIZA, CONCEPTO, CALCULO, VALIDACION, TABLADEVALIDACION, TABLADEAYUDA, OPCIONES, TABLA, CAMPO, BASICO, MASCARA)
VALUES (47112, '' '', 0, ''SALDO_PESOS'', ''SALDO_PESOS'', 15, ''N'', 2, ''I'', 0, 0, 0, 0, 0, 0, 0, 0, ''SALDO_PESOS'', 0, NULL)

INSERT INTO dbo.DICCIONARIO (NUMERODECAMPO, USODELCAMPO, REFERENCIA, DESCRIPCION, PROMPT, LARGO, TIPODECAMPO, DECIMALES, EDICION, CONTABILIZA, CONCEPTO, CALCULO, VALIDACION, TABLADEVALIDACION, TABLADEAYUDA, OPCIONES, TABLA, CAMPO, BASICO, MASCARA)
VALUES (47113, '' '', 0, ''SALDO_DOLARES_CIERRE'', ''SALDO_DOLARES_CIERRE'', 15, ''N'', 2, ''I'', 0, 0, 0, 0, 0, 0, 0, 0, ''SALDO_DOLARES_CIERRE'', 0, NULL)

INSERT INTO dbo.DICCIONARIO (NUMERODECAMPO, USODELCAMPO, REFERENCIA, DESCRIPCION, PROMPT, LARGO, TIPODECAMPO, DECIMALES, EDICION, CONTABILIZA, CONCEPTO, CALCULO, VALIDACION, TABLADEVALIDACION, TABLADEAYUDA, OPCIONES, TABLA, CAMPO, BASICO, MASCARA)
VALUES (47114, '' '', 0, ''PAGO_DOLARES'', ''PAGO_DOLARES'', 15, ''N'', 2, ''I'', 0, 0, 0, 0, 0, 0, 0, 0, ''PAGO_DOLARES'', 0, NULL)

INSERT INTO dbo.DICCIONARIO (NUMERODECAMPO, USODELCAMPO, REFERENCIA, DESCRIPCION, PROMPT, LARGO, TIPODECAMPO, DECIMALES, EDICION, CONTABILIZA, CONCEPTO, CALCULO, VALIDACION, TABLADEVALIDACION, TABLADEAYUDA, OPCIONES, TABLA, CAMPO, BASICO, MASCARA)
VALUES (47115, '' '', 0, ''SALDO_DOLARES'', ''SALDO_DOLARES'', 15, ''N'', 2, ''I'', 0, 0, 0, 0, 0, 0, 0, 0, ''SALDO_DOLARES'', 0, NULL)

INSERT INTO dbo.DICCIONARIO (NUMERODECAMPO, USODELCAMPO, REFERENCIA, DESCRIPCION, PROMPT, LARGO, TIPODECAMPO, DECIMALES, EDICION, CONTABILIZA, CONCEPTO, CALCULO, VALIDACION, TABLADEVALIDACION, TABLADEAYUDA, OPCIONES, TABLA, CAMPO, BASICO, MASCARA)
VALUES (47116, '' '', 0, ''FECHA_VENCIMIENTO'', ''FECHA_VENCIMIENTO'', 8, ''F'', 0, ''F'', 0, 0, 0, 0, 0, 0, 0, 0, ''FECHA_VENCIMIENTO'', 0, NULL)

INSERT INTO dbo.DICCIONARIO (NUMERODECAMPO, USODELCAMPO, REFERENCIA, DESCRIPCION, PROMPT, LARGO, TIPODECAMPO, DECIMALES, EDICION, CONTABILIZA, CONCEPTO, CALCULO, VALIDACION, TABLADEVALIDACION, TABLADEAYUDA, OPCIONES, TABLA, CAMPO, BASICO, MASCARA)
VALUES (47117, '' '', 0, ''FECHA_CIERRE'', ''FECHA_CIERRE'', 8, ''F'', 0, ''F'', 0, 0, 0, 0, 0, 0, 0, 0, ''FECHA_CIERRE'', 0, NULL)


--- ayuda

INSERT INTO dbo.DICCIONARIO (NUMERODECAMPO, USODELCAMPO, REFERENCIA, DESCRIPCION, PROMPT, LARGO, TIPODECAMPO, DECIMALES, EDICION, CONTABILIZA, CONCEPTO, CALCULO, VALIDACION, TABLADEVALIDACION, TABLADEAYUDA, OPCIONES, TABLA, CAMPO, BASICO, MASCARA)
VALUES (47010, '' '', 0, ''Número de Usuario'', ''Número de Usuario'', 20, ''N'', 0, NULL, 0, 0, 0, 0, 0, 47011, 0, 0, ''USUARIO'', 0, NULL)

INSERT INTO dbo.AYUDAS (NUMERODEARCHIVO, NUMERODEAYUDA, DESCRIPCION, FILTRO, MOSTRARTODOS, CAMPOS, CAMPOSVISTA, BASEVISTA, NOMBREVISTA, AYUDAGRANDE)
VALUES (0, 47011, ''Ayuda TJC'', '''', 0, ''47004R;47100R;47101;47007R;47102;47103;47104;47106;47108;47109;47110;47111;47112;47113;47114;47115;47116;47117;'', ''Num Usuario;Cod Administradora;Administradora;Periodo Deuda;Num Cartera;Cartera;Tipo Cobro;Tipo Pago;Cuenta Debito;Cliente;Saldo Pesos Cierre;Pago Pesos;Saldo Pesos;Saldo Dolares Cierre;Pago Dolares;Saldo Dolares;Fecha Vencimiento;Fecha Cierre;'', ''TOP/CLIENTES'', ''VW_TARJETAS_CRED'', 0)

INSERT INTO dbo.DICCIONARIO (NUMERODECAMPO, USODELCAMPO, REFERENCIA, DESCRIPCION, PROMPT, LARGO, TIPODECAMPO, DECIMALES, EDICION, CONTABILIZA, CONCEPTO, CALCULO, VALIDACION, TABLADEVALIDACION, TABLADEAYUDA, OPCIONES, TABLA, CAMPO, BASICO, MASCARA)
VALUES (47119, '' '', 0, ''Número de Usuario'', ''Número de Usuario'', 20, ''N'', 0, NULL, 0, 0, 0, 0, 0, 47120, 0, 0, ''USUARIO'', 0, NULL)

INSERT INTO dbo.AYUDAS (NUMERODEARCHIVO, NUMERODEAYUDA, DESCRIPCION, FILTRO, MOSTRARTODOS, CAMPOS, CAMPOSVISTA, BASEVISTA, NOMBREVISTA, AYUDAGRANDE)
VALUES (0, 47120, ''Usuarios Tarjeta de Crédito'', '''', 0, ''43672R;43671R;47101;43673;43682;47103;43687;47105;43674;47107;43685;43679;43675;43676;43683;1051;43681;3843;'', ''Num Usuario;Cod Administradora;Administradora;Num Tarjeta;Num Cartera;Cartera;Num Tipo Cobro;Tipo Cobro;Num Tipo Pago;Tipo Pago;Cuenta Debito;Cliente;Limite Compra;Limite Cuotas;Tipo Tarjeta;Desc Tipo Tarjeta;Tipo Usuario;Desc Tipo Usuario;'', ''TOP/CLIENTES'', ''VW_TJC_MAESTRO_USUARIOS'', 0)

--- tabla
INSERT INTO dbo.DESCRIPTORES (TITULO, IDENTIFICACION, TIPODEARCHIVO, DESCRIPCION, GRUPODELMAPA, NOMBREFISICO, TIPODEDBMS, LARGODELREGISTRO, INICIALIZACIONDELREGISTRO, BASE, SELECCION, ACEPTA_MOVS_DIFERIDO)
VALUES (550, 4498, NULL, ''Historico Tarjeta de Crédito'', 0, ''TJC_HISTORICO_PAGOS'', ''D'', NULL, NULL, ''Top/Clientes'', NULL, ''N'')

--- campos tabla nueva
INSERT INTO dbo.DICCIONARIO (NUMERODECAMPO, USODELCAMPO, REFERENCIA, DESCRIPCION, PROMPT, LARGO, TIPODECAMPO, DECIMALES, EDICION, CONTABILIZA, CONCEPTO, CALCULO, VALIDACION, TABLADEVALIDACION, TABLADEAYUDA, OPCIONES, TABLA, CAMPO, BASICO, MASCARA)
VALUES (47200, '' '', 0, ''Código de Administradora'', ''Código de Administradora'', 2, ''N'', 0, NULL, 0, 0, 0, 0, 4449, 0, 0, 4498, ''ADMINISTRADORA'', 0, NULL)

INSERT INTO dbo.DICCIONARIO (NUMERODECAMPO, USODELCAMPO, REFERENCIA, DESCRIPCION, PROMPT, LARGO, TIPODECAMPO, DECIMALES, EDICION, CONTABILIZA, CONCEPTO, CALCULO, VALIDACION, TABLADEVALIDACION, TABLADEAYUDA, OPCIONES, TABLA, CAMPO, BASICO, MASCARA)
VALUES (47201, '' '', 0, ''Número de Usuario'', ''Número de Usuario'', 20, ''N'', 0, NULL, 0, 0, 0, 0, 0, 0, 0, 4498, ''USUARIO'', 0, NULL)

INSERT INTO dbo.DICCIONARIO (NUMERODECAMPO, USODELCAMPO, REFERENCIA, DESCRIPCION, PROMPT, LARGO, TIPODECAMPO, DECIMALES, EDICION, CONTABILIZA, CONCEPTO, CALCULO, VALIDACION, TABLADEVALIDACION, TABLADEAYUDA, OPCIONES, TABLA, CAMPO, BASICO, MASCARA)
VALUES (47202, '' '', 0, ''Período de deuda'', ''Período de deuda'', 6, ''N'', 0, NULL, 0, 0, 0, 0, 0, 0, 0, 4498, ''PERIODO_DEUDA'', 0, NULL)

INSERT INTO dbo.DICCIONARIO (NUMERODECAMPO, USODELCAMPO, REFERENCIA, DESCRIPCION, PROMPT, LARGO, TIPODECAMPO, DECIMALES, EDICION, CONTABILIZA, CONCEPTO, CALCULO, VALIDACION, TABLADEVALIDACION, TABLADEAYUDA, OPCIONES, TABLA, CAMPO, BASICO, MASCARA)
VALUES (47203, '' '', 0, ''Número de cliente'', ''Número de cliente'', 12, ''N'', 0, NULL, 0, 0, 0, 0, 0, 0, 0, 4498, ''CLIENTE'', 0, NULL)

INSERT INTO dbo.DICCIONARIO (NUMERODECAMPO, USODELCAMPO, REFERENCIA, DESCRIPCION, PROMPT, LARGO, TIPODECAMPO, DECIMALES, EDICION, CONTABILIZA, CONCEPTO, CALCULO, VALIDACION, TABLADEVALIDACION, TABLADEAYUDA, OPCIONES, TABLA, CAMPO, BASICO, MASCARA)
VALUES (47204, '' '', 0, ''JTS Saldo Tarjeta'', ''JTS Saldo Tarjeta'', 10, ''N'', 0, NULL, 0, 0, 0, 0, 0, 0, 0, 4498, ''JTS_SALDO_TARJETA'', 0, NULL)

INSERT INTO dbo.DICCIONARIO (NUMERODECAMPO, USODELCAMPO, REFERENCIA, DESCRIPCION, PROMPT, LARGO, TIPODECAMPO, DECIMALES, EDICION, CONTABILIZA, CONCEPTO, CALCULO, VALIDACION, TABLADEVALIDACION, TABLADEAYUDA, OPCIONES, TABLA, CAMPO, BASICO, MASCARA)
VALUES (47205, '' '', 0, ''Número de tarjeta'', ''Número de tarjeta'', 20, ''N'', 0, NULL, 0, 0, 0, 0, 0, 0, 0, 4498, ''NUM_TJC'', 0, NULL)

INSERT INTO dbo.DICCIONARIO (NUMERODECAMPO, USODELCAMPO, REFERENCIA, DESCRIPCION, PROMPT, LARGO, TIPODECAMPO, DECIMALES, EDICION, CONTABILIZA, CONCEPTO, CALCULO, VALIDACION, TABLADEVALIDACION, TABLADEAYUDA, OPCIONES, TABLA, CAMPO, BASICO, MASCARA)
VALUES (47206, '' '', 0, ''Importe de Saldo en Pesos'', ''Importe de Saldo en Pesos'', 15, ''N'', 2, ''I'', 0, 0, 0, 0, 0, 0, 0, 4498, ''SALDO_MN'', 0, NULL)

INSERT INTO dbo.DICCIONARIO (NUMERODECAMPO, USODELCAMPO, REFERENCIA, DESCRIPCION, PROMPT, LARGO, TIPODECAMPO, DECIMALES, EDICION, CONTABILIZA, CONCEPTO, CALCULO, VALIDACION, TABLADEVALIDACION, TABLADEAYUDA, OPCIONES, TABLA, CAMPO, BASICO, MASCARA)
VALUES (47207, '' '', 0, ''Importe de Saldos en Dólares'', ''Importe de Saldos en Dólares'', 15, ''N'', 2, ''I'', 0, 0, 0, 0, 0, 0, 0, 4498, ''SALDO_ME'', 0, NULL)

INSERT INTO dbo.DICCIONARIO (NUMERODECAMPO, USODELCAMPO, REFERENCIA, DESCRIPCION, PROMPT, LARGO, TIPODECAMPO, DECIMALES, EDICION, CONTABILIZA, CONCEPTO, CALCULO, VALIDACION, TABLADEVALIDACION, TABLADEAYUDA, OPCIONES, TABLA, CAMPO, BASICO, MASCARA)
VALUES (47208, '' '', 0, ''Importe de Saldo Pesos al cierre'', ''Importe de Saldo Pesos al cierre'', 15, ''N'', 2, ''I'', 0, 0, 0, 0, 0, 0, 0, 4498, ''SALDO_MN_CIERRE'', 0, NULL)

INSERT INTO dbo.DICCIONARIO (NUMERODECAMPO, USODELCAMPO, REFERENCIA, DESCRIPCION, PROMPT, LARGO, TIPODECAMPO, DECIMALES, EDICION, CONTABILIZA, CONCEPTO, CALCULO, VALIDACION, TABLADEVALIDACION, TABLADEAYUDA, OPCIONES, TABLA, CAMPO, BASICO, MASCARA)
VALUES (47209, '' '', 0, ''Importe de Saldo Dólares al cierre'', ''Importe de Saldo Dólares al cierre'', 15, ''N'', 2, ''I'', 0, 0, 0, 0, 0, 0, 0, 4498, ''SALDO_ME_CIERRE'', 0, NULL)

INSERT INTO dbo.DICCIONARIO (NUMERODECAMPO, USODELCAMPO, REFERENCIA, DESCRIPCION, PROMPT, LARGO, TIPODECAMPO, DECIMALES, EDICION, CONTABILIZA, CONCEPTO, CALCULO, VALIDACION, TABLADEVALIDACION, TABLADEAYUDA, OPCIONES, TABLA, CAMPO, BASICO, MASCARA)
VALUES (47210, '' '', 0, ''Importe de Pago en Pesos'', ''Importe de Pago en Pesos'', 15, ''N'', 2, ''I'', 0, 0, 0, 0, 0, 0, 0, 4498, ''PAGO_MN'', 0, NULL)

INSERT INTO dbo.DICCIONARIO (NUMERODECAMPO, USODELCAMPO, REFERENCIA, DESCRIPCION, PROMPT, LARGO, TIPODECAMPO, DECIMALES, EDICION, CONTABILIZA, CONCEPTO, CALCULO, VALIDACION, TABLADEVALIDACION, TABLADEAYUDA, OPCIONES, TABLA, CAMPO, BASICO, MASCARA)
VALUES (47211, '' '', 0, ''Importe de Pago en Dólares'', ''Importe de Pago en Dólares'', 15, ''N'', 2, ''I'', 0, 0, 0, 0, 0, 0, 0, 4498, ''PAGO_ME'', 0, NULL)

INSERT INTO dbo.DICCIONARIO (NUMERODECAMPO, USODELCAMPO, REFERENCIA, DESCRIPCION, PROMPT, LARGO, TIPODECAMPO, DECIMALES, EDICION, CONTABILIZA, CONCEPTO, CALCULO, VALIDACION, TABLADEVALIDACION, TABLADEAYUDA, OPCIONES, TABLA, CAMPO, BASICO, MASCARA)
VALUES (47212, '' '', 0, ''Fecha de Vencimiento'', ''Fecha de Vencimiento'', 8, ''F'', 0, ''F'', 0, 0, 0, 0, 0, 0, 0, 4498, ''FECHA_VTO'', 0, NULL)

INSERT INTO dbo.DICCIONARIO (NUMERODECAMPO, USODELCAMPO, REFERENCIA, DESCRIPCION, PROMPT, LARGO, TIPODECAMPO, DECIMALES, EDICION, CONTABILIZA, CONCEPTO, CALCULO, VALIDACION, TABLADEVALIDACION, TABLADEAYUDA, OPCIONES, TABLA, CAMPO, BASICO, MASCARA)
VALUES (47213, '' '', 0, ''Código de cancelación'', ''Código de cancelación'', 1, ''N'', 0, NULL, 0, 0, 0, 0, 0, 0, 1, 4498, ''COD_CANCELACION'', 0, NULL)

INSERT INTO dbo.DICCIONARIO (NUMERODECAMPO, USODELCAMPO, REFERENCIA, DESCRIPCION, PROMPT, LARGO, TIPODECAMPO, DECIMALES, EDICION, CONTABILIZA, CONCEPTO, CALCULO, VALIDACION, TABLADEVALIDACION, TABLADEAYUDA, OPCIONES, TABLA, CAMPO, BASICO, MASCARA)
VALUES (47214, '' '', 0, ''Importe de Pago Mínimo'', ''Importe de Pago Mínimo'', 15, ''N'', 2, ''I'', 0, 0, 0, 0, 0, 0, 0, 4498, ''PAGO_MIN'', 0, NULL)

INSERT INTO dbo.DICCIONARIO (NUMERODECAMPO, USODELCAMPO, REFERENCIA, DESCRIPCION, PROMPT, LARGO, TIPODECAMPO, DECIMALES, EDICION, CONTABILIZA, CONCEPTO, CALCULO, VALIDACION, TABLADEVALIDACION, TABLADEAYUDA, OPCIONES, TABLA, CAMPO, BASICO, MASCARA)
VALUES (47215, '' '', 0, ''Días de atraso'', ''Días de atraso'', 6, ''N'', 0, NULL, 0, 0, 0, 0, 0, 0, 0, 4498, ''DIAS_ATRASO'', 0, NULL)

INSERT INTO dbo.DICCIONARIO (NUMERODECAMPO, USODELCAMPO, REFERENCIA, DESCRIPCION, PROMPT, LARGO, TIPODECAMPO, DECIMALES, EDICION, CONTABILIZA, CONCEPTO, CALCULO, VALIDACION, TABLADEVALIDACION, TABLADEAYUDA, OPCIONES, TABLA, CAMPO, BASICO, MASCARA)
VALUES (47216, '' '', 0, ''Importe a debitar'', ''Importe a debitar'', 15, ''N'', 2, ''I'', 0, 0, 0, 0, 0, 0, 0, 4498, ''IMPORTE_DEBITO'', 0, NULL)

INSERT INTO dbo.DICCIONARIO (NUMERODECAMPO, USODELCAMPO, REFERENCIA, DESCRIPCION, PROMPT, LARGO, TIPODECAMPO, DECIMALES, EDICION, CONTABILIZA, CONCEPTO, CALCULO, VALIDACION, TABLADEVALIDACION, TABLADEAYUDA, OPCIONES, TABLA, CAMPO, BASICO, MASCARA)
VALUES (47217, '' '', 0, ''Fecha de Cierre'', ''Fecha de Cierre'', 8, ''F'', 0, ''F'', 0, 0, 0, 0, 0, 0, 0, 4498, ''FECHA_CIERRE'', 0, NULL)

INSERT INTO dbo.DICCIONARIO (NUMERODECAMPO, USODELCAMPO, REFERENCIA, DESCRIPCION, PROMPT, LARGO, TIPODECAMPO, DECIMALES, EDICION, CONTABILIZA, CONCEPTO, CALCULO, VALIDACION, TABLADEVALIDACION, TABLADEAYUDA, OPCIONES, TABLA, CAMPO, BASICO, MASCARA)
VALUES (47218, '' '', 0, ''FECHA'', ''Fecha'', 8, ''F'', 0, ''F'', 0, 0, 0, 0, 0, 0, 0, 4498, ''FECHA'', 0, NULL)

INSERT INTO dbo.DICCIONARIO (NUMERODECAMPO, USODELCAMPO, REFERENCIA, DESCRIPCION, PROMPT, LARGO, TIPODECAMPO, DECIMALES, EDICION, CONTABILIZA, CONCEPTO, CALCULO, VALIDACION, TABLADEVALIDACION, TABLADEAYUDA, OPCIONES, TABLA, CAMPO, BASICO, MASCARA)
VALUES (47219, '' '', 0, ''HORA'', ''Hora'', 8, ''A'', 0, NULL, 0, 0, 0, 0, 0, 0, 0, 4498, ''HORA'', 0, NULL)

INSERT INTO dbo.DICCIONARIO (NUMERODECAMPO, USODELCAMPO, REFERENCIA, DESCRIPCION, PROMPT, LARGO, TIPODECAMPO, DECIMALES, EDICION, CONTABILIZA, CONCEPTO, CALCULO, VALIDACION, TABLADEVALIDACION, TABLADEAYUDA, OPCIONES, TABLA, CAMPO, BASICO, MASCARA)
VALUES (47220, '' '', 0, ''USUARIO_MOD'', ''Usuario Modificacion'', 10, ''A'', 0, NULL, 0, 0, 0, 0, 0, 0, 0, 4498, ''USUARIO_MOD'', 0, NULL)

INSERT INTO dbo.DICCIONARIO (NUMERODECAMPO, USODELCAMPO, REFERENCIA, DESCRIPCION, PROMPT, LARGO, TIPODECAMPO, DECIMALES, EDICION, CONTABILIZA, CONCEPTO, CALCULO, VALIDACION, TABLADEVALIDACION, TABLADEAYUDA, OPCIONES, TABLA, CAMPO, BASICO, MASCARA)
VALUES (47221, '' '', 0, ''ASIENTO'', ''Asiento'', 10, ''N'', 0, NULL, 0, 0, 0, 0, 0, 0, 0, 4498, ''ASIENTO'', 0, NULL)

INSERT INTO dbo.OPCIONES (NUMERODECAMPO, IDIOMA, DESCRIPCION, OPCIONINTERNA, OPCIONDEPANTALLA)
VALUES (47213, ''E'', ''Debe mínimo'', ''0'', ''0'')

INSERT INTO dbo.OPCIONES (NUMERODECAMPO, IDIOMA, DESCRIPCION, OPCIONINTERNA, OPCIONDEPANTALLA)
VALUES (47213, ''E'', ''Pagó mínimo'', ''1'', ''1'')

INSERT INTO dbo.DICCIONARIO (NUMERODECAMPO, USODELCAMPO, REFERENCIA, DESCRIPCION, PROMPT, LARGO, TIPODECAMPO, DECIMALES, EDICION, CONTABILIZA, CONCEPTO, CALCULO, VALIDACION, TABLADEVALIDACION, TABLADEAYUDA, OPCIONES, TABLA, CAMPO, BASICO, MASCARA)
VALUES (47222, '' '', 0, ''Número de Usuario'', ''Número de Usuario'', 20, ''N'', 0, NULL, 0, 0, 0, 0, 0, 47121, 0, 0, ''USUARIO'', 0, NULL)

INSERT INTO dbo.AYUDAS (NUMERODEARCHIVO, NUMERODEAYUDA, DESCRIPCION, FILTRO, MOSTRARTODOS, CAMPOS, CAMPOSVISTA, BASEVISTA, NOMBREVISTA, AYUDAGRANDE)
VALUES (0, 47121, ''Ayuda Historico Pagos'', '''', 0, ''47221R;47218R;47219;47201R;47216;47210;47206;47208;47211;47207;47200R;47101;47202R;47203;47209;47212;47217;47220'', ''Asiento;Fecha;Hora;Num Usuario;Importe Debito;Pago Pesos;Saldo Pesos;Saldo Pesos Cierre;Pago Dolares;Saldo Dolares;Saldo Dolares Cierre;Cod Administradora;Administradora;Periodo Deuda;Fecha Vencimiento;Fecha Cierre;Usuario Modificacion'', ''TOP/CLIENTES'', ''VW_TJC_HISTORICO_PAGOS'', 0)

INSERT INTO dbo.INDICES (NUMERODEARCHIVO, NUMERODEINDICE, DESCRIPCION, CLAVESREPETIDAS, CAMPO1, CAMPO2, CAMPO3, CAMPO4, CAMPO5, CAMPO6, CAMPO7, CAMPO8, CAMPO9, CAMPO10, CAMPO11, CAMPO12, CAMPO13, CAMPO14, CAMPO15, CAMPO16, CAMPO17, CAMPO18, CAMPO19, CAMPO20)
VALUES (4498, 1, ''Clave primaria'', 0, 47200, 47201, 47202, 47218, 47221, NULL, NULL, NULL, NULL, NULL, NULL, NULL, NULL, NULL, NULL, NULL, NULL, NULL, NULL, NULL)

INSERT INTO dbo.REPORTES (TITULO, IDENTIFICACION, DESCRIPCION, TIPO, BIGREPORT, TIPOSALIDA, GENERAREPORTE, GENERAONLINEREPORTE, GRUPO_REIMPRESION, EJ_DE_OPERACION)
VALUES (9000, 2860, ''Ticket Pago Tarjeta de Crédito por Caja'', '' '', 0, NULL, 0, 0, 0, ''N'')

INSERT INTO dbo.DICCIONARIO (NUMERODECAMPO, USODELCAMPO, REFERENCIA, DESCRIPCION, PROMPT, LARGO, TIPODECAMPO, DECIMALES, EDICION, CONTABILIZA, CONCEPTO, CALCULO, VALIDACION, TABLADEVALIDACION, TABLADEAYUDA, OPCIONES, TABLA, CAMPO, BASICO, MASCARA)
VALUES (47118, '' '', 0, ''JTS Saldo Tarjeta'', ''JTS Saldo Tarjeta'', 10, ''N'', 0, NULL, 0, 0, 0, 0, 0, 0, 0, 4492, ''JTS_SALDO_TARJETA'', 0, NULL)

UPDATE dbo.AYUDAS SET DESCRIPCION = ''Usuarios Tarjeta de Crédito'' WHERE NUMERODEAYUDA = 43189

INSERT INTO dbo.MACROR (PROCESO, ORDINAL, ARCHIVO, INDICE, CONDICION, RECEPTOR, FORMULA)
VALUES (442, 0, 66, 2, ''Busqueda Concepto Contable y Descripcion'', NULL, NULL)

INSERT INTO dbo.MACROR (PROCESO, ORDINAL, ARCHIVO, INDICE, CONDICION, RECEPTOR, FORMULA)
VALUES (442, 1, 66, 2, ''C6500=C4161'', ''C624'', ''C6501'')

UPDATE dbo.DICCIONARIO SET TABLADEAYUDA = 66 WHERE NUMERODECAMPO = 44494

UPDATE dbo.DICCIONARIO SET TABLADEAYUDA = 66 WHERE NUMERODECAMPO = 44495

UPDATE dbo.DICCIONARIO SET TABLADEAYUDA = 66 WHERE NUMERODECAMPO = 44496

UPDATE dbo.DICCIONARIO SET TABLADEAYUDA = 66 WHERE NUMERODECAMPO = 44497


DELETE FROM CONCEPCONT WHERE GRUPO_CONCEPTO=400

INSERT INTO dbo.CONCEPCONT (TZ_LOCK, C6500, C6501, C6502, GRUPO_CONCEPTO, REFERENCIA)
VALUES (0, 400, ''Acred Comercio MasterCrad MN'', 1711390100, ''400'', 1)
INSERT INTO dbo.CONCEPCONT (TZ_LOCK, C6500, C6501, C6502, GRUPO_CONCEPTO, REFERENCIA)
VALUES (0, 401, ''Acred Comercio MasterCard ME'', 1451360100, ''400'', 1)
INSERT INTO dbo.CONCEPCONT (TZ_LOCK, C6500, C6501, C6502, GRUPO_CONCEPTO, REFERENCIA)
VALUES (0, 402, ''Acred Comercio Cabal MN'', 1711390200, ''400'', 1)
INSERT INTO dbo.CONCEPCONT (TZ_LOCK, C6500, C6501, C6502, GRUPO_CONCEPTO, REFERENCIA)
VALUES (0, 403, ''Acred Comercio Cabal ME'', 1451360200, ''400'', 1)
INSERT INTO dbo.CONCEPCONT (TZ_LOCK, C6500, C6501, C6502, GRUPO_CONCEPTO, REFERENCIA)
VALUES (0, 404, ''Acred Comercio Visa MN'', 1711390300, ''400'', 1)
INSERT INTO dbo.CONCEPCONT (TZ_LOCK, C6500, C6501, C6502, GRUPO_CONCEPTO, REFERENCIA)
VALUES (0, 405, ''Acred Comercio Visa ME'', 1451360300, ''400'', 1)
INSERT INTO dbo.CONCEPCONT (TZ_LOCK, C6500, C6501, C6502, GRUPO_CONCEPTO, REFERENCIA)
VALUES (0, 406, ''Acred Comercio Tuya MN'', 1711390400, ''400'', 1)
INSERT INTO dbo.CONCEPCONT (TZ_LOCK, C6500, C6501, C6502, GRUPO_CONCEPTO, REFERENCIA)
VALUES (0, 407, ''Acred Comercio Tuya ME'', 1451360400, ''400'', 1)
INSERT INTO dbo.CONCEPCONT (TZ_LOCK, C6500, C6501, C6502, GRUPO_CONCEPTO, REFERENCIA)
VALUES (0, 408, ''Cobranza MasterCrad MN'', 3211540100, ''400'', 1)
INSERT INTO dbo.CONCEPCONT (TZ_LOCK, C6500, C6501, C6502, GRUPO_CONCEPTO, REFERENCIA)
VALUES (0, 409, ''Cobranza MasterCard ME'', 3251490100, ''400'', 1)
INSERT INTO dbo.CONCEPCONT (TZ_LOCK, C6500, C6501, C6502, GRUPO_CONCEPTO, REFERENCIA)
VALUES (0, 410, ''Cobranza Cabal MN'', 3211540200, ''400'', 1)
INSERT INTO dbo.CONCEPCONT (TZ_LOCK, C6500, C6501, C6502, GRUPO_CONCEPTO, REFERENCIA)
VALUES (0, 411, ''Cobranza Cabal ME'', 3251490200, ''400'', 1)
INSERT INTO dbo.CONCEPCONT (TZ_LOCK, C6500, C6501, C6502, GRUPO_CONCEPTO, REFERENCIA)
VALUES (0, 412, ''Cobranza Visa MN'', 3211540300, ''400'', 1)
INSERT INTO dbo.CONCEPCONT (TZ_LOCK, C6500, C6501, C6502, GRUPO_CONCEPTO, REFERENCIA)
VALUES (0, 413, ''Cobranza Visa ME'', 3251490300, ''400'', 1)
INSERT INTO dbo.CONCEPCONT (TZ_LOCK, C6500, C6501, C6502, GRUPO_CONCEPTO, REFERENCIA)
VALUES (0, 414, ''Cobranza Tuya MN'', 3211540400, ''400'', 1)
INSERT INTO dbo.CONCEPCONT (TZ_LOCK, C6500, C6501, C6502, GRUPO_CONCEPTO, REFERENCIA)
VALUES (0, 415, ''Cobranza Tuya ME'', 3251490400, ''400'', 1)

INSERT INTO TJC_MAESTRO_ADMINISTRADORAS (COD_ADMINISTRADORA, DESCRIPCION, COD_PRODUCTO_TOPAZ, DEBITO_MN, DEBITO_ME, CREDITO_MN, CREDITO_ME, TZ_LOCK)
VALUES (1, ''MASTERCARD'', 72001, 400, 401, 408, 409, 0)
INSERT INTO TJC_MAESTRO_ADMINISTRADORAS (COD_ADMINISTRADORA, DESCRIPCION, COD_PRODUCTO_TOPAZ, DEBITO_MN, DEBITO_ME, CREDITO_MN, CREDITO_ME, TZ_LOCK)
VALUES (2, ''CABAL'', 72002, 402, 403, 410, 411, 0)
INSERT INTO TJC_MAESTRO_ADMINISTRADORAS (COD_ADMINISTRADORA, DESCRIPCION, COD_PRODUCTO_TOPAZ, DEBITO_MN, DEBITO_ME, CREDITO_MN, CREDITO_ME, TZ_LOCK)
VALUES (3, ''VISA'', 72003, 404, 405, 412, 413, 0)
INSERT INTO TJC_MAESTRO_ADMINISTRADORAS (COD_ADMINISTRADORA, DESCRIPCION, COD_PRODUCTO_TOPAZ, DEBITO_MN, DEBITO_ME, CREDITO_MN, CREDITO_ME, TZ_LOCK)
VALUES (8, ''TUYA'', 72008, 407, 408, 414, 415, 0)

INSERT INTO PARAMETROSGENERALES (CODIGO, DESCRIPCION, ALFA, NUMERICO, FECHA, IMPORTE, TASA, TZ_LOCK)
VALUES (400, ''Sucursal Tarjeta de Crédito'', '''', 95, NULL, 0, 0, 0)

UPDATE AYUDAS SET CAMPOS = ''47221R;47218R;47219;47201R;47216;47210;47206;47208;47211;47207;47209;47200R;47101;47202R;47212;47217;47220;'' WHERE NUMERODEAYUDA = 47121

UPDATE AYUDAS SET CAMPOS = ''65;93;9788;1058;48;262;20;537;733;734;480;735;736;737;738;739;429R;'' WHERE NUMERODEAYUDA = 43341

')








