EXECUTE('



DELETE FROM USUARIOS WHERE CLAVE  IN ( ''CONTA1'',''CONTB1'',''CONTB2'', ''CONTB3'')


INSERT INTO dbo.USUARIOS (NOMBRE, CLAVE, CONTRASENIA, INICIALES, GRUPO, LENGUAJE, FECHAINI, FECHAEXP, MULTIPLESLOGINS, EXPIRACIONCONTRASENIA, DESHABILITADO, MANTDES, INTENTOS, NRODECAJA, CANTLOGINS, NROSUCURSAL, SECTOR, TZ_LOCK, FECHAULTLOG, CONTRASENIASUSADAS, INIEXPHABILITADO, NUMERODEMAQUINA, ESTADO, INISEGUR, FECHACREACION, FECHABLOQUEO, APLIC_MODIF, MOTIVOBLOQUEO, SEGUNDOLOGIN, LDAPUSER, USMAIL, INMEDIATOSUPERIOR, CONTROLA_INACTIVO, DOCUMENTO, TIPO_DOCUMENTO, LOGINCONAD, USUARIORED, TIPOLOGIN)
VALUES (''CONTA1'', ''CONTA1'', 0x1728C4AA50EF06C4, ''CONTA1'', ''CONT-A'', ''E'', NULL, NULL, 1, NULL, 0, ''D'', 0, NULL, 99999, 97, NULL, 0, NULL, NULL, 0, 12, NULL, NULL, NULL, NULL, ''S'', 0, 0, '''', NULL, '''', ''S'', '''', ''CDI'', 0, NULL, 0)
 

INSERT INTO dbo.USUARIOS (NOMBRE, CLAVE, CONTRASENIA, INICIALES, GRUPO, LENGUAJE, FECHAINI, FECHAEXP, MULTIPLESLOGINS, EXPIRACIONCONTRASENIA, DESHABILITADO, MANTDES, INTENTOS, NRODECAJA, CANTLOGINS, NROSUCURSAL, SECTOR, TZ_LOCK, FECHAULTLOG, CONTRASENIASUSADAS, INIEXPHABILITADO, NUMERODEMAQUINA, ESTADO, INISEGUR, FECHACREACION, FECHABLOQUEO, APLIC_MODIF, MOTIVOBLOQUEO, SEGUNDOLOGIN, LDAPUSER, USMAIL, INMEDIATOSUPERIOR, CONTROLA_INACTIVO, DOCUMENTO, TIPO_DOCUMENTO, LOGINCONAD, USUARIORED, TIPOLOGIN)
VALUES (''CONTB1'', ''CONTB1'', 0x1728C4AA50EF06C4, ''CONTB1'', ''CONT-B'', ''E'', NULL, NULL, 0, NULL, 0, ''D'', 0, NULL, 9999, 97, NULL, 0, NULL, NULL, 0, 14, NULL, NULL, NULL, NULL, ''S'', 0, 0, '''', NULL, '''', ''S'', '''', ''CDI'', 0, NULL, 0)
 

INSERT INTO dbo.USUARIOS (NOMBRE, CLAVE, CONTRASENIA, INICIALES, GRUPO, LENGUAJE, FECHAINI, FECHAEXP, MULTIPLESLOGINS, EXPIRACIONCONTRASENIA, DESHABILITADO, MANTDES, INTENTOS, NRODECAJA, CANTLOGINS, NROSUCURSAL, SECTOR, TZ_LOCK, FECHAULTLOG, CONTRASENIASUSADAS, INIEXPHABILITADO, NUMERODEMAQUINA, ESTADO, INISEGUR, FECHACREACION, FECHABLOQUEO, APLIC_MODIF, MOTIVOBLOQUEO, SEGUNDOLOGIN, LDAPUSER, USMAIL, INMEDIATOSUPERIOR, CONTROLA_INACTIVO, DOCUMENTO, TIPO_DOCUMENTO, LOGINCONAD, USUARIORED, TIPOLOGIN)
VALUES (''CONTB2'', ''CONTB2'', 0x1728C4AA50EF06C4, ''CONTB2'', ''CONT-B'', ''E'', NULL, NULL, 1, NULL, 0, ''D'', 0, NULL, 9999, 97, NULL, 0, NULL, NULL, 0, 15, NULL, NULL, NULL, NULL, ''S'', 0, 0, '''', NULL, '''', ''S'', '''', ''CDI'', 0, NULL, 0)
 

INSERT INTO dbo.USUARIOS (NOMBRE, CLAVE, CONTRASENIA, INICIALES, GRUPO, LENGUAJE, FECHAINI, FECHAEXP, MULTIPLESLOGINS, EXPIRACIONCONTRASENIA, DESHABILITADO, MANTDES, INTENTOS, NRODECAJA, CANTLOGINS, NROSUCURSAL, SECTOR, TZ_LOCK, FECHAULTLOG, CONTRASENIASUSADAS, INIEXPHABILITADO, NUMERODEMAQUINA, ESTADO, INISEGUR, FECHACREACION, FECHABLOQUEO, APLIC_MODIF, MOTIVOBLOQUEO, SEGUNDOLOGIN, LDAPUSER, USMAIL, INMEDIATOSUPERIOR, CONTROLA_INACTIVO, DOCUMENTO, TIPO_DOCUMENTO, LOGINCONAD, USUARIORED, TIPOLOGIN)
VALUES (''CONTB3'', ''CONTB3'', 0x1728C4AA50EF06C4, ''CONTB3'', ''CONT-B'', ''E'', NULL, NULL, 0, NULL, 0, ''D'', 0, NULL, NULL, 5, NULL, 0, NULL, NULL, 0, 45, NULL, NULL, NULL, NULL, ''S'', 0, 0, '''', NULL, '''', ''S'', '''', ''CDI'', 0, NULL, 0)
 



DELETE FROM dbo.GRUPOS
WHERE GRUPO = ''CONT-A''
 

DELETE FROM dbo.GRUPOS
WHERE GRUPO = ''CONT-B''
 



INSERT INTO dbo.GRUPOS (GRUPO, DESCRIPCION, GRUPOBASE, DIASVALORATRAS, DIASVALORADELANTE, TZ_LOCK, AUTORIZACION, CONFIRMACION, ACEPTACION, COMPLEMENTO, HEREDAMSG)
VALUES (''CONT-A'', ''CONTABILIDAD AUTORIZADOR'', ''BANCO'', NULL, NULL, 0, NULL, NULL, NULL, NULL, 0)
 

INSERT INTO dbo.GRUPOS (GRUPO, DESCRIPCION, GRUPOBASE, DIASVALORATRAS, DIASVALORADELANTE, TZ_LOCK, AUTORIZACION, CONFIRMACION, ACEPTACION, COMPLEMENTO, HEREDAMSG)
VALUES (''CONT-B'', ''CONTABILIDAD BASICO'', ''BANCO'', NULL, NULL, 0, NULL, NULL, NULL, NULL, 0)
 


DELETE FROM dbo.GRUPOSUCURSAL WHERE GRUPO IN (''CONT-A'',''CONT-B'')

INSERT INTO dbo.GRUPOSUCURSAL (TZ_LOCK, GRUPO, SUCURSAL)
VALUES (0, ''CONT-A'', 1)
 

INSERT INTO dbo.GRUPOSUCURSAL (TZ_LOCK, GRUPO, SUCURSAL)
VALUES (0, ''CONT-A'', 2)
 

INSERT INTO dbo.GRUPOSUCURSAL (TZ_LOCK, GRUPO, SUCURSAL)
VALUES (0, ''CONT-A'', 3)
 

INSERT INTO dbo.GRUPOSUCURSAL (TZ_LOCK, GRUPO, SUCURSAL)
VALUES (0, ''CONT-A'', 4)
 

INSERT INTO dbo.GRUPOSUCURSAL (TZ_LOCK, GRUPO, SUCURSAL)
VALUES (0, ''CONT-A'', 5)
 

INSERT INTO dbo.GRUPOSUCURSAL (TZ_LOCK, GRUPO, SUCURSAL)
VALUES (0, ''CONT-A'', 6)
 

INSERT INTO dbo.GRUPOSUCURSAL (TZ_LOCK, GRUPO, SUCURSAL)
VALUES (0, ''CONT-A'', 7)
 

INSERT INTO dbo.GRUPOSUCURSAL (TZ_LOCK, GRUPO, SUCURSAL)
VALUES (0, ''CONT-A'', 8)
 

INSERT INTO dbo.GRUPOSUCURSAL (TZ_LOCK, GRUPO, SUCURSAL)
VALUES (0, ''CONT-A'', 9)
 

INSERT INTO dbo.GRUPOSUCURSAL (TZ_LOCK, GRUPO, SUCURSAL)
VALUES (0, ''CONT-A'', 10)
 

INSERT INTO dbo.GRUPOSUCURSAL (TZ_LOCK, GRUPO, SUCURSAL)
VALUES (0, ''CONT-A'', 11)
 

INSERT INTO dbo.GRUPOSUCURSAL (TZ_LOCK, GRUPO, SUCURSAL)
VALUES (0, ''CONT-A'', 12)
 

INSERT INTO dbo.GRUPOSUCURSAL (TZ_LOCK, GRUPO, SUCURSAL)
VALUES (0, ''CONT-A'', 13)
 

INSERT INTO dbo.GRUPOSUCURSAL (TZ_LOCK, GRUPO, SUCURSAL)
VALUES (0, ''CONT-A'', 14)
 

INSERT INTO dbo.GRUPOSUCURSAL (TZ_LOCK, GRUPO, SUCURSAL)
VALUES (0, ''CONT-A'', 15)
 

INSERT INTO dbo.GRUPOSUCURSAL (TZ_LOCK, GRUPO, SUCURSAL)
VALUES (0, ''CONT-A'', 16)
 

INSERT INTO dbo.GRUPOSUCURSAL (TZ_LOCK, GRUPO, SUCURSAL)
VALUES (0, ''CONT-A'', 17)
 

INSERT INTO dbo.GRUPOSUCURSAL (TZ_LOCK, GRUPO, SUCURSAL)
VALUES (0, ''CONT-A'', 18)
 

INSERT INTO dbo.GRUPOSUCURSAL (TZ_LOCK, GRUPO, SUCURSAL)
VALUES (0, ''CONT-A'', 19)
 

INSERT INTO dbo.GRUPOSUCURSAL (TZ_LOCK, GRUPO, SUCURSAL)
VALUES (0, ''CONT-A'', 20)
 

INSERT INTO dbo.GRUPOSUCURSAL (TZ_LOCK, GRUPO, SUCURSAL)
VALUES (0, ''CONT-A'', 21)
 

INSERT INTO dbo.GRUPOSUCURSAL (TZ_LOCK, GRUPO, SUCURSAL)
VALUES (0, ''CONT-A'', 22)
 

INSERT INTO dbo.GRUPOSUCURSAL (TZ_LOCK, GRUPO, SUCURSAL)
VALUES (0, ''CONT-A'', 23)
 

INSERT INTO dbo.GRUPOSUCURSAL (TZ_LOCK, GRUPO, SUCURSAL)
VALUES (0, ''CONT-A'', 24)
 

INSERT INTO dbo.GRUPOSUCURSAL (TZ_LOCK, GRUPO, SUCURSAL)
VALUES (0, ''CONT-A'', 25)
 

INSERT INTO dbo.GRUPOSUCURSAL (TZ_LOCK, GRUPO, SUCURSAL)
VALUES (0, ''CONT-A'', 27)
 

INSERT INTO dbo.GRUPOSUCURSAL (TZ_LOCK, GRUPO, SUCURSAL)
VALUES (0, ''CONT-A'', 30)
 

INSERT INTO dbo.GRUPOSUCURSAL (TZ_LOCK, GRUPO, SUCURSAL)
VALUES (0, ''CONT-A'', 50)
 

INSERT INTO dbo.GRUPOSUCURSAL (TZ_LOCK, GRUPO, SUCURSAL)
VALUES (0, ''CONT-A'', 95)
 

INSERT INTO dbo.GRUPOSUCURSAL (TZ_LOCK, GRUPO, SUCURSAL)
VALUES (0, ''CONT-A'', 97)
 

INSERT INTO dbo.GRUPOSUCURSAL (TZ_LOCK, GRUPO, SUCURSAL)
VALUES (0, ''CONT-A'', 99)
 

INSERT INTO dbo.GRUPOSUCURSAL (TZ_LOCK, GRUPO, SUCURSAL)
VALUES (0, ''CONT-A'', 100)
 

INSERT INTO dbo.GRUPOSUCURSAL (TZ_LOCK, GRUPO, SUCURSAL)
VALUES (0, ''CONT-A'', 101)
 

INSERT INTO dbo.GRUPOSUCURSAL (TZ_LOCK, GRUPO, SUCURSAL)
VALUES (0, ''CONT-A'', 102)
 

INSERT INTO dbo.GRUPOSUCURSAL (TZ_LOCK, GRUPO, SUCURSAL)
VALUES (0, ''CONT-A'', 111)
 

INSERT INTO dbo.GRUPOSUCURSAL (TZ_LOCK, GRUPO, SUCURSAL)
VALUES (0, ''CONT-A'', 500)
 

INSERT INTO dbo.GRUPOSUCURSAL (TZ_LOCK, GRUPO, SUCURSAL)
VALUES (0, ''CONT-B'', 1)
 

INSERT INTO dbo.GRUPOSUCURSAL (TZ_LOCK, GRUPO, SUCURSAL)
VALUES (0, ''CONT-B'', 2)
 

INSERT INTO dbo.GRUPOSUCURSAL (TZ_LOCK, GRUPO, SUCURSAL)
VALUES (0, ''CONT-B'', 3)
 

INSERT INTO dbo.GRUPOSUCURSAL (TZ_LOCK, GRUPO, SUCURSAL)
VALUES (0, ''CONT-B'', 4)
 

INSERT INTO dbo.GRUPOSUCURSAL (TZ_LOCK, GRUPO, SUCURSAL)
VALUES (0, ''CONT-B'', 5)
 

INSERT INTO dbo.GRUPOSUCURSAL (TZ_LOCK, GRUPO, SUCURSAL)
VALUES (0, ''CONT-B'', 6)
 

INSERT INTO dbo.GRUPOSUCURSAL (TZ_LOCK, GRUPO, SUCURSAL)
VALUES (0, ''CONT-B'', 7)
 

INSERT INTO dbo.GRUPOSUCURSAL (TZ_LOCK, GRUPO, SUCURSAL)
VALUES (0, ''CONT-B'', 8)
 

INSERT INTO dbo.GRUPOSUCURSAL (TZ_LOCK, GRUPO, SUCURSAL)
VALUES (0, ''CONT-B'', 9)
 

INSERT INTO dbo.GRUPOSUCURSAL (TZ_LOCK, GRUPO, SUCURSAL)
VALUES (0, ''CONT-B'', 10)
 

INSERT INTO dbo.GRUPOSUCURSAL (TZ_LOCK, GRUPO, SUCURSAL)
VALUES (0, ''CONT-B'', 11)
 

INSERT INTO dbo.GRUPOSUCURSAL (TZ_LOCK, GRUPO, SUCURSAL)
VALUES (0, ''CONT-B'', 12)
 

INSERT INTO dbo.GRUPOSUCURSAL (TZ_LOCK, GRUPO, SUCURSAL)
VALUES (0, ''CONT-B'', 13)
 

INSERT INTO dbo.GRUPOSUCURSAL (TZ_LOCK, GRUPO, SUCURSAL)
VALUES (0, ''CONT-B'', 14)
 

INSERT INTO dbo.GRUPOSUCURSAL (TZ_LOCK, GRUPO, SUCURSAL)
VALUES (0, ''CONT-B'', 15)
 

INSERT INTO dbo.GRUPOSUCURSAL (TZ_LOCK, GRUPO, SUCURSAL)
VALUES (0, ''CONT-B'', 16)
 

INSERT INTO dbo.GRUPOSUCURSAL (TZ_LOCK, GRUPO, SUCURSAL)
VALUES (0, ''CONT-B'', 17)
 

INSERT INTO dbo.GRUPOSUCURSAL (TZ_LOCK, GRUPO, SUCURSAL)
VALUES (0, ''CONT-B'', 18)
 

INSERT INTO dbo.GRUPOSUCURSAL (TZ_LOCK, GRUPO, SUCURSAL)
VALUES (0, ''CONT-B'', 19)
 

INSERT INTO dbo.GRUPOSUCURSAL (TZ_LOCK, GRUPO, SUCURSAL)
VALUES (0, ''CONT-B'', 20)
 

INSERT INTO dbo.GRUPOSUCURSAL (TZ_LOCK, GRUPO, SUCURSAL)
VALUES (0, ''CONT-B'', 21)
 

INSERT INTO dbo.GRUPOSUCURSAL (TZ_LOCK, GRUPO, SUCURSAL)
VALUES (0, ''CONT-B'', 22)
 

INSERT INTO dbo.GRUPOSUCURSAL (TZ_LOCK, GRUPO, SUCURSAL)
VALUES (0, ''CONT-B'', 23)
 

INSERT INTO dbo.GRUPOSUCURSAL (TZ_LOCK, GRUPO, SUCURSAL)
VALUES (0, ''CONT-B'', 24)
 

INSERT INTO dbo.GRUPOSUCURSAL (TZ_LOCK, GRUPO, SUCURSAL)
VALUES (0, ''CONT-B'', 25)
 

INSERT INTO dbo.GRUPOSUCURSAL (TZ_LOCK, GRUPO, SUCURSAL)
VALUES (0, ''CONT-B'', 27)
 

INSERT INTO dbo.GRUPOSUCURSAL (TZ_LOCK, GRUPO, SUCURSAL)
VALUES (0, ''CONT-B'', 30)
 

INSERT INTO dbo.GRUPOSUCURSAL (TZ_LOCK, GRUPO, SUCURSAL)
VALUES (0, ''CONT-B'', 50)
 

INSERT INTO dbo.GRUPOSUCURSAL (TZ_LOCK, GRUPO, SUCURSAL)
VALUES (0, ''CONT-B'', 95)
 

INSERT INTO dbo.GRUPOSUCURSAL (TZ_LOCK, GRUPO, SUCURSAL)
VALUES (0, ''CONT-B'', 97)
 

INSERT INTO dbo.GRUPOSUCURSAL (TZ_LOCK, GRUPO, SUCURSAL)
VALUES (0, ''CONT-B'', 99)
 

INSERT INTO dbo.GRUPOSUCURSAL (TZ_LOCK, GRUPO, SUCURSAL)
VALUES (0, ''CONT-B'', 100)
 

INSERT INTO dbo.GRUPOSUCURSAL (TZ_LOCK, GRUPO, SUCURSAL)
VALUES (0, ''CONT-B'', 101)
 

INSERT INTO dbo.GRUPOSUCURSAL (TZ_LOCK, GRUPO, SUCURSAL)
VALUES (0, ''CONT-B'', 102)
 

INSERT INTO dbo.GRUPOSUCURSAL (TZ_LOCK, GRUPO, SUCURSAL)
VALUES (0, ''CONT-B'', 111)
 

INSERT INTO dbo.GRUPOSUCURSAL (TZ_LOCK, GRUPO, SUCURSAL)
VALUES (0, ''CONT-B'', 500)
 





delete FROM PERMISOSGRUPO WHERE GRUPO IN (''CONT-A'',''CONT-B'')

INSERT INTO dbo.PERMISOSGRUPO (GRUPO, PERMISO, FORMULA, PERMITE, DESCRIPCION, AUTORIZADOR)
VALUES (''CONT-A'', 2, NULL, 1, NULL, NULL)
 

INSERT INTO dbo.PERMISOSGRUPO (GRUPO, PERMISO, FORMULA, PERMITE, DESCRIPCION, AUTORIZADOR)
VALUES (''CONT-A'', 5, NULL, 1, NULL, NULL)
 

INSERT INTO dbo.PERMISOSGRUPO (GRUPO, PERMISO, FORMULA, PERMITE, DESCRIPCION, AUTORIZADOR)
VALUES (''CONT-A'', 6, NULL, 1, NULL, NULL)
 

INSERT INTO dbo.PERMISOSGRUPO (GRUPO, PERMISO, FORMULA, PERMITE, DESCRIPCION, AUTORIZADOR)
VALUES (''CONT-A'', 7, NULL, 1, NULL, NULL)
 

INSERT INTO dbo.PERMISOSGRUPO (GRUPO, PERMISO, FORMULA, PERMITE, DESCRIPCION, AUTORIZADOR)
VALUES (''CONT-A'', 9, NULL, 1, NULL, NULL)
 

INSERT INTO dbo.PERMISOSGRUPO (GRUPO, PERMISO, FORMULA, PERMITE, DESCRIPCION, AUTORIZADOR)
VALUES (''CONT-A'', 22, NULL, 1, NULL, NULL)
 

INSERT INTO dbo.PERMISOSGRUPO (GRUPO, PERMISO, FORMULA, PERMITE, DESCRIPCION, AUTORIZADOR)
VALUES (''CONT-A'', 50, NULL, 1, NULL, NULL)
 

INSERT INTO dbo.PERMISOSGRUPO (GRUPO, PERMISO, FORMULA, PERMITE, DESCRIPCION, AUTORIZADOR)
VALUES (''CONT-A'', 51, NULL, 1, NULL, NULL)
 

INSERT INTO dbo.PERMISOSGRUPO (GRUPO, PERMISO, FORMULA, PERMITE, DESCRIPCION, AUTORIZADOR)
VALUES (''CONT-A'', 52, NULL, 1, NULL, NULL)
 

INSERT INTO dbo.PERMISOSGRUPO (GRUPO, PERMISO, FORMULA, PERMITE, DESCRIPCION, AUTORIZADOR)
VALUES (''CONT-A'', 53, NULL, 1, NULL, NULL)
 

INSERT INTO dbo.PERMISOSGRUPO (GRUPO, PERMISO, FORMULA, PERMITE, DESCRIPCION, AUTORIZADOR)
VALUES (''CONT-A'', 54, NULL, 1, NULL, NULL)
 

INSERT INTO dbo.PERMISOSGRUPO (GRUPO, PERMISO, FORMULA, PERMITE, DESCRIPCION, AUTORIZADOR)
VALUES (''CONT-A'', 59, NULL, 1, NULL, NULL)
 

INSERT INTO dbo.PERMISOSGRUPO (GRUPO, PERMISO, FORMULA, PERMITE, DESCRIPCION, AUTORIZADOR)
VALUES (''CONT-A'', 70, NULL, 1, NULL, NULL)
 


delete FROM RESTRICCIONES WHERE GRUPO IN (''CONT-A'',''CONT-B'')

INSERT INTO dbo.RESTRICCIONES (IDENTIFICACION, GRUPO, TIPO, DESCRIPCION, PERMITE, FECHA_HABILITACION)
VALUES (''00010000'', ''CONT-A'', ''Q'', NULL, 1, NULL)
 

INSERT INTO dbo.RESTRICCIONES (IDENTIFICACION, GRUPO, TIPO, DESCRIPCION, PERMITE, FECHA_HABILITACION)
VALUES (''00010000'', ''CONT-B'', ''Q'', NULL, 1, NULL)
 

INSERT INTO dbo.RESTRICCIONES (IDENTIFICACION, GRUPO, TIPO, DESCRIPCION, PERMITE, FECHA_HABILITACION)
VALUES (''00011040'', ''CONT-B'', ''Q'', NULL, 1, NULL)
 

INSERT INTO dbo.RESTRICCIONES (IDENTIFICACION, GRUPO, TIPO, DESCRIPCION, PERMITE, FECHA_HABILITACION)
VALUES (''00015004'', ''CONT-B'', ''Q'', NULL, 1, NULL)
 

INSERT INTO dbo.RESTRICCIONES (IDENTIFICACION, GRUPO, TIPO, DESCRIPCION, PERMITE, FECHA_HABILITACION)
VALUES (''00015007'', ''CONT-B'', ''Q'', NULL, 1, NULL)
 

INSERT INTO dbo.RESTRICCIONES (IDENTIFICACION, GRUPO, TIPO, DESCRIPCION, PERMITE, FECHA_HABILITACION)
VALUES (''00015009'', ''CONT-B'', ''Q'', NULL, 1, NULL)
 

INSERT INTO dbo.RESTRICCIONES (IDENTIFICACION, GRUPO, TIPO, DESCRIPCION, PERMITE, FECHA_HABILITACION)
VALUES (''00015013'', ''CONT-B'', ''Q'', NULL, 1, NULL)
 

INSERT INTO dbo.RESTRICCIONES (IDENTIFICACION, GRUPO, TIPO, DESCRIPCION, PERMITE, FECHA_HABILITACION)
VALUES (''00015025'', ''CONT-B'', ''Q'', NULL, 1, NULL)
 

INSERT INTO dbo.RESTRICCIONES (IDENTIFICACION, GRUPO, TIPO, DESCRIPCION, PERMITE, FECHA_HABILITACION)
VALUES (''00018042'', ''CONT-B'', ''Q'', NULL, 1, NULL)
 

INSERT INTO dbo.RESTRICCIONES (IDENTIFICACION, GRUPO, TIPO, DESCRIPCION, PERMITE, FECHA_HABILITACION)
VALUES (''00080000'', ''CONT-A'', ''Q'', NULL, 1, NULL)
 

INSERT INTO dbo.RESTRICCIONES (IDENTIFICACION, GRUPO, TIPO, DESCRIPCION, PERMITE, FECHA_HABILITACION)
VALUES (''00080000'', ''CONT-B'', ''Q'', NULL, 1, NULL)
 

INSERT INTO dbo.RESTRICCIONES (IDENTIFICACION, GRUPO, TIPO, DESCRIPCION, PERMITE, FECHA_HABILITACION)
VALUES (''09000000'', ''CONT-A'', ''Q'', NULL, 1, NULL)
 

INSERT INTO dbo.RESTRICCIONES (IDENTIFICACION, GRUPO, TIPO, DESCRIPCION, PERMITE, FECHA_HABILITACION)
VALUES (''09000000'', ''CONT-B'', ''Q'', NULL, 1, NULL)
 

INSERT INTO dbo.RESTRICCIONES (IDENTIFICACION, GRUPO, TIPO, DESCRIPCION, PERMITE, FECHA_HABILITACION)
VALUES (''10000000'', ''CONT-A'', ''Q'', NULL, 1, NULL)
 

INSERT INTO dbo.RESTRICCIONES (IDENTIFICACION, GRUPO, TIPO, DESCRIPCION, PERMITE, FECHA_HABILITACION)
VALUES (''10000000'', ''CONT-B'', ''Q'', NULL, 1, NULL)
 

INSERT INTO dbo.RESTRICCIONES (IDENTIFICACION, GRUPO, TIPO, DESCRIPCION, PERMITE, FECHA_HABILITACION)
VALUES (''16000000'', ''CONT-A'', ''Q'', NULL, 1, NULL)
 

INSERT INTO dbo.RESTRICCIONES (IDENTIFICACION, GRUPO, TIPO, DESCRIPCION, PERMITE, FECHA_HABILITACION)
VALUES (''16000000'', ''CONT-B'', ''Q'', NULL, 1, NULL)
 

INSERT INTO dbo.RESTRICCIONES (IDENTIFICACION, GRUPO, TIPO, DESCRIPCION, PERMITE, FECHA_HABILITACION)
VALUES (''18000000'', ''CONT-A'', ''Q'', NULL, 1, NULL)
 

INSERT INTO dbo.RESTRICCIONES (IDENTIFICACION, GRUPO, TIPO, DESCRIPCION, PERMITE, FECHA_HABILITACION)
VALUES (''18000000'', ''CONT-B'', ''Q'', NULL, 1, NULL)
 

INSERT INTO dbo.RESTRICCIONES (IDENTIFICACION, GRUPO, TIPO, DESCRIPCION, PERMITE, FECHA_HABILITACION)
VALUES (''20000000'', ''CONT-A'', ''O'', NULL, 1, NULL)
 

INSERT INTO dbo.RESTRICCIONES (IDENTIFICACION, GRUPO, TIPO, DESCRIPCION, PERMITE, FECHA_HABILITACION)
VALUES (''20000000'', ''CONT-A'', ''Q'', NULL, 1, NULL)
 

INSERT INTO dbo.RESTRICCIONES (IDENTIFICACION, GRUPO, TIPO, DESCRIPCION, PERMITE, FECHA_HABILITACION)
VALUES (''20000000'', ''CONT-B'', ''O'', NULL, 1, NULL)
 

INSERT INTO dbo.RESTRICCIONES (IDENTIFICACION, GRUPO, TIPO, DESCRIPCION, PERMITE, FECHA_HABILITACION)
VALUES (''20000000'', ''CONT-B'', ''Q'', NULL, 1, NULL)
 

INSERT INTO dbo.RESTRICCIONES (IDENTIFICACION, GRUPO, TIPO, DESCRIPCION, PERMITE, FECHA_HABILITACION)
VALUES (''20010000'', ''CONT-A'', ''O'', NULL, 1, NULL)
 

INSERT INTO dbo.RESTRICCIONES (IDENTIFICACION, GRUPO, TIPO, DESCRIPCION, PERMITE, FECHA_HABILITACION)
VALUES (''20010000'', ''CONT-B'', ''O'', NULL, 1, NULL)
 

INSERT INTO dbo.RESTRICCIONES (IDENTIFICACION, GRUPO, TIPO, DESCRIPCION, PERMITE, FECHA_HABILITACION)
VALUES (''20020000'', ''CONT-A'', ''O'', NULL, 1, NULL)
 

INSERT INTO dbo.RESTRICCIONES (IDENTIFICACION, GRUPO, TIPO, DESCRIPCION, PERMITE, FECHA_HABILITACION)
VALUES (''20020000'', ''CONT-B'', ''O'', NULL, 1, NULL)
 

INSERT INTO dbo.RESTRICCIONES (IDENTIFICACION, GRUPO, TIPO, DESCRIPCION, PERMITE, FECHA_HABILITACION)
VALUES (''20030000'', ''CONT-A'', ''O'', NULL, 1, NULL)
 

INSERT INTO dbo.RESTRICCIONES (IDENTIFICACION, GRUPO, TIPO, DESCRIPCION, PERMITE, FECHA_HABILITACION)
VALUES (''20030000'', ''CONT-B'', ''O'', NULL, 1, NULL)
 

INSERT INTO dbo.RESTRICCIONES (IDENTIFICACION, GRUPO, TIPO, DESCRIPCION, PERMITE, FECHA_HABILITACION)
VALUES (''20800000'', ''CONT-A'', ''O'', NULL, 1, NULL)
 

INSERT INTO dbo.RESTRICCIONES (IDENTIFICACION, GRUPO, TIPO, DESCRIPCION, PERMITE, FECHA_HABILITACION)
VALUES (''20800000'', ''CONT-B'', ''O'', NULL, 1, NULL)
 

INSERT INTO dbo.RESTRICCIONES (IDENTIFICACION, GRUPO, TIPO, DESCRIPCION, PERMITE, FECHA_HABILITACION)
VALUES (''21000000'', ''CONT-B'', ''O'', NULL, 1, NULL)
 

INSERT INTO dbo.RESTRICCIONES (IDENTIFICACION, GRUPO, TIPO, DESCRIPCION, PERMITE, FECHA_HABILITACION)
VALUES (''24000000'', ''CONT-A'', ''Q'', NULL, 1, NULL)
 

INSERT INTO dbo.RESTRICCIONES (IDENTIFICACION, GRUPO, TIPO, DESCRIPCION, PERMITE, FECHA_HABILITACION)
VALUES (''24000000'', ''CONT-B'', ''Q'', NULL, 1, NULL)
 

INSERT INTO dbo.RESTRICCIONES (IDENTIFICACION, GRUPO, TIPO, DESCRIPCION, PERMITE, FECHA_HABILITACION)
VALUES (''25000000'', ''CONT-A'', ''Q'', NULL, 1, NULL)
 

INSERT INTO dbo.RESTRICCIONES (IDENTIFICACION, GRUPO, TIPO, DESCRIPCION, PERMITE, FECHA_HABILITACION)
VALUES (''25000000'', ''CONT-B'', ''Q'', NULL, 1, NULL)
 

INSERT INTO dbo.RESTRICCIONES (IDENTIFICACION, GRUPO, TIPO, DESCRIPCION, PERMITE, FECHA_HABILITACION)
VALUES (''26000000'', ''CONT-A'', ''Q'', NULL, 1, NULL)
 

INSERT INTO dbo.RESTRICCIONES (IDENTIFICACION, GRUPO, TIPO, DESCRIPCION, PERMITE, FECHA_HABILITACION)
VALUES (''26000000'', ''CONT-B'', ''Q'', NULL, 1, NULL)
 

INSERT INTO dbo.RESTRICCIONES (IDENTIFICACION, GRUPO, TIPO, DESCRIPCION, PERMITE, FECHA_HABILITACION)
VALUES (''26300000'', ''CONT-A'', ''Q'', NULL, 1, NULL)
 

INSERT INTO dbo.RESTRICCIONES (IDENTIFICACION, GRUPO, TIPO, DESCRIPCION, PERMITE, FECHA_HABILITACION)
VALUES (''26300000'', ''CONT-B'', ''Q'', NULL, 1, NULL)
 

INSERT INTO dbo.RESTRICCIONES (IDENTIFICACION, GRUPO, TIPO, DESCRIPCION, PERMITE, FECHA_HABILITACION)
VALUES (''26500000'', ''CONT-A'', ''Q'', NULL, 1, NULL)
 

INSERT INTO dbo.RESTRICCIONES (IDENTIFICACION, GRUPO, TIPO, DESCRIPCION, PERMITE, FECHA_HABILITACION)
VALUES (''26500000'', ''CONT-B'', ''Q'', NULL, 1, NULL)
 

INSERT INTO dbo.RESTRICCIONES (IDENTIFICACION, GRUPO, TIPO, DESCRIPCION, PERMITE, FECHA_HABILITACION)
VALUES (''27000000'', ''CONT-A'', ''Q'', NULL, 1, NULL)
 

INSERT INTO dbo.RESTRICCIONES (IDENTIFICACION, GRUPO, TIPO, DESCRIPCION, PERMITE, FECHA_HABILITACION)
VALUES (''27000000'', ''CONT-B'', ''Q'', NULL, 1, NULL)
 

INSERT INTO dbo.RESTRICCIONES (IDENTIFICACION, GRUPO, TIPO, DESCRIPCION, PERMITE, FECHA_HABILITACION)
VALUES (''28000000'', ''CONT-A'', ''Q'', NULL, 1, NULL)
 

INSERT INTO dbo.RESTRICCIONES (IDENTIFICACION, GRUPO, TIPO, DESCRIPCION, PERMITE, FECHA_HABILITACION)
VALUES (''28000000'', ''CONT-B'', ''Q'', NULL, 1, NULL)
 

INSERT INTO dbo.RESTRICCIONES (IDENTIFICACION, GRUPO, TIPO, DESCRIPCION, PERMITE, FECHA_HABILITACION)
VALUES (''28500000'', ''CONT-A'', ''Q'', NULL, 1, NULL)
 

INSERT INTO dbo.RESTRICCIONES (IDENTIFICACION, GRUPO, TIPO, DESCRIPCION, PERMITE, FECHA_HABILITACION)
VALUES (''28500000'', ''CONT-B'', ''Q'', NULL, 1, NULL)
 

INSERT INTO dbo.RESTRICCIONES (IDENTIFICACION, GRUPO, TIPO, DESCRIPCION, PERMITE, FECHA_HABILITACION)
VALUES (''29000000'', ''CONT-A'', ''Q'', NULL, 1, NULL)
 

INSERT INTO dbo.RESTRICCIONES (IDENTIFICACION, GRUPO, TIPO, DESCRIPCION, PERMITE, FECHA_HABILITACION)
VALUES (''29000000'', ''CONT-B'', ''Q'', NULL, 1, NULL)
 

INSERT INTO dbo.RESTRICCIONES (IDENTIFICACION, GRUPO, TIPO, DESCRIPCION, PERMITE, FECHA_HABILITACION)
VALUES (''30000000'', ''CONT-A'', ''Q'', NULL, 1, NULL)
 

INSERT INTO dbo.RESTRICCIONES (IDENTIFICACION, GRUPO, TIPO, DESCRIPCION, PERMITE, FECHA_HABILITACION)
VALUES (''30000000'', ''CONT-B'', ''Q'', NULL, 1, NULL)
 

INSERT INTO dbo.RESTRICCIONES (IDENTIFICACION, GRUPO, TIPO, DESCRIPCION, PERMITE, FECHA_HABILITACION)
VALUES (''31000000'', ''CONT-A'', ''Q'', NULL, 1, NULL)
 

INSERT INTO dbo.RESTRICCIONES (IDENTIFICACION, GRUPO, TIPO, DESCRIPCION, PERMITE, FECHA_HABILITACION)
VALUES (''31000000'', ''CONT-B'', ''Q'', NULL, 1, NULL)
 

INSERT INTO dbo.RESTRICCIONES (IDENTIFICACION, GRUPO, TIPO, DESCRIPCION, PERMITE, FECHA_HABILITACION)
VALUES (''33000000'', ''CONT-A'', ''Q'', NULL, 1, NULL)
 

INSERT INTO dbo.RESTRICCIONES (IDENTIFICACION, GRUPO, TIPO, DESCRIPCION, PERMITE, FECHA_HABILITACION)
VALUES (''33000000'', ''CONT-B'', ''Q'', NULL, 1, NULL)
 

INSERT INTO dbo.RESTRICCIONES (IDENTIFICACION, GRUPO, TIPO, DESCRIPCION, PERMITE, FECHA_HABILITACION)
VALUES (''35000000'', ''CONT-A'', ''Q'', NULL, 1, NULL)
 

INSERT INTO dbo.RESTRICCIONES (IDENTIFICACION, GRUPO, TIPO, DESCRIPCION, PERMITE, FECHA_HABILITACION)
VALUES (''35000000'', ''CONT-B'', ''Q'', NULL, 1, NULL)
 

INSERT INTO dbo.RESTRICCIONES (IDENTIFICACION, GRUPO, TIPO, DESCRIPCION, PERMITE, FECHA_HABILITACION)
VALUES (''35100000'', ''CONT-A'', ''Q'', NULL, 1, NULL)
 

INSERT INTO dbo.RESTRICCIONES (IDENTIFICACION, GRUPO, TIPO, DESCRIPCION, PERMITE, FECHA_HABILITACION)
VALUES (''35100000'', ''CONT-B'', ''Q'', NULL, 1, NULL)
 

INSERT INTO dbo.RESTRICCIONES (IDENTIFICACION, GRUPO, TIPO, DESCRIPCION, PERMITE, FECHA_HABILITACION)
VALUES (''35600000'', ''CONT-A'', ''Q'', NULL, 1, NULL)
 

INSERT INTO dbo.RESTRICCIONES (IDENTIFICACION, GRUPO, TIPO, DESCRIPCION, PERMITE, FECHA_HABILITACION)
VALUES (''35600000'', ''CONT-B'', ''Q'', NULL, 1, NULL)
 

INSERT INTO dbo.RESTRICCIONES (IDENTIFICACION, GRUPO, TIPO, DESCRIPCION, PERMITE, FECHA_HABILITACION)
VALUES (''37500000'', ''CONT-A'', ''Q'', NULL, 1, NULL)
 

INSERT INTO dbo.RESTRICCIONES (IDENTIFICACION, GRUPO, TIPO, DESCRIPCION, PERMITE, FECHA_HABILITACION)
VALUES (''37500000'', ''CONT-B'', ''Q'', NULL, 1, NULL)
 

INSERT INTO dbo.RESTRICCIONES (IDENTIFICACION, GRUPO, TIPO, DESCRIPCION, PERMITE, FECHA_HABILITACION)
VALUES (''40000000'', ''CONT-A'', ''Q'', NULL, 1, NULL)
 

INSERT INTO dbo.RESTRICCIONES (IDENTIFICACION, GRUPO, TIPO, DESCRIPCION, PERMITE, FECHA_HABILITACION)
VALUES (''40000000'', ''CONT-B'', ''Q'', NULL, 1, NULL)
 

INSERT INTO dbo.RESTRICCIONES (IDENTIFICACION, GRUPO, TIPO, DESCRIPCION, PERMITE, FECHA_HABILITACION)
VALUES (''44000000'', ''CONT-A'', ''Q'', NULL, 1, NULL)
 

INSERT INTO dbo.RESTRICCIONES (IDENTIFICACION, GRUPO, TIPO, DESCRIPCION, PERMITE, FECHA_HABILITACION)
VALUES (''44000000'', ''CONT-B'', ''Q'', NULL, 1, NULL)
 

INSERT INTO dbo.RESTRICCIONES (IDENTIFICACION, GRUPO, TIPO, DESCRIPCION, PERMITE, FECHA_HABILITACION)
VALUES (''48000000'', ''CONT-A'', ''Q'', NULL, 1, NULL)
 

INSERT INTO dbo.RESTRICCIONES (IDENTIFICACION, GRUPO, TIPO, DESCRIPCION, PERMITE, FECHA_HABILITACION)
VALUES (''48000000'', ''CONT-B'', ''Q'', NULL, 1, NULL)
 

INSERT INTO dbo.RESTRICCIONES (IDENTIFICACION, GRUPO, TIPO, DESCRIPCION, PERMITE, FECHA_HABILITACION)
VALUES (''50000000'', ''CONT-A'', ''Q'', NULL, 1, NULL)
 

INSERT INTO dbo.RESTRICCIONES (IDENTIFICACION, GRUPO, TIPO, DESCRIPCION, PERMITE, FECHA_HABILITACION)
VALUES (''50000000'', ''CONT-B'', ''Q'', NULL, 1, NULL)
 

INSERT INTO dbo.RESTRICCIONES (IDENTIFICACION, GRUPO, TIPO, DESCRIPCION, PERMITE, FECHA_HABILITACION)
VALUES (''51000000'', ''CONT-A'', ''Q'', NULL, 1, NULL)
 

INSERT INTO dbo.RESTRICCIONES (IDENTIFICACION, GRUPO, TIPO, DESCRIPCION, PERMITE, FECHA_HABILITACION)
VALUES (''51000000'', ''CONT-B'', ''Q'', NULL, 1, NULL)
 

INSERT INTO dbo.RESTRICCIONES (IDENTIFICACION, GRUPO, TIPO, DESCRIPCION, PERMITE, FECHA_HABILITACION)
VALUES (''54000000'', ''CONT-A'', ''Q'', NULL, 1, NULL)
 

INSERT INTO dbo.RESTRICCIONES (IDENTIFICACION, GRUPO, TIPO, DESCRIPCION, PERMITE, FECHA_HABILITACION)
VALUES (''54000000'', ''CONT-B'', ''Q'', NULL, 1, NULL)
 

INSERT INTO dbo.RESTRICCIONES (IDENTIFICACION, GRUPO, TIPO, DESCRIPCION, PERMITE, FECHA_HABILITACION)
VALUES (''55000000'', ''CONT-A'', ''Q'', NULL, 1, NULL)
 

INSERT INTO dbo.RESTRICCIONES (IDENTIFICACION, GRUPO, TIPO, DESCRIPCION, PERMITE, FECHA_HABILITACION)
VALUES (''55000000'', ''CONT-B'', ''Q'', NULL, 1, NULL)
 

INSERT INTO dbo.RESTRICCIONES (IDENTIFICACION, GRUPO, TIPO, DESCRIPCION, PERMITE, FECHA_HABILITACION)
VALUES (''58000000'', ''CONT-A'', ''Q'', NULL, 1, NULL)
 

INSERT INTO dbo.RESTRICCIONES (IDENTIFICACION, GRUPO, TIPO, DESCRIPCION, PERMITE, FECHA_HABILITACION)
VALUES (''58000000'', ''CONT-B'', ''Q'', NULL, 1, NULL)
 

INSERT INTO dbo.RESTRICCIONES (IDENTIFICACION, GRUPO, TIPO, DESCRIPCION, PERMITE, FECHA_HABILITACION)
VALUES (''59000000'', ''CONT-A'', ''Q'', NULL, 1, NULL)
 

INSERT INTO dbo.RESTRICCIONES (IDENTIFICACION, GRUPO, TIPO, DESCRIPCION, PERMITE, FECHA_HABILITACION)
VALUES (''59000000'', ''CONT-B'', ''Q'', NULL, 1, NULL)
 

INSERT INTO dbo.RESTRICCIONES (IDENTIFICACION, GRUPO, TIPO, DESCRIPCION, PERMITE, FECHA_HABILITACION)
VALUES (''59400000'', ''CONT-A'', ''Q'', NULL, 1, NULL)
 

INSERT INTO dbo.RESTRICCIONES (IDENTIFICACION, GRUPO, TIPO, DESCRIPCION, PERMITE, FECHA_HABILITACION)
VALUES (''59400000'', ''CONT-B'', ''Q'', NULL, 1, NULL)
 

INSERT INTO dbo.RESTRICCIONES (IDENTIFICACION, GRUPO, TIPO, DESCRIPCION, PERMITE, FECHA_HABILITACION)
VALUES (''60000000'', ''CONT-A'', ''Q'', NULL, 1, NULL)
 

INSERT INTO dbo.RESTRICCIONES (IDENTIFICACION, GRUPO, TIPO, DESCRIPCION, PERMITE, FECHA_HABILITACION)
VALUES (''60000000'', ''CONT-B'', ''Q'', NULL, 1, NULL)
 

INSERT INTO dbo.RESTRICCIONES (IDENTIFICACION, GRUPO, TIPO, DESCRIPCION, PERMITE, FECHA_HABILITACION)
VALUES (''65000000'', ''CONT-A'', ''Q'', NULL, 1, NULL)
 

INSERT INTO dbo.RESTRICCIONES (IDENTIFICACION, GRUPO, TIPO, DESCRIPCION, PERMITE, FECHA_HABILITACION)
VALUES (''65000000'', ''CONT-B'', ''Q'', NULL, 1, NULL)
 

INSERT INTO dbo.RESTRICCIONES (IDENTIFICACION, GRUPO, TIPO, DESCRIPCION, PERMITE, FECHA_HABILITACION)
VALUES (''66000000'', ''CONT-A'', ''Q'', NULL, 1, NULL)
 

INSERT INTO dbo.RESTRICCIONES (IDENTIFICACION, GRUPO, TIPO, DESCRIPCION, PERMITE, FECHA_HABILITACION)
VALUES (''66000000'', ''CONT-B'', ''Q'', NULL, 1, NULL)
 

INSERT INTO dbo.RESTRICCIONES (IDENTIFICACION, GRUPO, TIPO, DESCRIPCION, PERMITE, FECHA_HABILITACION)
VALUES (''66500000'', ''CONT-A'', ''Q'', NULL, 1, NULL)
 

INSERT INTO dbo.RESTRICCIONES (IDENTIFICACION, GRUPO, TIPO, DESCRIPCION, PERMITE, FECHA_HABILITACION)
VALUES (''66500000'', ''CONT-B'', ''Q'', NULL, 1, NULL)
 

INSERT INTO dbo.RESTRICCIONES (IDENTIFICACION, GRUPO, TIPO, DESCRIPCION, PERMITE, FECHA_HABILITACION)
VALUES (''68000000'', ''CONT-A'', ''Q'', NULL, 1, NULL)
 

INSERT INTO dbo.RESTRICCIONES (IDENTIFICACION, GRUPO, TIPO, DESCRIPCION, PERMITE, FECHA_HABILITACION)
VALUES (''68000000'', ''CONT-B'', ''Q'', NULL, 1, NULL)
 

INSERT INTO dbo.RESTRICCIONES (IDENTIFICACION, GRUPO, TIPO, DESCRIPCION, PERMITE, FECHA_HABILITACION)
VALUES (''69000000'', ''CONT-A'', ''Q'', NULL, 1, NULL)
 

INSERT INTO dbo.RESTRICCIONES (IDENTIFICACION, GRUPO, TIPO, DESCRIPCION, PERMITE, FECHA_HABILITACION)
VALUES (''69000000'', ''CONT-B'', ''Q'', NULL, 1, NULL)
 

INSERT INTO dbo.RESTRICCIONES (IDENTIFICACION, GRUPO, TIPO, DESCRIPCION, PERMITE, FECHA_HABILITACION)
VALUES (''71000000'', ''CONT-A'', ''Q'', NULL, 1, NULL)
 

INSERT INTO dbo.RESTRICCIONES (IDENTIFICACION, GRUPO, TIPO, DESCRIPCION, PERMITE, FECHA_HABILITACION)
VALUES (''71000000'', ''CONT-B'', ''Q'', NULL, 1, NULL)
 

INSERT INTO dbo.RESTRICCIONES (IDENTIFICACION, GRUPO, TIPO, DESCRIPCION, PERMITE, FECHA_HABILITACION)
VALUES (''72000000'', ''CONT-A'', ''Q'', NULL, 1, NULL)
 

INSERT INTO dbo.RESTRICCIONES (IDENTIFICACION, GRUPO, TIPO, DESCRIPCION, PERMITE, FECHA_HABILITACION)
VALUES (''72000000'', ''CONT-B'', ''Q'', NULL, 1, NULL)
 

INSERT INTO dbo.RESTRICCIONES (IDENTIFICACION, GRUPO, TIPO, DESCRIPCION, PERMITE, FECHA_HABILITACION)
VALUES (''76000000'', ''CONT-A'', ''Q'', NULL, 1, NULL)
 

INSERT INTO dbo.RESTRICCIONES (IDENTIFICACION, GRUPO, TIPO, DESCRIPCION, PERMITE, FECHA_HABILITACION)
VALUES (''76000000'', ''CONT-B'', ''Q'', NULL, 1, NULL)
 

INSERT INTO dbo.RESTRICCIONES (IDENTIFICACION, GRUPO, TIPO, DESCRIPCION, PERMITE, FECHA_HABILITACION)
VALUES (''77000000'', ''CONT-A'', ''Q'', NULL, 1, NULL)
 

INSERT INTO dbo.RESTRICCIONES (IDENTIFICACION, GRUPO, TIPO, DESCRIPCION, PERMITE, FECHA_HABILITACION)
VALUES (''77000000'', ''CONT-B'', ''Q'', NULL, 1, NULL)
 

INSERT INTO dbo.RESTRICCIONES (IDENTIFICACION, GRUPO, TIPO, DESCRIPCION, PERMITE, FECHA_HABILITACION)
VALUES (''80000000'', ''CONT-A'', ''Q'', NULL, 1, NULL)
 

INSERT INTO dbo.RESTRICCIONES (IDENTIFICACION, GRUPO, TIPO, DESCRIPCION, PERMITE, FECHA_HABILITACION)
VALUES (''80000000'', ''CONT-B'', ''Q'', NULL, 1, NULL)
 

INSERT INTO dbo.RESTRICCIONES (IDENTIFICACION, GRUPO, TIPO, DESCRIPCION, PERMITE, FECHA_HABILITACION)
VALUES (''81000000'', ''CONT-A'', ''Q'', NULL, 1, NULL)
 

INSERT INTO dbo.RESTRICCIONES (IDENTIFICACION, GRUPO, TIPO, DESCRIPCION, PERMITE, FECHA_HABILITACION)
VALUES (''81000000'', ''CONT-B'', ''Q'', NULL, 1, NULL)
 

INSERT INTO dbo.RESTRICCIONES (IDENTIFICACION, GRUPO, TIPO, DESCRIPCION, PERMITE, FECHA_HABILITACION)
VALUES (''81500000'', ''CONT-A'', ''Q'', NULL, 1, NULL)
 

INSERT INTO dbo.RESTRICCIONES (IDENTIFICACION, GRUPO, TIPO, DESCRIPCION, PERMITE, FECHA_HABILITACION)
VALUES (''81500000'', ''CONT-B'', ''Q'', NULL, 1, NULL)
 

INSERT INTO dbo.RESTRICCIONES (IDENTIFICACION, GRUPO, TIPO, DESCRIPCION, PERMITE, FECHA_HABILITACION)
VALUES (''82000000'', ''CONT-A'', ''Q'', NULL, 1, NULL)
 

INSERT INTO dbo.RESTRICCIONES (IDENTIFICACION, GRUPO, TIPO, DESCRIPCION, PERMITE, FECHA_HABILITACION)
VALUES (''82000000'', ''CONT-B'', ''Q'', NULL, 1, NULL)
 

INSERT INTO dbo.RESTRICCIONES (IDENTIFICACION, GRUPO, TIPO, DESCRIPCION, PERMITE, FECHA_HABILITACION)
VALUES (''87100000'', ''CONT-A'', ''Q'', NULL, 1, NULL)
 

INSERT INTO dbo.RESTRICCIONES (IDENTIFICACION, GRUPO, TIPO, DESCRIPCION, PERMITE, FECHA_HABILITACION)
VALUES (''87100000'', ''CONT-B'', ''Q'', NULL, 1, NULL)
 

INSERT INTO dbo.RESTRICCIONES (IDENTIFICACION, GRUPO, TIPO, DESCRIPCION, PERMITE, FECHA_HABILITACION)
VALUES (''90000000'', ''CONT-A'', ''Q'', NULL, 1, NULL)
 

INSERT INTO dbo.RESTRICCIONES (IDENTIFICACION, GRUPO, TIPO, DESCRIPCION, PERMITE, FECHA_HABILITACION)
VALUES (''90000000'', ''CONT-B'', ''Q'', NULL, 1, NULL)
 

INSERT INTO dbo.RESTRICCIONES (IDENTIFICACION, GRUPO, TIPO, DESCRIPCION, PERMITE, FECHA_HABILITACION)
VALUES (''91000000'', ''CONT-A'', ''Q'', NULL, 1, NULL)
 

INSERT INTO dbo.RESTRICCIONES (IDENTIFICACION, GRUPO, TIPO, DESCRIPCION, PERMITE, FECHA_HABILITACION)
VALUES (''91000000'', ''CONT-B'', ''Q'', NULL, 1, NULL)
 

INSERT INTO dbo.RESTRICCIONES (IDENTIFICACION, GRUPO, TIPO, DESCRIPCION, PERMITE, FECHA_HABILITACION)
VALUES (''92000000'', ''CONT-A'', ''Q'', NULL, 1, NULL)
 

INSERT INTO dbo.RESTRICCIONES (IDENTIFICACION, GRUPO, TIPO, DESCRIPCION, PERMITE, FECHA_HABILITACION)
VALUES (''92000000'', ''CONT-B'', ''Q'', NULL, 1, NULL)
 

INSERT INTO dbo.RESTRICCIONES (IDENTIFICACION, GRUPO, TIPO, DESCRIPCION, PERMITE, FECHA_HABILITACION)
VALUES (''93000000'', ''CONT-A'', ''Q'', NULL, 1, NULL)
 

INSERT INTO dbo.RESTRICCIONES (IDENTIFICACION, GRUPO, TIPO, DESCRIPCION, PERMITE, FECHA_HABILITACION)
VALUES (''93000000'', ''CONT-B'', ''Q'', NULL, 1, NULL)
 

INSERT INTO dbo.RESTRICCIONES (IDENTIFICACION, GRUPO, TIPO, DESCRIPCION, PERMITE, FECHA_HABILITACION)
VALUES (''94990000'', ''CONT-A'', ''Q'', NULL, 1, NULL)
 

INSERT INTO dbo.RESTRICCIONES (IDENTIFICACION, GRUPO, TIPO, DESCRIPCION, PERMITE, FECHA_HABILITACION)
VALUES (''94990000'', ''CONT-B'', ''Q'', NULL, 1, NULL)
 

INSERT INTO dbo.RESTRICCIONES (IDENTIFICACION, GRUPO, TIPO, DESCRIPCION, PERMITE, FECHA_HABILITACION)
VALUES (''95000000'', ''CONT-A'', ''Q'', NULL, 1, NULL)
 

INSERT INTO dbo.RESTRICCIONES (IDENTIFICACION, GRUPO, TIPO, DESCRIPCION, PERMITE, FECHA_HABILITACION)
VALUES (''95000000'', ''CONT-B'', ''Q'', NULL, 1, NULL)
 


DELETE FROM dbo.NETMAP
WHERE NROSUCURSAL = 97 AND NUMERODEMAQUINA = 12
 

DELETE FROM dbo.NETMAP
WHERE NROSUCURSAL = 97 AND NUMERODEMAQUINA = 14
 

DELETE FROM dbo.NETMAP
WHERE NROSUCURSAL = 97 AND NUMERODEMAQUINA = 15
 

INSERT INTO dbo.NETMAP (NUMERODEMAQUINA, DESCRIPCION, NOMBREDEENVIO, INICIODELDIA, FINDELDIA, USUARIO, DIRECCIONCOMM, NRODECAJA, DIRECCIONIP, NROSUCURSAL)
VALUES (12, ''Maq. 12'', NULL, NULL, NULL, NULL, NULL, NULL, NULL, 97)
 

INSERT INTO dbo.NETMAP (NUMERODEMAQUINA, DESCRIPCION, NOMBREDEENVIO, INICIODELDIA, FINDELDIA, USUARIO, DIRECCIONCOMM, NRODECAJA, DIRECCIONIP, NROSUCURSAL)
VALUES (14, ''Maq. 14'', NULL, NULL, NULL, NULL, NULL, NULL, NULL, 97)
 

INSERT INTO dbo.NETMAP (NUMERODEMAQUINA, DESCRIPCION, NOMBREDEENVIO, INICIODELDIA, FINDELDIA, USUARIO, DIRECCIONCOMM, NRODECAJA, DIRECCIONIP, NROSUCURSAL)
VALUES (15, ''Maq. 15'', NULL, NULL, NULL, NULL, NULL, NULL, NULL, 97)
 

DELETE FROM dbo.NETMAP WHERE NROSUCURSAL = 5 AND NUMERODEMAQUINA = 45
 

INSERT INTO dbo.NETMAP (NUMERODEMAQUINA, DESCRIPCION, NOMBREDEENVIO, INICIODELDIA, FINDELDIA, USUARIO, DIRECCIONCOMM, NRODECAJA, DIRECCIONIP, NROSUCURSAL)
VALUES (45, ''Maq. 45'', NULL, NULL, NULL, NULL, NULL, NULL, NULL, 5)
 






')