EXECUTE('
-------------------------------
--NUEVOS PARAMETROS GENERALES--
-------------------------------
INSERT INTO dbo.PARAMETROSGENERALES (CODIGO, DESCRIPCION, ALFA, NUMERICO, FECHA, IMPORTE, TASA, TZ_LOCK)
VALUES (717, ''Prod. Contable UVA/UVI Ints.'', NULL, 86, NULL, 0, 0, 0)
--
INSERT INTO dbo.PARAMETROSGENERALES (CODIGO, DESCRIPCION, ALFA, NUMERICO, FECHA, IMPORTE, TASA, TZ_LOCK)
VALUES (219, ''Canal ATM - HB / Link'', NULL, 3, NULL, 0, 0, 0)
--
UPDATE dbo.PARAMETROSGENERALES
SET DESCRIPCION = ''Prod. Contable UVA/UVI Capital''
WHERE CODIGO = 710
------------------
--NUEVO PRODUCTO--
------------------
INSERT INTO dbo.PRODUCTOS (TZ_LOCK, C6250, C6251, C6252, C6253, C6254, C6255, C6256, C6257, C6258, C6259, C6260, C6261, C6262, C6263, C6264, C6265, C6267, C6268, C6269, C6271, C6272, C6273, C6274, C6278, C6277, C6279, ALGORITMOPAGO, C6283, C6287, OP_CANCELACION, C3361, C6288, C6805, MORAENTRAMOS, C6800, C6824, C6826, C6825, TIPO_GARANTIA, SUBTIPO_GARANTIA, TIPO, EVALUA_DEUDA, C8175, CUOTAS_NO_BONIF, PERIODOLEGALESTCTA, CAMBIORUBRO, TIPO_RECUPERACION, IMPUESTOTASA, GRUPOAUTCONSUMO, HIS_CANCELA, HIS_DEPURA, HIS_PERIODO_CANCELACION, HIS_PERIODO_DEP_CANCELADOS, HIS_PERIODO_DEP_ENVEJECIMIENTO, TIPOTASAREV, ALGORITMO_REVISION_TASA, CALCULO_ICMORA, DIAS_GRACIA_COBRO_ICMORA, PLAZOESTADOCTA, TIPO_CUENTA_VISTA, C16254, C16255, PRO_OBT_DIAS_GRACIA_MORA, PRO_OBT_DIAS_GRACIA_ICMORA, PRO_OBT_DIAS_GRACIA_MULTAMORA, PRO_DIAS_GRACIA_MULTAMORA, USO_COMERCIAL, TOPE_DIAS_ADELANTO, TOPE_DIAS_ATRASO)
VALUES (0, 86, ''CONTABLE UVA/UVI INTS <> NO RENUEVA'', 1, '' '', '' '', 0, '' '', '' '', '' '', '' '', '' '', '' '', '' '', '' '', 0, '' '', '' '', '' '', ''A'', 3510090030, 1, 0, ''N'', 0, 0, '' '', NULL, 0, 0, 0, '' '', 0, ''F'', ''A'', ''O'', NULL, NULL, NULL, 0, 0, '' '', ''N'', 0, 0, ''N'', 0, ''H'', 0, 0, 0, 0, 9999, 9999, 9999, '' '', NULL, '' '', 0, NULL, 0, '' '', 0, ''P'', ''P'', ''P'', 0, NULL, 0, 0) 
---------------------
--AJUSTES DE CARGOS--
---------------------
DELETE CI_EVENTO WHERE ID_EVENTO=616 
--
DELETE CI_CARGOS_X_EVENTO WHERE ID_EVENTO=616 
----
INSERT INTO dbo.CI_FORMULAS (ID_FORMULA, DESCRIPCION, FORMULA, TZ_LOCK, ES_CONDICION)
VALUES (604, ''RET GANANCIAS <> INDICE'', ''(C1040#''''F'''')Y(C1728#''''I'''')Y((C3#988)Y(C3#999))'', 0, 1) 
--
INSERT INTO dbo.CI_FORMULAS (ID_FORMULA, DESCRIPCION, FORMULA, TZ_LOCK, ES_CONDICION) 
VALUES (605, ''RET GANANCIAS = INDICE'', ''(C1040#''''F'''')Y(C1728#''''I'''')Y((C3=988)O(C3=999))'', 0, 1)
--
INSERT INTO dbo.CI_FORMULAS (ID_FORMULA, DESCRIPCION, FORMULA, TZ_LOCK, ES_CONDICION) 
VALUES (606, ''RET GANANCIAS UVA/UVI TRANSF'', ''(C1040#''''F'''')Y(C1728#''''I'''')Y(C35690=86)'', 0, 1) 
----
INSERT INTO dbo.CI_CARGOS (ID_CARGO, DESCRIPCION, ENQUEUE, EXONERABLE, ID_FORMULA, ACTUALIZABLE, CONDICION, PIVOT_, MONEDA_IMPORTE, IMPORTE_MINIMO, IMPORTE_MAXIMO, TRATAMIENTO_MINIMO, TZ_LOCK, CAMPO_MONTO_IMPONIBLE, CAMPO_RANGO_TARIFA, NETEAR, CANTIDAD_REINTENTOS, CONCEPTO, PIVOT_ENCOLA, CONTABILIZA, SOBREGIRO, BLOQUEO, CONTROL_MAX_MIN, TIPO_FECHA_VIGENCIA, TIPO_DOCUMENTO, ACEPTAPAGOPARCIAL, FECHAHASTA, FECHADESDE, MONEDA_RANGO, BUSCA_MONEDA_RANGO, CODIGO_TRANSACCION, REGENERA_AL_PAGAR, CARGO_O_IMPUESTO, INCLUIRENCUOTA, CUOTASNOCONSIDERARALFINAL, COBRARHASTADIAS, PORCENTAJE_MINIMO, PORCENTAJE_MAXIMO, CAMPO_DIA_COBRO, GENERA_RESERVA, DIAS_COBRO_HASTA_INMOVILIZADA, DESCRIPCION_1, DESCRIPCION_2, DESCRIPCION_3, GENERA_FACTURA_EN_CERO, TIPO_CARGO_IMPOSITIVO) 
VALUES (626, ''IVA UVA UVI PRECANC'', ''N'', ''N'', 2, ''N'', 605, 58350, 1, 240, 9999999999999, ''D'', 0, 201, 0, ''N'', 9999, 0, NULL, NULL, ''R'', ''R'', ''S'', 2, ''F'', ''N'', ''3065-02-01'', ''2010-02-01'', 0, ''N'', 205, ''N'', ''I'', ''N'', 0, 0, 0, 0, 0, NULL, 0, NULL, NULL, NULL, ''N'', 4) 
--
INSERT INTO dbo.CI_CARGOS_X_EVENTO (ID_CARGO, ID_EVENTO, TZ_LOCK, TIPO_RELACION, CAMPO_SEGMENTO, DESCRIPCION_SEGMENTO, PRIORIDAD)
VALUES (626, 615, 0, ''A'', 1037, ''CONDICION IMPOSITIVA'', 1) 
--
INSERT INTO dbo.CI_IMPUESTOS_X_CARGO (ID_IMPUESTO, ID_CARGO, LECTURA_TOPAZ, TZ_LOCK, CAMPO_SEGMENTO, DESCRIPCION_SEGMENTO) 
VALUES (10, 626, ''A'', 0, 34096, ''Cond CREDEB'')
--
INSERT INTO dbo.CI_CARGOS_TARIFAS (ID_CARGO, MONEDA, RANGO_HASTA, TASA, IMPORTE_APLICAR, MONEDA_IMPORTE, TZ_LOCK, ID_CLIENTE, SEGMENTO, APLICA_MIN_MAX, IMPORTE_MINIMO, IMPORTE_MAXIMO, FECHA_DESDE, FECHA_HASTA, EMPRESA) 
VALUES (626, 988, 9999999999999, 0.03, 0, 1, 0, 0, ''AC'', ''N'', 0, 0, ''2000-01-01'', ''2099-01-01'', 0) 
--
INSERT INTO dbo.CI_CARGOS_TARIFAS (ID_CARGO, MONEDA, RANGO_HASTA, TASA, IMPORTE_APLICAR, MONEDA_IMPORTE, TZ_LOCK, ID_CLIENTE, SEGMENTO, APLICA_MIN_MAX, IMPORTE_MINIMO, IMPORTE_MAXIMO, FECHA_DESDE, FECHA_HASTA, EMPRESA) 
VALUES (626, 988, 9999999999999, 0.1, 0, 1, 0, 0, ''NI'', ''N'', 0, 0, ''2000-01-01'', ''2099-01-01'', 0) 
--
INSERT INTO dbo.CI_CARGOS_TARIFAS (ID_CARGO, MONEDA, RANGO_HASTA, TASA, IMPORTE_APLICAR, MONEDA_IMPORTE, TZ_LOCK, ID_CLIENTE, SEGMENTO, APLICA_MIN_MAX, IMPORTE_MINIMO, IMPORTE_MAXIMO, FECHA_DESDE, FECHA_HASTA, EMPRESA) 
VALUES (626, 999, 9999999999999, 0, 0, 1, 0, 0, ''0'', ''N'', 0, 0, ''2000-01-01'', ''2099-01-01'', 0) 
--
INSERT INTO dbo.CI_CARGOS_TARIFAS (ID_CARGO, MONEDA, RANGO_HASTA, TASA, IMPORTE_APLICAR, MONEDA_IMPORTE, TZ_LOCK, ID_CLIENTE, SEGMENTO, APLICA_MIN_MAX, IMPORTE_MINIMO, IMPORTE_MAXIMO, FECHA_DESDE, FECHA_HASTA, EMPRESA) 
VALUES (626, 999, 9999999999999, 0.03, 0, 1, 0, 0, ''AC'', ''N'', 0, 0, ''2000-01-01'', ''2099-01-01'', 0) 
--
INSERT INTO dbo.CI_CARGOS_TARIFAS (ID_CARGO, MONEDA, RANGO_HASTA, TASA, IMPORTE_APLICAR, MONEDA_IMPORTE, TZ_LOCK, ID_CLIENTE, SEGMENTO, APLICA_MIN_MAX, IMPORTE_MINIMO, IMPORTE_MAXIMO, FECHA_DESDE, FECHA_HASTA, EMPRESA) 
VALUES (626, 999, 9999999999999, 0.1, 0, 1, 0, 0, ''NI'', ''N'', 0, 0, ''2000-01-01'', ''2099-01-01'', 0) 
--
INSERT INTO dbo.CI_CARGOS_TARIFAS (ID_CARGO, MONEDA, RANGO_HASTA, TASA, IMPORTE_APLICAR, MONEDA_IMPORTE, TZ_LOCK, ID_CLIENTE, SEGMENTO, APLICA_MIN_MAX, IMPORTE_MINIMO, IMPORTE_MAXIMO, FECHA_DESDE, FECHA_HASTA, EMPRESA) 
VALUES (626, 988, 9999999999999, 0, 0, 1, 0, 0, ''0'', ''N'', 0, 0, ''2000-01-01'', ''2099-01-01'', 0) 
---
INSERT INTO dbo.CI_CARGOS (ID_CARGO, DESCRIPCION, ENQUEUE, EXONERABLE, ID_FORMULA, ACTUALIZABLE, CONDICION, PIVOT_, MONEDA_IMPORTE, IMPORTE_MINIMO, IMPORTE_MAXIMO, TRATAMIENTO_MINIMO, TZ_LOCK, CAMPO_MONTO_IMPONIBLE, CAMPO_RANGO_TARIFA, NETEAR, CANTIDAD_REINTENTOS, CONCEPTO, PIVOT_ENCOLA, CONTABILIZA, SOBREGIRO, BLOQUEO, CONTROL_MAX_MIN, TIPO_FECHA_VIGENCIA, TIPO_DOCUMENTO, ACEPTAPAGOPARCIAL, FECHAHASTA, FECHADESDE, MONEDA_RANGO, BUSCA_MONEDA_RANGO, CODIGO_TRANSACCION, REGENERA_AL_PAGAR, CARGO_O_IMPUESTO, INCLUIRENCUOTA, CUOTASNOCONSIDERARALFINAL, COBRARHASTADIAS, PORCENTAJE_MINIMO, PORCENTAJE_MAXIMO, CAMPO_DIA_COBRO, GENERA_RESERVA, DIAS_COBRO_HASTA_INMOVILIZADA, DESCRIPCION_1, DESCRIPCION_2, DESCRIPCION_3, GENERA_FACTURA_EN_CERO, TIPO_CARGO_IMPOSITIVO) 
VALUES (627, ''IGA UVA UVI TRANSF'', ''N'', ''N'', 2, ''N'', 606, 58350, 1, 240, 9999999999999, ''D'', 0, 0, 0, ''N'', 9999, 0, NULL, NULL, ''R'', ''R'', ''S'', 2, ''F'', ''N'', ''3065-01-02'', ''2010-01-02'', 0, ''N'', 205, ''N'', ''I'', ''N'', 0, 0, 0, 0, 0, NULL, 0, NULL, NULL, NULL, ''N'', 4) 
--
INSERT INTO dbo.CI_CARGOS_X_EVENTO (ID_CARGO, ID_EVENTO, TZ_LOCK, TIPO_RELACION, CAMPO_SEGMENTO, DESCRIPCION_SEGMENTO, PRIORIDAD) 
VALUES (627, 851, 0, ''A'', 1037, '''', 1) 
--
INSERT INTO dbo.CI_IMPUESTOS_X_CARGO (ID_IMPUESTO, ID_CARGO, LECTURA_TOPAZ, TZ_LOCK, CAMPO_SEGMENTO, DESCRIPCION_SEGMENTO) 
VALUES (10, 627, ''A'', 0, 34096, ''Cond CREDEB'') 
--
INSERT INTO dbo.CI_CARGOS_TARIFAS (ID_CARGO, MONEDA, RANGO_HASTA, TASA, IMPORTE_APLICAR, MONEDA_IMPORTE, TZ_LOCK, ID_CLIENTE, SEGMENTO, APLICA_MIN_MAX, IMPORTE_MINIMO, IMPORTE_MAXIMO, FECHA_DESDE, FECHA_HASTA, EMPRESA) 
VALUES (627, 988, 9999999999999, 0, 0, 1, 0, 0, ''0'', ''N'', 0, 0, ''2000-01-01'', ''2099-01-01'', 0) 
--
INSERT INTO dbo.CI_CARGOS_TARIFAS (ID_CARGO, MONEDA, RANGO_HASTA, TASA, IMPORTE_APLICAR, MONEDA_IMPORTE, TZ_LOCK, ID_CLIENTE, SEGMENTO, APLICA_MIN_MAX, IMPORTE_MINIMO, IMPORTE_MAXIMO, FECHA_DESDE, FECHA_HASTA, EMPRESA) 
VALUES (627, 988, 9999999999999, 0.03, 0, 1, 0, 0, ''AC'', ''N'', 0, 0, ''2000-01-01'', ''2099-01-01'', 0) 
--
INSERT INTO dbo.CI_CARGOS_TARIFAS (ID_CARGO, MONEDA, RANGO_HASTA, TASA, IMPORTE_APLICAR, MONEDA_IMPORTE, TZ_LOCK, ID_CLIENTE, SEGMENTO, APLICA_MIN_MAX, IMPORTE_MINIMO, IMPORTE_MAXIMO, FECHA_DESDE, FECHA_HASTA, EMPRESA) 
VALUES (627, 988, 9999999999999, 0.1, 0, 1, 0, 0, ''NI'', ''N'', 0, 0, ''2000-01-01'', ''2099-01-01'', 0) 
--
INSERT INTO dbo.CI_CARGOS_TARIFAS (ID_CARGO, MONEDA, RANGO_HASTA, TASA, IMPORTE_APLICAR, MONEDA_IMPORTE, TZ_LOCK, ID_CLIENTE, SEGMENTO, APLICA_MIN_MAX, IMPORTE_MINIMO, IMPORTE_MAXIMO, FECHA_DESDE, FECHA_HASTA, EMPRESA) 
VALUES (627, 999, 9999999999999, 0, 0, 1, 0, 0, ''0'', ''N'', 0, 0, ''2000-01-01'', ''2099-01-01'', 0) 
--
INSERT INTO dbo.CI_CARGOS_TARIFAS (ID_CARGO, MONEDA, RANGO_HASTA, TASA, IMPORTE_APLICAR, MONEDA_IMPORTE, TZ_LOCK, ID_CLIENTE, SEGMENTO, APLICA_MIN_MAX, IMPORTE_MINIMO, IMPORTE_MAXIMO, FECHA_DESDE, FECHA_HASTA, EMPRESA) 
VALUES (627, 999, 9999999999999, 0.03, 0, 1, 0, 0, ''AC'', ''N'', 0, 0, ''2000-01-01'', ''2099-01-01'', 0) 
--
INSERT INTO dbo.CI_CARGOS_TARIFAS (ID_CARGO, MONEDA, RANGO_HASTA, TASA, IMPORTE_APLICAR, MONEDA_IMPORTE, TZ_LOCK, ID_CLIENTE, SEGMENTO, APLICA_MIN_MAX, IMPORTE_MINIMO, IMPORTE_MAXIMO, FECHA_DESDE, FECHA_HASTA, EMPRESA)
VALUES (627, 999, 9999999999999, 0.1, 0, 1, 0, 0, ''NI'', ''N'', 0, 0, ''2000-01-01'', ''2099-01-01'', 0)
----
UPDATE dbo.CI_CARGOS
SET CONDICION = 604
WHERE ID_CARGO = 620
----
UPDATE dbo.CI_FORMULAS
SET FORMULA = ''(C34095=''''AC'''')Y(C58400#''''S'''')Y(C58402#''''S'''')Y(C58403#''''S'''')Y(C58404#''''S'''')Y(C33360#''''S'''')Y(C1728#''''I'''')Y(C1592#86)''
WHERE ID_FORMULA = 400
-----------------------------
--AJUSTE ESQUEMAS CONTABLES--
-----------------------------
INSERT INTO ESQUEMACONTABLE (PROCESO, RUBRO, MONEDA, LINEA, ORDINAL, DESCRIPCION, CAMPO, RUBROSALIDA, CD, D_DC, C_DC, TRANSACCION, CONDICION, USAR_CAMPOS_MOVIMIENTOS) 
VALUES (0, 300004, -1, 4, 1, ''Ints dpf uva uvi 80 a 86'', 201, 3510090030, NULL, ''D'', NULL, 7, ''A(C9503="8621")OA(C9503="8620")'', ''N'') 
--
INSERT INTO ESQUEMACONTABLE (PROCESO, RUBRO, MONEDA, LINEA, ORDINAL, DESCRIPCION, CAMPO, RUBROSALIDA, CD, D_DC, C_DC, TRANSACCION, CONDICION, USAR_CAMPOS_MOVIMIENTOS) 
VALUES (0, 300004, -1, 5, 1, ''Ints dpf uva uvi 80 a 86'', 201, 3510090030, NULL, ''C'', NULL, 7, ''A(C9503="8621")OA(C9503="8620")'', ''N'') 
--
INSERT INTO ESQUEMACONTABLE (PROCESO, RUBRO, MONEDA, LINEA, ORDINAL, DESCRIPCION, CAMPO, RUBROSALIDA, CD, D_DC, C_DC, TRANSACCION, CONDICION, USAR_CAMPOS_MOVIMIENTOS) 
VALUES (0, 300005, -1, 4, 1, ''Ints dpf uva uvi 80 a 86'', 201, 3510090030, NULL, ''D'', NULL, 7, ''A(C9503="8621")OA(C9503="8620")'', ''N'') 
--
INSERT INTO ESQUEMACONTABLE (PROCESO, RUBRO, MONEDA, LINEA, ORDINAL, DESCRIPCION, CAMPO, RUBROSALIDA, CD, D_DC, C_DC, TRANSACCION, CONDICION, USAR_CAMPOS_MOVIMIENTOS) 
VALUES (0, 300005, -1, 5, 1, ''Ints dpf uva uvi 80 a 86'', 201, 3510090030, NULL, ''C'', NULL, 7, ''A(C9503="8621")OA(C9503="8620")'', ''N'') 
----
INSERT INTO ESQUEMACAMPO (PROCESO, RUBRO, MONEDA, LINEA, ORDINAL, CP, NUMERO, FORMULA)
VALUES (0, 300004, -1, 4, 101, ''C'', 7, ''80'') 
--
INSERT INTO ESQUEMACAMPO (PROCESO, RUBRO, MONEDA, LINEA, ORDINAL, CP, NUMERO, FORMULA)
VALUES (0, 300004, -1, 5, 101, ''C'', 7, ''86'') 
--
INSERT INTO ESQUEMACAMPO (PROCESO, RUBRO, MONEDA, LINEA, ORDINAL, CP, NUMERO, FORMULA)
VALUES (0, 300005, -1, 4, 101, ''C'', 7, ''80'')
--
INSERT INTO ESQUEMACAMPO (PROCESO, RUBRO, MONEDA, LINEA, ORDINAL, CP, NUMERO, FORMULA)
VALUES (0, 300005, -1, 5, 101, ''C'', 7, ''86'') 
---------------------------------------
--CAMPO PUBLICADO PARA TRANSFERENCIAS--
---------------------------------------
DELETE FROM dbo.DICCIONARIO
WHERE NUMERODECAMPO = 35690
--
INSERT INTO dbo.DICCIONARIO (NUMERODECAMPO, USODELCAMPO, REFERENCIA, DESCRIPCION, PROMPT, LARGO, TIPODECAMPO, DECIMALES, EDICION, CONTABILIZA, CONCEPTO, CALCULO, VALIDACION, TABLADEVALIDACION, TABLADEAYUDA, OPCIONES, TABLA, CAMPO, BASICO, MASCARA)
VALUES (35690, '' '', 0, ''PRODUCTO DEBITADO TRANSFERENCIAS'', ''Cód. Producto debitado en PA traspaso e/cuentas'', 5, ''N'', 0, NULL, 0, 0, 0, 0, 0, 0, 0, 0, ''C35690'', 0, NULL)
----
')