EXECUTE('
DELETE FROM GRUPOS WHERE GRUPO IN (''CAJ_AUTO'', ''CAJ_CAJ'', ''CAJ_CAJM'', ''CAJ_PARA'', ''CAJ_TES'',''CAJ_TESG'',''CAJ_TESM'') 

INSERT INTO dbo.GRUPOS (GRUPO, DESCRIPCION, GRUPOBASE, DIASVALORATRAS, DIASVALORADELANTE, TZ_LOCK, AUTORIZACION, CONFIRMACION, ACEPTACION, COMPLEMENTO, HEREDAMSG)
VALUES (''CAJ_AUTO'', ''Autorizador'', ''BANCO'', NULL, NULL, 0, NULL, NULL, NULL, NULL, 0)
INSERT INTO dbo.GRUPOS (GRUPO, DESCRIPCION, GRUPOBASE, DIASVALORATRAS, DIASVALORADELANTE, TZ_LOCK, AUTORIZACION, CONFIRMACION, ACEPTACION, COMPLEMENTO, HEREDAMSG)
VALUES (''CAJ_CAJ'', ''Cajeros'', ''BANCO'', NULL, NULL, 0, NULL, NULL, NULL, NULL, 0)
INSERT INTO dbo.GRUPOS (GRUPO, DESCRIPCION, GRUPOBASE, DIASVALORATRAS, DIASVALORADELANTE, TZ_LOCK, AUTORIZACION, CONFIRMACION, ACEPTACION, COMPLEMENTO, HEREDAMSG)
VALUES (''CAJ_CAJM'', ''Cajeros Mini'', ''BANCO'', NULL, NULL, 0, NULL, NULL, NULL, NULL, 0)
INSERT INTO dbo.GRUPOS (GRUPO, DESCRIPCION, GRUPOBASE, DIASVALORATRAS, DIASVALORADELANTE, TZ_LOCK, AUTORIZACION, CONFIRMACION, ACEPTACION, COMPLEMENTO, HEREDAMSG)
VALUES (''CAJ_PARA'', ''CAJA_PARAMETRIA'', ''BANCO'', NULL, NULL, 0, NULL, NULL, NULL, NULL, 0)
INSERT INTO dbo.GRUPOS (GRUPO, DESCRIPCION, GRUPOBASE, DIASVALORATRAS, DIASVALORADELANTE, TZ_LOCK, AUTORIZACION, CONFIRMACION, ACEPTACION, COMPLEMENTO, HEREDAMSG)
VALUES (''CAJ_TES'', ''Tesorero'', ''BANCO'', NULL, NULL, 0, NULL, NULL, NULL, NULL, 0)
INSERT INTO dbo.GRUPOS (GRUPO, DESCRIPCION, GRUPOBASE, DIASVALORATRAS, DIASVALORADELANTE, TZ_LOCK, AUTORIZACION, CONFIRMACION, ACEPTACION, COMPLEMENTO, HEREDAMSG)
VALUES (''CAJ_TESG'', ''Tes Gen'', ''BANCO'', NULL, NULL, 0, NULL, NULL, NULL, NULL, 0)
INSERT INTO dbo.GRUPOS (GRUPO, DESCRIPCION, GRUPOBASE, DIASVALORATRAS, DIASVALORADELANTE, TZ_LOCK, AUTORIZACION, CONFIRMACION, ACEPTACION, COMPLEMENTO, HEREDAMSG)
VALUES (''CAJ_TESM'', ''Tes Mini'', ''BANCO'', NULL, NULL, 0, NULL, NULL, NULL, NULL, 0)

delete FROM PERMISOSGRUPO WHERE GRUPO IN (''CAJ_AUTO'', ''CAJ_CAJ'', ''CAJ_CAJM'', ''CAJ_PARA'', ''CAJ_TES'',''CAJ_TESG'',''CAJ_TESM'')

INSERT INTO dbo.PERMISOSGRUPO (GRUPO, PERMISO, FORMULA, PERMITE, DESCRIPCION, AUTORIZADOR)
VALUES (''CAJ_AUTO'', 6, NULL, 1, NULL, NULL)
INSERT INTO dbo.PERMISOSGRUPO (GRUPO, PERMISO, FORMULA, PERMITE, DESCRIPCION, AUTORIZADOR)
VALUES (''CAJ_AUTO'', 50, ''?>1'', 1, NULL, '''')
INSERT INTO dbo.PERMISOSGRUPO (GRUPO, PERMISO, FORMULA, PERMITE, DESCRIPCION, AUTORIZADOR)
VALUES (''CAJ_CAJ'', 1, NULL, 1, NULL, NULL)
INSERT INTO dbo.PERMISOSGRUPO (GRUPO, PERMISO, FORMULA, PERMITE, DESCRIPCION, AUTORIZADOR)
VALUES (''CAJ_CAJ'', 50, ''?<(C6448*2)Y(C9503#3105)'', 1, NULL, '''')
INSERT INTO dbo.PERMISOSGRUPO (GRUPO, PERMISO, FORMULA, PERMITE, DESCRIPCION, AUTORIZADOR)
VALUES (''CAJ_CAJM'', 1, NULL, 1, NULL, NULL)
INSERT INTO dbo.PERMISOSGRUPO (GRUPO, PERMISO, FORMULA, PERMITE, DESCRIPCION, AUTORIZADOR)
VALUES (''CAJ_CAJM'', 50, ''?<(C6448*1)Y(C9503#3105)'', 1, NULL, '''')
INSERT INTO dbo.PERMISOSGRUPO (GRUPO, PERMISO, FORMULA, PERMITE, DESCRIPCION, AUTORIZADOR)
VALUES (''CAJ_TES'', 1, NULL, 1, NULL, NULL)
INSERT INTO dbo.PERMISOSGRUPO (GRUPO, PERMISO, FORMULA, PERMITE, DESCRIPCION, AUTORIZADOR)
VALUES (''CAJ_TES'', 6, NULL, 1, NULL, NULL)
INSERT INTO dbo.PERMISOSGRUPO (GRUPO, PERMISO, FORMULA, PERMITE, DESCRIPCION, AUTORIZADOR)
VALUES (''CAJ_TES'', 50, ''?<(C6448*3)Y(C9503#3105)'', 1, NULL, '''')
INSERT INTO dbo.PERMISOSGRUPO (GRUPO, PERMISO, FORMULA, PERMITE, DESCRIPCION, AUTORIZADOR)
VALUES (''CAJ_TESG'', 1, NULL, 1, NULL, NULL)
INSERT INTO dbo.PERMISOSGRUPO (GRUPO, PERMISO, FORMULA, PERMITE, DESCRIPCION, AUTORIZADOR)
VALUES (''CAJ_TESG'', 6, NULL, 1, NULL, NULL)
INSERT INTO dbo.PERMISOSGRUPO (GRUPO, PERMISO, FORMULA, PERMITE, DESCRIPCION, AUTORIZADOR)
VALUES (''CAJ_TESG'', 50, ''?<(C6448*3)Y(C9503#3105)'', 1, NULL, '''')
INSERT INTO dbo.PERMISOSGRUPO (GRUPO, PERMISO, FORMULA, PERMITE, DESCRIPCION, AUTORIZADOR)
VALUES (''CAJ_TESM'', 1, NULL, 1, NULL, NULL)
INSERT INTO dbo.PERMISOSGRUPO (GRUPO, PERMISO, FORMULA, PERMITE, DESCRIPCION, AUTORIZADOR)
VALUES (''CAJ_TESM'', 50, ''?<(C6448*2)Y(C9503#3105)'', 1, NULL, '''')

delete FROM RESTRICCIONES WHERE GRUPO IN (''CAJ_AUTO'', ''CAJ_CAJ'', ''CAJ_CAJM'', ''CAJ_PARA'', ''CAJ_TES'',''CAJ_TESG'',''CAJ_TESM'')

INSERT INTO dbo.RESTRICCIONES (IDENTIFICACION, GRUPO, TIPO, DESCRIPCION, PERMITE, FECHA_HABILITACION)
VALUES (''****'', ''CAJ_AUTO'', ''O'', NULL, 0, NULL)
INSERT INTO dbo.RESTRICCIONES (IDENTIFICACION, GRUPO, TIPO, DESCRIPCION, PERMITE, FECHA_HABILITACION)
VALUES (''****'', ''CAJ_CAJ'', ''O'', NULL, 0, NULL)
INSERT INTO dbo.RESTRICCIONES (IDENTIFICACION, GRUPO, TIPO, DESCRIPCION, PERMITE, FECHA_HABILITACION)
VALUES (''****'', ''CAJ_CAJM'', ''O'', NULL, 0, NULL)
INSERT INTO dbo.RESTRICCIONES (IDENTIFICACION, GRUPO, TIPO, DESCRIPCION, PERMITE, FECHA_HABILITACION)
VALUES (''****'', ''CAJ_PARA'', ''O'', NULL, 0, NULL)
INSERT INTO dbo.RESTRICCIONES (IDENTIFICACION, GRUPO, TIPO, DESCRIPCION, PERMITE, FECHA_HABILITACION)
VALUES (''****'', ''CAJ_TES'', ''O'', NULL, 0, NULL)
INSERT INTO dbo.RESTRICCIONES (IDENTIFICACION, GRUPO, TIPO, DESCRIPCION, PERMITE, FECHA_HABILITACION)
VALUES (''****'', ''CAJ_TES'', ''Q'', NULL, 0, NULL)
INSERT INTO dbo.RESTRICCIONES (IDENTIFICACION, GRUPO, TIPO, DESCRIPCION, PERMITE, FECHA_HABILITACION)
VALUES (''****'', ''CAJ_TESG'', ''O'', NULL, 0, NULL)
INSERT INTO dbo.RESTRICCIONES (IDENTIFICACION, GRUPO, TIPO, DESCRIPCION, PERMITE, FECHA_HABILITACION)
VALUES (''****'', ''CAJ_TESM'', ''O'', NULL, 0, NULL)
INSERT INTO dbo.RESTRICCIONES (IDENTIFICACION, GRUPO, TIPO, DESCRIPCION, PERMITE, FECHA_HABILITACION)
VALUES (''09000000'', ''CAJ_CAJ'', ''O'', NULL, 0, NULL)
INSERT INTO dbo.RESTRICCIONES (IDENTIFICACION, GRUPO, TIPO, DESCRIPCION, PERMITE, FECHA_HABILITACION)
VALUES (''09000000'', ''CAJ_CAJM'', ''O'', NULL, 0, NULL)
INSERT INTO dbo.RESTRICCIONES (IDENTIFICACION, GRUPO, TIPO, DESCRIPCION, PERMITE, FECHA_HABILITACION)
VALUES (''09000000'', ''CAJ_PARA'', ''O'', NULL, 0, NULL)
INSERT INTO dbo.RESTRICCIONES (IDENTIFICACION, GRUPO, TIPO, DESCRIPCION, PERMITE, FECHA_HABILITACION)
VALUES (''09000000'', ''CAJ_TES'', ''O'', NULL, 0, NULL)
INSERT INTO dbo.RESTRICCIONES (IDENTIFICACION, GRUPO, TIPO, DESCRIPCION, PERMITE, FECHA_HABILITACION)
VALUES (''10000087'', ''CAJ_AUTO'', ''O'', NULL, 1, NULL)
INSERT INTO dbo.RESTRICCIONES (IDENTIFICACION, GRUPO, TIPO, DESCRIPCION, PERMITE, FECHA_HABILITACION)
VALUES (''10000087'', ''CAJ_CAJ'', ''O'', NULL, 1, NULL)
INSERT INTO dbo.RESTRICCIONES (IDENTIFICACION, GRUPO, TIPO, DESCRIPCION, PERMITE, FECHA_HABILITACION)
VALUES (''10000087'', ''CAJ_CAJM'', ''O'', NULL, 1, NULL)
INSERT INTO dbo.RESTRICCIONES (IDENTIFICACION, GRUPO, TIPO, DESCRIPCION, PERMITE, FECHA_HABILITACION)
VALUES (''10000087'', ''CAJ_PARA'', ''O'', NULL, 1, NULL)
INSERT INTO dbo.RESTRICCIONES (IDENTIFICACION, GRUPO, TIPO, DESCRIPCION, PERMITE, FECHA_HABILITACION)
VALUES (''10000087'', ''CAJ_TES'', ''O'', NULL, 1, NULL)
INSERT INTO dbo.RESTRICCIONES (IDENTIFICACION, GRUPO, TIPO, DESCRIPCION, PERMITE, FECHA_HABILITACION)
VALUES (''10000087'', ''CAJ_TESG'', ''O'', NULL, 1, NULL)
INSERT INTO dbo.RESTRICCIONES (IDENTIFICACION, GRUPO, TIPO, DESCRIPCION, PERMITE, FECHA_HABILITACION)
VALUES (''10000087'', ''CAJ_TESM'', ''O'', NULL, 1, NULL)
INSERT INTO dbo.RESTRICCIONES (IDENTIFICACION, GRUPO, TIPO, DESCRIPCION, PERMITE, FECHA_HABILITACION)
VALUES (''10010000'', ''CAJ_CAJ'', ''O'', NULL, 0, NULL)
INSERT INTO dbo.RESTRICCIONES (IDENTIFICACION, GRUPO, TIPO, DESCRIPCION, PERMITE, FECHA_HABILITACION)
VALUES (''10020000'', ''CAJ_CAJ'', ''O'', NULL, 0, NULL)
INSERT INTO dbo.RESTRICCIONES (IDENTIFICACION, GRUPO, TIPO, DESCRIPCION, PERMITE, FECHA_HABILITACION)
VALUES (''30000000'', ''CAJ_CAJ'', ''O'', NULL, 1, NULL)
INSERT INTO dbo.RESTRICCIONES (IDENTIFICACION, GRUPO, TIPO, DESCRIPCION, PERMITE, FECHA_HABILITACION)
VALUES (''30003002'', ''CAJ_CAJM'', ''O'', NULL, 1, NULL)
INSERT INTO dbo.RESTRICCIONES (IDENTIFICACION, GRUPO, TIPO, DESCRIPCION, PERMITE, FECHA_HABILITACION)
VALUES (''30003099'', ''CAJ_CAJM'', ''O'', NULL, 1, NULL)
INSERT INTO dbo.RESTRICCIONES (IDENTIFICACION, GRUPO, TIPO, DESCRIPCION, PERMITE, FECHA_HABILITACION)
VALUES (''30003102'', ''CAJ_CAJM'', ''O'', NULL, 1, NULL)
INSERT INTO dbo.RESTRICCIONES (IDENTIFICACION, GRUPO, TIPO, DESCRIPCION, PERMITE, FECHA_HABILITACION)
VALUES (''30003105'', ''CAJ_CAJM'', ''O'', NULL, 1, NULL)
INSERT INTO dbo.RESTRICCIONES (IDENTIFICACION, GRUPO, TIPO, DESCRIPCION, PERMITE, FECHA_HABILITACION)
VALUES (''30100000'', ''CAJ_CAJM'', ''O'', NULL, 1, NULL)
INSERT INTO dbo.RESTRICCIONES (IDENTIFICACION, GRUPO, TIPO, DESCRIPCION, PERMITE, FECHA_HABILITACION)
VALUES (''30100000'', ''CAJ_TESM'', ''O'', NULL, 1, NULL)
INSERT INTO dbo.RESTRICCIONES (IDENTIFICACION, GRUPO, TIPO, DESCRIPCION, PERMITE, FECHA_HABILITACION)
VALUES (''31000000'', ''CAJ_TES'', ''O'', NULL, 1, NULL)
INSERT INTO dbo.RESTRICCIONES (IDENTIFICACION, GRUPO, TIPO, DESCRIPCION, PERMITE, FECHA_HABILITACION)
VALUES (''31000000'', ''CAJ_TES'', ''Q'', NULL, 1, NULL)
INSERT INTO dbo.RESTRICCIONES (IDENTIFICACION, GRUPO, TIPO, DESCRIPCION, PERMITE, FECHA_HABILITACION)
VALUES (''31003007'', ''CAJ_TESG'', ''O'', NULL, 1, NULL)
INSERT INTO dbo.RESTRICCIONES (IDENTIFICACION, GRUPO, TIPO, DESCRIPCION, PERMITE, FECHA_HABILITACION)
VALUES (''31003018'', ''CAJ_TESG'', ''O'', NULL, 1, NULL)
INSERT INTO dbo.RESTRICCIONES (IDENTIFICACION, GRUPO, TIPO, DESCRIPCION, PERMITE, FECHA_HABILITACION)
VALUES (''31100000'', ''CAJ_TESM'', ''O'', NULL, 1, NULL)
INSERT INTO dbo.RESTRICCIONES (IDENTIFICACION, GRUPO, TIPO, DESCRIPCION, PERMITE, FECHA_HABILITACION)
VALUES (''31110000'', ''CAJ_TESG'', ''O'', NULL, 1, NULL)
INSERT INTO dbo.RESTRICCIONES (IDENTIFICACION, GRUPO, TIPO, DESCRIPCION, PERMITE, FECHA_HABILITACION)
VALUES (''31500000'', ''CAJ_PARA'', ''O'', NULL, 1, NULL)
INSERT INTO dbo.RESTRICCIONES (IDENTIFICACION, GRUPO, TIPO, DESCRIPCION, PERMITE, FECHA_HABILITACION)
VALUES (''31502501'', ''CAJ_PARA'', ''O'', NULL, 1, NULL)


delete FROM NETMAP WHERE NROSUCURSAL=5 AND NUMERODEMAQUINA IN (1,6,22,444,613,614,615,620,621)
delete FROM NETMAP WHERE NROSUCURSAL=97 and NUMERODEMAQUINA = 2

INSERT INTO dbo.NETMAP (NUMERODEMAQUINA, DESCRIPCION, NOMBREDEENVIO, INICIODELDIA, FINDELDIA, USUARIO, DIRECCIONCOMM, NRODECAJA, DIRECCIONIP, NROSUCURSAL)
VALUES (2, ''Maq. 2'', NULL, NULL, NULL, NULL, NULL, NULL, NULL, 97)
INSERT INTO dbo.NETMAP (NUMERODEMAQUINA, DESCRIPCION, NOMBREDEENVIO, INICIODELDIA, FINDELDIA, USUARIO, DIRECCIONCOMM, NRODECAJA, DIRECCIONIP, NROSUCURSAL)
VALUES (1, ''Maq. 1'', NULL, NULL, NULL, NULL, NULL, NULL, ''0'', 5)
INSERT INTO dbo.NETMAP (NUMERODEMAQUINA, DESCRIPCION, NOMBREDEENVIO, INICIODELDIA, FINDELDIA, USUARIO, DIRECCIONCOMM, NRODECAJA, DIRECCIONIP, NROSUCURSAL)
VALUES (6, ''Maq. 6'', NULL, NULL, NULL, NULL, NULL, NULL, NULL, 5)
INSERT INTO dbo.NETMAP (NUMERODEMAQUINA, DESCRIPCION, NOMBREDEENVIO, INICIODELDIA, FINDELDIA, USUARIO, DIRECCIONCOMM, NRODECAJA, DIRECCIONIP, NROSUCURSAL)
VALUES (22, ''Maq. 22'', NULL, NULL, NULL, NULL, NULL, NULL, NULL, 5)
INSERT INTO dbo.NETMAP (NUMERODEMAQUINA, DESCRIPCION, NOMBREDEENVIO, INICIODELDIA, FINDELDIA, USUARIO, DIRECCIONCOMM, NRODECAJA, DIRECCIONIP, NROSUCURSAL)
VALUES (444, ''Maquina 444'', NULL, NULL, NULL, NULL, NULL, 0, NULL, 5)
INSERT INTO dbo.NETMAP (NUMERODEMAQUINA, DESCRIPCION, NOMBREDEENVIO, INICIODELDIA, FINDELDIA, USUARIO, DIRECCIONCOMM, NRODECAJA, DIRECCIONIP, NROSUCURSAL)
VALUES (613, ''Maquina 613'', NULL, NULL, NULL, NULL, NULL, 0, NULL, 5)
INSERT INTO dbo.NETMAP (NUMERODEMAQUINA, DESCRIPCION, NOMBREDEENVIO, INICIODELDIA, FINDELDIA, USUARIO, DIRECCIONCOMM, NRODECAJA, DIRECCIONIP, NROSUCURSAL)
VALUES (614, ''Maquina 614'', NULL, NULL, NULL, NULL, NULL, 0, NULL, 5)
INSERT INTO dbo.NETMAP (NUMERODEMAQUINA, DESCRIPCION, NOMBREDEENVIO, INICIODELDIA, FINDELDIA, USUARIO, DIRECCIONCOMM, NRODECAJA, DIRECCIONIP, NROSUCURSAL)
VALUES (615, ''Maquina 615'', NULL, NULL, NULL, NULL, NULL, 0, NULL, 5)
INSERT INTO dbo.NETMAP (NUMERODEMAQUINA, DESCRIPCION, NOMBREDEENVIO, INICIODELDIA, FINDELDIA, USUARIO, DIRECCIONCOMM, NRODECAJA, DIRECCIONIP, NROSUCURSAL)
VALUES (620, ''Maquina 620'', NULL, NULL, NULL, NULL, NULL, 0, NULL, 5)
INSERT INTO dbo.NETMAP (NUMERODEMAQUINA, DESCRIPCION, NOMBREDEENVIO, INICIODELDIA, FINDELDIA, USUARIO, DIRECCIONCOMM, NRODECAJA, DIRECCIONIP, NROSUCURSAL)
VALUES (621, ''Maquina 621'', NULL, NULL, NULL, NULL, NULL, 0, NULL, 5)

delete FROM TABLA_CAJAS WHERE SUCURSAL=97 AND  NRO_CAJA IN (999)
delete FROM TABLA_CAJAS WHERE SUCURSAL=5 AND NRO_CAJA IN (22,444,614,615,613,620,621,999)

INSERT INTO dbo.TABLA_CAJAS (TZ_LOCK, DESCRIPCION, NRO_CAJA, SUCURSAL, ESTADO)
VALUES (0, ''Caja Sucursal'', 22, 5, ''C'')
INSERT INTO dbo.TABLA_CAJAS (TZ_LOCK, DESCRIPCION, NRO_CAJA, SUCURSAL, ESTADO)
VALUES (0, ''Caja Sucursal'', 444, 5, ''C'')
INSERT INTO dbo.TABLA_CAJAS (TZ_LOCK, DESCRIPCION, NRO_CAJA, SUCURSAL, ESTADO)
VALUES (0, ''Tesoro Mini'', 613, 5, ''C'')
INSERT INTO dbo.TABLA_CAJAS (TZ_LOCK, DESCRIPCION, NRO_CAJA, SUCURSAL, ESTADO)
VALUES (0, ''Caja Mini'', 614, 5, ''C'')
INSERT INTO dbo.TABLA_CAJAS (TZ_LOCK, DESCRIPCION, NRO_CAJA, SUCURSAL, ESTADO)
VALUES (0, ''Caja Mini'', 615, 5, ''C'')
INSERT INTO dbo.TABLA_CAJAS (TZ_LOCK, DESCRIPCION, NRO_CAJA, SUCURSAL, ESTADO)
VALUES (0, ''Caja Mini'', 620, 5, ''C'')
INSERT INTO dbo.TABLA_CAJAS (TZ_LOCK, DESCRIPCION, NRO_CAJA, SUCURSAL, ESTADO)
VALUES (0, ''Caja Mini'', 621, 5, ''C'')
INSERT INTO dbo.TABLA_CAJAS (TZ_LOCK, DESCRIPCION, NRO_CAJA, SUCURSAL, ESTADO)
VALUES (0, ''Tesoro Sucursal'', 999, 5, ''C'')
INSERT INTO dbo.TABLA_CAJAS (TZ_LOCK, DESCRIPCION, NRO_CAJA, SUCURSAL, ESTADO)
VALUES (0, ''Tesoro General'', 999, 97, ''A'')

delete FROM SALDOSCAJA WHERE SUCURSAL=5 AND NROCAJA IN (22,444,614,615,613,620,621,999)
delete FROM SALDOSCAJA WHERE SUCURSAL=97 AND NROCAJA IN (999)

INSERT INTO dbo.SALDOSCAJA (TZ_LOCK, NROCAJA, MONEDA, SALDOINICIAL, ENTRADAS, SALIDAS, MINIMOAVISO, MAXIMOAVISO, SUCURSAL)
VALUES (0, 22, 1, 0, 10000, 0, 0, 0, 5)
INSERT INTO dbo.SALDOSCAJA (TZ_LOCK, NROCAJA, MONEDA, SALDOINICIAL, ENTRADAS, SALIDAS, MINIMOAVISO, MAXIMOAVISO, SUCURSAL)
VALUES (0, 22, 2, 0, 10000, 0, 0, 0, 5)
INSERT INTO dbo.SALDOSCAJA (TZ_LOCK, NROCAJA, MONEDA, SALDOINICIAL, ENTRADAS, SALIDAS, MINIMOAVISO, MAXIMOAVISO, SUCURSAL)
VALUES (0, 22, 5, 0, 10000, 0, 0, 0, 5)
INSERT INTO dbo.SALDOSCAJA (TZ_LOCK, NROCAJA, MONEDA, SALDOINICIAL, ENTRADAS, SALIDAS, MINIMOAVISO, MAXIMOAVISO, SUCURSAL)
VALUES (0, 22, 6, 0, 10000, 0, 0, 0, 5)
INSERT INTO dbo.SALDOSCAJA (TZ_LOCK, NROCAJA, MONEDA, SALDOINICIAL, ENTRADAS, SALIDAS, MINIMOAVISO, MAXIMOAVISO, SUCURSAL)
VALUES (0, 444, 1, 0, 10000, 0, 0, 0, 5)
INSERT INTO dbo.SALDOSCAJA (TZ_LOCK, NROCAJA, MONEDA, SALDOINICIAL, ENTRADAS, SALIDAS, MINIMOAVISO, MAXIMOAVISO, SUCURSAL)
VALUES (0, 444, 2, 0, 10000, 0, 0, 0, 5)
INSERT INTO dbo.SALDOSCAJA (TZ_LOCK, NROCAJA, MONEDA, SALDOINICIAL, ENTRADAS, SALIDAS, MINIMOAVISO, MAXIMOAVISO, SUCURSAL)
VALUES (0, 444, 5, 0, 10000, 0, 0, 0, 5)
INSERT INTO dbo.SALDOSCAJA (TZ_LOCK, NROCAJA, MONEDA, SALDOINICIAL, ENTRADAS, SALIDAS, MINIMOAVISO, MAXIMOAVISO, SUCURSAL)
VALUES (0, 444, 6, 0, 10000, 0, 0, 0, 5)
INSERT INTO dbo.SALDOSCAJA (TZ_LOCK, NROCAJA, MONEDA, SALDOINICIAL, ENTRADAS, SALIDAS, MINIMOAVISO, MAXIMOAVISO, SUCURSAL)
VALUES (0, 613, 1, 0, 10000, 0, 0, 0, 5)
INSERT INTO dbo.SALDOSCAJA (TZ_LOCK, NROCAJA, MONEDA, SALDOINICIAL, ENTRADAS, SALIDAS, MINIMOAVISO, MAXIMOAVISO, SUCURSAL)
VALUES (0, 613, 2, 0, 10000, 0, 0, 0, 5)
INSERT INTO dbo.SALDOSCAJA (TZ_LOCK, NROCAJA, MONEDA, SALDOINICIAL, ENTRADAS, SALIDAS, MINIMOAVISO, MAXIMOAVISO, SUCURSAL)
VALUES (0, 613, 5, 0, 10000, 0, 0, 0, 5)
INSERT INTO dbo.SALDOSCAJA (TZ_LOCK, NROCAJA, MONEDA, SALDOINICIAL, ENTRADAS, SALIDAS, MINIMOAVISO, MAXIMOAVISO, SUCURSAL)
VALUES (0, 613, 6, 0, 10000, 0, 0, 0, 5)
INSERT INTO dbo.SALDOSCAJA (TZ_LOCK, NROCAJA, MONEDA, SALDOINICIAL, ENTRADAS, SALIDAS, MINIMOAVISO, MAXIMOAVISO, SUCURSAL)
VALUES (0, 614, 1, 0, 10000, 0, 0, 0, 5)
INSERT INTO dbo.SALDOSCAJA (TZ_LOCK, NROCAJA, MONEDA, SALDOINICIAL, ENTRADAS, SALIDAS, MINIMOAVISO, MAXIMOAVISO, SUCURSAL)
VALUES (0, 614, 2, 0, 10000, 0, 0, 0, 5)
INSERT INTO dbo.SALDOSCAJA (TZ_LOCK, NROCAJA, MONEDA, SALDOINICIAL, ENTRADAS, SALIDAS, MINIMOAVISO, MAXIMOAVISO, SUCURSAL)
VALUES (0, 614, 5, 0, 10000, 0, 0, 0, 5)
INSERT INTO dbo.SALDOSCAJA (TZ_LOCK, NROCAJA, MONEDA, SALDOINICIAL, ENTRADAS, SALIDAS, MINIMOAVISO, MAXIMOAVISO, SUCURSAL)
VALUES (0, 614, 6, 0, 10000, 0, 0, 0, 5)
INSERT INTO dbo.SALDOSCAJA (TZ_LOCK, NROCAJA, MONEDA, SALDOINICIAL, ENTRADAS, SALIDAS, MINIMOAVISO, MAXIMOAVISO, SUCURSAL)
VALUES (0, 615, 1, 0, 10000, 0, 0, 0, 5)
INSERT INTO dbo.SALDOSCAJA (TZ_LOCK, NROCAJA, MONEDA, SALDOINICIAL, ENTRADAS, SALIDAS, MINIMOAVISO, MAXIMOAVISO, SUCURSAL)
VALUES (0, 615, 2, 0, 10000, 0, 0, 0, 5)
INSERT INTO dbo.SALDOSCAJA (TZ_LOCK, NROCAJA, MONEDA, SALDOINICIAL, ENTRADAS, SALIDAS, MINIMOAVISO, MAXIMOAVISO, SUCURSAL)
VALUES (0, 615, 5, 0, 10000, 0, 0, 0, 5)
INSERT INTO dbo.SALDOSCAJA (TZ_LOCK, NROCAJA, MONEDA, SALDOINICIAL, ENTRADAS, SALIDAS, MINIMOAVISO, MAXIMOAVISO, SUCURSAL)
VALUES (0, 615, 6, 0, 10000, 0, 0, 0, 5)
INSERT INTO dbo.SALDOSCAJA (TZ_LOCK, NROCAJA, MONEDA, SALDOINICIAL, ENTRADAS, SALIDAS, MINIMOAVISO, MAXIMOAVISO, SUCURSAL)
VALUES (0, 620, 1, 0, 10000, 0, 0, 0, 5)
INSERT INTO dbo.SALDOSCAJA (TZ_LOCK, NROCAJA, MONEDA, SALDOINICIAL, ENTRADAS, SALIDAS, MINIMOAVISO, MAXIMOAVISO, SUCURSAL)
VALUES (0, 620, 2, 0, 10000, 0, 0, 0, 5)
INSERT INTO dbo.SALDOSCAJA (TZ_LOCK, NROCAJA, MONEDA, SALDOINICIAL, ENTRADAS, SALIDAS, MINIMOAVISO, MAXIMOAVISO, SUCURSAL)
VALUES (0, 620, 5, 0, 10000, 0, 0, 0, 5)
INSERT INTO dbo.SALDOSCAJA (TZ_LOCK, NROCAJA, MONEDA, SALDOINICIAL, ENTRADAS, SALIDAS, MINIMOAVISO, MAXIMOAVISO, SUCURSAL)
VALUES (0, 620, 6, 0, 10000, 0, 0, 0, 5)
INSERT INTO dbo.SALDOSCAJA (TZ_LOCK, NROCAJA, MONEDA, SALDOINICIAL, ENTRADAS, SALIDAS, MINIMOAVISO, MAXIMOAVISO, SUCURSAL)
VALUES (0, 621, 1, 0, 10000, 0, 0, 0, 5)
INSERT INTO dbo.SALDOSCAJA (TZ_LOCK, NROCAJA, MONEDA, SALDOINICIAL, ENTRADAS, SALIDAS, MINIMOAVISO, MAXIMOAVISO, SUCURSAL)
VALUES (0, 621, 2, 0, 10000, 0, 0, 0, 5)
INSERT INTO dbo.SALDOSCAJA (TZ_LOCK, NROCAJA, MONEDA, SALDOINICIAL, ENTRADAS, SALIDAS, MINIMOAVISO, MAXIMOAVISO, SUCURSAL)
VALUES (0, 621, 5, 0, 10000, 0, 0, 0, 5)
INSERT INTO dbo.SALDOSCAJA (TZ_LOCK, NROCAJA, MONEDA, SALDOINICIAL, ENTRADAS, SALIDAS, MINIMOAVISO, MAXIMOAVISO, SUCURSAL)
VALUES (0, 621, 6, 0, 10000, 0, 0, 0, 5)
INSERT INTO dbo.SALDOSCAJA (TZ_LOCK, NROCAJA, MONEDA, SALDOINICIAL, ENTRADAS, SALIDAS, MINIMOAVISO, MAXIMOAVISO, SUCURSAL)
VALUES (0, 999, 1, 0, 500000, 0, 0, 0, 5)
INSERT INTO dbo.SALDOSCAJA (TZ_LOCK, NROCAJA, MONEDA, SALDOINICIAL, ENTRADAS, SALIDAS, MINIMOAVISO, MAXIMOAVISO, SUCURSAL)
VALUES (0, 999, 2, 0, 500000, 0, 0, 0, 5)
INSERT INTO dbo.SALDOSCAJA (TZ_LOCK, NROCAJA, MONEDA, SALDOINICIAL, ENTRADAS, SALIDAS, MINIMOAVISO, MAXIMOAVISO, SUCURSAL)
VALUES (0, 999, 5, 0, 500000, 0, 0, 0, 5)
INSERT INTO dbo.SALDOSCAJA (TZ_LOCK, NROCAJA, MONEDA, SALDOINICIAL, ENTRADAS, SALIDAS, MINIMOAVISO, MAXIMOAVISO, SUCURSAL)
VALUES (0, 999, 6, 0, 500000, 0, 0, 0, 5)
INSERT INTO dbo.SALDOSCAJA (TZ_LOCK, NROCAJA, MONEDA, SALDOINICIAL, ENTRADAS, SALIDAS, MINIMOAVISO, MAXIMOAVISO, SUCURSAL)
VALUES (0, 999, 1, 0, 500000, 0, 0, 0, 97)
INSERT INTO dbo.SALDOSCAJA (TZ_LOCK, NROCAJA, MONEDA, SALDOINICIAL, ENTRADAS, SALIDAS, MINIMOAVISO, MAXIMOAVISO, SUCURSAL)
VALUES (0, 999, 2, 0, 500000, 0, 0, 0, 97)
INSERT INTO dbo.SALDOSCAJA (TZ_LOCK, NROCAJA, MONEDA, SALDOINICIAL, ENTRADAS, SALIDAS, MINIMOAVISO, MAXIMOAVISO, SUCURSAL)
VALUES (0, 999, 5, 0, 500000, 0, 0, 0, 97)
INSERT INTO dbo.SALDOSCAJA (TZ_LOCK, NROCAJA, MONEDA, SALDOINICIAL, ENTRADAS, SALIDAS, MINIMOAVISO, MAXIMOAVISO, SUCURSAL)
VALUES (0, 999, 6, 0, 500000, 0, 0, 0, 97)
')