EXECUTE('
DELETE FROM OPERACIONES WHERE IDENTIFICACION = 6073

INSERT INTO OPERACIONES (TITULO, IDENTIFICACION, NOMBRE, DESCRIPCION, MNEMOTECNICO, AUTORIZACION, FORMULARIOPRINCIPAL, PROXOPERACION, ESTADO, TZ_LOCK, COPIAS, SUBOPERACION, PERMITEBAJA, COMPORTAMIENTOENCIERRE, REQUIERECONTRASENA, PERMITECONCURRENTE, PERMITEESTADODIFERIDO, ICONO_TITULO, ESTILO)
VALUES (6810, 6073, ''Cancelación Garantía Otorgada'', ''Cancelación Garantía Otorgada'', ''6073'', ''N'', 500, NULL, ''D'', 0, NULL, 0, ''S'', ''N'', ''N'', ''S'', ''S'', NULL, NULL)

DELETE FROM OPERACIONES WHERE IDENTIFICACION=5907

INSERT INTO OPERACIONES (TITULO, IDENTIFICACION, NOMBRE, DESCRIPCION, MNEMOTECNICO, AUTORIZACION, FORMULARIOPRINCIPAL, PROXOPERACION, ESTADO, TZ_LOCK, COPIAS, SUBOPERACION, PERMITEBAJA, COMPORTAMIENTOENCIERRE, REQUIERECONTRASENA, PERMITECONCURRENTE, PERMITEESTADODIFERIDO, ICONO_TITULO, ESTILO)
VALUES (6000, 5907, ''Suspensión/Reactivación Límite de Crédito'', ''Suspensión/Reactivación Límite de Crédito'', ''5907'', ''A'', NULL, NULL, ''P'', 0, NULL, 0, ''S'', ''N'', ''N'', ''S'', ''S'', NULL, 0)

DELETE FROM OPERACIONES WHERE IDENTIFICACION = 6080

INSERT INTO OPERACIONES (TITULO, IDENTIFICACION, NOMBRE, DESCRIPCION, MNEMOTECNICO, AUTORIZACION, FORMULARIOPRINCIPAL, PROXOPERACION, ESTADO, TZ_LOCK, COPIAS, SUBOPERACION, PERMITEBAJA, COMPORTAMIENTOENCIERRE, REQUIERECONTRASENA, PERMITECONCURRENTE, PERMITEESTADODIFERIDO, ICONO_TITULO, ESTILO)
VALUES (6810, 6080, ''Cobro de Comisiones Garantia Ot.'', ''Cobro de Comisiones Garantia Ot.'', ''6080'', ''N'', 500, NULL, ''P'', 0, NULL, 1, ''S'', ''N'', ''N'', ''S'', ''S'', NULL, NULL)

DELETE FROM OPERACIONES WHERE IDENTIFICACION = 6081

INSERT INTO OPERACIONES (TITULO, IDENTIFICACION, NOMBRE, DESCRIPCION, MNEMOTECNICO, AUTORIZACION, FORMULARIOPRINCIPAL, PROXOPERACION, ESTADO, TZ_LOCK, COPIAS, SUBOPERACION, PERMITEBAJA, COMPORTAMIENTOENCIERRE, REQUIERECONTRASENA, PERMITECONCURRENTE, PERMITEESTADODIFERIDO, ICONO_TITULO, ESTILO)
VALUES (6810, 6081, ''Aviso Vencimiento Garantia Ot.'', ''Aviso Vencimiento Garantia Ot.'', ''6081'', ''N'', NULL, NULL, ''P'', 0, NULL, 1, ''S'', ''N'', ''N'', ''S'', ''S'', NULL, NULL)

INSERT INTO OPERACIONES (TITULO, IDENTIFICACION, NOMBRE, DESCRIPCION, MNEMOTECNICO, AUTORIZACION, FORMULARIOPRINCIPAL, PROXOPERACION, ESTADO, TZ_LOCK, COPIAS, SUBOPERACION, PERMITEBAJA, COMPORTAMIENTOENCIERRE, REQUIERECONTRASENA, PERMITECONCURRENTE, PERMITEESTADODIFERIDO, ICONO_TITULO, ESTILO)
VALUES (6850, 9217, ''ABMC de Clasificacion Refinanciados'', ''ABMC de Clasificacion Refinanciados'', ''9217'', ''N'', NULL, NULL, ''D'', 0, NULL, 0, ''S'', ''N'', ''N'', ''N'', ''S'', NULL, 0)

DELETE FROM OPERACIONES WHERE IDENTIFICACION = 6074

INSERT INTO OPERACIONES (TITULO, IDENTIFICACION, NOMBRE, DESCRIPCION, MNEMOTECNICO, AUTORIZACION, FORMULARIOPRINCIPAL, PROXOPERACION, ESTADO, TZ_LOCK, COPIAS, SUBOPERACION, PERMITEBAJA, COMPORTAMIENTOENCIERRE, REQUIERECONTRASENA, PERMITECONCURRENTE, PERMITEESTADODIFERIDO, ICONO_TITULO, ESTILO)
VALUES (6650, 6074, ''Sub. Cuadro de Amortizacion (Reporte)'', ''Sub. Cuadro de Amortizacion (Reporte)'', ''6074'', ''N'', NULL, NULL, ''P'', 0, NULL, 1, ''S'', ''N'', ''N'', ''N'', ''N'', NULL, 0)

INSERT INTO OPERACIONES (TITULO, IDENTIFICACION, NOMBRE, DESCRIPCION, MNEMOTECNICO, AUTORIZACION, FORMULARIOPRINCIPAL, PROXOPERACION, ESTADO, TZ_LOCK, COPIAS, SUBOPERACION, PERMITEBAJA, COMPORTAMIENTOENCIERRE, REQUIERECONTRASENA, PERMITECONCURRENTE, PERMITEESTADODIFERIDO, ICONO_TITULO, ESTILO)
VALUES (6840, 0, ''- CASTIGO DE CARTERA'', NULL, ''0'', NULL, NULL, NULL, NULL, 0, NULL, NULL, NULL, ''N'', ''N'', ''S'', ''S'', 7, NULL)

INSERT INTO OPERACIONES (TITULO, IDENTIFICACION, NOMBRE, DESCRIPCION, MNEMOTECNICO, AUTORIZACION, FORMULARIOPRINCIPAL, PROXOPERACION, ESTADO, TZ_LOCK, COPIAS, SUBOPERACION, PERMITEBAJA, COMPORTAMIENTOENCIERRE, REQUIERECONTRASENA, PERMITECONCURRENTE, PERMITEESTADODIFERIDO, ICONO_TITULO, ESTILO)
VALUES (6840, 6100, ''Ingreso Castigo de Cartera'', ''Ingreso Castigo de Cartera'', ''6100'', ''N'', NULL, NULL, ''P'', 0, NULL, 0, ''S'', ''N'', ''N'', ''S'', ''S'', NULL, NULL)

INSERT INTO OPERACIONES (TITULO, IDENTIFICACION, NOMBRE, DESCRIPCION, MNEMOTECNICO, AUTORIZACION, FORMULARIOPRINCIPAL, PROXOPERACION, ESTADO, TZ_LOCK, COPIAS, SUBOPERACION, PERMITEBAJA, COMPORTAMIENTOENCIERRE, REQUIERECONTRASENA, PERMITECONCURRENTE, PERMITEESTADODIFERIDO, ICONO_TITULO, ESTILO)
VALUES (6840, 6101, ''Modificación Castigo de Cartera'', ''Modificación Castigo de Cartera'', ''6101'', ''N'', NULL, NULL, ''P'', 0, NULL, 0, ''S'', ''N'', ''N'', ''S'', ''S'', NULL, NULL)

INSERT INTO OPERACIONES (TITULO, IDENTIFICACION, NOMBRE, DESCRIPCION, MNEMOTECNICO, AUTORIZACION, FORMULARIOPRINCIPAL, PROXOPERACION, ESTADO, TZ_LOCK, COPIAS, SUBOPERACION, PERMITEBAJA, COMPORTAMIENTOENCIERRE, REQUIERECONTRASENA, PERMITECONCURRENTE, PERMITEESTADODIFERIDO, ICONO_TITULO, ESTILO)
VALUES (6840, 6103, ''Confirmación Castigo de Cartera'', ''Confirmación Castigo de Cartera'', ''6103'', ''N'', NULL, NULL, ''P'', 0, NULL, 0, ''S'', ''N'', ''N'', ''S'', ''S'', NULL, NULL)

INSERT INTO OPERACIONES (TITULO, IDENTIFICACION, NOMBRE, DESCRIPCION, MNEMOTECNICO, AUTORIZACION, FORMULARIOPRINCIPAL, PROXOPERACION, ESTADO, TZ_LOCK, COPIAS, SUBOPERACION, PERMITEBAJA, COMPORTAMIENTOENCIERRE, REQUIERECONTRASENA, PERMITECONCURRENTE, PERMITEESTADODIFERIDO, ICONO_TITULO, ESTILO)
VALUES (6830, 0, ''- CESIÓN Y COMPRA DE CARTERA'', NULL, ''0'', NULL, NULL, NULL, NULL, 0, NULL, NULL, NULL, ''N'', ''N'', ''S'', ''S'', 7, NULL)

DELETE FROM OPERACIONES WHERE IDENTIFICACION = 6075

INSERT INTO OPERACIONES (TITULO, IDENTIFICACION, NOMBRE, DESCRIPCION, MNEMOTECNICO, AUTORIZACION, FORMULARIOPRINCIPAL, PROXOPERACION, ESTADO, TZ_LOCK, COPIAS, SUBOPERACION, PERMITEBAJA, COMPORTAMIENTOENCIERRE, REQUIERECONTRASENA, PERMITECONCURRENTE, PERMITEESTADODIFERIDO, ICONO_TITULO, ESTILO)
VALUES (6830, 6075, ''Ingreso Cesión de Cartera'', ''Ingreso Cesión de Cartera'', ''6075'', ''N'', NULL, NULL, ''P'', 0, NULL, 0, ''S'', ''N'', ''N'', ''S'', ''S'', NULL, NULL)

DELETE FROM OPERACIONES WHERE IDENTIFICACION = 6076

INSERT INTO OPERACIONES (TITULO, IDENTIFICACION, NOMBRE, DESCRIPCION, MNEMOTECNICO, AUTORIZACION, FORMULARIOPRINCIPAL, PROXOPERACION, ESTADO, TZ_LOCK, COPIAS, SUBOPERACION, PERMITEBAJA, COMPORTAMIENTOENCIERRE, REQUIERECONTRASENA, PERMITECONCURRENTE, PERMITEESTADODIFERIDO, ICONO_TITULO, ESTILO)
VALUES (6830, 6076, ''Modificación Cesión de Cartera'', ''Modificación Cesión de Cartera'', ''6076'', ''N'', NULL, NULL, ''P'', 0, NULL, 0, ''S'', ''N'', ''N'', ''S'', ''S'', NULL, NULL)

DELETE FROM OPERACIONES WHERE IDENTIFICACION = 6077

INSERT INTO OPERACIONES (TITULO, IDENTIFICACION, NOMBRE, DESCRIPCION, MNEMOTECNICO, AUTORIZACION, FORMULARIOPRINCIPAL, PROXOPERACION, ESTADO, TZ_LOCK, COPIAS, SUBOPERACION, PERMITEBAJA, COMPORTAMIENTOENCIERRE, REQUIERECONTRASENA, PERMITECONCURRENTE, PERMITEESTADODIFERIDO, ICONO_TITULO, ESTILO)
VALUES (6830, 6077, ''Confirmación Cesión de Cartera'', ''Confirmación Cesión de Cartera'', ''6077'', ''N'', 500, NULL, ''P'', 0, NULL, 0, ''S'', ''N'', ''N'', ''S'', ''S'', NULL, NULL)

DELETE FROM OPERACIONES WHERE IDENTIFICACION = 6078

INSERT INTO OPERACIONES (TITULO, IDENTIFICACION, NOMBRE, DESCRIPCION, MNEMOTECNICO, AUTORIZACION, FORMULARIOPRINCIPAL, PROXOPERACION, ESTADO, TZ_LOCK, COPIAS, SUBOPERACION, PERMITEBAJA, COMPORTAMIENTOENCIERRE, REQUIERECONTRASENA, PERMITECONCURRENTE, PERMITEESTADODIFERIDO, ICONO_TITULO, ESTILO)
VALUES (6830, 6078, ''Sub Listado Cesion/Compra Cartera'', ''Sub Listado Cesion/Compra Cartera'', ''6078'', ''N'', NULL, NULL, ''P'', 0, NULL, 1, ''S'', ''N'', ''N'', ''S'', ''S'', NULL, NULL)

DELETE OPERACIONES WHERE IDENTIFICACION = 6079

INSERT INTO OPERACIONES (TITULO, IDENTIFICACION, NOMBRE, DESCRIPCION, MNEMOTECNICO, AUTORIZACION, FORMULARIOPRINCIPAL, PROXOPERACION, ESTADO, TZ_LOCK, COPIAS, SUBOPERACION, PERMITEBAJA, COMPORTAMIENTOENCIERRE, REQUIERECONTRASENA, PERMITECONCURRENTE, PERMITEESTADODIFERIDO, ICONO_TITULO, ESTILO)
VALUES (6830, 6079, ''Estado Situación Cartera Cedida'', ''Estado Situación Cartera Cedida'', ''6079'', ''N'', NULL, NULL, ''P'', 0, NULL, 0, ''S'', ''N'', ''N'', ''S'', ''S'', NULL, NULL)

UPDATE OPERACIONES SET NOMBRE = ''ABMC rangos de atraso para Clasificación''	, DESCRIPCION = ''ABMC rangos de atraso para Clasificación'' WHERE TITULO = 6850 AND IDENTIFICACION = 159

UPDATE OPERACIONES SET NOMBRE = ''ABMC Tramo de Interés''	, DESCRIPCION = ''ABMC Tramo de Interés'' WHERE TITULO = 6880 AND IDENTIFICACION = 6883

UPDATE OPERACIONES SET NOMBRE = ''ABMC de Entes Subsidiantes''	, DESCRIPCION = ''ABMC de Entes Subsidiantes'' WHERE TITULO = 6880 AND IDENTIFICACION = 6881

UPDATE OPERACIONES SET NOMBRE = ''ABMC Lista Documentos a Descontar o en Custodia''	, DESCRIPCION = ''ABMC Lista Documentos a Descontar o en Custodia'' WHERE TITULO = 6815 AND IDENTIFICACION = 6018

UPDATE OPERACIONES SET DESCRIPCION = ''ABMC Relación Productos y Convenios de Subsidios'' WHERE TITULO = 6850 AND IDENTIFICACION = 6875

DELETE FROM RESTRICCIONES WHERE IDENTIFICACION =''60005903''

INSERT INTO RESTRICCIONES (IDENTIFICACION, GRUPO, TIPO, DESCRIPCION, PERMITE, FECHA_HABILITACION)
VALUES (''60005903'', ''ACTIVAS'', ''Q'', NULL, 0, NULL)

INSERT INTO DESCRIPTORES (TITULO, IDENTIFICACION, TIPODEARCHIVO, DESCRIPCION, GRUPODELMAPA, NOMBREFISICO, TIPODEDBMS, LARGODELREGISTRO, INICIALIZACIONDELREGISTRO, BASE, SELECCION, ACEPTA_MOVS_DIFERIDO)
VALUES (550, 4388, NULL, ''Cla.Cliente obejtiva x Atraso'', 0, ''CLI_CLAOBJATRASO_REF'', ''D'', NULL, NULL, ''Top/Clientes'', NULL, ''N'')

INSERT INTO DESCRIPTORES (TITULO, IDENTIFICACION, TIPODEARCHIVO, DESCRIPCION, GRUPODELMAPA, NOMBREFISICO, TIPODEDBMS, LARGODELREGISTRO, INICIALIZACIONDELREGISTRO, BASE, SELECCION, ACEPTA_MOVS_DIFERIDO)
VALUES (550, 4351, NULL, ''Cabezal Castigo de Cartera'', 0, ''CRE_CAB_CASTIGOCARTERA'', ''D'', NULL, NULL, ''top/clientes'', NULL, ''N'')

INSERT INTO DESCRIPTORES (TITULO, IDENTIFICACION, TIPODEARCHIVO, DESCRIPCION, GRUPODELMAPA, NOMBREFISICO, TIPODEDBMS, LARGODELREGISTRO, INICIALIZACIONDELREGISTRO, BASE, SELECCION, ACEPTA_MOVS_DIFERIDO)
VALUES (550, 4352, NULL, ''Detalle Castigo de Cartera'', 0, ''CRE_DET_CASTIGOCARTERA'', ''D'', NULL, NULL, ''top/clientes'', NULL, ''N'')

INSERT INTO DESCRIPTORES (TITULO, IDENTIFICACION, TIPODEARCHIVO, DESCRIPCION, GRUPODELMAPA, NOMBREFISICO, TIPODEDBMS, LARGODELREGISTRO, INICIALIZACIONDELREGISTRO, BASE, SELECCION, ACEPTA_MOVS_DIFERIDO)
VALUES (550, 4347, NULL, ''Cabezal Cesión de Cartera'', 0, ''CRE_CAB_CESIONCARTERA'', ''D'', NULL, NULL, ''top/clientes'', NULL, ''N'')

INSERT INTO DESCRIPTORES (TITULO, IDENTIFICACION, TIPODEARCHIVO, DESCRIPCION, GRUPODELMAPA, NOMBREFISICO, TIPODEDBMS, LARGODELREGISTRO, INICIALIZACIONDELREGISTRO, BASE, SELECCION, ACEPTA_MOVS_DIFERIDO)
VALUES (550, 4348, NULL, ''Detalle Cesión de Cartera'', 0, ''CRE_DET_CESIONCARTERA'', ''D'', NULL, NULL, ''top/clientes'', NULL, ''N'')

DELETE FROM DICCIONARIO WHERE NUMERODECAMPO IN(43817,43818,7656)

INSERT INTO DICCIONARIO (NUMERODECAMPO, USODELCAMPO, REFERENCIA, DESCRIPCION, PROMPT, LARGO, TIPODECAMPO, DECIMALES, EDICION, CONTABILIZA, CONCEPTO, CALCULO, VALIDACION, TABLADEVALIDACION, TABLADEAYUDA, OPCIONES, TABLA, CAMPO, BASICO, MASCARA)
VALUES (43817, '' '', 0, ''Producto'', ''Producto'', 5, ''N'', 0, NULL, 0, 0, 0, 0, 0, 0, 0, 537, ''PRODUCTO'', 0, NULL)

INSERT INTO DICCIONARIO (NUMERODECAMPO, USODELCAMPO, REFERENCIA, DESCRIPCION, PROMPT, LARGO, TIPODECAMPO, DECIMALES, EDICION, CONTABILIZA, CONCEPTO, CALCULO, VALIDACION, TABLADEVALIDACION, TABLADEAYUDA, OPCIONES, TABLA, CAMPO, BASICO, MASCARA)
VALUES (43818, '' '', 0, ''Descripcion Tipo Garantia'', ''Descripcion'', 100, ''A'', 0, NULL, 0, 0, 0, 0, 0, 0, 0, 537, ''DESC_TIPO_GARANTIA'', 0, NULL)

INSERT INTO DICCIONARIO (NUMERODECAMPO, USODELCAMPO, REFERENCIA, DESCRIPCION, PROMPT, LARGO, TIPODECAMPO, DECIMALES, EDICION, CONTABILIZA, CONCEPTO, CALCULO, VALIDACION, TABLADEVALIDACION, TABLADEAYUDA, OPCIONES, TABLA, CAMPO, BASICO, MASCARA)
VALUES (7656, NULL, 0, ''Familia'', ''Familia'', 12, ''N'', 0, NULL, 0, 0, 0, 0, 0, 0, 0, 537, ''FAMILIA'', 0, NULL)

INSERT INTO DICCIONARIO (NUMERODECAMPO, USODELCAMPO, REFERENCIA, DESCRIPCION, PROMPT, LARGO, TIPODECAMPO, DECIMALES, EDICION, CONTABILIZA, CONCEPTO, CALCULO, VALIDACION, TABLADEVALIDACION, TABLADEAYUDA, OPCIONES, TABLA, CAMPO, BASICO, MASCARA)
VALUES (43812, NULL, 0, ''Numerador GOT'', ''Numerador GOT'', 12, ''N'', 0, NULL, 0, 19, 0, 0, 0, 0, 0, 0, ''C43812'', 0, NULL)

INSERT INTO DICCIONARIO (NUMERODECAMPO, USODELCAMPO, REFERENCIA, DESCRIPCION, PROMPT, LARGO, TIPODECAMPO, DECIMALES, EDICION, CONTABILIZA, CONCEPTO, CALCULO, VALIDACION, TABLADEVALIDACION, TABLADEAYUDA, OPCIONES, TABLA, CAMPO, BASICO, MASCARA)
VALUES (43813, '' '', 0, ''Periodo de Comisión'', ''Periodo de Comisión'', 3, ''N'', 0, NULL, 0, 0, 0, 0, 0, 0, 0, 311, ''PERIODO_COMISION'', 0, NULL)

INSERT INTO DICCIONARIO (NUMERODECAMPO, USODELCAMPO, REFERENCIA, DESCRIPCION, PROMPT, LARGO, TIPODECAMPO, DECIMALES, EDICION, CONTABILIZA, CONCEPTO, CALCULO, VALIDACION, TABLADEVALIDACION, TABLADEAYUDA, OPCIONES, TABLA, CAMPO, BASICO, MASCARA)
VALUES (43814, '' '', 0, ''Mail de NBCH'', ''Mail de NBCH'', 40, ''A'', 0, NULL, 0, 0, 0, 0, 0, 0, 0, 311, ''MAIL_NBCH'', 0, NULL)

INSERT INTO DICCIONARIO (NUMERODECAMPO, USODELCAMPO, REFERENCIA, DESCRIPCION, PROMPT, LARGO, TIPODECAMPO, DECIMALES, EDICION, CONTABILIZA, CONCEPTO, CALCULO, VALIDACION, TABLADEVALIDACION, TABLADEAYUDA, OPCIONES, TABLA, CAMPO, BASICO, MASCARA)
VALUES (43815, '' '', 0, ''Días Aviso Vencimiento'', ''Días Aviso Vencimiento'', 3, ''N'', 0, NULL, 0, 0, 0, 0, 0, 0, 0, 311, ''DIAS_AVISO_VENCIMIENTO'', 0, NULL)

INSERT INTO DICCIONARIO (NUMERODECAMPO, USODELCAMPO, REFERENCIA, DESCRIPCION, PROMPT, LARGO, TIPODECAMPO, DECIMALES, EDICION, CONTABILIZA, CONCEPTO, CALCULO, VALIDACION, TABLADEVALIDACION, TABLADEAYUDA, OPCIONES, TABLA, CAMPO, BASICO, MASCARA)
VALUES (43888, NULL, 0, ''Modalidad'', ''Modalidad'', 1, ''A'', 0, NULL, 0, 0, 0, 0, 0, 0, 1, 4388, ''MODALIDAD'', 0, NULL)

INSERT INTO DICCIONARIO (NUMERODECAMPO, USODELCAMPO, REFERENCIA, DESCRIPCION, PROMPT, LARGO, TIPODECAMPO, DECIMALES, EDICION, CONTABILIZA, CONCEPTO, CALCULO, VALIDACION, TABLADEVALIDACION, TABLADEAYUDA, OPCIONES, TABLA, CAMPO, BASICO, MASCARA)
VALUES (43889, '' '', 0, ''Descripción'', ''Descripción'', 35, ''A'', 0, NULL, 0, 0, 0, 0, 0, 0, 0, 4388, ''DESCRIPCION'', 0, NULL)

INSERT INTO DICCIONARIO (NUMERODECAMPO, USODELCAMPO, REFERENCIA, DESCRIPCION, PROMPT, LARGO, TIPODECAMPO, DECIMALES, EDICION, CONTABILIZA, CONCEPTO, CALCULO, VALIDACION, TABLADEVALIDACION, TABLADEAYUDA, OPCIONES, TABLA, CAMPO, BASICO, MASCARA)
VALUES (43890, '' '', 0, ''Categoría de origen'', ''Categoría de origen'', 2, ''A'', 0, NULL, 0, 0, 0, 0, 0, 51, 0, 4388, ''CATEGORIA_ORIGEN'', 0, NULL)

INSERT INTO DICCIONARIO (NUMERODECAMPO, USODELCAMPO, REFERENCIA, DESCRIPCION, PROMPT, LARGO, TIPODECAMPO, DECIMALES, EDICION, CONTABILIZA, CONCEPTO, CALCULO, VALIDACION, TABLADEVALIDACION, TABLADEAYUDA, OPCIONES, TABLA, CAMPO, BASICO, MASCARA)
VALUES (43891, '' '', 0, ''Cuotas canceladas'', ''Cuotas canceladas'', 4, ''N'', 0, NULL, 0, 0, 0, 0, 0, 0, 0, 4388, ''CUOTAS_CANCELADAS'', 0, NULL)

INSERT INTO DICCIONARIO (NUMERODECAMPO, USODELCAMPO, REFERENCIA, DESCRIPCION, PROMPT, LARGO, TIPODECAMPO, DECIMALES, EDICION, CONTABILIZA, CONCEPTO, CALCULO, VALIDACION, TABLADEVALIDACION, TABLADEAYUDA, OPCIONES, TABLA, CAMPO, BASICO, MASCARA)
VALUES (43892, '' '', 0, ''Días de clasificación'', ''Días de clasificación'', 4, ''N'', 0, NULL, 0, 0, 0, 0, 0, 0, 0, 4388, ''DIAS_CLASIFICACION'', 0, NULL)

INSERT INTO DICCIONARIO (NUMERODECAMPO, USODELCAMPO, REFERENCIA, DESCRIPCION, PROMPT, LARGO, TIPODECAMPO, DECIMALES, EDICION, CONTABILIZA, CONCEPTO, CALCULO, VALIDACION, TABLADEVALIDACION, TABLADEAYUDA, OPCIONES, TABLA, CAMPO, BASICO, MASCARA)
VALUES (43893, '' '', 0, ''Porcentaje de Capital Cancelado'', ''Porcentaje de Capital Cancelado'', 15, ''N'', 2, ''I'', 0, 0, 0, 0, 0, 0, 0, 4388, ''PORCENTAJE_CANCELADO_CAPITAL'', 0, NULL)

INSERT INTO DICCIONARIO (NUMERODECAMPO, USODELCAMPO, REFERENCIA, DESCRIPCION, PROMPT, LARGO, TIPODECAMPO, DECIMALES, EDICION, CONTABILIZA, CONCEPTO, CALCULO, VALIDACION, TABLADEVALIDACION, TABLADEAYUDA, OPCIONES, TABLA, CAMPO, BASICO, MASCARA)
VALUES (43895, '' '', 0, ''Campo ayuda Categ Cliente Atraso '', NULL, 1, ''A'', 0, NULL, 0, 0, 0, 0, 0, 43894, 0, 0, ''AYODA_ATRASO'', 0, NULL)

INSERT INTO DICCIONARIO (NUMERODECAMPO, USODELCAMPO, REFERENCIA, DESCRIPCION, PROMPT, LARGO, TIPODECAMPO, DECIMALES, EDICION, CONTABILIZA, CONCEPTO, CALCULO, VALIDACION, TABLADEVALIDACION, TABLADEAYUDA, OPCIONES, TABLA, CAMPO, BASICO, MASCARA)
VALUES (43816, '' '', 0, ''Ayuda Sub. Prestamos Asig.'', ''Ayuda Sub. Prestamos Asig.'', 15, ''N'', 0, NULL, 0, 0, 0, 0, 0, 43063, 0, 0, NULL, 0, NULL)

INSERT INTO DICCIONARIO (NUMERODECAMPO, USODELCAMPO, REFERENCIA, DESCRIPCION, PROMPT, LARGO, TIPODECAMPO, DECIMALES, EDICION, CONTABILIZA, CONCEPTO, CALCULO, VALIDACION, TABLADEVALIDACION, TABLADEAYUDA, OPCIONES, TABLA, CAMPO, BASICO, MASCARA)
VALUES (43849, '' '', 0, ''Ayuda Castigo Cartera'', ''Ayuda Castigo Cartera'', 12, ''N'', 0, NULL, 0, 0, 0, 0, 0, 129, 0, 0, ''C43849'', 0, NULL)

INSERT INTO DICCIONARIO (NUMERODECAMPO, USODELCAMPO, REFERENCIA, DESCRIPCION, PROMPT, LARGO, TIPODECAMPO, DECIMALES, EDICION, CONTABILIZA, CONCEPTO, CALCULO, VALIDACION, TABLADEVALIDACION, TABLADEAYUDA, OPCIONES, TABLA, CAMPO, BASICO, MASCARA)
VALUES (43870, '' '', 0, ''Numero de Lista'', ''Número de Lista'', 10, ''N'', 0, NULL, 0, 0, 0, 0, 0, 0, 0, 4351, ''NUMERO_LISTA'', 0, NULL)

INSERT INTO DICCIONARIO (NUMERODECAMPO, USODELCAMPO, REFERENCIA, DESCRIPCION, PROMPT, LARGO, TIPODECAMPO, DECIMALES, EDICION, CONTABILIZA, CONCEPTO, CALCULO, VALIDACION, TABLADEVALIDACION, TABLADEAYUDA, OPCIONES, TABLA, CAMPO, BASICO, MASCARA)
VALUES (43871, '' '', 0, ''Estado'', ''Estado'', 1, ''A'', 0, NULL, 0, 0, 0, 0, 0, 0, 1, 4351, ''ESTADO'', 0, NULL)

INSERT INTO DICCIONARIO (NUMERODECAMPO, USODELCAMPO, REFERENCIA, DESCRIPCION, PROMPT, LARGO, TIPODECAMPO, DECIMALES, EDICION, CONTABILIZA, CONCEPTO, CALCULO, VALIDACION, TABLADEVALIDACION, TABLADEAYUDA, OPCIONES, TABLA, CAMPO, BASICO, MASCARA)
VALUES (43872, NULL, 0, ''Sucursal Ingreso'', ''Sucursal Ingreso'', 5, ''N'', 0, NULL, 0, 0, 0, 0, 0, 0, 0, 4351, ''SUCURSAL_ALTA'', 0, NULL)

INSERT INTO DICCIONARIO (NUMERODECAMPO, USODELCAMPO, REFERENCIA, DESCRIPCION, PROMPT, LARGO, TIPODECAMPO, DECIMALES, EDICION, CONTABILIZA, CONCEPTO, CALCULO, VALIDACION, TABLADEVALIDACION, TABLADEAYUDA, OPCIONES, TABLA, CAMPO, BASICO, MASCARA)
VALUES (43873, NULL, 0, ''Usuario Ingreso'', ''Usuario Ingreso'', 10, ''A'', 0, NULL, 0, 0, 0, 0, 0, 0, 0, 4351, ''USUARIO_ALTA'', 0, NULL)

INSERT INTO DICCIONARIO (NUMERODECAMPO, USODELCAMPO, REFERENCIA, DESCRIPCION, PROMPT, LARGO, TIPODECAMPO, DECIMALES, EDICION, CONTABILIZA, CONCEPTO, CALCULO, VALIDACION, TABLADEVALIDACION, TABLADEAYUDA, OPCIONES, TABLA, CAMPO, BASICO, MASCARA)
VALUES (43874, NULL, 0, ''Fecha Ingreso'', ''Fecha Ingreso'', 8, ''F'', 0, ''F'', 0, 0, 0, 0, 0, 0, 0, 4351, ''FECHA_ALTA'', 0, NULL)

INSERT INTO DICCIONARIO (NUMERODECAMPO, USODELCAMPO, REFERENCIA, DESCRIPCION, PROMPT, LARGO, TIPODECAMPO, DECIMALES, EDICION, CONTABILIZA, CONCEPTO, CALCULO, VALIDACION, TABLADEVALIDACION, TABLADEAYUDA, OPCIONES, TABLA, CAMPO, BASICO, MASCARA)
VALUES (43875, NULL, 0, ''Hora Ingreso'', ''Hora Ingreso'', 8, ''A'', 0, NULL, 0, 0, 0, 0, 0, 0, 0, 4351, ''HORA_ALTA'', 0, NULL)

INSERT INTO DICCIONARIO (NUMERODECAMPO, USODELCAMPO, REFERENCIA, DESCRIPCION, PROMPT, LARGO, TIPODECAMPO, DECIMALES, EDICION, CONTABILIZA, CONCEPTO, CALCULO, VALIDACION, TABLADEVALIDACION, TABLADEAYUDA, OPCIONES, TABLA, CAMPO, BASICO, MASCARA)
VALUES (43876, NULL, 0, ''Sucursal Confirmación'', ''Sucursal Confirmación'', 5, ''N'', 0, NULL, 0, 0, 0, 0, 0, 0, 0, 4351, ''SUCURSAL_CONFIRMACION'', 0, NULL)

INSERT INTO DICCIONARIO (NUMERODECAMPO, USODELCAMPO, REFERENCIA, DESCRIPCION, PROMPT, LARGO, TIPODECAMPO, DECIMALES, EDICION, CONTABILIZA, CONCEPTO, CALCULO, VALIDACION, TABLADEVALIDACION, TABLADEAYUDA, OPCIONES, TABLA, CAMPO, BASICO, MASCARA)
VALUES (43877, NULL, 0, ''Usuario Confirmación'', ''Usuario Confirmación'', 10, ''A'', 0, NULL, 0, 0, 0, 0, 0, 0, 0, 4351, ''USUARIO_CONFIRMACION'', 0, NULL)

INSERT INTO DICCIONARIO (NUMERODECAMPO, USODELCAMPO, REFERENCIA, DESCRIPCION, PROMPT, LARGO, TIPODECAMPO, DECIMALES, EDICION, CONTABILIZA, CONCEPTO, CALCULO, VALIDACION, TABLADEVALIDACION, TABLADEAYUDA, OPCIONES, TABLA, CAMPO, BASICO, MASCARA)
VALUES (43878, NULL, 0, ''Fecha Confirmación'', ''Fecha Confirmación'', 8, ''F'', 0, ''F'', 0, 0, 0, 0, 0, 0, 0, 4351, ''FECHA_CONFIRMACION'', 0, NULL)

INSERT INTO DICCIONARIO (NUMERODECAMPO, USODELCAMPO, REFERENCIA, DESCRIPCION, PROMPT, LARGO, TIPODECAMPO, DECIMALES, EDICION, CONTABILIZA, CONCEPTO, CALCULO, VALIDACION, TABLADEVALIDACION, TABLADEAYUDA, OPCIONES, TABLA, CAMPO, BASICO, MASCARA)
VALUES (43879, NULL, 0, ''Hora Confirmación'', ''Hora Confirmación'', 8, ''A'', 0, NULL, 0, 0, 0, 0, 0, 0, 0, 4351, ''HORA_CONFIRMACION'', 0, NULL)

INSERT INTO DICCIONARIO (NUMERODECAMPO, USODELCAMPO, REFERENCIA, DESCRIPCION, PROMPT, LARGO, TIPODECAMPO, DECIMALES, EDICION, CONTABILIZA, CONCEPTO, CALCULO, VALIDACION, TABLADEVALIDACION, TABLADEAYUDA, OPCIONES, TABLA, CAMPO, BASICO, MASCARA)
VALUES (43880, NULL, 0, ''Comentario'', ''Comentario'', 200, ''A'', 0, NULL, 0, 0, 0, 0, 0, 0, 0, 4351, ''COMENTARIO'', 0, NULL)

INSERT INTO DICCIONARIO (NUMERODECAMPO, USODELCAMPO, REFERENCIA, DESCRIPCION, PROMPT, LARGO, TIPODECAMPO, DECIMALES, EDICION, CONTABILIZA, CONCEPTO, CALCULO, VALIDACION, TABLADEVALIDACION, TABLADEAYUDA, OPCIONES, TABLA, CAMPO, BASICO, MASCARA)
VALUES (43881, NULL, 0, ''Numerador de Castigo'', ''Numerador de Castigo'', 10, ''N'', 0, NULL, 0, 19, 0, 0, 0, 0, 0, 0, ''C43880'', 0, NULL)

INSERT INTO DICCIONARIO (NUMERODECAMPO, USODELCAMPO, REFERENCIA, DESCRIPCION, PROMPT, LARGO, TIPODECAMPO, DECIMALES, EDICION, CONTABILIZA, CONCEPTO, CALCULO, VALIDACION, TABLADEVALIDACION, TABLADEAYUDA, OPCIONES, TABLA, CAMPO, BASICO, MASCARA)
VALUES (43882, '' '', 0, ''Número de Castigo'', ''Número de Castigo'', 10, ''N'', 0, NULL, 0, 0, 0, 0, 0, 0, 0, 4352, ''NUMERO_LISTA'', 0, NULL)

INSERT INTO DICCIONARIO (NUMERODECAMPO, USODELCAMPO, REFERENCIA, DESCRIPCION, PROMPT, LARGO, TIPODECAMPO, DECIMALES, EDICION, CONTABILIZA, CONCEPTO, CALCULO, VALIDACION, TABLADEVALIDACION, TABLADEAYUDA, OPCIONES, TABLA, CAMPO, BASICO, MASCARA)
VALUES (43883, '' '', 0, ''Cliente'', ''Cliente'', 12, ''N'', 0, NULL, 0, 0, 0, 0, 0, 0, 0, 4352, ''CLIENTE'', 0, NULL)

INSERT INTO DICCIONARIO (NUMERODECAMPO, USODELCAMPO, REFERENCIA, DESCRIPCION, PROMPT, LARGO, TIPODECAMPO, DECIMALES, EDICION, CONTABILIZA, CONCEPTO, CALCULO, VALIDACION, TABLADEVALIDACION, TABLADEAYUDA, OPCIONES, TABLA, CAMPO, BASICO, MASCARA)
VALUES (43884, '' '', 0, ''Estado'', ''Estado'', 1, ''A'', 0, NULL, 0, 0, 0, 0, 0, 0, 0, 4352, ''ESTADO'', 0, NULL)

INSERT INTO DICCIONARIO (NUMERODECAMPO, USODELCAMPO, REFERENCIA, DESCRIPCION, PROMPT, LARGO, TIPODECAMPO, DECIMALES, EDICION, CONTABILIZA, CONCEPTO, CALCULO, VALIDACION, TABLADEVALIDACION, TABLADEAYUDA, OPCIONES, TABLA, CAMPO, BASICO, MASCARA)
VALUES (43850, '' '', 0, ''Ayuda Castigo Cartera'', NULL, 12, ''N'', 0, NULL, 0, 0, 0, 0, 0, 43511, 0, 0, NULL, 0, NULL)

INSERT INTO DICCIONARIO (NUMERODECAMPO, USODELCAMPO, REFERENCIA, DESCRIPCION, PROMPT, LARGO, TIPODECAMPO, DECIMALES, EDICION, CONTABILIZA, CONCEPTO, CALCULO, VALIDACION, TABLADEVALIDACION, TABLADEAYUDA, OPCIONES, TABLA, CAMPO, BASICO, MASCARA)
VALUES (43869, '' '', 0, ''Ayuda Castigo Cartera'', NULL, 10, ''N'', 0, NULL, 0, 0, 0, 0, 0, 43512, 0, 0, NULL, 0, NULL)

INSERT INTO DICCIONARIO (NUMERODECAMPO, USODELCAMPO, REFERENCIA, DESCRIPCION, PROMPT, LARGO, TIPODECAMPO, DECIMALES, EDICION, CONTABILIZA, CONCEPTO, CALCULO, VALIDACION, TABLADEVALIDACION, TABLADEAYUDA, OPCIONES, TABLA, CAMPO, BASICO, MASCARA)
VALUES (43885, '' '', 0, ''Accion'', ''Accion'', 1, ''A'', 0, NULL, 0, 0, 0, 0, 0, 0, 1, 0, ''C43842'', 0, NULL)

INSERT INTO DICCIONARIO (NUMERODECAMPO, USODELCAMPO, REFERENCIA, DESCRIPCION, PROMPT, LARGO, TIPODECAMPO, DECIMALES, EDICION, CONTABILIZA, CONCEPTO, CALCULO, VALIDACION, TABLADEVALIDACION, TABLADEAYUDA, OPCIONES, TABLA, CAMPO, BASICO, MASCARA)
VALUES (43894, '' '', 0, ''Estado'', ''Estado'', 10, ''A'', 0, NULL, 0, 0, 0, 0, 0, 0, 0, 4334, ''ESTADO'', 0, NULL)

INSERT INTO DICCIONARIO (NUMERODECAMPO, USODELCAMPO, REFERENCIA, DESCRIPCION, PROMPT, LARGO, TIPODECAMPO, DECIMALES, EDICION, CONTABILIZA, CONCEPTO, CALCULO, VALIDACION, TABLADEVALIDACION, TABLADEAYUDA, OPCIONES, TABLA, CAMPO, BASICO, MASCARA)
VALUES (43886, '' '', 0, ''Días Gracia'', ''Días Gracia'', 3, ''N'', 0, NULL, 0, 0, 0, 0, 0, 0, 0, 4302, ''DiasGracia'', 0, NULL)

INSERT INTO DICCIONARIO (NUMERODECAMPO, USODELCAMPO, REFERENCIA, DESCRIPCION, PROMPT, LARGO, TIPODECAMPO, DECIMALES, EDICION, CONTABILIZA, CONCEPTO, CALCULO, VALIDACION, TABLADEVALIDACION, TABLADEAYUDA, OPCIONES, TABLA, CAMPO, BASICO, MASCARA)
VALUES (43887, '' '', 0, ''Tipo Cuenta'', ''Tipo Cuenta'', 1, ''A'', 0, NULL, 0, 0, 0, 0, 0, 0, 1, 4302, ''TipoCuenta'', 0, NULL)

DELETE	FROM  DICCIONARIO WHERE NUMERODECAMPO IN(44488,44489,6839,44479)

INSERT INTO DICCIONARIO (NUMERODECAMPO, USODELCAMPO, REFERENCIA, DESCRIPCION, PROMPT, LARGO, TIPODECAMPO, DECIMALES, EDICION, CONTABILIZA, CONCEPTO, CALCULO, VALIDACION, TABLADEVALIDACION, TABLADEAYUDA, OPCIONES, TABLA, CAMPO, BASICO, MASCARA)
VALUES (6839, '' '', 0, ''Monto en Dolares'', ''Monto en Dolares'', 15, ''N'', 2, ''I'', 0, 0, 0, 0, 0, 0, 0, 573, ''MONTODOL'', 0, NULL)

INSERT INTO DICCIONARIO (NUMERODECAMPO, USODELCAMPO, REFERENCIA, DESCRIPCION, PROMPT, LARGO, TIPODECAMPO, DECIMALES, EDICION, CONTABILIZA, CONCEPTO, CALCULO, VALIDACION, TABLADEVALIDACION, TABLADEAYUDA, OPCIONES, TABLA, CAMPO, BASICO, MASCARA)
VALUES (44479, '' '', 0, ''Monto en Dolares'', ''Monto en Dolares'', 15, ''N'', 2, ''I'', 0, 0, 0, 0, 0, 0, 0, 635, ''MONTODOL'', 0, NULL)

INSERT INTO DICCIONARIO (NUMERODECAMPO, USODELCAMPO, REFERENCIA, DESCRIPCION, PROMPT, LARGO, TIPODECAMPO, DECIMALES, EDICION, CONTABILIZA, CONCEPTO, CALCULO, VALIDACION, TABLADEVALIDACION, TABLADEAYUDA, OPCIONES, TABLA, CAMPO, BASICO, MASCARA)
VALUES (44488, '' '', 0, ''Aplica En Dolares'', ''En Dolares'', 1, ''A'', 0, NULL, 0, 0, 0, 0, 0, 0, 1, 600, ''APLICAENDOLARES'', 0, NULL)

INSERT INTO DICCIONARIO (NUMERODECAMPO, USODELCAMPO, REFERENCIA, DESCRIPCION, PROMPT, LARGO, TIPODECAMPO, DECIMALES, EDICION, CONTABILIZA, CONCEPTO, CALCULO, VALIDACION, TABLADEVALIDACION, TABLADEAYUDA, OPCIONES, TABLA, CAMPO, BASICO, MASCARA)
VALUES (44489, '' '', 0, ''Monto en Dolares'', ''Monto en Dolares'', 15, ''N'', 2, ''I'', 0, 0, 0, 0, 0, 0, 0, 572, ''MONTODOL'', 0, NULL)

INSERT INTO DICCIONARIO (NUMERODECAMPO, USODELCAMPO, REFERENCIA, DESCRIPCION, PROMPT, LARGO, TIPODECAMPO, DECIMALES, EDICION, CONTABILIZA, CONCEPTO, CALCULO, VALIDACION, TABLADEVALIDACION, TABLADEAYUDA, OPCIONES, TABLA, CAMPO, BASICO, MASCARA)
VALUES (43819, '' '', 0, ''Número de Cesión'', ''Número de Cesión'', 10, ''N'', 0, NULL, 0, 0, 0, 0, 0, 0, 0, 4347, ''NUMERO_CESION'', 0, NULL)

INSERT INTO DICCIONARIO (NUMERODECAMPO, USODELCAMPO, REFERENCIA, DESCRIPCION, PROMPT, LARGO, TIPODECAMPO, DECIMALES, EDICION, CONTABILIZA, CONCEPTO, CALCULO, VALIDACION, TABLADEVALIDACION, TABLADEAYUDA, OPCIONES, TABLA, CAMPO, BASICO, MASCARA)
VALUES (43820, '' '', 0, ''Con Recursos?'', ''Con Recursos?'', 1, ''A'', 0, NULL, 0, 0, 0, 0, 0, 0, 1, 4347, ''CON_RECURSOS'', 0, NULL)

INSERT INTO DICCIONARIO (NUMERODECAMPO, USODELCAMPO, REFERENCIA, DESCRIPCION, PROMPT, LARGO, TIPODECAMPO, DECIMALES, EDICION, CONTABILIZA, CONCEPTO, CALCULO, VALIDACION, TABLADEVALIDACION, TABLADEAYUDA, OPCIONES, TABLA, CAMPO, BASICO, MASCARA)
VALUES (43848, '' '', 0, ''Clasificación'', ''Clasificación'', 2, ''A'', 0, NULL, 0, 0, 0, 0, 0, 0, 0, 4334, ''CLASIFICACION'', 0, NULL)

INSERT INTO DICCIONARIO (NUMERODECAMPO, USODELCAMPO, REFERENCIA, DESCRIPCION, PROMPT, LARGO, TIPODECAMPO, DECIMALES, EDICION, CONTABILIZA, CONCEPTO, CALCULO, VALIDACION, TABLADEVALIDACION, TABLADEAYUDA, OPCIONES, TABLA, CAMPO, BASICO, MASCARA)
VALUES (43821, '' '', 0, ''Tipo Cesión'', ''Tipo Cesión'', 1, ''A'', 0, NULL, 0, 0, 0, 0, 0, 0, 1, 4347, ''TIPO_CESION'', 0, NULL)

INSERT INTO DICCIONARIO (NUMERODECAMPO, USODELCAMPO, REFERENCIA, DESCRIPCION, PROMPT, LARGO, TIPODECAMPO, DECIMALES, EDICION, CONTABILIZA, CONCEPTO, CALCULO, VALIDACION, TABLADEVALIDACION, TABLADEAYUDA, OPCIONES, TABLA, CAMPO, BASICO, MASCARA)
VALUES (43822, '' '', 0, ''Cuota Desde'', ''Cuota Desde'', 3, ''N'', 0, NULL, 0, 0, 0, 0, 0, 0, 0, 4347, ''CUOTA_DESDE'', 0, NULL)

INSERT INTO DICCIONARIO (NUMERODECAMPO, USODELCAMPO, REFERENCIA, DESCRIPCION, PROMPT, LARGO, TIPODECAMPO, DECIMALES, EDICION, CONTABILIZA, CONCEPTO, CALCULO, VALIDACION, TABLADEVALIDACION, TABLADEAYUDA, OPCIONES, TABLA, CAMPO, BASICO, MASCARA)
VALUES (43837, '' '', 0, ''Cuota Hasta'', ''Cuota Hasta'', 3, ''N'', 0, NULL, 0, 0, 0, 0, 0, 0, 0, 4347, ''CUOTA_HASTA'', 0, NULL)

INSERT INTO DICCIONARIO (NUMERODECAMPO, USODELCAMPO, REFERENCIA, DESCRIPCION, PROMPT, LARGO, TIPODECAMPO, DECIMALES, EDICION, CONTABILIZA, CONCEPTO, CALCULO, VALIDACION, TABLADEVALIDACION, TABLADEAYUDA, OPCIONES, TABLA, CAMPO, BASICO, MASCARA)
VALUES (43823, '' '', 0, ''Estado'', ''Estado'', 1, ''A'', 0, NULL, 0, 0, 0, 0, 0, 0, 1, 4347, ''ESTADO'', 0, NULL)

INSERT INTO DICCIONARIO (NUMERODECAMPO, USODELCAMPO, REFERENCIA, DESCRIPCION, PROMPT, LARGO, TIPODECAMPO, DECIMALES, EDICION, CONTABILIZA, CONCEPTO, CALCULO, VALIDACION, TABLADEVALIDACION, TABLADEAYUDA, OPCIONES, TABLA, CAMPO, BASICO, MASCARA)
VALUES (43824, NULL, 0, ''Sucursal Ingreso'', ''Sucursal Ingreso'', 5, ''N'', 0, NULL, 0, 0, 0, 0, 0, 0, 0, 4347, ''SUCURSAL_ALTA'', 0, NULL)

INSERT INTO DICCIONARIO (NUMERODECAMPO, USODELCAMPO, REFERENCIA, DESCRIPCION, PROMPT, LARGO, TIPODECAMPO, DECIMALES, EDICION, CONTABILIZA, CONCEPTO, CALCULO, VALIDACION, TABLADEVALIDACION, TABLADEAYUDA, OPCIONES, TABLA, CAMPO, BASICO, MASCARA)
VALUES (43825, NULL, 0, ''Usuario Ingreso'', ''Usuario Ingreso'', 10, ''A'', 0, NULL, 0, 0, 0, 0, 0, 0, 0, 4347, ''USUARIO_ALTA'', 0, NULL)

INSERT INTO DICCIONARIO (NUMERODECAMPO, USODELCAMPO, REFERENCIA, DESCRIPCION, PROMPT, LARGO, TIPODECAMPO, DECIMALES, EDICION, CONTABILIZA, CONCEPTO, CALCULO, VALIDACION, TABLADEVALIDACION, TABLADEAYUDA, OPCIONES, TABLA, CAMPO, BASICO, MASCARA)
VALUES (43826, NULL, 0, ''Fecha Ingreso'', ''Fecha Ingreso'', 8, ''F'', 0, ''F'', 0, 0, 0, 0, 0, 0, 0, 4347, ''FECHA_ALTA'', 0, NULL)

INSERT INTO DICCIONARIO (NUMERODECAMPO, USODELCAMPO, REFERENCIA, DESCRIPCION, PROMPT, LARGO, TIPODECAMPO, DECIMALES, EDICION, CONTABILIZA, CONCEPTO, CALCULO, VALIDACION, TABLADEVALIDACION, TABLADEAYUDA, OPCIONES, TABLA, CAMPO, BASICO, MASCARA)
VALUES (43827, NULL, 0, ''Hora Ingreso'', ''Hora Ingreso'', 8, ''A'', 0, NULL, 0, 0, 0, 0, 0, 0, 0, 4347, ''HORA_ALTA'', 0, NULL)

INSERT INTO DICCIONARIO (NUMERODECAMPO, USODELCAMPO, REFERENCIA, DESCRIPCION, PROMPT, LARGO, TIPODECAMPO, DECIMALES, EDICION, CONTABILIZA, CONCEPTO, CALCULO, VALIDACION, TABLADEVALIDACION, TABLADEAYUDA, OPCIONES, TABLA, CAMPO, BASICO, MASCARA)
VALUES (43828, NULL, 0, ''Sucursal Confirmación'', ''Sucursal Confirmación'', 5, ''N'', 0, NULL, 0, 0, 0, 0, 0, 0, 0, 4347, ''SUCURSAL_CONFIRMACION'', 0, NULL)

INSERT INTO DICCIONARIO (NUMERODECAMPO, USODELCAMPO, REFERENCIA, DESCRIPCION, PROMPT, LARGO, TIPODECAMPO, DECIMALES, EDICION, CONTABILIZA, CONCEPTO, CALCULO, VALIDACION, TABLADEVALIDACION, TABLADEAYUDA, OPCIONES, TABLA, CAMPO, BASICO, MASCARA)
VALUES (43829, NULL, 0, ''Usuario Confirmación'', ''Usuario Confirmación'', 10, ''A'', 0, NULL, 0, 0, 0, 0, 0, 0, 0, 4347, ''USUARIO_CONFIRMACION'', 0, NULL)

INSERT INTO DICCIONARIO (NUMERODECAMPO, USODELCAMPO, REFERENCIA, DESCRIPCION, PROMPT, LARGO, TIPODECAMPO, DECIMALES, EDICION, CONTABILIZA, CONCEPTO, CALCULO, VALIDACION, TABLADEVALIDACION, TABLADEAYUDA, OPCIONES, TABLA, CAMPO, BASICO, MASCARA)
VALUES (43830, NULL, 0, ''Fecha Confirmación'', ''Fecha Confirmación'', 8, ''F'', 0, ''F'', 0, 0, 0, 0, 0, 0, 0, 4347, ''FECHA_CONFIRMACION'', 0, NULL)

INSERT INTO DICCIONARIO (NUMERODECAMPO, USODELCAMPO, REFERENCIA, DESCRIPCION, PROMPT, LARGO, TIPODECAMPO, DECIMALES, EDICION, CONTABILIZA, CONCEPTO, CALCULO, VALIDACION, TABLADEVALIDACION, TABLADEAYUDA, OPCIONES, TABLA, CAMPO, BASICO, MASCARA)
VALUES (43831, NULL, 0, ''Hora Confirmación'', ''Hora Confirmación'', 8, ''A'', 0, NULL, 0, 0, 0, 0, 0, 0, 0, 4347, ''HORA_CONFIRMACION'', 0, NULL)

INSERT INTO DICCIONARIO (NUMERODECAMPO, USODELCAMPO, REFERENCIA, DESCRIPCION, PROMPT, LARGO, TIPODECAMPO, DECIMALES, EDICION, CONTABILIZA, CONCEPTO, CALCULO, VALIDACION, TABLADEVALIDACION, TABLADEAYUDA, OPCIONES, TABLA, CAMPO, BASICO, MASCARA)
VALUES (43832, NULL, 0, ''Comentario'', ''Comentario'', 200, ''A'', 0, NULL, 0, 0, 0, 0, 0, 0, 0, 4347, ''COMENTARIO'', 0, NULL)

INSERT INTO DICCIONARIO (NUMERODECAMPO, USODELCAMPO, REFERENCIA, DESCRIPCION, PROMPT, LARGO, TIPODECAMPO, DECIMALES, EDICION, CONTABILIZA, CONCEPTO, CALCULO, VALIDACION, TABLADEVALIDACION, TABLADEAYUDA, OPCIONES, TABLA, CAMPO, BASICO, MASCARA)
VALUES (43833, '' '', 0, ''Número de Cesión'', ''Número de Cesión'', 10, ''N'', 0, NULL, 0, 0, 0, 0, 0, 0, 0, 4348, ''NUMERO_CESION'', 0, NULL)

INSERT INTO DICCIONARIO (NUMERODECAMPO, USODELCAMPO, REFERENCIA, DESCRIPCION, PROMPT, LARGO, TIPODECAMPO, DECIMALES, EDICION, CONTABILIZA, CONCEPTO, CALCULO, VALIDACION, TABLADEVALIDACION, TABLADEAYUDA, OPCIONES, TABLA, CAMPO, BASICO, MASCARA)
VALUES (43834, '' '', 0, ''JTS Asistencia'', ''JTS Asistencia'', 10, ''N'', 0, NULL, 0, 0, 0, 0, 0, 0, 0, 4348, ''JTS_OID_ASISTENCIA'', 0, NULL)

INSERT INTO DICCIONARIO (NUMERODECAMPO, USODELCAMPO, REFERENCIA, DESCRIPCION, PROMPT, LARGO, TIPODECAMPO, DECIMALES, EDICION, CONTABILIZA, CONCEPTO, CALCULO, VALIDACION, TABLADEVALIDACION, TABLADEAYUDA, OPCIONES, TABLA, CAMPO, BASICO, MASCARA)
VALUES (43835, '' '', 0, ''Estado'', ''Estado'', 1, ''A'', 0, NULL, 0, 0, 0, 0, 0, 0, 0, 4348, ''ESTADO'', 0, NULL)

INSERT INTO DICCIONARIO (NUMERODECAMPO, USODELCAMPO, REFERENCIA, DESCRIPCION, PROMPT, LARGO, TIPODECAMPO, DECIMALES, EDICION, CONTABILIZA, CONCEPTO, CALCULO, VALIDACION, TABLADEVALIDACION, TABLADEAYUDA, OPCIONES, TABLA, CAMPO, BASICO, MASCARA)
VALUES (43836, NULL, 0, ''Numerador de Cesion'', ''Numerador de Cesion'', 10, ''N'', 0, NULL, 0, 19, 0, 0, 0, 0, 0, 0, ''C43836'', 0, NULL)

INSERT INTO DICCIONARIO (NUMERODECAMPO, USODELCAMPO, REFERENCIA, DESCRIPCION, PROMPT, LARGO, TIPODECAMPO, DECIMALES, EDICION, CONTABILIZA, CONCEPTO, CALCULO, VALIDACION, TABLADEVALIDACION, TABLADEAYUDA, OPCIONES, TABLA, CAMPO, BASICO, MASCARA)
VALUES (43841, '' '', 0, ''Accion'', ''Accion'', 1, ''A'', 0, NULL, 0, 0, 0, 0, 0, 0, 1, 0, ''C43841'', 0, NULL)

INSERT INTO DICCIONARIO (NUMERODECAMPO, USODELCAMPO, REFERENCIA, DESCRIPCION, PROMPT, LARGO, TIPODECAMPO, DECIMALES, EDICION, CONTABILIZA, CONCEPTO, CALCULO, VALIDACION, TABLADEVALIDACION, TABLADEAYUDA, OPCIONES, TABLA, CAMPO, BASICO, MASCARA)
VALUES (43842, '' '', 0, ''Accion'', ''Accion'', 1, ''A'', 0, NULL, 0, 0, 0, 0, 0, 0, 1, 0, ''C43842'', 0, NULL)

INSERT INTO DICCIONARIO (NUMERODECAMPO, USODELCAMPO, REFERENCIA, DESCRIPCION, PROMPT, LARGO, TIPODECAMPO, DECIMALES, EDICION, CONTABILIZA, CONCEPTO, CALCULO, VALIDACION, TABLADEVALIDACION, TABLADEAYUDA, OPCIONES, TABLA, CAMPO, BASICO, MASCARA)
VALUES (43844, '' '', 0, ''Ayuda Gastos Leasing'', NULL, 10, ''N'', 0, NULL, 0, 0, 0, 0, 0, 43311, 0, 0, ''C43844'', 0, NULL)

INSERT INTO DICCIONARIO (NUMERODECAMPO, USODELCAMPO, REFERENCIA, DESCRIPCION, PROMPT, LARGO, TIPODECAMPO, DECIMALES, EDICION, CONTABILIZA, CONCEPTO, CALCULO, VALIDACION, TABLADEVALIDACION, TABLADEAYUDA, OPCIONES, TABLA, CAMPO, BASICO, MASCARA)
VALUES (43845, NULL, 0, ''Cód. de Aseguradora'', ''Aseguradora'', 12, ''N'', 0, NULL, 0, 0, 0, 0, 0, 0, 0, 4331, ''COD_ASEGURADORA'', 0, NULL)

INSERT INTO DICCIONARIO (NUMERODECAMPO, USODELCAMPO, REFERENCIA, DESCRIPCION, PROMPT, LARGO, TIPODECAMPO, DECIMALES, EDICION, CONTABILIZA, CONCEPTO, CALCULO, VALIDACION, TABLADEVALIDACION, TABLADEAYUDA, OPCIONES, TABLA, CAMPO, BASICO, MASCARA)
VALUES (43846, NULL, 0, ''Tipo Cobertura'', ''Tipo Cobertura'', 1, ''A'', 0, NULL, 0, 0, 0, 0, 0, 0, 1, 4331, ''TIPO_COBERTURA'', 0, NULL)

INSERT INTO DICCIONARIO (NUMERODECAMPO, USODELCAMPO, REFERENCIA, DESCRIPCION, PROMPT, LARGO, TIPODECAMPO, DECIMALES, EDICION, CONTABILIZA, CONCEPTO, CALCULO, VALIDACION, TABLADEVALIDACION, TABLADEAYUDA, OPCIONES, TABLA, CAMPO, BASICO, MASCARA)
VALUES (43843, '' '', 0, ''Distribuido Canones?'', ''Distribuido Canones?'', 1, ''A'', 0, NULL, 0, 0, 0, 0, 0, 0, 1, 4329, ''DISTRIBUIDO_CUOTAS'', 0, NULL)

INSERT INTO DICCIONARIO (NUMERODECAMPO, USODELCAMPO, REFERENCIA, DESCRIPCION, PROMPT, LARGO, TIPODECAMPO, DECIMALES, EDICION, CONTABILIZA, CONCEPTO, CALCULO, VALIDACION, TABLADEVALIDACION, TABLADEAYUDA, OPCIONES, TABLA, CAMPO, BASICO, MASCARA)
VALUES (43838, '' '', 0, ''Cliente'', ''Cliente'', 12, ''N'', 0, NULL, 0, 0, 0, 0, 0, 0, 0, 4347, ''CLIENTE'', 0, NULL)

INSERT INTO DICCIONARIO (NUMERODECAMPO, USODELCAMPO, REFERENCIA, DESCRIPCION, PROMPT, LARGO, TIPODECAMPO, DECIMALES, EDICION, CONTABILIZA, CONCEPTO, CALCULO, VALIDACION, TABLADEVALIDACION, TABLADEAYUDA, OPCIONES, TABLA, CAMPO, BASICO, MASCARA)
VALUES (43839, '' '', 0, ''Ayuda Cesion Cartera'', NULL, 10, ''N'', 0, NULL, 0, 0, 0, 0, 0, 43471, 0, 0, NULL, 0, NULL)

INSERT INTO DICCIONARIO (NUMERODECAMPO, USODELCAMPO, REFERENCIA, DESCRIPCION, PROMPT, LARGO, TIPODECAMPO, DECIMALES, EDICION, CONTABILIZA, CONCEPTO, CALCULO, VALIDACION, TABLADEVALIDACION, TABLADEAYUDA, OPCIONES, TABLA, CAMPO, BASICO, MASCARA)
VALUES (43840, '' '', 0, ''Accion'', ''Accion'', 1, ''A'', 0, NULL, 0, 0, 0, 0, 0, 0, 1, 0, ''C43840'', 0, NULL)

INSERT INTO DICCIONARIO (NUMERODECAMPO, USODELCAMPO, REFERENCIA, DESCRIPCION, PROMPT, LARGO, TIPODECAMPO, DECIMALES, EDICION, CONTABILIZA, CONCEPTO, CALCULO, VALIDACION, TABLADEVALIDACION, TABLADEAYUDA, OPCIONES, TABLA, CAMPO, BASICO, MASCARA)
VALUES (43847, NULL, 0, ''Número de Póliza'', ''Nro. Póliza'', 12, ''A'', 0, NULL, 0, 0, 0, 0, 0, 0, 0, 4331, ''NRO_POLIZA'', 0, NULL)

UPDATE DICCIONARIO SET DESCRIPCION = ''% Crédito Adicional''	, PROMPT = ''% Crédito Adicional'' WHERE NUMERODECAMPO = 3825

UPDATE DICCIONARIO SET DESCRIPCION = ''Número Garantía''	, PROMPT = ''Número Garantía'' WHERE NUMERODECAMPO = 668

UPDATE DICCIONARIO SET CAMPO = ''NUMERO_GARANTIA'' WHERE NUMERODECAMPO = 668

UPDATE DICCIONARIO SET DESCRIPCION = ''Cartera''	, PROMPT = ''Cartera'' WHERE NUMERODECAMPO = 3442

UPDATE DICCIONARIO SET DESCRIPCION = ''Situación''	, PROMPT = ''Situación'' WHERE NUMERODECAMPO = 3447

UPDATE DICCIONARIO SET LARGO = 5 WHERE NUMERODECAMPO = 43524

UPDATE DICCIONARIO SET PROMPT = ''Edad de Ingreso'' WHERE NUMERODECAMPO = 43166

UPDATE DICCIONARIO SET PROMPT = ''Cuenta/Usuario'' WHERE NUMERODECAMPO = 43470

UPDATE DICCIONARIO SET PROMPT = ''Desglose/Admin.'' WHERE NUMERODECAMPO = 43472

UPDATE DICCIONARIO SET PROMPT = ''Vencimiento/Cierre'' WHERE NUMERODECAMPO = 43476

DELETE FROM OPCIONES WHERE NUMERODECAMPO=7654 AND OPCIONINTERNA=''P''

INSERT INTO OPCIONES (NUMERODECAMPO, IDIOMA, DESCRIPCION, OPCIONINTERNA, OPCIONDEPANTALLA)
VALUES (7654, ''E'', ''Producto'', ''P'', ''P'')

INSERT INTO OPCIONES (NUMERODECAMPO, IDIOMA, DESCRIPCION, OPCIONINTERNA, OPCIONDEPANTALLA)
VALUES (6800, ''E'', ''Garantias Otorgadas'', ''GO'', ''GO'')

INSERT INTO OPCIONES (NUMERODECAMPO, IDIOMA, DESCRIPCION, OPCIONINTERNA, OPCIONDEPANTALLA)
VALUES (43293, ''E'', ''Garantías Otorgadas'', ''2'', ''2'')

INSERT INTO OPCIONES (NUMERODECAMPO, IDIOMA, DESCRIPCION, OPCIONINTERNA, OPCIONDEPANTALLA)
VALUES (43888, ''E'', ''CONSUMO'', ''C'', ''C'')

INSERT INTO OPCIONES (NUMERODECAMPO, IDIOMA, DESCRIPCION, OPCIONINTERNA, OPCIONDEPANTALLA)
VALUES (43888, ''E'', ''COMERCIAL'', ''M'', ''M'')

INSERT INTO OPCIONES (NUMERODECAMPO, IDIOMA, DESCRIPCION, OPCIONINTERNA, OPCIONDEPANTALLA)
VALUES (43871, ''E'', ''Completada'', ''C'', ''C'')

INSERT INTO OPCIONES (NUMERODECAMPO, IDIOMA, DESCRIPCION, OPCIONINTERNA, OPCIONDEPANTALLA)
VALUES (43871, ''E'', ''Ingresada'', ''I'', ''I'')

INSERT INTO OPCIONES (NUMERODECAMPO, IDIOMA, DESCRIPCION, OPCIONINTERNA, OPCIONDEPANTALLA)
VALUES (43871, ''E'', ''Rechazada'', ''R'', ''R'')

INSERT INTO OPCIONES (NUMERODECAMPO, IDIOMA, DESCRIPCION, OPCIONINTERNA, OPCIONDEPANTALLA)
VALUES (43871, ''I'', ''Completada'', ''C'', ''C'')

INSERT INTO OPCIONES (NUMERODECAMPO, IDIOMA, DESCRIPCION, OPCIONINTERNA, OPCIONDEPANTALLA)
VALUES (43871, ''I'', ''Ingresada'', ''I'', ''I'')

INSERT INTO OPCIONES (NUMERODECAMPO, IDIOMA, DESCRIPCION, OPCIONINTERNA, OPCIONDEPANTALLA)
VALUES (43871, ''I'', ''Rechazada'', ''R'', ''R'')

INSERT INTO OPCIONES (NUMERODECAMPO, IDIOMA, DESCRIPCION, OPCIONINTERNA, OPCIONDEPANTALLA)
VALUES (43885, ''E'', ''Confirmar Castigo'', ''C'', ''C'')

INSERT INTO OPCIONES (NUMERODECAMPO, IDIOMA, DESCRIPCION, OPCIONINTERNA, OPCIONDEPANTALLA)
VALUES (43885, ''E'', ''Rechazar'', ''R'', ''R'')

INSERT INTO OPCIONES (NUMERODECAMPO, IDIOMA, DESCRIPCION, OPCIONINTERNA, OPCIONDEPANTALLA)
VALUES (43885, ''I'', ''Confirmar Castigo'', ''C'', ''C'')

INSERT INTO OPCIONES (NUMERODECAMPO, IDIOMA, DESCRIPCION, OPCIONINTERNA, OPCIONDEPANTALLA)
VALUES (43885, ''I'', ''Rechazar'', ''R'', ''R'')

INSERT INTO OPCIONES (NUMERODECAMPO, IDIOMA, DESCRIPCION, OPCIONINTERNA, OPCIONDEPANTALLA)
VALUES (43887, ''E'', ''Vista'', ''V'', ''V'')

INSERT INTO OPCIONES (NUMERODECAMPO, IDIOMA, DESCRIPCION, OPCIONINTERNA, OPCIONDEPANTALLA)
VALUES (43887, ''E'', ''Contable'', ''C'', ''C'')

INSERT INTO OPCIONES (NUMERODECAMPO, IDIOMA, DESCRIPCION, OPCIONINTERNA, OPCIONDEPANTALLA)
VALUES (43887, ''I'', ''Vista'', ''V'', ''V'')

INSERT INTO OPCIONES (NUMERODECAMPO, IDIOMA, DESCRIPCION, OPCIONINTERNA, OPCIONDEPANTALLA)
VALUES (43887, ''I'', ''Contable'', ''C'', ''C'')

DELETE FROM  OPCIONES WHERE NUMERODECAMPO IN(44488,6839)

INSERT INTO OPCIONES (NUMERODECAMPO, IDIOMA, DESCRIPCION, OPCIONINTERNA, OPCIONDEPANTALLA)
VALUES (44488, ''E'', ''NO'', ''N'', ''N'')

INSERT INTO OPCIONES (NUMERODECAMPO, IDIOMA, DESCRIPCION, OPCIONINTERNA, OPCIONDEPANTALLA)
VALUES (44488, ''E'', ''SI'', ''S'', ''S'')

INSERT INTO OPCIONES (NUMERODECAMPO, IDIOMA, DESCRIPCION, OPCIONINTERNA, OPCIONDEPANTALLA)
VALUES (43293, ''E'', ''Tarjetas'', ''3'', ''3'')

INSERT INTO OPCIONES (NUMERODECAMPO, IDIOMA, DESCRIPCION, OPCIONINTERNA, OPCIONDEPANTALLA)
VALUES (43820, ''E'', ''No'', ''N'', ''N'')

INSERT INTO OPCIONES (NUMERODECAMPO, IDIOMA, DESCRIPCION, OPCIONINTERNA, OPCIONDEPANTALLA)
VALUES (43820, ''E'', ''Si'', ''S'', ''S'')

INSERT INTO OPCIONES (NUMERODECAMPO, IDIOMA, DESCRIPCION, OPCIONINTERNA, OPCIONDEPANTALLA)
VALUES (43820, ''I'', ''No'', ''N'', ''N'')

INSERT INTO OPCIONES (NUMERODECAMPO, IDIOMA, DESCRIPCION, OPCIONINTERNA, OPCIONDEPANTALLA)
VALUES (43820, ''I'', ''Si'', ''S'', ''S'')

INSERT INTO OPCIONES (NUMERODECAMPO, IDIOMA, DESCRIPCION, OPCIONINTERNA, OPCIONDEPANTALLA)
VALUES (43821, ''E'', ''Parcial, en Garantia'', ''P'', ''P'')

INSERT INTO OPCIONES (NUMERODECAMPO, IDIOMA, DESCRIPCION, OPCIONINTERNA, OPCIONDEPANTALLA)
VALUES (43821, ''E'', ''Total'', ''T'', ''T'')

INSERT INTO OPCIONES (NUMERODECAMPO, IDIOMA, DESCRIPCION, OPCIONINTERNA, OPCIONDEPANTALLA)
VALUES (43821, ''I'', ''Parcial, en Garantia'', ''P'', ''P'')

INSERT INTO OPCIONES (NUMERODECAMPO, IDIOMA, DESCRIPCION, OPCIONINTERNA, OPCIONDEPANTALLA)
VALUES (43821, ''I'', ''Total'', ''T'', ''T'')

INSERT INTO OPCIONES (NUMERODECAMPO, IDIOMA, DESCRIPCION, OPCIONINTERNA, OPCIONDEPANTALLA)
VALUES (43823, ''E'', ''Ingresada'', ''I'', ''I'')

INSERT INTO OPCIONES (NUMERODECAMPO, IDIOMA, DESCRIPCION, OPCIONINTERNA, OPCIONDEPANTALLA)
VALUES (43823, ''E'', ''Rechazada'', ''R'', ''R'')

INSERT INTO OPCIONES (NUMERODECAMPO, IDIOMA, DESCRIPCION, OPCIONINTERNA, OPCIONDEPANTALLA)
VALUES (43823, ''E'', ''Completada'', ''C'', ''C'')

INSERT INTO OPCIONES (NUMERODECAMPO, IDIOMA, DESCRIPCION, OPCIONINTERNA, OPCIONDEPANTALLA)
VALUES (43823, ''I'', ''Ingresada'', ''I'', ''I'')

INSERT INTO OPCIONES (NUMERODECAMPO, IDIOMA, DESCRIPCION, OPCIONINTERNA, OPCIONDEPANTALLA)
VALUES (43823, ''I'', ''Rechazada'', ''R'', ''R'')

INSERT INTO OPCIONES (NUMERODECAMPO, IDIOMA, DESCRIPCION, OPCIONINTERNA, OPCIONDEPANTALLA)
VALUES (43823, ''I'', ''Completada'', ''C'', ''C'')

INSERT INTO OPCIONES (NUMERODECAMPO, IDIOMA, DESCRIPCION, OPCIONINTERNA, OPCIONDEPANTALLA)
VALUES (43840, ''E'', ''Agregar'', ''A'', ''A'')

INSERT INTO OPCIONES (NUMERODECAMPO, IDIOMA, DESCRIPCION, OPCIONINTERNA, OPCIONDEPANTALLA)
VALUES (43840, ''E'', ''Quitar'', ''E'', ''E'')

INSERT INTO OPCIONES (NUMERODECAMPO, IDIOMA, DESCRIPCION, OPCIONINTERNA, OPCIONDEPANTALLA)
VALUES (43840, ''I'', ''Agregar'', ''A'', ''A'')

INSERT INTO OPCIONES (NUMERODECAMPO, IDIOMA, DESCRIPCION, OPCIONINTERNA, OPCIONDEPANTALLA)
VALUES (43841, ''E'', ''Rechazar'', ''R'', ''R'')

INSERT INTO OPCIONES (NUMERODECAMPO, IDIOMA, DESCRIPCION, OPCIONINTERNA, OPCIONDEPANTALLA)
VALUES (43841, ''E'', ''Trabajar con Lista'', ''T'', ''T'')

INSERT INTO OPCIONES (NUMERODECAMPO, IDIOMA, DESCRIPCION, OPCIONINTERNA, OPCIONDEPANTALLA)
VALUES (43841, ''I'', ''Rechazar'', ''R'', ''R'')

INSERT INTO OPCIONES (NUMERODECAMPO, IDIOMA, DESCRIPCION, OPCIONINTERNA, OPCIONDEPANTALLA)
VALUES (43841, ''I'', ''Trabajar con Lista'', ''T'', ''T'')

INSERT INTO OPCIONES (NUMERODECAMPO, IDIOMA, DESCRIPCION, OPCIONINTERNA, OPCIONDEPANTALLA)
VALUES (43840, ''I'', ''Quitar'', ''E'', ''E'')

INSERT INTO OPCIONES (NUMERODECAMPO, IDIOMA, DESCRIPCION, OPCIONINTERNA, OPCIONDEPANTALLA)
VALUES (43842, ''E'', ''Rechazar'', ''R'', ''R'')

INSERT INTO OPCIONES (NUMERODECAMPO, IDIOMA, DESCRIPCION, OPCIONINTERNA, OPCIONDEPANTALLA)
VALUES (43842, ''E'', ''Confirmar Cesion'', ''C'', ''C'')

INSERT INTO OPCIONES (NUMERODECAMPO, IDIOMA, DESCRIPCION, OPCIONINTERNA, OPCIONDEPANTALLA)
VALUES (43843, ''E'', ''No'', ''N'', ''N'')

INSERT INTO OPCIONES (NUMERODECAMPO, IDIOMA, DESCRIPCION, OPCIONINTERNA, OPCIONDEPANTALLA)
VALUES (43843, ''E'', ''Si'', ''S'', ''S'')

INSERT INTO OPCIONES (NUMERODECAMPO, IDIOMA, DESCRIPCION, OPCIONINTERNA, OPCIONDEPANTALLA)
VALUES (43846, ''E'', ''Total'', ''T'', ''T'')

INSERT INTO OPCIONES (NUMERODECAMPO, IDIOMA, DESCRIPCION, OPCIONINTERNA, OPCIONDEPANTALLA)
VALUES (43846, ''E'', ''Parcial'', ''P'', ''P'')

INSERT INTO OPCIONES (NUMERODECAMPO, IDIOMA, DESCRIPCION, OPCIONINTERNA, OPCIONDEPANTALLA)
VALUES (43846, ''I'', ''Total'', ''T'', ''T'')

INSERT INTO OPCIONES (NUMERODECAMPO, IDIOMA, DESCRIPCION, OPCIONINTERNA, OPCIONDEPANTALLA)
VALUES (43846, ''I'', ''Parcial'', ''P'', ''P'')

INSERT INTO OPCIONES (NUMERODECAMPO, IDIOMA, DESCRIPCION, OPCIONINTERNA, OPCIONDEPANTALLA)
VALUES (6800, ''E'', ''Sector Publico no Financiero'', ''SP'', ''SP'')

UPDATE OPCIONES SET DESCRIPCION = ''Valores en Custodia'' WHERE NUMERODECAMPO = 2416 AND IDIOMA = ''E'' AND OPCIONINTERNA = ''1''

DELETE FROM INDICES WHERE NUMERODEARCHIVO=537 AND NUMERODEINDICE=1

INSERT INTO INDICES (NUMERODEARCHIVO, NUMERODEINDICE, DESCRIPCION, CLAVESREPETIDAS, CAMPO1, CAMPO2, CAMPO3, CAMPO4, CAMPO5, CAMPO6, CAMPO7, CAMPO8, CAMPO9, CAMPO10, CAMPO11, CAMPO12, CAMPO13, CAMPO14, CAMPO15, CAMPO16, CAMPO17, CAMPO18, CAMPO19, CAMPO20)
VALUES (537, 1, ''Clave Principal'', 0, 7653, 7654, 7655, 7656, 7657, 7658, 7659, 7660, 7661, 43817, NULL, NULL, NULL, NULL, NULL, NULL, NULL, NULL, NULL, NULL)

INSERT INTO INDICES (NUMERODEARCHIVO, NUMERODEINDICE, DESCRIPCION, CLAVESREPETIDAS, CAMPO1, CAMPO2, CAMPO3, CAMPO4, CAMPO5, CAMPO6, CAMPO7, CAMPO8, CAMPO9, CAMPO10, CAMPO11, CAMPO12, CAMPO13, CAMPO14, CAMPO15, CAMPO16, CAMPO17, CAMPO18, CAMPO19, CAMPO20)
VALUES (4388, 1, ''Clave Principal'', 0, 43888, 43890, NULL, NULL, NULL, NULL, NULL, NULL, NULL, NULL, NULL, NULL, NULL, NULL, NULL, NULL, NULL, NULL, NULL, NULL)

INSERT INTO INDICES (NUMERODEARCHIVO, NUMERODEINDICE, DESCRIPCION, CLAVESREPETIDAS, CAMPO1, CAMPO2, CAMPO3, CAMPO4, CAMPO5, CAMPO6, CAMPO7, CAMPO8, CAMPO9, CAMPO10, CAMPO11, CAMPO12, CAMPO13, CAMPO14, CAMPO15, CAMPO16, CAMPO17, CAMPO18, CAMPO19, CAMPO20)
VALUES (4351, 1, ''Clave Primaria'', 0, 43870, NULL, NULL, NULL, NULL, NULL, NULL, NULL, NULL, NULL, NULL, NULL, NULL, NULL, NULL, NULL, NULL, NULL, NULL, NULL)

INSERT INTO INDICES (NUMERODEARCHIVO, NUMERODEINDICE, DESCRIPCION, CLAVESREPETIDAS, CAMPO1, CAMPO2, CAMPO3, CAMPO4, CAMPO5, CAMPO6, CAMPO7, CAMPO8, CAMPO9, CAMPO10, CAMPO11, CAMPO12, CAMPO13, CAMPO14, CAMPO15, CAMPO16, CAMPO17, CAMPO18, CAMPO19, CAMPO20)
VALUES (4352, 1, ''Clave Primaria'', 0, 43882, 43883, NULL, NULL, NULL, NULL, NULL, NULL, NULL, NULL, NULL, NULL, NULL, NULL, NULL, NULL, NULL, NULL, NULL, NULL)

INSERT INTO INDICES (NUMERODEARCHIVO, NUMERODEINDICE, DESCRIPCION, CLAVESREPETIDAS, CAMPO1, CAMPO2, CAMPO3, CAMPO4, CAMPO5, CAMPO6, CAMPO7, CAMPO8, CAMPO9, CAMPO10, CAMPO11, CAMPO12, CAMPO13, CAMPO14, CAMPO15, CAMPO16, CAMPO17, CAMPO18, CAMPO19, CAMPO20)
VALUES (4347, 1, ''Clave Primaria'', 0, 43819, NULL, NULL, NULL, NULL, NULL, NULL, NULL, NULL, NULL, NULL, NULL, NULL, NULL, NULL, NULL, NULL, NULL, NULL, NULL)

INSERT INTO INDICES (NUMERODEARCHIVO, NUMERODEINDICE, DESCRIPCION, CLAVESREPETIDAS, CAMPO1, CAMPO2, CAMPO3, CAMPO4, CAMPO5, CAMPO6, CAMPO7, CAMPO8, CAMPO9, CAMPO10, CAMPO11, CAMPO12, CAMPO13, CAMPO14, CAMPO15, CAMPO16, CAMPO17, CAMPO18, CAMPO19, CAMPO20)
VALUES (4348, 1, ''Clave Primaria'', 0, 43833, 43834, NULL, NULL, NULL, NULL, NULL, NULL, NULL, NULL, NULL, NULL, NULL, NULL, NULL, NULL, NULL, NULL, NULL, NULL)

UPDATE INDICES SET CAMPO4 = 6962 WHERE NUMERODEARCHIVO = 626 AND NUMERODEINDICE = 1

UPDATE INDICES SET CAMPO2 = 43234	, CAMPO3 = 43235 WHERE NUMERODEARCHIVO = 4323 AND NUMERODEINDICE = 1

DELETE FROM AYUDAS WHERE NUMERODEAYUDA=5372

INSERT INTO AYUDAS (NUMERODEARCHIVO, NUMERODEAYUDA, DESCRIPCION, FILTRO, MOSTRARTODOS, CAMPOS, CAMPOSVISTA, BASEVISTA, NOMBREVISTA, AYUDAGRANDE)
VALUES (537, 5372, ''Ayuda Garantía Límite'', '''', 0, ''7655ROA1;7656ROA1;43817ROA1;7659ROA1;43818;7657R;7658R;7660R;7661R;7653R;'', NULL, NULL, NULL, 0)

INSERT INTO AYUDAS (NUMERODEARCHIVO, NUMERODEAYUDA, DESCRIPCION, FILTRO, MOSTRARTODOS, CAMPOS, CAMPOSVISTA, BASEVISTA, NOMBREVISTA, AYUDAGRANDE)
VALUES (4388, 43894, ''Ayuda Objeto Atraso'', '''', 0, ''43888R;43889;43890R;43891;43892;43893;'', NULL, NULL, NULL, 0)

INSERT INTO AYUDAS (NUMERODEARCHIVO, NUMERODEAYUDA, DESCRIPCION, FILTRO, MOSTRARTODOS, CAMPOS, CAMPOSVISTA, BASEVISTA, NOMBREVISTA, AYUDAGRANDE)
VALUES (0, 43063, ''Ayuda Sub. Prestamos Asig.'', '''', 0, ''537;254;410;93;1058;48;429;198;288R;4968;56;1097R;'', ''TipoDocumento;NumeroDocumento;Nombre;Sucursal;Producto;Cuenta;Operacion;Desglose;Subsidio;Descripcion;FechaDesde;Jts_asistencia;'', ''TOP/CLIENTES'', ''VW_SUBSIDIOS_PRESTAMO_ASIGNADO'', 0)

INSERT INTO AYUDAS (NUMERODEARCHIVO, NUMERODEAYUDA, DESCRIPCION, FILTRO, MOSTRARTODOS, CAMPOS, CAMPOSVISTA, BASEVISTA, NOMBREVISTA, AYUDAGRANDE)
VALUES (0, 129, ''Ayuda Castigo Cartera'', NULL, 0, ''537;254;410;42;618R;'', ''TipoDocumento;Documento;Nombre;TipoPersona;Cliente;'', ''TOP/CLIENTES'', ''VW_CASTIGOCARTERA'', 0)

INSERT INTO AYUDAS (NUMERODEARCHIVO, NUMERODEAYUDA, DESCRIPCION, FILTRO, MOSTRARTODOS, CAMPOS, CAMPOSVISTA, BASEVISTA, NOMBREVISTA, AYUDAGRANDE)
VALUES (0, 43511, ''Ayuda Castigo Cartera'', NULL, 0, ''537;254;410;433;618R;'', ''TipoDocumento;Documento;Nombre;TipoPersona;Cliente;'', ''TOP/CLIENTES'', ''VW_CASTIGOCARTERA'', 0)

INSERT INTO AYUDAS (NUMERODEARCHIVO, NUMERODEAYUDA, DESCRIPCION, FILTRO, MOSTRARTODOS, CAMPOS, CAMPOSVISTA, BASEVISTA, NOMBREVISTA, AYUDAGRANDE)
VALUES (4351, 43512, ''Ayuda Castigo Cartera'', '''', 0, ''43870R;43871;43872;43873;43874;43875;43880;'', NULL, NULL, NULL, 0)

INSERT INTO AYUDAS (NUMERODEARCHIVO, NUMERODEAYUDA, DESCRIPCION, FILTRO, MOSTRARTODOS, CAMPOS, CAMPOSVISTA, BASEVISTA, NOMBREVISTA, AYUDAGRANDE)
VALUES (0, 43471, ''Ayuda Cesion Cartera'', NULL, 0, ''565R;537;254;410;3184;3210;89;97;42;'', ''Cesion;Tipo;Documento;Nombre;Recursos;TipoCesion;CuotaDesde;CuotaHasta;Estado;'', ''TOP/CLIENTES'', ''VW_CESIONCARTERA'', 0)

INSERT INTO AYUDAS (NUMERODEARCHIVO, NUMERODEAYUDA, DESCRIPCION, FILTRO, MOSTRARTODOS, CAMPOS, CAMPOSVISTA, BASEVISTA, NOMBREVISTA, AYUDAGRANDE)
VALUES (0, 43311, ''Ayuda Gastos Leasing'', NULL, 0, ''2621R;274;3210;3242;3260;3114R;3115;700;56;4129R;3992R;'', ''Codigo;Descripcion;Categoria;Tipo;DistribuidoCanon;CuotaDesde;CuotaHasta;Importe;FechaAlta;NUMERO_BIEN;SALDOS_JTS_OID;'', ''TOP/CLIENTES'', ''VW_CRE_GASTOS_LEASING'', 0)

UPDATE AYUDAS SET CAMPOS = ''43369R;43370;43371;43374;43438;43843;'' WHERE NUMERODEAYUDA = 4329

UPDATE AYUDAS SET CAMPOS = ''537;254;410;288R;4968;93;1058;42;48;429;198;1097R;56;89;''	, CAMPOSVISTA = ''TipoDocumento;NumeroDocumento;Nombre;Subsidio;Descripcion;Sucursal;Producto;Moneda;Cuenta;Operacion;Desglose;Jts_asistencia;FechaDesde;Prioridad;'' WHERE NUMERODEAYUDA = 43063

UPDATE AYUDAS SET CAMPOS = ''3442RA1;3445RA1;3446;3447;3444;'' WHERE NUMERODEAYUDA = 1911

UPDATE AYUDAS SET CAMPOS = ''43466;43467;43468;43469;43470;43471R;43472;43473;43474;43475;43476;43894;43477;43478;43479R;43480R;'' WHERE NUMERODEAYUDA = 6042

UPDATE AYUDAS SET CAMPOS = ''65;93;401;1058;48;262;20;537;733;734;480;735;736;737;738;739;429R;'' WHERE NUMERODEAYUDA = 43341

UPDATE AYUDAS SET DESCRIPCION = ''Ayuda Producto'' WHERE NUMERODEAYUDA = 658

UPDATE AYUDAS SET CAMPOSVISTA = ''Cliente;Garantia;Credito_Usuario;Desvinculado;JTS_OID;'' WHERE NUMERODEAYUDA = 8888

UPDATE AYUDAS SET CAMPOS = ''43230R;43419;43231;43232;43240;43241;43242;43236;43237;43434;43435;43233;43234R;43235R;43773;'' WHERE NUMERODEAYUDA = 710

DELETE FROM REPORTES WHERE IDENTIFICACION = 8074

DELETE FROM REPORTES WHERE IDENTIFICACION = 8075

DELETE FROM REPORTES WHERE IDENTIFICACION = 8076

INSERT INTO REPORTES (TITULO, IDENTIFICACION, DESCRIPCION, TIPO, BIGREPORT, TIPOSALIDA, GENERAREPORTE, GENERAONLINEREPORTE, GRUPO_REIMPRESION, EJ_DE_OPERACION)
VALUES (6650, 8074, ''Pagare Asistencia Creditos 1'', ''J'', 0, NULL, 0, 0, 0, ''N'')

INSERT INTO REPORTES (TITULO, IDENTIFICACION, DESCRIPCION, TIPO, BIGREPORT, TIPOSALIDA, GENERAREPORTE, GENERAONLINEREPORTE, GRUPO_REIMPRESION, EJ_DE_OPERACION)
VALUES (6650, 8075, ''Pagare Asistencia Creditos 2'', ''J'', 0, NULL, 0, 0, 0, ''N'')

INSERT INTO REPORTES (TITULO, IDENTIFICACION, DESCRIPCION, TIPO, BIGREPORT, TIPOSALIDA, GENERAREPORTE, GENERAONLINEREPORTE, GRUPO_REIMPRESION, EJ_DE_OPERACION)
VALUES (6650, 8076, ''Pagare Asistencia Creditos 3'', ''J'', 0, NULL, 0, 0, 0, ''N'')

INSERT INTO REPORTES (TITULO, IDENTIFICACION, DESCRIPCION, TIPO, BIGREPORT, TIPOSALIDA, GENERAREPORTE, GENERAONLINEREPORTE, GRUPO_REIMPRESION, EJ_DE_OPERACION)
VALUES (6650, 6077, ''Asistencias Cedidas'', ''J'', 0, NULL, 0, 0, 0, ''N'')

INSERT INTO REPORTES (TITULO, IDENTIFICACION, DESCRIPCION, TIPO, BIGREPORT, TIPOSALIDA, GENERAREPORTE, GENERAONLINEREPORTE, GRUPO_REIMPRESION, EJ_DE_OPERACION)
VALUES (6650, 6075, ''Asistencias para Cesion de Cartera'', ''J'', 0, NULL, 0, 0, 0, ''N'')

INSERT INTO REPORTES (TITULO, IDENTIFICACION, DESCRIPCION, TIPO, BIGREPORT, TIPOSALIDA, GENERAREPORTE, GENERAONLINEREPORTE, GRUPO_REIMPRESION, EJ_DE_OPERACION)
VALUES (6650, 6079, ''Estado de Situación de Cartera Cedida'', ''J'', 0, NULL, 0, 0, 0, ''N'')

DELETE FROM REPORTESJASPER WHERE IDENTIFICACION = 8074

DELETE FROM REPORTESJASPER WHERE IDENTIFICACION = 8075

DELETE FROM REPORTESJASPER WHERE IDENTIFICACION = 8076

INSERT INTO REPORTESJASPER (IDENTIFICACION, DESTINO, DATAQUERY, COMPILADO, FORCE, SELECTIVEDESTINATION)
VALUES (8074, 1, NULL, 1, 0, 1)

INSERT INTO REPORTESJASPER (IDENTIFICACION, DESTINO, DATAQUERY, COMPILADO, FORCE, SELECTIVEDESTINATION)
VALUES (8075, 1, NULL, 1, 0, 1)

INSERT INTO REPORTESJASPER (IDENTIFICACION, DESTINO, DATAQUERY, COMPILADO, FORCE, SELECTIVEDESTINATION)
VALUES (8076, 1, NULL, 1, 0, 1)

INSERT INTO REPORTESJASPER (IDENTIFICACION, DESTINO, DATAQUERY, COMPILADO, FORCE, SELECTIVEDESTINATION)
VALUES (6079, 1, NULL, 0, 0, 1)

INSERT INTO REPORTESJASPER (IDENTIFICACION, DESTINO, DATAQUERY, COMPILADO, FORCE, SELECTIVEDESTINATION)
VALUES (6077, 1, NULL, 0, 0, 1)

INSERT INTO REPORTESJASPER (IDENTIFICACION, DESTINO, DATAQUERY, COMPILADO, FORCE, SELECTIVEDESTINATION)
VALUES (6075, 1, NULL, 0, 0, 1)

INSERT INTO NUMERATORDEFINITION (NUMERO, INIVAL, INCREMENTO, PERIODO, ULTIMAINIC, REUTILIZABLE, CENTRALIZADO, MAXIMO, DESCRIPCION, TIPO)
VALUES (43812, 1, 1, '' '', NULL, 0, 1, 0, NULL, ''T'')

INSERT INTO NUMERATORDEFINITION (NUMERO, INIVAL, INCREMENTO, PERIODO, ULTIMAINIC, REUTILIZABLE, CENTRALIZADO, MAXIMO, DESCRIPCION, TIPO)
VALUES (43836, 1, 1, NULL, NULL, 1, 1, 0, NULL, ''T'')

INSERT INTO NUMERATORDEFINITION (NUMERO, INIVAL, INCREMENTO, PERIODO, ULTIMAINIC, REUTILIZABLE, CENTRALIZADO, MAXIMO, DESCRIPCION, TIPO)
VALUES (43819, 1, 1, '' '', NULL, 0, 1, 0, NULL, ''T'')

INSERT INTO NUMERATORDEFINITION (NUMERO, INIVAL, INCREMENTO, PERIODO, ULTIMAINIC, REUTILIZABLE, CENTRALIZADO, MAXIMO, DESCRIPCION, TIPO)
VALUES (43881, 1, 1, NULL, NULL, 1, 1, 0, NULL, ''T'')

INSERT INTO TRANSACCIONES (TITULO, IDENTIFICACION, TIPO, NOMBRE, DESCRIPCION, TIPODETRANSACCION, NUMERODETABLA, REGISTRODESALIDA)
VALUES (800, 6002, ''S'', ''Calculo dia de Pago AH'', ''Calculo dia de Pago AH'', ''C'', NULL, NULL)
')



















































































