

EXECUTE('
-- Parche_NUBRADESC_15


-- Se crea la tabla VTA_TRANSFERENCIA_PERIODICA para oracle

CREATE TABLE VTA_TRANSFERENCIA_PERIODICA (
		    JTS_ORIGEN NUMERIC (10),
		    JTS_DESTINO NUMERIC (10),
		    IMPORTE_TRANSFERENCIA NUMERIC (15,2),
		    FECHA_INICIO DATETIME,
		    FECHA_LIMITE DATETIME,
		    PERIODICIDAD VARCHAR (1),
		    REINTENTO NUMERIC (1),
		    FECHA_ULT_TRANSF_PROGRAMADA DATETIME,
			DETALLE_ULT_PROCESO VARCHAR (1),
		    TZ_LOCK NUMERIC (15),
		    CONSTRAINT PK_PERIODICA PRIMARY KEY (JTS_ORIGEN,JTS_DESTINO,FECHA_INICIO)
		);
')

EXECUTE('
CREATE VIEW VW_TRANSFERENCIA_FALLIDA AS
		SELECT S.CUENTA,S.C1803,S.EMPRESA,T.DETALLE_ULT_PROCESO
		FROM VTA_TRANSFERENCIA_PERIODICA T JOIN SALDOS S ON S.JTS_OID = T.JTS_ORIGEN
		WHERE T.REINTENTO = 1;
')

EXECUTE('
-- Se crean los inserts necesarios para el proceso
		INSERT INTO DESCRIPTORES (TITULO, IDENTIFICACION, TIPODEARCHIVO, DESCRIPCION, GRUPODELMAPA, NOMBREFISICO, TIPODEDBMS, LARGODELREGISTRO, INICIALIZACIONDELREGISTRO, BASE, SELECCION, ACEPTA_MOVS_DIFERIDO) VALUES
		(35, 1, NULL, ''Transferencia_Periodica'', 3, ''VTA_TRANSFERENCIA_PERIODICA'', ''D'', NULL, NULL, ''Top/Clientes'', NULL, ''N'');
')

EXECUTE('
		INSERT INTO DICCIONARIO (NUMERODECAMPO, USODELCAMPO, REFERENCIA, DESCRIPCION, PROMPT, LARGO, TIPODECAMPO, DECIMALES, EDICION, CONTABILIZA, CONCEPTO, CALCULO, VALIDACION, TABLADEVALIDACION, TABLADEAYUDA, OPCIONES, TABLA, CAMPO, BASICO, MASCARA) VALUES
		(6900, '' '', 0, ''JTS_OID de origen'', ''JTS_OID de origen'', 10, ''N'', 0, NULL, 0, 0, 0, 0, 0, 0, 0, 1, ''JTS_ORIGEN'', 0, NULL);

		INSERT INTO DICCIONARIO (NUMERODECAMPO, USODELCAMPO, REFERENCIA, DESCRIPCION, PROMPT, LARGO, TIPODECAMPO, DECIMALES, EDICION, CONTABILIZA, CONCEPTO, CALCULO, VALIDACION, TABLADEVALIDACION, TABLADEAYUDA, OPCIONES, TABLA, CAMPO, BASICO, MASCARA) VALUES
		(6906, '' '', 0, ''JTS_OID de destino'', ''JTS_OID de destino'', 10, ''N'', 0, NULL, 0, 0, 0, 0, 0, 0, 0, 1, ''JTS_DESTINO'', 0, NULL);

		INSERT INTO DICCIONARIO (NUMERODECAMPO, USODELCAMPO, REFERENCIA, DESCRIPCION, PROMPT, LARGO, TIPODECAMPO, DECIMALES, EDICION, CONTABILIZA, CONCEPTO, CALCULO, VALIDACION, TABLADEVALIDACION, TABLADEAYUDA, OPCIONES, TABLA, CAMPO, BASICO, MASCARA) VALUES
		(6975, '' '', 0, ''Importe transferencia'', ''Importe transferencia'', 15, ''N'', 2, NULL, 0, 0, 0, 0, 0, 0, 0, 1, ''IMPORTE_TRANSFERENCIA'', 0, NULL);

		INSERT INTO DICCIONARIO (NUMERODECAMPO, USODELCAMPO, REFERENCIA, DESCRIPCION, PROMPT, LARGO, TIPODECAMPO, DECIMALES, EDICION, CONTABILIZA, CONCEPTO, CALCULO, VALIDACION, TABLADEVALIDACION, TABLADEAYUDA, OPCIONES, TABLA, CAMPO, BASICO, MASCARA) VALUES
		(7136, '' '', 0, ''Fecha de inicio de trasferencia'', ''Fecha de inicio'', 8, ''F'', 0, NULL, 0, 0, 0, 0, 0, 0, 0, 1, ''FECHA_INICIO'', 0, NULL);

		INSERT INTO DICCIONARIO (NUMERODECAMPO, USODELCAMPO, REFERENCIA, DESCRIPCION, PROMPT, LARGO, TIPODECAMPO, DECIMALES, EDICION, CONTABILIZA, CONCEPTO, CALCULO, VALIDACION, TABLADEVALIDACION, TABLADEAYUDA, OPCIONES, TABLA, CAMPO, BASICO, MASCARA) VALUES
		(7225, '' '', 0, ''Fecha limite de transferencia'', ''Fecha limite'', 8, ''F'', 0, NULL, 0, 0, 0, 0, 0, 0, 0, 1, ''FECHA_LIMITE'', 0, NULL);

		INSERT INTO DICCIONARIO (NUMERODECAMPO, USODELCAMPO, REFERENCIA, DESCRIPCION, PROMPT, LARGO, TIPODECAMPO, DECIMALES, EDICION, CONTABILIZA, CONCEPTO, CALCULO, VALIDACION, TABLADEVALIDACION, TABLADEAYUDA, OPCIONES, TABLA, CAMPO, BASICO, MASCARA) VALUES
		(7242, '' '', 0, ''Periodicidad de la transferencia'', ''Periodicidad de la transferencia'', 1, ''V'', 0, NULL, 0, 0, 0, 0, 0, 0, 0, 1, ''PERIODICIDAD'', 0, NULL);

		INSERT INTO DICCIONARIO (NUMERODECAMPO, USODELCAMPO, REFERENCIA, DESCRIPCION, PROMPT, LARGO, TIPODECAMPO, DECIMALES, EDICION, CONTABILIZA, CONCEPTO, CALCULO, VALIDACION, TABLADEVALIDACION, TABLADEAYUDA, OPCIONES, TABLA, CAMPO, BASICO, MASCARA) VALUES
		(7253, '' '', 0, ''Reintento para la transferencia'', ''Reintento para la transferencia'', 1, ''N'', 0, NULL, 0, 0, 0, 0, 0, 0, 0, 1, ''REINTENTO'', 0, NULL);

		INSERT INTO DICCIONARIO (NUMERODECAMPO, USODELCAMPO, REFERENCIA, DESCRIPCION, PROMPT, LARGO, TIPODECAMPO, DECIMALES, EDICION, CONTABILIZA, CONCEPTO, CALCULO, VALIDACION, TABLADEVALIDACION, TABLADEAYUDA, OPCIONES, TABLA, CAMPO, BASICO, MASCARA) VALUES
		(7285, '' '', 0, ''Fecha ult transf prog'', ''Fecha ult transf prog'', 8, ''F'', 0, NULL, 0, 0, 0, 0, 0, 0, 0, 1, ''FECHA_ULT_TRANSF_PROGRAMADA'', 0, NULL);

		INSERT INTO DICCIONARIO (NUMERODECAMPO, USODELCAMPO, REFERENCIA, DESCRIPCION, PROMPT, LARGO, TIPODECAMPO, DECIMALES, EDICION, CONTABILIZA, CONCEPTO, CALCULO, VALIDACION, TABLADEVALIDACION, TABLADEAYUDA, OPCIONES, TABLA, CAMPO, BASICO, MASCARA) VALUES
		(7361, '' '', 0, ''Estado ult proc'', ''Estado ult proc'', 1, ''A'', 0, NULL, 0, 0, 0, 0, 0, 0, 1, 1, ''DETALLE_ULT_PROCESO'', 0, NULL);
')


EXECUTE('
		INSERT INTO OPCIONES (NUMERODECAMPO, IDIOMA, DESCRIPCION, OPCIONINTERNA, OPCIONDEPANTALLA) VALUES(7242, ''E'', ''Diaria'', ''D'', ''D'');
		INSERT INTO OPCIONES (NUMERODECAMPO, IDIOMA, DESCRIPCION, OPCIONINTERNA, OPCIONDEPANTALLA) VALUES(7242, ''E'', ''Semanal'', ''S'', ''S'');
		INSERT INTO OPCIONES (NUMERODECAMPO, IDIOMA, DESCRIPCION, OPCIONINTERNA, OPCIONDEPANTALLA) VALUES(7242, ''E'', ''Quincenal'', ''Q'', ''Q'');
		INSERT INTO OPCIONES (NUMERODECAMPO, IDIOMA, DESCRIPCION, OPCIONINTERNA, OPCIONDEPANTALLA) VALUES(7242, ''E'', ''Mensual'', ''M'', ''M'');
		INSERT INTO OPCIONES (NUMERODECAMPO, IDIOMA, DESCRIPCION, OPCIONINTERNA, OPCIONDEPANTALLA) VALUES(7242, ''E'', ''Ultimo dia del mes'', ''U'', ''U'');
		INSERT INTO OPCIONES (NUMERODECAMPO, IDIOMA, DESCRIPCION, OPCIONINTERNA, OPCIONDEPANTALLA) VALUES(7242, ''P'', ''Diaria'', ''D'', ''D'');
		INSERT INTO OPCIONES (NUMERODECAMPO, IDIOMA, DESCRIPCION, OPCIONINTERNA, OPCIONDEPANTALLA) VALUES(7242, ''P'', ''Semanal'', ''S'', ''S'');
		INSERT INTO OPCIONES (NUMERODECAMPO, IDIOMA, DESCRIPCION, OPCIONINTERNA, OPCIONDEPANTALLA) VALUES(7242, ''P'', ''Quincenal'', ''Q'', ''Q'');
		INSERT INTO OPCIONES (NUMERODECAMPO, IDIOMA, DESCRIPCION, OPCIONINTERNA, OPCIONDEPANTALLA) VALUES(7242, ''P'', ''Mensual'', ''M'', ''M'');
		INSERT INTO OPCIONES (NUMERODECAMPO, IDIOMA, DESCRIPCION, OPCIONINTERNA, OPCIONDEPANTALLA) VALUES(7242, ''P'', ''Ultimo dia del mes'', ''U'', ''U'');

		INSERT INTO OPCIONES (NUMERODECAMPO, IDIOMA, DESCRIPCION, OPCIONINTERNA, OPCIONDEPANTALLA) VALUES(7253, ''E'', ''Registro para reintento'', ''1'', ''1'');
		INSERT INTO OPCIONES (NUMERODECAMPO, IDIOMA, DESCRIPCION, OPCIONINTERNA, OPCIONDEPANTALLA) VALUES(7253, ''P'', ''Registro para reintento'', ''1'', ''1'');
		INSERT INTO OPCIONES (NUMERODECAMPO, IDIOMA, DESCRIPCION, OPCIONINTERNA, OPCIONDEPANTALLA) VALUES(7253, ''E'', ''Registro para preiodico'', ''0'', ''0'');
		INSERT INTO OPCIONES (NUMERODECAMPO, IDIOMA, DESCRIPCION, OPCIONINTERNA, OPCIONDEPANTALLA) VALUES(7253, ''P'', ''Registro para preiodico'', ''0'', ''0'');

		INSERT INTO OPCIONES (NUMERODECAMPO, IDIOMA, DESCRIPCION, OPCIONINTERNA, OPCIONDEPANTALLA) VALUES(7361, ''E'', ''Error por disponibilidad'', ''D'', ''D'');
		INSERT INTO OPCIONES (NUMERODECAMPO, IDIOMA, DESCRIPCION, OPCIONINTERNA, OPCIONDEPANTALLA) VALUES(7361, ''E'', ''Error por bloqueo'', ''B'', ''B'');
		INSERT INTO OPCIONES (NUMERODECAMPO, IDIOMA, DESCRIPCION, OPCIONINTERNA, OPCIONDEPANTALLA) VALUES(7361, ''E'', ''Sin error'', '' '', '' '');
		INSERT INTO OPCIONES (NUMERODECAMPO, IDIOMA, DESCRIPCION, OPCIONINTERNA, OPCIONDEPANTALLA) VALUES(7361, ''P'', ''Error por disponibilidad'', ''D'', ''D'');
		INSERT INTO OPCIONES (NUMERODECAMPO, IDIOMA, DESCRIPCION, OPCIONINTERNA, OPCIONDEPANTALLA) VALUES(7361, ''P'', ''Error por bloqueo'', ''B'', ''B'');
		INSERT INTO OPCIONES (NUMERODECAMPO, IDIOMA, DESCRIPCION, OPCIONINTERNA, OPCIONDEPANTALLA) VALUES(7361, ''P'', ''Sin error'', '' '', '' '');
')

EXECUTE('
		INSERT INTO OPERACIONES (TITULO, IDENTIFICACION, NOMBRE, DESCRIPCION, MNEMOTECNICO, AUTORIZACION, FORMULARIOPRINCIPAL, PROXOPERACION, ESTADO, TZ_LOCK, COPIAS, SUBOPERACION, PERMITEBAJA, COMPORTAMIENTOENCIERRE, REQUIERECONTRASENA, PERMITECONCURRENTE, PERMITEESTADODIFERIDO, ICONO_TITULO, ESTILO) VALUES
		(8600, 90, ''Traspaso entre Cuentas Periodico'', ''Traspaso entre Cuentas Periodico'', 90, ''N'', 500, NULL, ''P'', 0, NULL, 1, ''S'', ''I'', ''N'', ''S'', ''S'', NULL, 0);
')

EXECUTE('
		INSERT INTO PARAMETROS_JTS (FUNCIONALIDAD, PARAMETRO, VALOR, TZ_LOCK) VALUES(''TRASPASO_PERIODICO'', ''OPERACION'', ''90'', 0);	
		INSERT INTO PARAMETROS_JTS (FUNCIONALIDAD, PARAMETRO, VALOR, TZ_LOCK) VALUES(''TRASPASO_PERIODICO'', ''DESCRIPCION'', ''Traspaso entre cuentas periodico'', 0);	
		INSERT INTO PARAMETROS_JTS (FUNCIONALIDAD, PARAMETRO, VALOR, TZ_LOCK) VALUES(''TRASPASO_PERIODICO'', ''CANAL'', ''0'', 0);	
')

EXECUTE('
		INSERT INTO DESCRIPTORES (TITULO, IDENTIFICACION, TIPODEARCHIVO, DESCRIPCION, GRUPODELMAPA, NOMBREFISICO, TIPODEDBMS, LARGODELREGISTRO, INICIALIZACIONDELREGISTRO, BASE, SELECCION, ACEPTA_MOVS_DIFERIDO) VALUES
		(35, 2, NULL, ''Vista_Transferencia_fallida'', 3, ''VW_TRANSFERENCIA_FALLIDA'', ''D'', NULL, NULL, ''Top/Clientes'', NULL, ''N'');
')

EXECUTE('
		INSERT INTO DICCIONARIO (NUMERODECAMPO, USODELCAMPO, REFERENCIA, DESCRIPCION, PROMPT, LARGO, TIPODECAMPO, DECIMALES, EDICION, CONTABILIZA, CONCEPTO, CALCULO, VALIDACION, TABLADEVALIDACION, TABLADEAYUDA, OPCIONES, TABLA, CAMPO, BASICO, MASCARA) VALUES
		(7362, '' '', 0, ''Cuenta origen'', ''Cuenta origen'', 15, ''N'', 0, NULL, 0, 0, 0, 0, 0, 0, 0, 2, ''CUENTA'', 0, NULL);

		INSERT INTO DICCIONARIO (NUMERODECAMPO, USODELCAMPO, REFERENCIA, DESCRIPCION, PROMPT, LARGO, TIPODECAMPO, DECIMALES, EDICION, CONTABILIZA, CONCEPTO, CALCULO, VALIDACION, TABLADEVALIDACION, TABLADEAYUDA, OPCIONES, TABLA, CAMPO, BASICO, MASCARA) VALUES
		(7363, '' '', 0, ''Codigo Cliente'', ''Codigo Cliente'', 15, ''N'', 0, NULL, 0, 0, 0, 0, 0, 0, 0, 2, ''C1803'', 0, NULL);

		INSERT INTO DICCIONARIO (NUMERODECAMPO, USODELCAMPO, REFERENCIA, DESCRIPCION, PROMPT, LARGO, TIPODECAMPO, DECIMALES, EDICION, CONTABILIZA, CONCEPTO, CALCULO, VALIDACION, TABLADEVALIDACION, TABLADEAYUDA, OPCIONES, TABLA, CAMPO, BASICO, MASCARA) VALUES
		(7465, '' '', 0, ''Empresa Saldo'', ''Empresa Saldo'', 4, ''N'', 0, NULL, 0, 0, 0, 0, 0, 0, 0, 2, ''EMPRESA'', 0, NULL);

		INSERT INTO DICCIONARIO (NUMERODECAMPO, USODELCAMPO, REFERENCIA, DESCRIPCION, PROMPT, LARGO, TIPODECAMPO, DECIMALES, EDICION, CONTABILIZA, CONCEPTO, CALCULO, VALIDACION, TABLADEVALIDACION, TABLADEAYUDA, OPCIONES, TABLA, CAMPO, BASICO, MASCARA) VALUES
		(7466, '' '', 0, ''Estado ult proc'', ''Estado ult proc'', 1, ''A'', 0, NULL, 0, 0, 0, 0, 0, 0, 0, 2, ''DETALLE_ULT_PROCESO'', 0, NULL);
')

EXECUTE('
		INSERT INTO INDICES (NUMERODEARCHIVO, NUMERODEINDICE, DESCRIPCION, CLAVESREPETIDAS, CAMPO1, CAMPO2, CAMPO3, CAMPO4, CAMPO5, CAMPO6, CAMPO7, CAMPO8, CAMPO9, CAMPO10, CAMPO11, CAMPO12, CAMPO13, CAMPO14, CAMPO15, CAMPO16, CAMPO17, CAMPO18, CAMPO19, CAMPO20)
		VALUES (2, 1, ''i1 VW_TRANSFERENCIA_FALLIDA'', 0, 7362, 7363, NULL, NULL, NULL, NULL, NULL, NULL, NULL, NULL, NULL, NULL, NULL, NULL, NULL, NULL, NULL, NULL, NULL, NULL);
')

EXECUTE('
		INSERT INTO OPERACIONES (TITULO, IDENTIFICACION, NOMBRE, DESCRIPCION, MNEMOTECNICO, AUTORIZACION, FORMULARIOPRINCIPAL, PROXOPERACION, ESTADO, TZ_LOCK, COPIAS, SUBOPERACION, PERMITEBAJA, COMPORTAMIENTOENCIERRE, REQUIERECONTRASENA, PERMITECONCURRENTE, PERMITEESTADODIFERIDO, ICONO_TITULO, ESTILO) VALUES
		(8600, 92, ''Evento Cuentas fallida'', ''Evento Cuentas fallida'', 92, ''N'', 500, NULL, ''P'', 0, NULL, 1, ''S'', ''I'', ''N'', ''S'', ''S'', NULL, 0);
')


EXECUTE('
INSERT INTO BITACORA_HM (ACTUALIZACION,FECHA_APLICADO,TIPO_ACTUALIZACION,ESTADO,SCRIPT_SQL,SCRIPT_SQL_UNDO,ULT_SENTENCIA_OK)  VALUES (''20240306_1'',NULL,''MANUAL'',''NO_DEFINIDO'',''CgoNCi0tIFBhcmNoZV9OVUJSQURFU0NfMTUKDQotLSBTZSBjcmVhIGxhIHRhYmxhIFZUQV9UUkFO
U0ZFUkVOQ0lBX1BFUklPRElDQSBwYXJhIG9yYWNsZQ0KQ1JFQVRFIFRBQkxFIFZUQV9UUkFOU0ZF
UkVOQ0lBX1BFUklPRElDQSAoCgkJICAgIEpUU19PUklHRU4gTlVNRVJJQyAoMTApLAoJCSAgICBK
VFNfREVTVElOTyBOVU1FUklDICgxMCksCgkJICAgIElNUE9SVEVfVFJBTlNGRVJFTkNJQSBOVU1F
UklDICgxNSwyKSwKCQkgICAgRkVDSEFfSU5JQ0lPIERBVEVUSU1FLAoJCSAgICBGRUNIQV9MSU1J
VEUgREFURVRJTUUsCgkJICAgIFBFUklPRElDSURBRCBWQVJDSEFSICgxKSwKCQkgICAgUkVJTlRF
TlRPIE5VTUVSSUMgKDEpLAoJCSAgICBGRUNIQV9VTFRfVFJBTlNGX1BST0dSQU1BREEgREFURVRJ
TUUsCgkJCURFVEFMTEVfVUxUX1BST0NFU08gVkFSQ0hBUiAoMSksCgkJICAgIFRaX0xPQ0sgTlVN
RVJJQyAoMTUpLAoJCSAgICBDT05TVFJBSU5UIFBLX1BFUklPRElDQSBQUklNQVJZIEtFWSAoSlRT
X09SSUdFTixKVFNfREVTVElOTyxGRUNIQV9JTklDSU8pCgkJKTsKDQotLSBTZSBjcmVhbiBsb3Mg
aW5zZXJ0cyBuZWNlc2FyaW9zIHBhcmEgZWwgcHJvY2Vzbw0KQ1JFQVRFIFZJRVcgVldfVFJBTlNG
RVJFTkNJQV9GQUxMSURBIEFTCgkJU0VMRUNUIFMuQ1VFTlRBLFMuQzE4MDMsUy5FTVBSRVNBLFQu
REVUQUxMRV9VTFRfUFJPQ0VTTwoJCUZST00gVlRBX1RSQU5TRkVSRU5DSUFfUEVSSU9ESUNBIFQg
Sk9JTiBTQUxET1MgUyBPTiBTLkpUU19PSUQgPSBULkpUU19PUklHRU4KCQlXSEVSRSBULlJFSU5U
RU5UTyA9IDE7CgoJCUlOU0VSVCBJTlRPIERFU0NSSVBUT1JFUyAoVElUVUxPLCBJREVOVElGSUNB
Q0lPTiwgVElQT0RFQVJDSElWTywgREVTQ1JJUENJT04sIEdSVVBPREVMTUFQQSwgTk9NQlJFRklT
SUNPLCBUSVBPREVEQk1TLCBMQVJHT0RFTFJFR0lTVFJPLCBJTklDSUFMSVpBQ0lPTkRFTFJFR0lT
VFJPLCBCQVNFLCBTRUxFQ0NJT04sIEFDRVBUQV9NT1ZTX0RJRkVSSURPKSBWQUxVRVMKCQkoMzUs
IDEsIE5VTEwsICdUcmFuc2ZlcmVuY2lhX1BlcmlvZGljYScsIDMsICdWVEFfVFJBTlNGRVJFTkNJ
QV9QRVJJT0RJQ0EnLCAnRCcsIE5VTEwsIE5VTEwsICdUb3AvQ2xpZW50ZXMnLCBOVUxMLCAnTicp
OwoKCgkJSU5TRVJUIElOVE8gRElDQ0lPTkFSSU8gKE5VTUVST0RFQ0FNUE8sIFVTT0RFTENBTVBP
LCBSRUZFUkVOQ0lBLCBERVNDUklQQ0lPTiwgUFJPTVBULCBMQVJHTywgVElQT0RFQ0FNUE8sIERF
Q0lNQUxFUywgRURJQ0lPTiwgQ09OVEFCSUxJWkEsIENPTkNFUFRPLCBDQUxDVUxPLCBWQUxJREFD
SU9OLCBUQUJMQURFVkFMSURBQ0lPTiwgVEFCTEFERUFZVURBLCBPUENJT05FUywgVEFCTEEsIENB
TVBPLCBCQVNJQ08sIE1BU0NBUkEpIFZBTFVFUwoJCSg2OTAwLCAnICcsIDAsICdKVFNfT0lEIGRl
IG9yaWdlbicsICdKVFNfT0lEIGRlIG9yaWdlbicsIDEwLCAnTicsIDAsIE5VTEwsIDAsIDAsIDAs
IDAsIDAsIDAsIDAsIDEsICdKVFNfT1JJR0VOJywgMCwgTlVMTCk7CgoJCUlOU0VSVCBJTlRPIERJ
Q0NJT05BUklPIChOVU1FUk9ERUNBTVBPLCBVU09ERUxDQU1QTywgUkVGRVJFTkNJQSwgREVTQ1JJ
UENJT04sIFBST01QVCwgTEFSR08sIFRJUE9ERUNBTVBPLCBERUNJTUFMRVMsIEVESUNJT04sIENP
TlRBQklMSVpBLCBDT05DRVBUTywgQ0FMQ1VMTywgVkFMSURBQ0lPTiwgVEFCTEFERVZBTElEQUNJ
T04sIFRBQkxBREVBWVVEQSwgT1BDSU9ORVMsIFRBQkxBLCBDQU1QTywgQkFTSUNPLCBNQVNDQVJB
KSBWQUxVRVMKCQkoNjkwNiwgJyAnLCAwLCAnSlRTX09JRCBkZSBkZXN0aW5vJywgJ0pUU19PSUQg
ZGUgZGVzdGlubycsIDEwLCAnTicsIDAsIE5VTEwsIDAsIDAsIDAsIDAsIDAsIDAsIDAsIDEsICdK
VFNfREVTVElOTycsIDAsIE5VTEwpOwoKCQlJTlNFUlQgSU5UTyBESUNDSU9OQVJJTyAoTlVNRVJP
REVDQU1QTywgVVNPREVMQ0FNUE8sIFJFRkVSRU5DSUEsIERFU0NSSVBDSU9OLCBQUk9NUFQsIExB
UkdPLCBUSVBPREVDQU1QTywgREVDSU1BTEVTLCBFRElDSU9OLCBDT05UQUJJTElaQSwgQ09OQ0VQ
VE8sIENBTENVTE8sIFZBTElEQUNJT04sIFRBQkxBREVWQUxJREFDSU9OLCBUQUJMQURFQVlVREEs
IE9QQ0lPTkVTLCBUQUJMQSwgQ0FNUE8sIEJBU0lDTywgTUFTQ0FSQSkgVkFMVUVTCgkJKDY5NzUs
ICcgJywgMCwgJ0ltcG9ydGUgdHJhbnNmZXJlbmNpYScsICdJbXBvcnRlIHRyYW5zZmVyZW5jaWEn
LCAxNSwgJ04nLCAyLCBOVUxMLCAwLCAwLCAwLCAwLCAwLCAwLCAwLCAxLCAnSU1QT1JURV9UUkFO
U0ZFUkVOQ0lBJywgMCwgTlVMTCk7CgoJCUlOU0VSVCBJTlRPIERJQ0NJT05BUklPIChOVU1FUk9E
RUNBTVBPLCBVU09ERUxDQU1QTywgUkVGRVJFTkNJQSwgREVTQ1JJUENJT04sIFBST01QVCwgTEFS
R08sIFRJUE9ERUNBTVBPLCBERUNJTUFMRVMsIEVESUNJT04sIENPTlRBQklMSVpBLCBDT05DRVBU
TywgQ0FMQ1VMTywgVkFMSURBQ0lPTiwgVEFCTEFERVZBTElEQUNJT04sIFRBQkxBREVBWVVEQSwg
T1BDSU9ORVMsIFRBQkxBLCBDQU1QTywgQkFTSUNPLCBNQVNDQVJBKSBWQUxVRVMKCQkoNzEzNiwg
JyAnLCAwLCAnRmVjaGEgZGUgaW5pY2lvIGRlIHRyYXNmZXJlbmNpYScsICdGZWNoYSBkZSBpbmlj
aW8nLCA4LCAnRicsIDAsIE5VTEwsIDAsIDAsIDAsIDAsIDAsIDAsIDAsIDEsICdGRUNIQV9JTklD
SU8nLCAwLCBOVUxMKTsKCgkJSU5TRVJUIElOVE8gRElDQ0lPTkFSSU8gKE5VTUVST0RFQ0FNUE8s
IFVTT0RFTENBTVBPLCBSRUZFUkVOQ0lBLCBERVNDUklQQ0lPTiwgUFJPTVBULCBMQVJHTywgVElQ
T0RFQ0FNUE8sIERFQ0lNQUxFUywgRURJQ0lPTiwgQ09OVEFCSUxJWkEsIENPTkNFUFRPLCBDQUxD
VUxPLCBWQUxJREFDSU9OLCBUQUJMQURFVkFMSURBQ0lPTiwgVEFCTEFERUFZVURBLCBPUENJT05F
UywgVEFCTEEsIENBTVBPLCBCQVNJQ08sIE1BU0NBUkEpIFZBTFVFUwoJCSg3MjI1LCAnICcsIDAs
ICdGZWNoYSBsaW1pdGUgZGUgdHJhbnNmZXJlbmNpYScsICdGZWNoYSBsaW1pdGUnLCA4LCAnRics
IDAsIE5VTEwsIDAsIDAsIDAsIDAsIDAsIDAsIDAsIDEsICdGRUNIQV9MSU1JVEUnLCAwLCBOVUxM
KTsKCgkJSU5TRVJUIElOVE8gRElDQ0lPTkFSSU8gKE5VTUVST0RFQ0FNUE8sIFVTT0RFTENBTVBP
LCBSRUZFUkVOQ0lBLCBERVNDUklQQ0lPTiwgUFJPTVBULCBMQVJHTywgVElQT0RFQ0FNUE8sIERF
Q0lNQUxFUywgRURJQ0lPTiwgQ09OVEFCSUxJWkEsIENPTkNFUFRPLCBDQUxDVUxPLCBWQUxJREFD
SU9OLCBUQUJMQURFVkFMSURBQ0lPTiwgVEFCTEFERUFZVURBLCBPUENJT05FUywgVEFCTEEsIENB
TVBPLCBCQVNJQ08sIE1BU0NBUkEpIFZBTFVFUwoJCSg3MjQyLCAnICcsIDAsICdQZXJpb2RpY2lk
YWQgZGUgbGEgdHJhbnNmZXJlbmNpYScsICdQZXJpb2RpY2lkYWQgZGUgbGEgdHJhbnNmZXJlbmNp
YScsIDEsICdWJywgMCwgTlVMTCwgMCwgMCwgMCwgMCwgMCwgMCwgMCwgMSwgJ1BFUklPRElDSURB
RCcsIDAsIE5VTEwpOwoKCQlJTlNFUlQgSU5UTyBESUNDSU9OQVJJTyAoTlVNRVJPREVDQU1QTywg
VVNPREVMQ0FNUE8sIFJFRkVSRU5DSUEsIERFU0NSSVBDSU9OLCBQUk9NUFQsIExBUkdPLCBUSVBP
REVDQU1QTywgREVDSU1BTEVTLCBFRElDSU9OLCBDT05UQUJJTElaQSwgQ09OQ0VQVE8sIENBTENV
TE8sIFZBTElEQUNJT04sIFRBQkxBREVWQUxJREFDSU9OLCBUQUJMQURFQVlVREEsIE9QQ0lPTkVT
LCBUQUJMQSwgQ0FNUE8sIEJBU0lDTywgTUFTQ0FSQSkgVkFMVUVTCgkJKDcyNTMsICcgJywgMCwg
J1JlaW50ZW50byBwYXJhIGxhIHRyYW5zZmVyZW5jaWEnLCAnUmVpbnRlbnRvIHBhcmEgbGEgdHJh
bnNmZXJlbmNpYScsIDEsICdOJywgMCwgTlVMTCwgMCwgMCwgMCwgMCwgMCwgMCwgMCwgMSwgJ1JF
SU5URU5UTycsIDAsIE5VTEwpOwoKCQlJTlNFUlQgSU5UTyBESUNDSU9OQVJJTyAoTlVNRVJPREVD
QU1QTywgVVNPREVMQ0FNUE8sIFJFRkVSRU5DSUEsIERFU0NSSVBDSU9OLCBQUk9NUFQsIExBUkdP
LCBUSVBPREVDQU1QTywgREVDSU1BTEVTLCBFRElDSU9OLCBDT05UQUJJTElaQSwgQ09OQ0VQVE8s
IENBTENVTE8sIFZBTElEQUNJT04sIFRBQkxBREVWQUxJREFDSU9OLCBUQUJMQURFQVlVREEsIE9Q
Q0lPTkVTLCBUQUJMQSwgQ0FNUE8sIEJBU0lDTywgTUFTQ0FSQSkgVkFMVUVTCgkJKDcyODUsICcg
JywgMCwgJ0ZlY2hhIHVsdCB0cmFuc2YgcHJvZycsICdGZWNoYSB1bHQgdHJhbnNmIHByb2cnLCA4
LCAnRicsIDAsIE5VTEwsIDAsIDAsIDAsIDAsIDAsIDAsIDAsIDEsICdGRUNIQV9VTFRfVFJBTlNG
X1BST0dSQU1BREEnLCAwLCBOVUxMKTsKCgkJSU5TRVJUIElOVE8gRElDQ0lPTkFSSU8gKE5VTUVS
T0RFQ0FNUE8sIFVTT0RFTENBTVBPLCBSRUZFUkVOQ0lBLCBERVNDUklQQ0lPTiwgUFJPTVBULCBM
QVJHTywgVElQT0RFQ0FNUE8sIERFQ0lNQUxFUywgRURJQ0lPTiwgQ09OVEFCSUxJWkEsIENPTkNF
UFRPLCBDQUxDVUxPLCBWQUxJREFDSU9OLCBUQUJMQURFVkFMSURBQ0lPTiwgVEFCTEFERUFZVURB
LCBPUENJT05FUywgVEFCTEEsIENBTVBPLCBCQVNJQ08sIE1BU0NBUkEpIFZBTFVFUwoJCSg3MzYx
LCAnICcsIDAsICdFc3RhZG8gdWx0IHByb2MnLCAnRXN0YWRvIHVsdCBwcm9jJywgMSwgJ0EnLCAw
LCBOVUxMLCAwLCAwLCAwLCAwLCAwLCAwLCAxLCAxLCAnREVUQUxMRV9VTFRfUFJPQ0VTTycsIDAs
IE5VTEwpOwoKCgkJSU5TRVJUIElOVE8gT1BDSU9ORVMgKE5VTUVST0RFQ0FNUE8sIElESU9NQSwg
REVTQ1JJUENJT04sIE9QQ0lPTklOVEVSTkEsIE9QQ0lPTkRFUEFOVEFMTEEpIFZBTFVFUyg3MjQy
LCAnRScsICdEaWFyaWEnLCAnRCcsICdEJyk7CgkJSU5TRVJUIElOVE8gT1BDSU9ORVMgKE5VTUVS
T0RFQ0FNUE8sIElESU9NQSwgREVTQ1JJUENJT04sIE9QQ0lPTklOVEVSTkEsIE9QQ0lPTkRFUEFO
VEFMTEEpIFZBTFVFUyg3MjQyLCAnRScsICdTZW1hbmFsJywgJ1MnLCAnUycpOwoJCUlOU0VSVCBJ
TlRPIE9QQ0lPTkVTIChOVU1FUk9ERUNBTVBPLCBJRElPTUEsIERFU0NSSVBDSU9OLCBPUENJT05J
TlRFUk5BLCBPUENJT05ERVBBTlRBTExBKSBWQUxVRVMoNzI0MiwgJ0UnLCAnUXVpbmNlbmFsJywg
J1EnLCAnUScpOwoJCUlOU0VSVCBJTlRPIE9QQ0lPTkVTIChOVU1FUk9ERUNBTVBPLCBJRElPTUEs
IERFU0NSSVBDSU9OLCBPUENJT05JTlRFUk5BLCBPUENJT05ERVBBTlRBTExBKSBWQUxVRVMoNzI0
MiwgJ0UnLCAnTWVuc3VhbCcsICdNJywgJ00nKTsKCQlJTlNFUlQgSU5UTyBPUENJT05FUyAoTlVN
RVJPREVDQU1QTywgSURJT01BLCBERVNDUklQQ0lPTiwgT1BDSU9OSU5URVJOQSwgT1BDSU9OREVQ
QU5UQUxMQSkgVkFMVUVTKDcyNDIsICdFJywgJ1VsdGltbyBkaWEgZGVsIG1lcycsICdVJywgJ1Un
KTsKCQlJTlNFUlQgSU5UTyBPUENJT05FUyAoTlVNRVJPREVDQU1QTywgSURJT01BLCBERVNDUklQ
Q0lPTiwgT1BDSU9OSU5URVJOQSwgT1BDSU9OREVQQU5UQUxMQSkgVkFMVUVTKDcyNDIsICdQJywg
J0RpYXJpYScsICdEJywgJ0QnKTsKCQlJTlNFUlQgSU5UTyBPUENJT05FUyAoTlVNRVJPREVDQU1Q
TywgSURJT01BLCBERVNDUklQQ0lPTiwgT1BDSU9OSU5URVJOQSwgT1BDSU9OREVQQU5UQUxMQSkg
VkFMVUVTKDcyNDIsICdQJywgJ1NlbWFuYWwnLCAnUycsICdTJyk7CgkJSU5TRVJUIElOVE8gT1BD
SU9ORVMgKE5VTUVST0RFQ0FNUE8sIElESU9NQSwgREVTQ1JJUENJT04sIE9QQ0lPTklOVEVSTkEs
IE9QQ0lPTkRFUEFOVEFMTEEpIFZBTFVFUyg3MjQyLCAnUCcsICdRdWluY2VuYWwnLCAnUScsICdR
Jyk7CgkJSU5TRVJUIElOVE8gT1BDSU9ORVMgKE5VTUVST0RFQ0FNUE8sIElESU9NQSwgREVTQ1JJ
UENJT04sIE9QQ0lPTklOVEVSTkEsIE9QQ0lPTkRFUEFOVEFMTEEpIFZBTFVFUyg3MjQyLCAnUCcs
ICdNZW5zdWFsJywgJ00nLCAnTScpOwoJCUlOU0VSVCBJTlRPIE9QQ0lPTkVTIChOVU1FUk9ERUNB
TVBPLCBJRElPTUEsIERFU0NSSVBDSU9OLCBPUENJT05JTlRFUk5BLCBPUENJT05ERVBBTlRBTExB
KSBWQUxVRVMoNzI0MiwgJ1AnLCAnVWx0aW1vIGRpYSBkZWwgbWVzJywgJ1UnLCAnVScpOwoKCQlJ
TlNFUlQgSU5UTyBPUENJT05FUyAoTlVNRVJPREVDQU1QTywgSURJT01BLCBERVNDUklQQ0lPTiwg
T1BDSU9OSU5URVJOQSwgT1BDSU9OREVQQU5UQUxMQSkgVkFMVUVTKDcyNTMsICdFJywgJ1JlZ2lz
dHJvIHBhcmEgcmVpbnRlbnRvJywgJzEnLCAnMScpOwoJCUlOU0VSVCBJTlRPIE9QQ0lPTkVTIChO
VU1FUk9ERUNBTVBPLCBJRElPTUEsIERFU0NSSVBDSU9OLCBPUENJT05JTlRFUk5BLCBPUENJT05E
RVBBTlRBTExBKSBWQUxVRVMoNzI1MywgJ1AnLCAnUmVnaXN0cm8gcGFyYSByZWludGVudG8nLCAn
MScsICcxJyk7CgkJSU5TRVJUIElOVE8gT1BDSU9ORVMgKE5VTUVST0RFQ0FNUE8sIElESU9NQSwg
REVTQ1JJUENJT04sIE9QQ0lPTklOVEVSTkEsIE9QQ0lPTkRFUEFOVEFMTEEpIFZBTFVFUyg3MjUz
LCAnRScsICdSZWdpc3RybyBwYXJhIHByZWlvZGljbycsICcwJywgJzAnKTsKCQlJTlNFUlQgSU5U
TyBPUENJT05FUyAoTlVNRVJPREVDQU1QTywgSURJT01BLCBERVNDUklQQ0lPTiwgT1BDSU9OSU5U
RVJOQSwgT1BDSU9OREVQQU5UQUxMQSkgVkFMVUVTKDcyNTMsICdQJywgJ1JlZ2lzdHJvIHBhcmEg
cHJlaW9kaWNvJywgJzAnLCAnMCcpOwoKCQlJTlNFUlQgSU5UTyBPUENJT05FUyAoTlVNRVJPREVD
QU1QTywgSURJT01BLCBERVNDUklQQ0lPTiwgT1BDSU9OSU5URVJOQSwgT1BDSU9OREVQQU5UQUxM
QSkgVkFMVUVTKDczNjEsICdFJywgJ0Vycm9yIHBvciBkaXNwb25pYmlsaWRhZCcsICdEJywgJ0Qn
KTsKCQlJTlNFUlQgSU5UTyBPUENJT05FUyAoTlVNRVJPREVDQU1QTywgSURJT01BLCBERVNDUklQ
Q0lPTiwgT1BDSU9OSU5URVJOQSwgT1BDSU9OREVQQU5UQUxMQSkgVkFMVUVTKDczNjEsICdFJywg
J0Vycm9yIHBvciBibG9xdWVvJywgJ0InLCAnQicpOwoJCUlOU0VSVCBJTlRPIE9QQ0lPTkVTIChO
VU1FUk9ERUNBTVBPLCBJRElPTUEsIERFU0NSSVBDSU9OLCBPUENJT05JTlRFUk5BLCBPUENJT05E
RVBBTlRBTExBKSBWQUxVRVMoNzM2MSwgJ0UnLCAnU2luIGVycm9yJywgJyAnLCAnICcpOwoJCUlO
U0VSVCBJTlRPIE9QQ0lPTkVTIChOVU1FUk9ERUNBTVBPLCBJRElPTUEsIERFU0NSSVBDSU9OLCBP
UENJT05JTlRFUk5BLCBPUENJT05ERVBBTlRBTExBKSBWQUxVRVMoNzM2MSwgJ1AnLCAnRXJyb3Ig
cG9yIGRpc3BvbmliaWxpZGFkJywgJ0QnLCAnRCcpOwoJCUlOU0VSVCBJTlRPIE9QQ0lPTkVTIChO
VU1FUk9ERUNBTVBPLCBJRElPTUEsIERFU0NSSVBDSU9OLCBPUENJT05JTlRFUk5BLCBPUENJT05E
RVBBTlRBTExBKSBWQUxVRVMoNzM2MSwgJ1AnLCAnRXJyb3IgcG9yIGJsb3F1ZW8nLCAnQicsICdC
Jyk7CgkJSU5TRVJUIElOVE8gT1BDSU9ORVMgKE5VTUVST0RFQ0FNUE8sIElESU9NQSwgREVTQ1JJ
UENJT04sIE9QQ0lPTklOVEVSTkEsIE9QQ0lPTkRFUEFOVEFMTEEpIFZBTFVFUyg3MzYxLCAnUCcs
ICdTaW4gZXJyb3InLCAnICcsICcgJyk7CgoJCUlOU0VSVCBJTlRPIE9QRVJBQ0lPTkVTIChUSVRV
TE8sIElERU5USUZJQ0FDSU9OLCBOT01CUkUsIERFU0NSSVBDSU9OLCBNTkVNT1RFQ05JQ08sIEFV
VE9SSVpBQ0lPTiwgRk9STVVMQVJJT1BSSU5DSVBBTCwgUFJPWE9QRVJBQ0lPTiwgRVNUQURPLCBU
Wl9MT0NLLCBDT1BJQVMsIFNVQk9QRVJBQ0lPTiwgUEVSTUlURUJBSkEsIENPTVBPUlRBTUlFTlRP
RU5DSUVSUkUsIFJFUVVJRVJFQ09OVFJBU0VOQSwgUEVSTUlURUNPTkNVUlJFTlRFLCBQRVJNSVRF
RVNUQURPRElGRVJJRE8sIElDT05PX1RJVFVMTywgRVNUSUxPKSBWQUxVRVMKCQkoODYwMCwgOTAs
ICdUcmFzcGFzbyBlbnRyZSBDdWVudGFzIFBlcmlvZGljbycsICdUcmFzcGFzbyBlbnRyZSBDdWVu
dGFzIFBlcmlvZGljbycsIDkwLCAnTicsIDUwMCwgTlVMTCwgJ1AnLCAwLCBOVUxMLCAxLCAnUycs
ICdJJywgJ04nLCAnUycsICdTJywgTlVMTCwgMCk7CgoJCUlOU0VSVCBJTlRPIFBBUkFNRVRST1Nf
SlRTIChGVU5DSU9OQUxJREFELCBQQVJBTUVUUk8sIFZBTE9SLCBUWl9MT0NLKSBWQUxVRVMoJ1RS
QVNQQVNPX1BFUklPRElDTycsICdPUEVSQUNJT04nLCAnOTAnLCAwKTsJCgkJSU5TRVJUIElOVE8g
UEFSQU1FVFJPU19KVFMgKEZVTkNJT05BTElEQUQsIFBBUkFNRVRSTywgVkFMT1IsIFRaX0xPQ0sp
IFZBTFVFUygnVFJBU1BBU09fUEVSSU9ESUNPJywgJ0RFU0NSSVBDSU9OJywgJ1RyYXNwYXNvIGVu
dHJlIGN1ZW50YXMgcGVyaW9kaWNvJywgMCk7CQoJCUlOU0VSVCBJTlRPIFBBUkFNRVRST1NfSlRT
IChGVU5DSU9OQUxJREFELCBQQVJBTUVUUk8sIFZBTE9SLCBUWl9MT0NLKSBWQUxVRVMoJ1RSQVNQ
QVNPX1BFUklPRElDTycsICdDQU5BTCcsICcwJywgMCk7CQoKCQlJTlNFUlQgSU5UTyBERVNDUklQ
VE9SRVMgKFRJVFVMTywgSURFTlRJRklDQUNJT04sIFRJUE9ERUFSQ0hJVk8sIERFU0NSSVBDSU9O
LCBHUlVQT0RFTE1BUEEsIE5PTUJSRUZJU0lDTywgVElQT0RFREJNUywgTEFSR09ERUxSRUdJU1RS
TywgSU5JQ0lBTElaQUNJT05ERUxSRUdJU1RSTywgQkFTRSwgU0VMRUNDSU9OLCBBQ0VQVEFfTU9W
U19ESUZFUklETykgVkFMVUVTCgkJKDM1LCAyLCBOVUxMLCAnVmlzdGFfVHJhbnNmZXJlbmNpYV9m
YWxsaWRhJywgMywgJ1ZXX1RSQU5TRkVSRU5DSUFfRkFMTElEQScsICdEJywgTlVMTCwgTlVMTCwg
J1RvcC9DbGllbnRlcycsIE5VTEwsICdOJyk7CgoJCUlOU0VSVCBJTlRPIERJQ0NJT05BUklPIChO
VU1FUk9ERUNBTVBPLCBVU09ERUxDQU1QTywgUkVGRVJFTkNJQSwgREVTQ1JJUENJT04sIFBST01Q
VCwgTEFSR08sIFRJUE9ERUNBTVBPLCBERUNJTUFMRVMsIEVESUNJT04sIENPTlRBQklMSVpBLCBD
T05DRVBUTywgQ0FMQ1VMTywgVkFMSURBQ0lPTiwgVEFCTEFERVZBTElEQUNJT04sIFRBQkxBREVB
WVVEQSwgT1BDSU9ORVMsIFRBQkxBLCBDQU1QTywgQkFTSUNPLCBNQVNDQVJBKSBWQUxVRVMKCQko
NzM2MiwgJyAnLCAwLCAnQ3VlbnRhIG9yaWdlbicsICdDdWVudGEgb3JpZ2VuJywgMTUsICdOJywg
MCwgTlVMTCwgMCwgMCwgMCwgMCwgMCwgMCwgMCwgMiwgJ0NVRU5UQScsIDAsIE5VTEwpOwoKCQlJ
TlNFUlQgSU5UTyBESUNDSU9OQVJJTyAoTlVNRVJPREVDQU1QTywgVVNPREVMQ0FNUE8sIFJFRkVS
RU5DSUEsIERFU0NSSVBDSU9OLCBQUk9NUFQsIExBUkdPLCBUSVBPREVDQU1QTywgREVDSU1BTEVT
LCBFRElDSU9OLCBDT05UQUJJTElaQSwgQ09OQ0VQVE8sIENBTENVTE8sIFZBTElEQUNJT04sIFRB
QkxBREVWQUxJREFDSU9OLCBUQUJMQURFQVlVREEsIE9QQ0lPTkVTLCBUQUJMQSwgQ0FNUE8sIEJB
U0lDTywgTUFTQ0FSQSkgVkFMVUVTCgkJKDczNjMsICcgJywgMCwgJ0NvZGlnbyBDbGllbnRlJywg
J0NvZGlnbyBDbGllbnRlJywgMTUsICdOJywgMCwgTlVMTCwgMCwgMCwgMCwgMCwgMCwgMCwgMCwg
MiwgJ0MxODAzJywgMCwgTlVMTCk7CgoJCUlOU0VSVCBJTlRPIERJQ0NJT05BUklPIChOVU1FUk9E
RUNBTVBPLCBVU09ERUxDQU1QTywgUkVGRVJFTkNJQSwgREVTQ1JJUENJT04sIFBST01QVCwgTEFS
R08sIFRJUE9ERUNBTVBPLCBERUNJTUFMRVMsIEVESUNJT04sIENPTlRBQklMSVpBLCBDT05DRVBU
TywgQ0FMQ1VMTywgVkFMSURBQ0lPTiwgVEFCTEFERVZBTElEQUNJT04sIFRBQkxBREVBWVVEQSwg
T1BDSU9ORVMsIFRBQkxBLCBDQU1QTywgQkFTSUNPLCBNQVNDQVJBKSBWQUxVRVMKCQkoNzQ2NSwg
JyAnLCAwLCAnRW1wcmVzYSBTYWxkbycsICdFbXByZXNhIFNhbGRvJywgNCwgJ04nLCAwLCBOVUxM
LCAwLCAwLCAwLCAwLCAwLCAwLCAwLCAyLCAnRU1QUkVTQScsIDAsIE5VTEwpOwoKCQlJTlNFUlQg
SU5UTyBESUNDSU9OQVJJTyAoTlVNRVJPREVDQU1QTywgVVNPREVMQ0FNUE8sIFJFRkVSRU5DSUEs
IERFU0NSSVBDSU9OLCBQUk9NUFQsIExBUkdPLCBUSVBPREVDQU1QTywgREVDSU1BTEVTLCBFRElD
SU9OLCBDT05UQUJJTElaQSwgQ09OQ0VQVE8sIENBTENVTE8sIFZBTElEQUNJT04sIFRBQkxBREVW
QUxJREFDSU9OLCBUQUJMQURFQVlVREEsIE9QQ0lPTkVTLCBUQUJMQSwgQ0FNUE8sIEJBU0lDTywg
TUFTQ0FSQSkgVkFMVUVTCgkJKDc0NjYsICcgJywgMCwgJ0VzdGFkbyB1bHQgcHJvYycsICdFc3Rh
ZG8gdWx0IHByb2MnLCAxLCAnQScsIDAsIE5VTEwsIDAsIDAsIDAsIDAsIDAsIDAsIDAsIDIsICdE
RVRBTExFX1VMVF9QUk9DRVNPJywgMCwgTlVMTCk7CgoJCUlOU0VSVCBJTlRPIElORElDRVMgKE5V
TUVST0RFQVJDSElWTywgTlVNRVJPREVJTkRJQ0UsIERFU0NSSVBDSU9OLCBDTEFWRVNSRVBFVElE
QVMsIENBTVBPMSwgQ0FNUE8yLCBDQU1QTzMsIENBTVBPNCwgQ0FNUE81LCBDQU1QTzYsIENBTVBP
NywgQ0FNUE84LCBDQU1QTzksIENBTVBPMTAsIENBTVBPMTEsIENBTVBPMTIsIENBTVBPMTMsIENB
TVBPMTQsIENBTVBPMTUsIENBTVBPMTYsIENBTVBPMTcsIENBTVBPMTgsIENBTVBPMTksIENBTVBP
MjApCgkJVkFMVUVTICgyLCAxLCAnaTEgVldfVFJBTlNGRVJFTkNJQV9GQUxMSURBJywgMCwgNzM2
MiwgNzM2MywgTlVMTCwgTlVMTCwgTlVMTCwgTlVMTCwgTlVMTCwgTlVMTCwgTlVMTCwgTlVMTCwg
TlVMTCwgTlVMTCwgTlVMTCwgTlVMTCwgTlVMTCwgTlVMTCwgTlVMTCwgTlVMTCwgTlVMTCwgTlVM
TCk7CgoJCUlOU0VSVCBJTlRPIE9QRVJBQ0lPTkVTIChUSVRVTE8sIElERU5USUZJQ0FDSU9OLCBO
T01CUkUsIERFU0NSSVBDSU9OLCBNTkVNT1RFQ05JQ08sIEFVVE9SSVpBQ0lPTiwgRk9STVVMQVJJ
T1BSSU5DSVBBTCwgUFJPWE9QRVJBQ0lPTiwgRVNUQURPLCBUWl9MT0NLLCBDT1BJQVMsIFNVQk9Q
RVJBQ0lPTiwgUEVSTUlURUJBSkEsIENPTVBPUlRBTUlFTlRPRU5DSUVSUkUsIFJFUVVJRVJFQ09O
VFJBU0VOQSwgUEVSTUlURUNPTkNVUlJFTlRFLCBQRVJNSVRFRVNUQURPRElGRVJJRE8sIElDT05P
X1RJVFVMTywgRVNUSUxPKSBWQUxVRVMKCQkoODYwMCwgOTIsICdFdmVudG8gQ3VlbnRhcyBmYWxs
aWRhJywgJ0V2ZW50byBDdWVudGFzIGZhbGxpZGEnLCA5MiwgJ04nLCA1MDAsIE5VTEwsICdQJywg
MCwgTlVMTCwgMSwgJ1MnLCAnSScsICdOJywgJ1MnLCAnUycsIE5VTEwsIDApOwoNCgoKDQo='', NULL, 0);
')