EXECUTE('
INSERT INTO dbo.DESCRIPTORES (TITULO, IDENTIFICACION, TIPODEARCHIVO, DESCRIPCION, GRUPODELMAPA, NOMBREFISICO, TIPODEDBMS, LARGODELREGISTRO, INICIALIZACIONDELREGISTRO, BASE, SELECCION, ACEPTA_MOVS_DIFERIDO)
VALUES (7000, 0, NULL, ''SUELDOS'', NULL, NULL, NULL, NULL, NULL, NULL, NULL, ''N'')


INSERT INTO dbo.DESCRIPTORES (TITULO, IDENTIFICACION, TIPODEARCHIVO, DESCRIPCION, GRUPODELMAPA, NOMBREFISICO, TIPODEDBMS, LARGODELREGISTRO, INICIALIZACIONDELREGISTRO, BASE, SELECCION, ACEPTA_MOVS_DIFERIDO)
VALUES (7000, 7020, NULL, ''CRE_CODIGOS_DEDUCCIONES'', 0, ''CRE_CODIGOS_DEDUCCIONES'', ''D'', NULL, NULL, ''Top/Clientes'', NULL, ''N'')


INSERT INTO dbo.DICCIONARIO (NUMERODECAMPO, USODELCAMPO, REFERENCIA, DESCRIPCION, PROMPT, LARGO, TIPODECAMPO, DECIMALES, EDICION, CONTABILIZA, CONCEPTO, CALCULO, VALIDACION, TABLADEVALIDACION, TABLADEAYUDA, OPCIONES, TABLA, CAMPO, BASICO, MASCARA)
VALUES (70090, NULL, 0, ''ID'', ''Codigo'', 5, ''N'', 0, NULL, 0, 0, 0, 0, 0, 0, 0, 7020, ''ID'', 0, NULL)


INSERT INTO dbo.DICCIONARIO (NUMERODECAMPO, USODELCAMPO, REFERENCIA, DESCRIPCION, PROMPT, [LARGO], TIPODECAMPO, DECIMALES, EDICION, CONTABILIZA, CONCEPTO, CALCULO, VALIDACION, TABLADEVALIDACION, TABLADEAYUDA, OPCIONES, TABLA, CAMPO, BASICO, MASCARA)
VALUES (70091, NULL, 0, ''DESCRIPCION'', ''Descripciòn'', 50, ''A'', 0, NULL, 0, 0, 0, 0, 0, 0, 0, 7020, ''DESCRIPCION'', 0, NULL)


INSERT INTO dbo.DICCIONARIO (NUMERODECAMPO, USODELCAMPO, REFERENCIA, DESCRIPCION, PROMPT, [LARGO], TIPODECAMPO, DECIMALES, EDICION, CONTABILIZA, CONCEPTO, CALCULO, VALIDACION, TABLADEVALIDACION, TABLADEAYUDA, OPCIONES, TABLA, CAMPO, BASICO, MASCARA)
VALUES (70092, NULL, 0, ''TIPO'', ''Tipo'', 2, ''A'', 0, NULL, 0, 0, 0, 0, 0, 0, 1, 7020, ''TIPO'', 0, NULL)


INSERT INTO dbo.AYUDAS (NUMERODEARCHIVO, NUMERODEAYUDA, DESCRIPCION, FILTRO, MOSTRARTODOS, CAMPOS, CAMPOSVISTA, BASEVISTA, NOMBREVISTA, AYUDAGRANDE)
VALUES (7020, 90841, ''Ayuda CRE_CODIGOS_DEDUCCIONES'', '''', 0, ''70090R;70091;70092;'', NULL, NULL, NULL, 0)


INSERT INTO dbo.INDICES (NUMERODEARCHIVO, NUMERODEINDICE, DESCRIPCION, CLAVESREPETIDAS, CAMPO1, CAMPO2, CAMPO3, CAMPO4, CAMPO5, CAMPO6, CAMPO7, CAMPO8, CAMPO9, CAMPO10, CAMPO11, CAMPO12, CAMPO13, CAMPO14, CAMPO15, CAMPO16, CAMPO17, CAMPO18, CAMPO19, CAMPO20)
VALUES (7020, 1, NULL, 0, 70090, NULL, NULL, NULL, NULL, NULL, NULL, NULL, NULL, NULL, NULL, NULL, NULL, NULL, NULL, NULL, NULL, NULL, NULL, NULL)


INSERT INTO dbo.OPERACIONES (TITULO, IDENTIFICACION, NOMBRE, DESCRIPCION, MNEMOTECNICO, AUTORIZACION, FORMULARIOPRINCIPAL, PROXOPERACION, ESTADO, TZ_LOCK, COPIAS, SUBOPERACION, PERMITEBAJA, COMPORTAMIENTOENCIERRE, REQUIERECONTRASENA, PERMITECONCURRENTE, PERMITEESTADODIFERIDO, ICONO_TITULO, ESTILO)
VALUES (7700, 0, ''SUELDOS - Parametría'', ''** Parametría **'', ''7700'', ''N'', 0, 0, ''P'', 0, NULL, NULL, NULL, ''N'', ''N'', ''S'', ''S'', 21, NULL)


INSERT INTO dbo.OPERACIONES (TITULO, IDENTIFICACION, NOMBRE, DESCRIPCION, MNEMOTECNICO, AUTORIZACION, FORMULARIOPRINCIPAL, PROXOPERACION, ESTADO, TZ_LOCK, COPIAS, SUBOPERACION, PERMITEBAJA, COMPORTAMIENTOENCIERRE, REQUIERECONTRASENA, PERMITECONCURRENTE, PERMITEESTADODIFERIDO, ICONO_TITULO, ESTILO)
VALUES (7700, 7010, ''ABMC - Codigos Deducciones'', ''ABMC - Codigos Deducciones'', ''7010'', ''N'', NULL, NULL, ''P'', 0, NULL, 0, ''S'', ''N'', ''N'', ''N'', ''N'', NULL, 0)


INSERT INTO dbo.DICCIONARIO (NUMERODECAMPO, USODELCAMPO, REFERENCIA, DESCRIPCION, PROMPT, [LARGO], TIPODECAMPO, DECIMALES, EDICION, CONTABILIZA, CONCEPTO, CALCULO, VALIDACION, TABLADEVALIDACION, TABLADEAYUDA, OPCIONES, TABLA, CAMPO, BASICO, MASCARA)
VALUES (71017, '' '', 0, ''Ayuda Codigos Deducciones'', ''Ayuda Codigos Deducciones'', 5, ''N'', 0, NULL, 0, 0, 0, 0, 0, 90841, 0, 0, ''Ayuda Codigos Deducciones'', 0, NULL)


INSERT INTO dbo.DICCIONARIO (NUMERODECAMPO, USODELCAMPO, REFERENCIA, DESCRIPCION, PROMPT, [LARGO], TIPODECAMPO, DECIMALES, EDICION, CONTABILIZA, CONCEPTO, CALCULO, VALIDACION, TABLADEVALIDACION, TABLADEAYUDA, OPCIONES, TABLA, CAMPO, BASICO, MASCARA)
VALUES (71018, '' '', 0, ''Opciones Codigos Deducciones'', ''Opciones Codigos Deducciones'', 1, ''A'', 0, NULL, 0, 0, 0, 0, 0, 0, 1, 0, ''Opciones Codigos Deducciones'', 0, NULL)


INSERT INTO dbo.DICCIONARIO (NUMERODECAMPO, USODELCAMPO, REFERENCIA, DESCRIPCION, PROMPT, [LARGO], TIPODECAMPO, DECIMALES, EDICION, CONTABILIZA, CONCEPTO, CALCULO, VALIDACION, TABLADEVALIDACION, TABLADEAYUDA, OPCIONES, TABLA, CAMPO, BASICO, MASCARA)
VALUES (71027, '' '', 0, ''Numerador Codigos Deducciones'', ''Numerador Codigos Deducciones'', 5, ''N'', 0, NULL, 0, 19, 0, 0, 0, 0, 0, 0, ''Numerador Codigos Deducciones'', 0, NULL)


INSERT INTO dbo.OPCIONES (NUMERODECAMPO, IDIOMA, DESCRIPCION, OPCIONINTERNA, OPCIONDEPANTALLA)
VALUES (70092, ''E'', ''Cuota'', ''C'', ''C'')


INSERT INTO dbo.OPCIONES (NUMERODECAMPO, IDIOMA, DESCRIPCION, OPCIONINTERNA, OPCIONDEPANTALLA)
VALUES (70092, ''E'', ''Servicio'', ''S'', ''S'')


INSERT INTO dbo.OPCIONES (NUMERODECAMPO, IDIOMA, DESCRIPCION, OPCIONINTERNA, OPCIONDEPANTALLA)
VALUES (71018, ''E'', ''Alta'', ''A'', ''A'')


INSERT INTO dbo.OPCIONES (NUMERODECAMPO, IDIOMA, DESCRIPCION, OPCIONINTERNA, OPCIONDEPANTALLA)
VALUES (71018, ''E'', ''Baja'', ''B'', ''B'')


INSERT INTO dbo.OPCIONES (NUMERODECAMPO, IDIOMA, DESCRIPCION, OPCIONINTERNA, OPCIONDEPANTALLA)
VALUES (71018, ''E'', ''Consulta'', ''C'', ''C'')


INSERT INTO dbo.OPCIONES (NUMERODECAMPO, IDIOMA, DESCRIPCION, OPCIONINTERNA, OPCIONDEPANTALLA)
VALUES (71018, ''E'', ''Modificacion'', ''M'', ''M'')


INSERT INTO dbo.NUMERATORDEFINITION (NUMERO, INIVAL, INCREMENTO, PERIODO, ULTIMAINIC, REUTILIZABLE, CENTRALIZADO, MAXIMO, DESCRIPCION, TIPO)
VALUES (71027, 900, 1, NULL, NULL, 1, 1, 0, ''Numerador de Codigos Deducciones'', ''T'')


DELETE FROM dbo.DICCIONARIO
WHERE NUMERODECAMPO = 44265


INSERT INTO dbo.DICCIONARIO (NUMERODECAMPO, USODELCAMPO, REFERENCIA, DESCRIPCION, PROMPT, [LARGO], TIPODECAMPO, DECIMALES, EDICION, CONTABILIZA, CONCEPTO, CALCULO, VALIDACION, TABLADEVALIDACION, TABLADEAYUDA, OPCIONES, TABLA, CAMPO, BASICO, MASCARA)
VALUES (44265, '' '', 0, ''Codigo Ecom'', ''Código de Descuento ECOM'', 20, ''N'', 0, NULL, 0, 0, 0, 0, 0, 0, 0, 4426, ''COD_ECOM'', 0, NULL)

INSERT INTO dbo.DESCRIPTORES (TITULO, IDENTIFICACION, TIPODEARCHIVO, DESCRIPCION, GRUPODELMAPA, NOMBREFISICO, TIPODEDBMS, LARGODELREGISTRO, INICIALIZACIONDELREGISTRO, BASE, SELECCION, ACEPTA_MOVS_DIFERIDO)
VALUES (24, 4506, NULL, ''Asistencias a Cobrar'', 0, ''VW_CRE_ORDEN_COBRANZA_ASISTENCIAS'', ''D'', NULL, NULL, ''Top/Clientes'', NULL, ''N'')

INSERT INTO dbo.DICCIONARIO (NUMERODECAMPO, USODELCAMPO, REFERENCIA, DESCRIPCION, PROMPT, LARGO, TIPODECAMPO, DECIMALES, EDICION, CONTABILIZA, CONCEPTO, CALCULO, VALIDACION, TABLADEVALIDACION, TABLADEAYUDA, OPCIONES, TABLA, CAMPO, BASICO, MASCARA)
VALUES (45500, '' '', 0, ''Codigo'', ''Código'', 4, ''N'', 0, NULL, 0, 19, 0, 0, 0, 0, 0, 4506, ''CODIGO'', 0, NULL)

INSERT INTO dbo.DICCIONARIO (NUMERODECAMPO, USODELCAMPO, REFERENCIA, DESCRIPCION, PROMPT, LARGO, TIPODECAMPO, DECIMALES, EDICION, CONTABILIZA, CONCEPTO, CALCULO, VALIDACION, TABLADEVALIDACION, TABLADEAYUDA, OPCIONES, TABLA, CAMPO, BASICO, MASCARA)
VALUES (45501, '' '', 0, ''Orden'', ''Orden'', 2, ''N'', 0, NULL, 0, 0, 0, 0, 0, 0, 0, 4506, ''ORDEN'', 0, NULL)

INSERT INTO dbo.DICCIONARIO (NUMERODECAMPO, USODELCAMPO, REFERENCIA, DESCRIPCION, PROMPT, LARGO, TIPODECAMPO, DECIMALES, EDICION, CONTABILIZA, CONCEPTO, CALCULO, VALIDACION, TABLADEVALIDACION, TABLADEAYUDA, OPCIONES, TABLA, CAMPO, BASICO, MASCARA)
VALUES (45502, '' '', 0, ''Jts Oid'', ''Jts Oid'', 10, ''N'', 0, NULL, 0, 0, 0, 0, 0, 0, 0, 4506, ''JTS_OID'', 0, NULL)

INSERT INTO dbo.DICCIONARIO (NUMERODECAMPO, USODELCAMPO, REFERENCIA, DESCRIPCION, PROMPT, LARGO, TIPODECAMPO, DECIMALES, EDICION, CONTABILIZA, CONCEPTO, CALCULO, VALIDACION, TABLADEVALIDACION, TABLADEAYUDA, OPCIONES, TABLA, CAMPO, BASICO, MASCARA)
VALUES (45503, '' '', 0, ''Cliente'', ''Cliente'', 15, ''N'', 0, NULL, 0, 0, 0, 0, 0, 0, 0, 4506, ''CLIENTE'', 0, NULL)

INSERT INTO dbo.DICCIONARIO (NUMERODECAMPO, USODELCAMPO, REFERENCIA, DESCRIPCION, PROMPT, LARGO, TIPODECAMPO, DECIMALES, EDICION, CONTABILIZA, CONCEPTO, CALCULO, VALIDACION, TABLADEVALIDACION, TABLADEAYUDA, OPCIONES, TABLA, CAMPO, BASICO, MASCARA)
VALUES (45504, '' '', 0, ''Prox.Vencimiento'', ''Prox.Vencimiento'', 8, ''F'', 0, NULL, 0, 0, 0, 0, 0, 0, 0, 4506, ''VENCIMIENTO'', 0, NULL)

INSERT INTO dbo.DICCIONARIO (NUMERODECAMPO, USODELCAMPO, REFERENCIA, DESCRIPCION, PROMPT, LARGO, TIPODECAMPO, DECIMALES, EDICION, CONTABILIZA, CONCEPTO, CALCULO, VALIDACION, TABLADEVALIDACION, TABLADEAYUDA, OPCIONES, TABLA, CAMPO, BASICO, MASCARA)
VALUES (45505, '' '', 0, ''Tipo Producto'', ''Tipo Producto'', 1, ''N'', 0, NULL, 0, 0, 0, 0, 0, 0, 0, 4506, ''TIPO'', 0, NULL)

INSERT INTO dbo.DICCIONARIO (NUMERODECAMPO, USODELCAMPO, REFERENCIA, DESCRIPCION, PROMPT, LARGO, TIPODECAMPO, DECIMALES, EDICION, CONTABILIZA, CONCEPTO, CALCULO, VALIDACION, TABLADEVALIDACION, TABLADEAYUDA, OPCIONES, TABLA, CAMPO, BASICO, MASCARA)
VALUES (45506, '' '', 0, ''Clasificacion'', ''Clasificacion'', 5, ''A'', 0, NULL, 0, 0, 0, 0, 0, 0, 0, 4506, ''CLASIFICACION'', 0, NULL)

INSERT INTO dbo.INDICES (NUMERODEARCHIVO, NUMERODEINDICE, DESCRIPCION, CLAVESREPETIDAS, CAMPO1, CAMPO2, CAMPO3, CAMPO4, CAMPO5, CAMPO6, CAMPO7, CAMPO8, CAMPO9, CAMPO10, CAMPO11, CAMPO12, CAMPO13, CAMPO14, CAMPO15, CAMPO16, CAMPO17, CAMPO18, CAMPO19, CAMPO20)
VALUES (4506, 1, ''Indice Ppal'', 0, 45500, 45501, 45502, NULL, NULL, NULL, NULL, NULL, NULL, NULL, NULL, NULL, NULL, NULL, NULL, NULL, NULL, NULL, NULL, NULL)

INSERT INTO dbo.OPERACIONES (TITULO, IDENTIFICACION, NOMBRE, DESCRIPCION, MNEMOTECNICO, AUTORIZACION, FORMULARIOPRINCIPAL, PROXOPERACION, ESTADO, TZ_LOCK, COPIAS, SUBOPERACION, PERMITEBAJA, COMPORTAMIENTOENCIERRE, REQUIERECONTRASENA, PERMITECONCURRENTE, PERMITEESTADODIFERIDO, ICONO_TITULO, ESTILO)
VALUES (7900, 0, ''- INTERFASES - SUELDOS'', NULL, ''0'', NULL, NULL, NULL, ''P'', 0, NULL, 0, ''S'', ''N'', ''N'', ''N'', ''N'', 35, 0)

INSERT INTO dbo.OPERACIONES (TITULO, IDENTIFICACION, NOMBRE, DESCRIPCION, MNEMOTECNICO, AUTORIZACION, FORMULARIOPRINCIPAL, PROXOPERACION, ESTADO, TZ_LOCK, COPIAS, SUBOPERACION, PERMITEBAJA, COMPORTAMIENTOENCIERRE, REQUIERECONTRASENA, PERMITECONCURRENTE, PERMITEESTADODIFERIDO, ICONO_TITULO, ESTILO)
VALUES (7900, 7915, ''Alta de cuentas sueldos masiva'', ''Alta de cuentas sueldos masiva'', ''7915'', ''N'', NULL, NULL, ''P'', 0, NULL, 0, ''S'', ''N'', ''N'', ''N'', ''N'', NULL, 0)

INSERT INTO dbo.OPERACIONES (TITULO, IDENTIFICACION, NOMBRE, DESCRIPCION, MNEMOTECNICO, AUTORIZACION, FORMULARIOPRINCIPAL, PROXOPERACION, ESTADO, TZ_LOCK, COPIAS, SUBOPERACION, PERMITEBAJA, COMPORTAMIENTOENCIERRE, REQUIERECONTRASENA, PERMITECONCURRENTE, PERMITEESTADODIFERIDO, ICONO_TITULO, ESTILO)
VALUES (7900, 7914, ''Acreditador de Sueldos'', ''Acreditador de Sueldos'', ''7914'', ''N'', 500, NULL, ''P'', 0, NULL, 0, ''S'', ''N'', ''N'', ''N'', ''N'', NULL, 0)

-- Parametros
INSERT INTO dbo.PARAMETROSGENERALES (CODIGO, DESCRIPCION, ALFA, NUMERICO, FECHA, IMPORTE, TASA, TZ_LOCK)
VALUES (735, ''Comunicacion Sueldos Activa'', ''N'', 0, NULL, 0, 0, 0)

DELETE FROM dbo.OPERACIONES
WHERE TITULO = 7700 AND IDENTIFICACION = 7010

INSERT INTO dbo.OPERACIONES (TITULO, IDENTIFICACION, NOMBRE, DESCRIPCION, MNEMOTECNICO, AUTORIZACION, FORMULARIOPRINCIPAL, PROXOPERACION, ESTADO, TZ_LOCK, COPIAS, SUBOPERACION, PERMITEBAJA, COMPORTAMIENTOENCIERRE, REQUIERECONTRASENA, PERMITECONCURRENTE, PERMITEESTADODIFERIDO, ICONO_TITULO, ESTILO)
VALUES (6850, 7010, ''ABMC - Codigos Deducciones'', ''ABMC - Codigos Deducciones'', ''7010'', ''N'', NULL, NULL, ''P'', 0, NULL, 0, ''S'', ''N'', ''N'', ''N'', ''N'', NULL, 0)

INSERT INTO dbo.DICCIONARIO (NUMERODECAMPO, USODELCAMPO, REFERENCIA, DESCRIPCION, PROMPT, [LARGO], TIPODECAMPO, DECIMALES, EDICION, CONTABILIZA, CONCEPTO, CALCULO, VALIDACION, TABLADEVALIDACION, TABLADEAYUDA, OPCIONES, TABLA, CAMPO, BASICO, MASCARA)
VALUES (45235, '' '', 0, ''Grilla Ayuda Dominios Convenio'', ''Ayuda Dominios Convenio'', 4, ''N'', 0, NULL, 0, 0, 0, 0, 0, 45051, 0, 0, ''C45234'', 0, NULL)

DELETE FROM dbo.DICCIONARIO
WHERE NUMERODECAMPO = 43567

INSERT INTO dbo.DICCIONARIO (NUMERODECAMPO, USODELCAMPO, REFERENCIA, DESCRIPCION, PROMPT, [LARGO], TIPODECAMPO, DECIMALES, EDICION, CONTABILIZA, CONCEPTO, CALCULO, VALIDACION, TABLADEVALIDACION, TABLADEAYUDA, OPCIONES, TABLA, CAMPO, BASICO, MASCARA)
VALUES (43567, NULL, 0, ''Jurisdiccion'', ''Dominio'', 20, ''A'', 0, NULL, 0, 0, 0, 0, 0, 0, 0, 4314, ''ID_JURISDICCION'', 0, NULL)


INSERT INTO dbo.OPERACIONES (TITULO, IDENTIFICACION, NOMBRE, DESCRIPCION, MNEMOTECNICO, AUTORIZACION, FORMULARIOPRINCIPAL, PROXOPERACION, ESTADO, TZ_LOCK, COPIAS, SUBOPERACION, PERMITEBAJA, COMPORTAMIENTOENCIERRE, REQUIERECONTRASENA, PERMITECONCURRENTE, PERMITEESTADODIFERIDO, ICONO_TITULO, ESTILO)
VALUES (7700, 7027, ''ABMC -  WS ERRORES'', ''ABMC -  WS ERRORES'', ''7027'', ''N'', NULL, NULL, ''P'', 0, NULL, 0, ''S'', ''N'', ''N'', ''N'', ''N'', NULL, 0)

INSERT INTO dbo.DICCIONARIO (NUMERODECAMPO, USODELCAMPO, REFERENCIA, DESCRIPCION, PROMPT, [LARGO], TIPODECAMPO, DECIMALES, EDICION, CONTABILIZA, CONCEPTO, CALCULO, VALIDACION, TABLADEVALIDACION, TABLADEAYUDA, OPCIONES, TABLA, CAMPO, BASICO, MASCARA)
VALUES (71012, '' '', 0, ''Opciones ABMC'', NULL, 1, ''A'', 0, NULL, 0, 0, 0, 0, 0, 0, 1, 0, ''Opciones ABMC'', 0, NULL)

INSERT INTO dbo.OPCIONES (NUMERODECAMPO, IDIOMA, DESCRIPCION, OPCIONINTERNA, OPCIONDEPANTALLA)
VALUES (71012, ''E'', ''Alta'', ''A'', ''A'')

INSERT INTO dbo.OPCIONES (NUMERODECAMPO, IDIOMA, DESCRIPCION, OPCIONINTERNA, OPCIONDEPANTALLA)
VALUES (71012, ''E'', ''Baja'', ''B'', ''B'')

INSERT INTO dbo.OPCIONES (NUMERODECAMPO, IDIOMA, DESCRIPCION, OPCIONINTERNA, OPCIONDEPANTALLA)
VALUES (71012, ''E'', ''Consulta'', ''C'', ''C'')

INSERT INTO dbo.OPCIONES (NUMERODECAMPO, IDIOMA, DESCRIPCION, OPCIONINTERNA, OPCIONDEPANTALLA)
VALUES (71012, ''E'', ''Modificaciòn'', ''M'', ''M'')

INSERT INTO dbo.DESCRIPTORES (TITULO, IDENTIFICACION, TIPODEARCHIVO, DESCRIPCION, GRUPODELMAPA, NOMBREFISICO, TIPODEDBMS, LARGODELREGISTRO, INICIALIZACIONDELREGISTRO, BASE, SELECCION, ACEPTA_MOVS_DIFERIDO)
VALUES (7000, 7081, NULL, ''SDS_WS_ERRORES'', 0, ''SDS_WS_ERRORES'', ''D'', NULL, NULL, ''top/Clientes'', NULL, ''N'')

INSERT INTO dbo.DICCIONARIO (NUMERODECAMPO, USODELCAMPO, REFERENCIA, DESCRIPCION, PROMPT, [LARGO], TIPODECAMPO, DECIMALES, EDICION, CONTABILIZA, CONCEPTO, CALCULO, VALIDACION, TABLADEVALIDACION, TABLADEAYUDA, OPCIONES, TABLA, CAMPO, BASICO, MASCARA)
VALUES (70335, NULL, 0, ''COD_ERROR'', ''Cod Error'', 20, ''A'', 0, NULL, 0, 0, 0, 0, 0, 0, 0, 7081, ''COD_ERROR'', 0, NULL)

INSERT INTO dbo.DICCIONARIO (NUMERODECAMPO, USODELCAMPO, REFERENCIA, DESCRIPCION, PROMPT, [LARGO], TIPODECAMPO, DECIMALES, EDICION, CONTABILIZA, CONCEPTO, CALCULO, VALIDACION, TABLADEVALIDACION, TABLADEAYUDA, OPCIONES, TABLA, CAMPO, BASICO, MASCARA)
VALUES (70336, NULL, 0, ''DESCRIPCION'', ''Descripcion'', 100, ''A'', 0, NULL, 0, 0, 0, 0, 0, 0, 0, 7081, ''DESCRIPCION'', 0, NULL)

INSERT INTO dbo.DICCIONARIO (NUMERODECAMPO, USODELCAMPO, REFERENCIA, DESCRIPCION, PROMPT, [LARGO], TIPODECAMPO, DECIMALES, EDICION, CONTABILIZA, CONCEPTO, CALCULO, VALIDACION, TABLADEVALIDACION, TABLADEAYUDA, OPCIONES, TABLA, CAMPO, BASICO, MASCARA)
VALUES (70337, NULL, 0, ''MENSAJE'', ''Mensaje'', 100, ''A'', 0, NULL, 0, 0, 0, 0, 0, 0, 0, 7081, ''MENSAJE'', 0, NULL)

INSERT INTO dbo.DICCIONARIO (NUMERODECAMPO, USODELCAMPO, REFERENCIA, DESCRIPCION, PROMPT, [LARGO], TIPODECAMPO, DECIMALES, EDICION, CONTABILIZA, CONCEPTO, CALCULO, VALIDACION, TABLADEVALIDACION, TABLADEAYUDA, OPCIONES, TABLA, CAMPO, BASICO, MASCARA)
VALUES (70338, NULL, 0, ''ERR_HTTP_CODE'', ''Err Http Code'', 5, ''N'', 0, NULL, 0, 0, 0, 0, 0, 0, 0, 7081, ''ERR_HTTP_CODE'', 0, NULL)

INSERT INTO dbo.INDICES (NUMERODEARCHIVO, NUMERODEINDICE, DESCRIPCION, CLAVESREPETIDAS, CAMPO1, CAMPO2, CAMPO3, CAMPO4, CAMPO5, CAMPO6, CAMPO7, CAMPO8, CAMPO9, CAMPO10, CAMPO11, CAMPO12, CAMPO13, CAMPO14, CAMPO15, CAMPO16, CAMPO17, CAMPO18, CAMPO19, CAMPO20)
VALUES (7081, 70811, NULL, 0, 70335, NULL, NULL, NULL, NULL, NULL, NULL, NULL, NULL, NULL, NULL, NULL, NULL, NULL, NULL, NULL, NULL, NULL, NULL, NULL)

INSERT INTO dbo.AYUDAS (NUMERODEARCHIVO, NUMERODEAYUDA, DESCRIPCION, FILTRO, MOSTRARTODOS, CAMPOS, CAMPOSVISTA, BASEVISTA, NOMBREVISTA, AYUDAGRANDE)
VALUES (7081, 70811, ''Ay Ws Errores'', '''', 0, ''70335R;70336;70337;70338;'', NULL, NULL, NULL, 0)

INSERT INTO dbo.DICCIONARIO (NUMERODECAMPO, USODELCAMPO, REFERENCIA, DESCRIPCION, PROMPT, [LARGO], TIPODECAMPO, DECIMALES, EDICION, CONTABILIZA, CONCEPTO, CALCULO, VALIDACION, TABLADEVALIDACION, TABLADEAYUDA, OPCIONES, TABLA, CAMPO, BASICO, MASCARA)
VALUES (70811, '' '', 0, ''Ayuda SDS_WS_ERRORES'', ''Ayuda SDS_WS_ERRORES'', 20, ''A'', 0, NULL, 0, 0, 0, 0, 0, 70811, 0, 0, ''Ayuda SDS_WS_ERRORES'', 0, NULL)

')