EXECUTE('
INSERT INTO dbo.DICCIONARIO (NUMERODECAMPO, USODELCAMPO, REFERENCIA, DESCRIPCION, PROMPT, LARGO, TIPODECAMPO, DECIMALES, EDICION, CONTABILIZA, CONCEPTO, CALCULO, VALIDACION, TABLADEVALIDACION, TABLADEAYUDA, OPCIONES, TABLA, CAMPO, BASICO, MASCARA)
VALUES (47800, '' '', 0, ''Iva Ints Dto'', ''Iva Ints Dto'', 15, ''N'', 2, ''I'', 0, 0, 0, 0, 0, 0, 0, 0, NULL, 0, NULL)

INSERT INTO dbo.DICCIONARIO (NUMERODECAMPO, USODELCAMPO, REFERENCIA, DESCRIPCION, PROMPT, LARGO, TIPODECAMPO, DECIMALES, EDICION, CONTABILIZA, CONCEPTO, CALCULO, VALIDACION, TABLADEVALIDACION, TABLADEAYUDA, OPCIONES, TABLA, CAMPO, BASICO, MASCARA)
VALUES (47801, '' '', 0, ''Iva Percep Ints Dto'', ''Iva '', 15, ''N'', 2, ''I'', 0, 0, 0, 0, 0, 0, 0, 0, NULL, 0, NULL)
')

EXECUTE('
UPDATE dbo.CI_CARGOS
SET PIVOT_ = 47800
WHERE ID_CARGO = 705

UPDATE dbo.CI_CARGOS
SET PIVOT_ = 47801
WHERE ID_CARGO = 706
')

EXECUTE('
DELETE FROM ESQUEMACONTABLE WHERE LINEA IN (116,117)

INSERT INTO ESQUEMACONTABLE (PROCESO, RUBRO, MONEDA, LINEA, ORDINAL, DESCRIPCION, CAMPO, RUBROSALIDA, CD, D_DC, C_DC, TRANSACCION, CONDICION, USAR_CAMPOS_MOVIMIENTOS)
VALUES (0, 311000, -1, 116, 1, ''Cobro IVA intereses compensatorios'', 47800, 3311170000, NULL, ''C'', NULL, 7, ''1=1'', ''S'')


INSERT INTO ESQUEMACONTABLE (PROCESO, RUBRO, MONEDA, LINEA, ORDINAL, DESCRIPCION, CAMPO, RUBROSALIDA, CD, D_DC, C_DC, TRANSACCION, CONDICION, USAR_CAMPOS_MOVIMIENTOS)
VALUES (0, 400001, -1, 116, 1, ''Cobro IVA intereses compensatorios'', 47800, 3311170000, NULL, ''C'', NULL, 7, ''1=1'', ''S'')


INSERT INTO ESQUEMACONTABLE (PROCESO, RUBRO, MONEDA, LINEA, ORDINAL, DESCRIPCION, CAMPO, RUBROSALIDA, CD, D_DC, C_DC, TRANSACCION, CONDICION, USAR_CAMPOS_MOVIMIENTOS)
VALUES (0, 400012, -1, 116, 1, ''Cobro IVA intereses compensatorios'', 47800, 3311170000, NULL, ''C'', NULL, 7, ''1=1'', ''S'')


INSERT INTO ESQUEMACONTABLE (PROCESO, RUBRO, MONEDA, LINEA, ORDINAL, DESCRIPCION, CAMPO, RUBROSALIDA, CD, D_DC, C_DC, TRANSACCION, CONDICION, USAR_CAMPOS_MOVIMIENTOS)
VALUES (0, 400013, -1, 116, 1, ''Cobro IVA intereses compensatorios'', 47800, 3311170000, NULL, ''C'', NULL, 7, ''1=1'', ''S'')


INSERT INTO ESQUEMACONTABLE (PROCESO, RUBRO, MONEDA, LINEA, ORDINAL, DESCRIPCION, CAMPO, RUBROSALIDA, CD, D_DC, C_DC, TRANSACCION, CONDICION, USAR_CAMPOS_MOVIMIENTOS)
VALUES (0, 400014, -1, 116, 1, ''Cobro IVA intereses compensatorios'', 47800, 3311170000, NULL, ''C'', NULL, 7, ''1=1'', ''S'')


INSERT INTO ESQUEMACONTABLE (PROCESO, RUBRO, MONEDA, LINEA, ORDINAL, DESCRIPCION, CAMPO, RUBROSALIDA, CD, D_DC, C_DC, TRANSACCION, CONDICION, USAR_CAMPOS_MOVIMIENTOS)
VALUES (0, 400015, -1, 116, 1, ''Cobro IVA intereses compensatorios'', 47800, 3311170000, NULL, ''C'', NULL, 7, ''1=1'', ''S'')


INSERT INTO ESQUEMACONTABLE (PROCESO, RUBRO, MONEDA, LINEA, ORDINAL, DESCRIPCION, CAMPO, RUBROSALIDA, CD, D_DC, C_DC, TRANSACCION, CONDICION, USAR_CAMPOS_MOVIMIENTOS)
VALUES (0, 400016, -1, 116, 1, ''Cobro IVA intereses compensatorios'', 47800, 3311170000, NULL, ''C'', NULL, 7, ''1=1'', ''S'')


INSERT INTO ESQUEMACONTABLE (PROCESO, RUBRO, MONEDA, LINEA, ORDINAL, DESCRIPCION, CAMPO, RUBROSALIDA, CD, D_DC, C_DC, TRANSACCION, CONDICION, USAR_CAMPOS_MOVIMIENTOS)
VALUES (0, 400017, -1, 116, 1, ''Cobro IVA intereses compensatorios'', 47800, 3311170000, NULL, ''C'', NULL, 7, ''1=1'', ''S'')


INSERT INTO ESQUEMACONTABLE (PROCESO, RUBRO, MONEDA, LINEA, ORDINAL, DESCRIPCION, CAMPO, RUBROSALIDA, CD, D_DC, C_DC, TRANSACCION, CONDICION, USAR_CAMPOS_MOVIMIENTOS)
VALUES (0, 400018, -1, 116, 1, ''Cobro IVA intereses compensatorios'', 47800, 3311170000, NULL, ''C'', NULL, 7, ''1=1'', ''S'')


INSERT INTO ESQUEMACONTABLE (PROCESO, RUBRO, MONEDA, LINEA, ORDINAL, DESCRIPCION, CAMPO, RUBROSALIDA, CD, D_DC, C_DC, TRANSACCION, CONDICION, USAR_CAMPOS_MOVIMIENTOS)
VALUES (0, 400070, -1, 116, 1, ''Cobro IVA intereses compensatorios'', 47800, 3311170000, NULL, ''C'', NULL, 7, ''1=1'', ''S'')


INSERT INTO ESQUEMACONTABLE (PROCESO, RUBRO, MONEDA, LINEA, ORDINAL, DESCRIPCION, CAMPO, RUBROSALIDA, CD, D_DC, C_DC, TRANSACCION, CONDICION, USAR_CAMPOS_MOVIMIENTOS)
VALUES (0, 311000, -1, 117, 1, ''Cobro Percepcion IVA intereses compensatorios'', 47801, 3211510130, NULL, ''C'', NULL, 7, ''1=1'', ''S'')


INSERT INTO ESQUEMACONTABLE (PROCESO, RUBRO, MONEDA, LINEA, ORDINAL, DESCRIPCION, CAMPO, RUBROSALIDA, CD, D_DC, C_DC, TRANSACCION, CONDICION, USAR_CAMPOS_MOVIMIENTOS)
VALUES (0, 400001, -1, 117, 1, ''Cobro Percepcion IVA intereses compensatorios'', 47801, 3211510130, NULL, ''C'', NULL, 7, ''1=1'', ''S'')


INSERT INTO ESQUEMACONTABLE (PROCESO, RUBRO, MONEDA, LINEA, ORDINAL, DESCRIPCION, CAMPO, RUBROSALIDA, CD, D_DC, C_DC, TRANSACCION, CONDICION, USAR_CAMPOS_MOVIMIENTOS)
VALUES (0, 400012, -1, 117, 1, ''Cobro Percepcion IVA intereses compensatorios'', 47801, 3211510130, NULL, ''C'', NULL, 7, ''1=1'', ''S'')


INSERT INTO ESQUEMACONTABLE (PROCESO, RUBRO, MONEDA, LINEA, ORDINAL, DESCRIPCION, CAMPO, RUBROSALIDA, CD, D_DC, C_DC, TRANSACCION, CONDICION, USAR_CAMPOS_MOVIMIENTOS)
VALUES (0, 400013, -1, 117, 1, ''Cobro Percepcion IVA intereses compensatorios'', 47801, 3211510130, NULL, ''C'', NULL, 7, ''1=1'', ''S'')


INSERT INTO ESQUEMACONTABLE (PROCESO, RUBRO, MONEDA, LINEA, ORDINAL, DESCRIPCION, CAMPO, RUBROSALIDA, CD, D_DC, C_DC, TRANSACCION, CONDICION, USAR_CAMPOS_MOVIMIENTOS)
VALUES (0, 400014, -1, 117, 1, ''Cobro Percepcion IVA intereses compensatorios'', 47801, 3211510130, NULL, ''C'', NULL, 7, ''1=1'', ''S'')


INSERT INTO ESQUEMACONTABLE (PROCESO, RUBRO, MONEDA, LINEA, ORDINAL, DESCRIPCION, CAMPO, RUBROSALIDA, CD, D_DC, C_DC, TRANSACCION, CONDICION, USAR_CAMPOS_MOVIMIENTOS)
VALUES (0, 400015, -1, 117, 1, ''Cobro Percepcion IVA intereses compensatorios'', 47801, 3211510130, NULL, ''C'', NULL, 7, ''1=1'', ''S'')


INSERT INTO ESQUEMACONTABLE (PROCESO, RUBRO, MONEDA, LINEA, ORDINAL, DESCRIPCION, CAMPO, RUBROSALIDA, CD, D_DC, C_DC, TRANSACCION, CONDICION, USAR_CAMPOS_MOVIMIENTOS)
VALUES (0, 400016, -1, 117, 1, ''Cobro Percepcion IVA intereses compensatorios'', 47801, 3211510130, NULL, ''C'', NULL, 7, ''1=1'', ''S'')


INSERT INTO ESQUEMACONTABLE (PROCESO, RUBRO, MONEDA, LINEA, ORDINAL, DESCRIPCION, CAMPO, RUBROSALIDA, CD, D_DC, C_DC, TRANSACCION, CONDICION, USAR_CAMPOS_MOVIMIENTOS)
VALUES (0, 400017, -1, 117, 1, ''Cobro Percepcion IVA intereses compensatorios'', 47801, 3211510130, NULL, ''C'', NULL, 7, ''1=1'', ''S'')


INSERT INTO ESQUEMACONTABLE (PROCESO, RUBRO, MONEDA, LINEA, ORDINAL, DESCRIPCION, CAMPO, RUBROSALIDA, CD, D_DC, C_DC, TRANSACCION, CONDICION, USAR_CAMPOS_MOVIMIENTOS)
VALUES (0, 400018, -1, 117, 1, ''Cobro Percepcion IVA intereses compensatorios'', 47801, 3211510130, NULL, ''C'', NULL, 7, ''1=1'', ''S'')


INSERT INTO ESQUEMACONTABLE (PROCESO, RUBRO, MONEDA, LINEA, ORDINAL, DESCRIPCION, CAMPO, RUBROSALIDA, CD, D_DC, C_DC, TRANSACCION, CONDICION, USAR_CAMPOS_MOVIMIENTOS)
VALUES (0, 400070, -1, 117, 1, ''Cobro Percepcion IVA intereses compensatorios'', 47801, 3211510130, NULL, ''C'', NULL, 7, ''1=1'', ''S'')
')

EXECUTE('
DELETE FROM ESQUEMACAMPO WHERE LINEA IN (116,117)

INSERT INTO ESQUEMACAMPO (PROCESO, RUBRO, MONEDA, LINEA, ORDINAL, CP, NUMERO, FORMULA)
VALUES (0, 400001, -1, 116, 101, ''C'', 2, ''0'')


INSERT INTO ESQUEMACAMPO (PROCESO, RUBRO, MONEDA, LINEA, ORDINAL, CP, NUMERO, FORMULA)
VALUES (0, 400001, -1, 116, 102, ''C'', 5, ''C6326'')


INSERT INTO ESQUEMACAMPO (PROCESO, RUBRO, MONEDA, LINEA, ORDINAL, CP, NUMERO, FORMULA)
VALUES (0, 400001, -1, 116, 104, ''C'', 7, ''0'')


INSERT INTO ESQUEMACAMPO (PROCESO, RUBRO, MONEDA, LINEA, ORDINAL, CP, NUMERO, FORMULA)
VALUES (0, 400001, -1, 116, 105, ''C'', 8, ''0'')


INSERT INTO ESQUEMACAMPO (PROCESO, RUBRO, MONEDA, LINEA, ORDINAL, CP, NUMERO, FORMULA)
VALUES (0, 400001, -1, 116, 107, ''C'', 6, ''0'')


INSERT INTO ESQUEMACAMPO (PROCESO, RUBRO, MONEDA, LINEA, ORDINAL, CP, NUMERO, FORMULA)
VALUES (0, 400001, -1, 116, 108, ''C'', 1, ''97'')


INSERT INTO ESQUEMACAMPO (PROCESO, RUBRO, MONEDA, LINEA, ORDINAL, CP, NUMERO, FORMULA)
VALUES (0, 400001, -1, 117, 101, ''C'', 2, ''0'')


INSERT INTO ESQUEMACAMPO (PROCESO, RUBRO, MONEDA, LINEA, ORDINAL, CP, NUMERO, FORMULA)
VALUES (0, 400001, -1, 117, 102, ''C'', 5, ''C6326'')


INSERT INTO ESQUEMACAMPO (PROCESO, RUBRO, MONEDA, LINEA, ORDINAL, CP, NUMERO, FORMULA)
VALUES (0, 400001, -1, 117, 104, ''C'', 7, ''0'')


INSERT INTO ESQUEMACAMPO (PROCESO, RUBRO, MONEDA, LINEA, ORDINAL, CP, NUMERO, FORMULA)
VALUES (0, 400001, -1, 117, 105, ''C'', 8, ''0'')


INSERT INTO ESQUEMACAMPO (PROCESO, RUBRO, MONEDA, LINEA, ORDINAL, CP, NUMERO, FORMULA)
VALUES (0, 400001, -1, 117, 107, ''C'', 6, ''0'')


INSERT INTO ESQUEMACAMPO (PROCESO, RUBRO, MONEDA, LINEA, ORDINAL, CP, NUMERO, FORMULA)
VALUES (0, 400001, -1, 117, 108, ''C'', 1, ''97'')


INSERT INTO ESQUEMACAMPO (PROCESO, RUBRO, MONEDA, LINEA, ORDINAL, CP, NUMERO, FORMULA)
VALUES (0, 311000, -1, 116, 101, ''C'', 2, ''0'')


INSERT INTO ESQUEMACAMPO (PROCESO, RUBRO, MONEDA, LINEA, ORDINAL, CP, NUMERO, FORMULA)
VALUES (0, 311000, -1, 116, 102, ''C'', 5, ''C6326'')


INSERT INTO ESQUEMACAMPO (PROCESO, RUBRO, MONEDA, LINEA, ORDINAL, CP, NUMERO, FORMULA)
VALUES (0, 311000, -1, 116, 104, ''C'', 7, ''0'')


INSERT INTO ESQUEMACAMPO (PROCESO, RUBRO, MONEDA, LINEA, ORDINAL, CP, NUMERO, FORMULA)
VALUES (0, 311000, -1, 116, 105, ''C'', 8, ''0'')


INSERT INTO ESQUEMACAMPO (PROCESO, RUBRO, MONEDA, LINEA, ORDINAL, CP, NUMERO, FORMULA)
VALUES (0, 311000, -1, 116, 107, ''C'', 6, ''0'')


INSERT INTO ESQUEMACAMPO (PROCESO, RUBRO, MONEDA, LINEA, ORDINAL, CP, NUMERO, FORMULA)
VALUES (0, 311000, -1, 116, 108, ''C'', 1, ''97'')


INSERT INTO ESQUEMACAMPO (PROCESO, RUBRO, MONEDA, LINEA, ORDINAL, CP, NUMERO, FORMULA)
VALUES (0, 311000, -1, 117, 101, ''C'', 2, ''0'')


INSERT INTO ESQUEMACAMPO (PROCESO, RUBRO, MONEDA, LINEA, ORDINAL, CP, NUMERO, FORMULA)
VALUES (0, 311000, -1, 117, 102, ''C'', 5, ''C6326'')


INSERT INTO ESQUEMACAMPO (PROCESO, RUBRO, MONEDA, LINEA, ORDINAL, CP, NUMERO, FORMULA)
VALUES (0, 311000, -1, 117, 104, ''C'', 7, ''0'')


INSERT INTO ESQUEMACAMPO (PROCESO, RUBRO, MONEDA, LINEA, ORDINAL, CP, NUMERO, FORMULA)
VALUES (0, 311000, -1, 117, 105, ''C'', 8, ''0'')


INSERT INTO ESQUEMACAMPO (PROCESO, RUBRO, MONEDA, LINEA, ORDINAL, CP, NUMERO, FORMULA)
VALUES (0, 311000, -1, 117, 107, ''C'', 6, ''0'')


INSERT INTO ESQUEMACAMPO (PROCESO, RUBRO, MONEDA, LINEA, ORDINAL, CP, NUMERO, FORMULA)
VALUES (0, 311000, -1, 117, 108, ''C'', 1, ''97'')


INSERT INTO ESQUEMACAMPO (PROCESO, RUBRO, MONEDA, LINEA, ORDINAL, CP, NUMERO, FORMULA)
VALUES (0, 400012, -1, 116, 101, ''C'', 2, ''0'')


INSERT INTO ESQUEMACAMPO (PROCESO, RUBRO, MONEDA, LINEA, ORDINAL, CP, NUMERO, FORMULA)
VALUES (0, 400012, -1, 116, 102, ''C'', 5, ''C6326'')


INSERT INTO ESQUEMACAMPO (PROCESO, RUBRO, MONEDA, LINEA, ORDINAL, CP, NUMERO, FORMULA)
VALUES (0, 400012, -1, 116, 104, ''C'', 7, ''0'')


INSERT INTO ESQUEMACAMPO (PROCESO, RUBRO, MONEDA, LINEA, ORDINAL, CP, NUMERO, FORMULA)
VALUES (0, 400012, -1, 116, 105, ''C'', 8, ''0'')


INSERT INTO ESQUEMACAMPO (PROCESO, RUBRO, MONEDA, LINEA, ORDINAL, CP, NUMERO, FORMULA)
VALUES (0, 400012, -1, 116, 107, ''C'', 6, ''0'')


INSERT INTO ESQUEMACAMPO (PROCESO, RUBRO, MONEDA, LINEA, ORDINAL, CP, NUMERO, FORMULA)
VALUES (0, 400012, -1, 116, 108, ''C'', 1, ''97'')


INSERT INTO ESQUEMACAMPO (PROCESO, RUBRO, MONEDA, LINEA, ORDINAL, CP, NUMERO, FORMULA)
VALUES (0, 400012, -1, 117, 101, ''C'', 2, ''0'')


INSERT INTO ESQUEMACAMPO (PROCESO, RUBRO, MONEDA, LINEA, ORDINAL, CP, NUMERO, FORMULA)
VALUES (0, 400012, -1, 117, 102, ''C'', 5, ''C6326'')


INSERT INTO ESQUEMACAMPO (PROCESO, RUBRO, MONEDA, LINEA, ORDINAL, CP, NUMERO, FORMULA)
VALUES (0, 400012, -1, 117, 104, ''C'', 7, ''0'')


INSERT INTO ESQUEMACAMPO (PROCESO, RUBRO, MONEDA, LINEA, ORDINAL, CP, NUMERO, FORMULA)
VALUES (0, 400012, -1, 117, 105, ''C'', 8, ''0'')


INSERT INTO ESQUEMACAMPO (PROCESO, RUBRO, MONEDA, LINEA, ORDINAL, CP, NUMERO, FORMULA)
VALUES (0, 400012, -1, 117, 107, ''C'', 6, ''0'')


INSERT INTO ESQUEMACAMPO (PROCESO, RUBRO, MONEDA, LINEA, ORDINAL, CP, NUMERO, FORMULA)
VALUES (0, 400012, -1, 117, 108, ''C'', 1, ''97'')


INSERT INTO ESQUEMACAMPO (PROCESO, RUBRO, MONEDA, LINEA, ORDINAL, CP, NUMERO, FORMULA)
VALUES (0, 400013, -1, 116, 101, ''C'', 2, ''0'')


INSERT INTO ESQUEMACAMPO (PROCESO, RUBRO, MONEDA, LINEA, ORDINAL, CP, NUMERO, FORMULA)
VALUES (0, 400013, -1, 116, 102, ''C'', 5, ''C6326'')


INSERT INTO ESQUEMACAMPO (PROCESO, RUBRO, MONEDA, LINEA, ORDINAL, CP, NUMERO, FORMULA)
VALUES (0, 400013, -1, 116, 104, ''C'', 7, ''0'')


INSERT INTO ESQUEMACAMPO (PROCESO, RUBRO, MONEDA, LINEA, ORDINAL, CP, NUMERO, FORMULA)
VALUES (0, 400013, -1, 116, 105, ''C'', 8, ''0'')


INSERT INTO ESQUEMACAMPO (PROCESO, RUBRO, MONEDA, LINEA, ORDINAL, CP, NUMERO, FORMULA)
VALUES (0, 400013, -1, 116, 107, ''C'', 6, ''0'')


INSERT INTO ESQUEMACAMPO (PROCESO, RUBRO, MONEDA, LINEA, ORDINAL, CP, NUMERO, FORMULA)
VALUES (0, 400013, -1, 116, 108, ''C'', 1, ''97'')


INSERT INTO ESQUEMACAMPO (PROCESO, RUBRO, MONEDA, LINEA, ORDINAL, CP, NUMERO, FORMULA)
VALUES (0, 400013, -1, 117, 101, ''C'', 2, ''0'')


INSERT INTO ESQUEMACAMPO (PROCESO, RUBRO, MONEDA, LINEA, ORDINAL, CP, NUMERO, FORMULA)
VALUES (0, 400013, -1, 117, 102, ''C'', 5, ''C6326'')


INSERT INTO ESQUEMACAMPO (PROCESO, RUBRO, MONEDA, LINEA, ORDINAL, CP, NUMERO, FORMULA)
VALUES (0, 400013, -1, 117, 104, ''C'', 7, ''0'')


INSERT INTO ESQUEMACAMPO (PROCESO, RUBRO, MONEDA, LINEA, ORDINAL, CP, NUMERO, FORMULA)
VALUES (0, 400013, -1, 117, 105, ''C'', 8, ''0'')


INSERT INTO ESQUEMACAMPO (PROCESO, RUBRO, MONEDA, LINEA, ORDINAL, CP, NUMERO, FORMULA)
VALUES (0, 400013, -1, 117, 107, ''C'', 6, ''0'')


INSERT INTO ESQUEMACAMPO (PROCESO, RUBRO, MONEDA, LINEA, ORDINAL, CP, NUMERO, FORMULA)
VALUES (0, 400013, -1, 117, 108, ''C'', 1, ''97'')


INSERT INTO ESQUEMACAMPO (PROCESO, RUBRO, MONEDA, LINEA, ORDINAL, CP, NUMERO, FORMULA)
VALUES (0, 400014, -1, 116, 101, ''C'', 2, ''0'')


INSERT INTO ESQUEMACAMPO (PROCESO, RUBRO, MONEDA, LINEA, ORDINAL, CP, NUMERO, FORMULA)
VALUES (0, 400014, -1, 116, 102, ''C'', 5, ''C6326'')


INSERT INTO ESQUEMACAMPO (PROCESO, RUBRO, MONEDA, LINEA, ORDINAL, CP, NUMERO, FORMULA)
VALUES (0, 400014, -1, 116, 104, ''C'', 7, ''0'')


INSERT INTO ESQUEMACAMPO (PROCESO, RUBRO, MONEDA, LINEA, ORDINAL, CP, NUMERO, FORMULA)
VALUES (0, 400014, -1, 116, 105, ''C'', 8, ''0'')


INSERT INTO ESQUEMACAMPO (PROCESO, RUBRO, MONEDA, LINEA, ORDINAL, CP, NUMERO, FORMULA)
VALUES (0, 400014, -1, 116, 107, ''C'', 6, ''0'')


INSERT INTO ESQUEMACAMPO (PROCESO, RUBRO, MONEDA, LINEA, ORDINAL, CP, NUMERO, FORMULA)
VALUES (0, 400014, -1, 116, 108, ''C'', 1, ''97'')


INSERT INTO ESQUEMACAMPO (PROCESO, RUBRO, MONEDA, LINEA, ORDINAL, CP, NUMERO, FORMULA)
VALUES (0, 400014, -1, 117, 101, ''C'', 2, ''0'')


INSERT INTO ESQUEMACAMPO (PROCESO, RUBRO, MONEDA, LINEA, ORDINAL, CP, NUMERO, FORMULA)
VALUES (0, 400014, -1, 117, 102, ''C'', 5, ''C6326'')


INSERT INTO ESQUEMACAMPO (PROCESO, RUBRO, MONEDA, LINEA, ORDINAL, CP, NUMERO, FORMULA)
VALUES (0, 400014, -1, 117, 104, ''C'', 7, ''0'')


INSERT INTO ESQUEMACAMPO (PROCESO, RUBRO, MONEDA, LINEA, ORDINAL, CP, NUMERO, FORMULA)
VALUES (0, 400014, -1, 117, 105, ''C'', 8, ''0'')


INSERT INTO ESQUEMACAMPO (PROCESO, RUBRO, MONEDA, LINEA, ORDINAL, CP, NUMERO, FORMULA)
VALUES (0, 400014, -1, 117, 107, ''C'', 6, ''0'')


INSERT INTO ESQUEMACAMPO (PROCESO, RUBRO, MONEDA, LINEA, ORDINAL, CP, NUMERO, FORMULA)
VALUES (0, 400014, -1, 117, 108, ''C'', 1, ''97'')


INSERT INTO ESQUEMACAMPO (PROCESO, RUBRO, MONEDA, LINEA, ORDINAL, CP, NUMERO, FORMULA)
VALUES (0, 400015, -1, 116, 101, ''C'', 2, ''0'')


INSERT INTO ESQUEMACAMPO (PROCESO, RUBRO, MONEDA, LINEA, ORDINAL, CP, NUMERO, FORMULA)
VALUES (0, 400015, -1, 116, 102, ''C'', 5, ''C6326'')


INSERT INTO ESQUEMACAMPO (PROCESO, RUBRO, MONEDA, LINEA, ORDINAL, CP, NUMERO, FORMULA)
VALUES (0, 400015, -1, 116, 104, ''C'', 7, ''0'')


INSERT INTO ESQUEMACAMPO (PROCESO, RUBRO, MONEDA, LINEA, ORDINAL, CP, NUMERO, FORMULA)
VALUES (0, 400015, -1, 116, 105, ''C'', 8, ''0'')


INSERT INTO ESQUEMACAMPO (PROCESO, RUBRO, MONEDA, LINEA, ORDINAL, CP, NUMERO, FORMULA)
VALUES (0, 400015, -1, 116, 107, ''C'', 6, ''0'')


INSERT INTO ESQUEMACAMPO (PROCESO, RUBRO, MONEDA, LINEA, ORDINAL, CP, NUMERO, FORMULA)
VALUES (0, 400015, -1, 116, 108, ''C'', 1, ''97'')


INSERT INTO ESQUEMACAMPO (PROCESO, RUBRO, MONEDA, LINEA, ORDINAL, CP, NUMERO, FORMULA)
VALUES (0, 400015, -1, 117, 101, ''C'', 2, ''0'')


INSERT INTO ESQUEMACAMPO (PROCESO, RUBRO, MONEDA, LINEA, ORDINAL, CP, NUMERO, FORMULA)
VALUES (0, 400015, -1, 117, 102, ''C'', 5, ''C6326'')


INSERT INTO ESQUEMACAMPO (PROCESO, RUBRO, MONEDA, LINEA, ORDINAL, CP, NUMERO, FORMULA)
VALUES (0, 400015, -1, 117, 104, ''C'', 7, ''0'')


INSERT INTO ESQUEMACAMPO (PROCESO, RUBRO, MONEDA, LINEA, ORDINAL, CP, NUMERO, FORMULA)
VALUES (0, 400015, -1, 117, 105, ''C'', 8, ''0'')


INSERT INTO ESQUEMACAMPO (PROCESO, RUBRO, MONEDA, LINEA, ORDINAL, CP, NUMERO, FORMULA)
VALUES (0, 400015, -1, 117, 107, ''C'', 6, ''0'')


INSERT INTO ESQUEMACAMPO (PROCESO, RUBRO, MONEDA, LINEA, ORDINAL, CP, NUMERO, FORMULA)
VALUES (0, 400015, -1, 117, 108, ''C'', 1, ''97'')


INSERT INTO ESQUEMACAMPO (PROCESO, RUBRO, MONEDA, LINEA, ORDINAL, CP, NUMERO, FORMULA)
VALUES (0, 400016, -1, 116, 101, ''C'', 2, ''0'')


INSERT INTO ESQUEMACAMPO (PROCESO, RUBRO, MONEDA, LINEA, ORDINAL, CP, NUMERO, FORMULA)
VALUES (0, 400016, -1, 116, 102, ''C'', 5, ''C6326'')


INSERT INTO ESQUEMACAMPO (PROCESO, RUBRO, MONEDA, LINEA, ORDINAL, CP, NUMERO, FORMULA)
VALUES (0, 400016, -1, 116, 104, ''C'', 7, ''0'')


INSERT INTO ESQUEMACAMPO (PROCESO, RUBRO, MONEDA, LINEA, ORDINAL, CP, NUMERO, FORMULA)
VALUES (0, 400016, -1, 116, 105, ''C'', 8, ''0'')


INSERT INTO ESQUEMACAMPO (PROCESO, RUBRO, MONEDA, LINEA, ORDINAL, CP, NUMERO, FORMULA)
VALUES (0, 400016, -1, 116, 107, ''C'', 6, ''0'')


INSERT INTO ESQUEMACAMPO (PROCESO, RUBRO, MONEDA, LINEA, ORDINAL, CP, NUMERO, FORMULA)
VALUES (0, 400016, -1, 116, 108, ''C'', 1, ''97'')


INSERT INTO ESQUEMACAMPO (PROCESO, RUBRO, MONEDA, LINEA, ORDINAL, CP, NUMERO, FORMULA)
VALUES (0, 400016, -1, 117, 101, ''C'', 2, ''0'')


INSERT INTO ESQUEMACAMPO (PROCESO, RUBRO, MONEDA, LINEA, ORDINAL, CP, NUMERO, FORMULA)
VALUES (0, 400016, -1, 117, 102, ''C'', 5, ''C6326'')


INSERT INTO ESQUEMACAMPO (PROCESO, RUBRO, MONEDA, LINEA, ORDINAL, CP, NUMERO, FORMULA)
VALUES (0, 400016, -1, 117, 104, ''C'', 7, ''0'')


INSERT INTO ESQUEMACAMPO (PROCESO, RUBRO, MONEDA, LINEA, ORDINAL, CP, NUMERO, FORMULA)
VALUES (0, 400016, -1, 117, 105, ''C'', 8, ''0'')


INSERT INTO ESQUEMACAMPO (PROCESO, RUBRO, MONEDA, LINEA, ORDINAL, CP, NUMERO, FORMULA)
VALUES (0, 400016, -1, 117, 107, ''C'', 6, ''0'')


INSERT INTO ESQUEMACAMPO (PROCESO, RUBRO, MONEDA, LINEA, ORDINAL, CP, NUMERO, FORMULA)
VALUES (0, 400016, -1, 117, 108, ''C'', 1, ''97'')


INSERT INTO ESQUEMACAMPO (PROCESO, RUBRO, MONEDA, LINEA, ORDINAL, CP, NUMERO, FORMULA)
VALUES (0, 400017, -1, 116, 101, ''C'', 2, ''0'')


INSERT INTO ESQUEMACAMPO (PROCESO, RUBRO, MONEDA, LINEA, ORDINAL, CP, NUMERO, FORMULA)
VALUES (0, 400017, -1, 116, 102, ''C'', 5, ''C6326'')


INSERT INTO ESQUEMACAMPO (PROCESO, RUBRO, MONEDA, LINEA, ORDINAL, CP, NUMERO, FORMULA)
VALUES (0, 400017, -1, 116, 104, ''C'', 7, ''0'')


INSERT INTO ESQUEMACAMPO (PROCESO, RUBRO, MONEDA, LINEA, ORDINAL, CP, NUMERO, FORMULA)
VALUES (0, 400017, -1, 116, 105, ''C'', 8, ''0'')


INSERT INTO ESQUEMACAMPO (PROCESO, RUBRO, MONEDA, LINEA, ORDINAL, CP, NUMERO, FORMULA)
VALUES (0, 400017, -1, 116, 107, ''C'', 6, ''0'')


INSERT INTO ESQUEMACAMPO (PROCESO, RUBRO, MONEDA, LINEA, ORDINAL, CP, NUMERO, FORMULA)
VALUES (0, 400017, -1, 116, 108, ''C'', 1, ''97'')


INSERT INTO ESQUEMACAMPO (PROCESO, RUBRO, MONEDA, LINEA, ORDINAL, CP, NUMERO, FORMULA)
VALUES (0, 400017, -1, 117, 101, ''C'', 2, ''0'')


INSERT INTO ESQUEMACAMPO (PROCESO, RUBRO, MONEDA, LINEA, ORDINAL, CP, NUMERO, FORMULA)
VALUES (0, 400017, -1, 117, 102, ''C'', 5, ''C6326'')


INSERT INTO ESQUEMACAMPO (PROCESO, RUBRO, MONEDA, LINEA, ORDINAL, CP, NUMERO, FORMULA)
VALUES (0, 400017, -1, 117, 104, ''C'', 7, ''0'')


INSERT INTO ESQUEMACAMPO (PROCESO, RUBRO, MONEDA, LINEA, ORDINAL, CP, NUMERO, FORMULA)
VALUES (0, 400017, -1, 117, 105, ''C'', 8, ''0'')


INSERT INTO ESQUEMACAMPO (PROCESO, RUBRO, MONEDA, LINEA, ORDINAL, CP, NUMERO, FORMULA)
VALUES (0, 400017, -1, 117, 107, ''C'', 6, ''0'')


INSERT INTO ESQUEMACAMPO (PROCESO, RUBRO, MONEDA, LINEA, ORDINAL, CP, NUMERO, FORMULA)
VALUES (0, 400017, -1, 117, 108, ''C'', 1, ''97'')


INSERT INTO ESQUEMACAMPO (PROCESO, RUBRO, MONEDA, LINEA, ORDINAL, CP, NUMERO, FORMULA)
VALUES (0, 400018, -1, 116, 101, ''C'', 2, ''0'')


INSERT INTO ESQUEMACAMPO (PROCESO, RUBRO, MONEDA, LINEA, ORDINAL, CP, NUMERO, FORMULA)
VALUES (0, 400018, -1, 116, 102, ''C'', 5, ''C6326'')


INSERT INTO ESQUEMACAMPO (PROCESO, RUBRO, MONEDA, LINEA, ORDINAL, CP, NUMERO, FORMULA)
VALUES (0, 400018, -1, 116, 104, ''C'', 7, ''0'')


INSERT INTO ESQUEMACAMPO (PROCESO, RUBRO, MONEDA, LINEA, ORDINAL, CP, NUMERO, FORMULA)
VALUES (0, 400018, -1, 116, 105, ''C'', 8, ''0'')


INSERT INTO ESQUEMACAMPO (PROCESO, RUBRO, MONEDA, LINEA, ORDINAL, CP, NUMERO, FORMULA)
VALUES (0, 400018, -1, 116, 107, ''C'', 6, ''0'')


INSERT INTO ESQUEMACAMPO (PROCESO, RUBRO, MONEDA, LINEA, ORDINAL, CP, NUMERO, FORMULA)
VALUES (0, 400018, -1, 116, 108, ''C'', 1, ''97'')


INSERT INTO ESQUEMACAMPO (PROCESO, RUBRO, MONEDA, LINEA, ORDINAL, CP, NUMERO, FORMULA)
VALUES (0, 400018, -1, 117, 101, ''C'', 2, ''0'')


INSERT INTO ESQUEMACAMPO (PROCESO, RUBRO, MONEDA, LINEA, ORDINAL, CP, NUMERO, FORMULA)
VALUES (0, 400018, -1, 117, 102, ''C'', 5, ''C6326'')


INSERT INTO ESQUEMACAMPO (PROCESO, RUBRO, MONEDA, LINEA, ORDINAL, CP, NUMERO, FORMULA)
VALUES (0, 400018, -1, 117, 104, ''C'', 7, ''0'')


INSERT INTO ESQUEMACAMPO (PROCESO, RUBRO, MONEDA, LINEA, ORDINAL, CP, NUMERO, FORMULA)
VALUES (0, 400018, -1, 117, 105, ''C'', 8, ''0'')


INSERT INTO ESQUEMACAMPO (PROCESO, RUBRO, MONEDA, LINEA, ORDINAL, CP, NUMERO, FORMULA)
VALUES (0, 400018, -1, 117, 107, ''C'', 6, ''0'')


INSERT INTO ESQUEMACAMPO (PROCESO, RUBRO, MONEDA, LINEA, ORDINAL, CP, NUMERO, FORMULA)
VALUES (0, 400018, -1, 117, 108, ''C'', 1, ''97'')


INSERT INTO ESQUEMACAMPO (PROCESO, RUBRO, MONEDA, LINEA, ORDINAL, CP, NUMERO, FORMULA)
VALUES (0, 400070, -1, 116, 101, ''C'', 2, ''0'')


INSERT INTO ESQUEMACAMPO (PROCESO, RUBRO, MONEDA, LINEA, ORDINAL, CP, NUMERO, FORMULA)
VALUES (0, 400070, -1, 116, 102, ''C'', 5, ''C6326'')


INSERT INTO ESQUEMACAMPO (PROCESO, RUBRO, MONEDA, LINEA, ORDINAL, CP, NUMERO, FORMULA)
VALUES (0, 400070, -1, 116, 104, ''C'', 7, ''0'')


INSERT INTO ESQUEMACAMPO (PROCESO, RUBRO, MONEDA, LINEA, ORDINAL, CP, NUMERO, FORMULA)
VALUES (0, 400070, -1, 116, 105, ''C'', 8, ''0'')


INSERT INTO ESQUEMACAMPO (PROCESO, RUBRO, MONEDA, LINEA, ORDINAL, CP, NUMERO, FORMULA)
VALUES (0, 400070, -1, 116, 107, ''C'', 6, ''0'')


INSERT INTO ESQUEMACAMPO (PROCESO, RUBRO, MONEDA, LINEA, ORDINAL, CP, NUMERO, FORMULA)
VALUES (0, 400070, -1, 116, 108, ''C'', 1, ''97'')


INSERT INTO ESQUEMACAMPO (PROCESO, RUBRO, MONEDA, LINEA, ORDINAL, CP, NUMERO, FORMULA)
VALUES (0, 400070, -1, 117, 101, ''C'', 2, ''0'')


INSERT INTO ESQUEMACAMPO (PROCESO, RUBRO, MONEDA, LINEA, ORDINAL, CP, NUMERO, FORMULA)
VALUES (0, 400070, -1, 117, 102, ''C'', 5, ''C6326'')

INSERT INTO ESQUEMACAMPO (PROCESO, RUBRO, MONEDA, LINEA, ORDINAL, CP, NUMERO, FORMULA)
VALUES (0, 400070, -1, 117, 104, ''C'', 7, ''0'')


INSERT INTO ESQUEMACAMPO (PROCESO, RUBRO, MONEDA, LINEA, ORDINAL, CP, NUMERO, FORMULA)
VALUES (0, 400070, -1, 117, 105, ''C'', 8, ''0'')


INSERT INTO ESQUEMACAMPO (PROCESO, RUBRO, MONEDA, LINEA, ORDINAL, CP, NUMERO, FORMULA)
VALUES (0, 400070, -1, 117, 107, ''C'', 6, ''0'')


INSERT INTO ESQUEMACAMPO (PROCESO, RUBRO, MONEDA, LINEA, ORDINAL, CP, NUMERO, FORMULA)
VALUES (0, 400070, -1, 117, 108, ''C'', 1, ''97'')
')
