EXECUTE('
----
DELETE FROM dbo.OPERACIONES
WHERE TITULO = 4600
----
')
EXECUTE('
---------------
--OPERACIONES--
---------------
INSERT INTO dbo.OPERACIONES (TITULO, IDENTIFICACION, NOMBRE, DESCRIPCION, MNEMOTECNICO, AUTORIZACION, FORMULARIOPRINCIPAL, PROXOPERACION, ESTADO, TZ_LOCK, COPIAS, SUBOPERACION, PERMITEBAJA, COMPORTAMIENTOENCIERRE, REQUIERECONTRASENA, PERMITECONCURRENTE, PERMITEESTADODIFERIDO, ICONO_TITULO, ESTILO)
VALUES (4600, 0, ''- FUNC. GENERALES - Altas Masivas'', NULL, ''0'', NULL, NULL, NULL, NULL, 0, NULL, NULL, NULL, NULL, NULL, ''N'', ''N'', NULL, 0)
--
INSERT INTO dbo.OPERACIONES (TITULO, IDENTIFICACION, NOMBRE, DESCRIPCION, MNEMOTECNICO, AUTORIZACION, FORMULARIOPRINCIPAL, PROXOPERACION, ESTADO, TZ_LOCK, COPIAS, SUBOPERACION, PERMITEBAJA, COMPORTAMIENTOENCIERRE, REQUIERECONTRASENA, PERMITECONCURRENTE, PERMITEESTADODIFERIDO, ICONO_TITULO, ESTILO)
VALUES (4600, 4600, ''ABMC Valores por default en General'', ''ABMC Valores por default en General'', ''4600'', ''N'', 0, 0, ''P'', 0, 0, 0, ''S'', ''N'', ''N'', ''N'', ''N'', NULL, 0)
--
INSERT INTO dbo.OPERACIONES (TITULO, IDENTIFICACION, NOMBRE, DESCRIPCION, MNEMOTECNICO, AUTORIZACION, FORMULARIOPRINCIPAL, PROXOPERACION, ESTADO, TZ_LOCK, COPIAS, SUBOPERACION, PERMITEBAJA, COMPORTAMIENTOENCIERRE, REQUIERECONTRASENA, PERMITECONCURRENTE, PERMITEESTADODIFERIDO, ICONO_TITULO, ESTILO)
VALUES (4600, 4601, ''ABMC de Acciones por Convenios'', ''ABMC de Acciones por Convenios'', ''4601'', ''N'', 0, 0, ''P'', 0, 0, 0, ''S'', ''N'', ''N'', ''N'', ''N'', NULL, 0)
--
INSERT INTO dbo.OPERACIONES (TITULO, IDENTIFICACION, NOMBRE, DESCRIPCION, MNEMOTECNICO, AUTORIZACION, FORMULARIOPRINCIPAL, PROXOPERACION, ESTADO, TZ_LOCK, COPIAS, SUBOPERACION, PERMITEBAJA, COMPORTAMIENTOENCIERRE, REQUIERECONTRASENA, PERMITECONCURRENTE, PERMITEESTADODIFERIDO, ICONO_TITULO, ESTILO)
VALUES (4600, 4602, ''Alta Masiva '', ''Alta Masiva'', ''4602'', ''N'', 0, 0, ''P'', 0, 0, 0, ''S'', ''N'', ''N'', ''N'', ''N'', NULL, 0)
--
INSERT INTO dbo.OPERACIONES (TITULO, IDENTIFICACION, NOMBRE, DESCRIPCION, MNEMOTECNICO, AUTORIZACION, FORMULARIOPRINCIPAL, PROXOPERACION, ESTADO, TZ_LOCK, COPIAS, SUBOPERACION, PERMITEBAJA, COMPORTAMIENTOENCIERRE, REQUIERECONTRASENA, PERMITECONCURRENTE, PERMITEESTADODIFERIDO, ICONO_TITULO, ESTILO)
VALUES (4600, 4603, ''Reporte Bandeja De Salida Masivo '', ''Reporte Bandeja De Salida Masivo '', ''4603'', ''N'', NULL, NULL, ''P'', 0, NULL, 0, ''S'', ''N'', ''N'', ''N'', ''N'', NULL, 0)
--
INSERT INTO dbo.OPERACIONES (TITULO, IDENTIFICACION, NOMBRE, DESCRIPCION, MNEMOTECNICO, AUTORIZACION, FORMULARIOPRINCIPAL, PROXOPERACION, ESTADO, TZ_LOCK, COPIAS, SUBOPERACION, PERMITEBAJA, COMPORTAMIENTOENCIERRE, REQUIERECONTRASENA, PERMITECONCURRENTE, PERMITEESTADODIFERIDO, ICONO_TITULO, ESTILO)
VALUES (4600, 4604, ''Proceso de Altas Masivas'', ''Proceso de Altas Masivas'', ''4604'', ''N'', NULL, NULL, ''P'', 0, NULL, 0, ''S'', ''N'', ''N'', ''N'', ''N'', NULL, 0)
------------
--REPORTES--
------------
INSERT INTO dbo.REPORTES (TITULO, IDENTIFICACION, DESCRIPCION, TIPO, BIGREPORT, TIPOSALIDA, GENERAREPORTE, GENERAONLINEREPORTE, GRUPO_REIMPRESION, EJ_DE_OPERACION)
VALUES (4001, 0, ''FUNCIONALIDADES GENERALES '', NULL, 0, NULL, 0, 0, 0, ''N'')
--
INSERT INTO dbo.REPORTES (TITULO, IDENTIFICACION, DESCRIPCION, TIPO, BIGREPORT, TIPOSALIDA, GENERAREPORTE, GENERAONLINEREPORTE, GRUPO_REIMPRESION, EJ_DE_OPERACION)
VALUES (4001, 4002, ''Rep. Bandeja de Salida Masivo'', ''J'', 0, NULL, 0, 0, 0, ''N'')
----
INSERT INTO dbo.REPORTESJASPER (IDENTIFICACION, DESTINO, DATAQUERY, COMPILADO, FORCE, SELECTIVEDESTINATION)
VALUES (4002, 1, NULL, 0, 0, 1)
---------------------------
--OTROS CAMPOS Y OPCIONES--
---------------------------
INSERT INTO dbo.PARAMETROSGENERALES (CODIGO, DESCRIPCION, ALFA, NUMERICO, FECHA, IMPORTE, TASA, TZ_LOCK)
VALUES (150, ''Conv.Adm.Púb.Prov. e INSSSEP'', NULL, 1, NULL, 2, 0, 0)
----
INSERT INTO dbo.DICCIONARIO (NUMERODECAMPO, USODELCAMPO, REFERENCIA, DESCRIPCION, PROMPT, LARGO, TIPODECAMPO, DECIMALES, EDICION, CONTABILIZA, CONCEPTO, CALCULO, VALIDACION, TABLADEVALIDACION, TABLADEAYUDA, OPCIONES, TABLA, CAMPO, BASICO, MASCARA)
VALUES (40137, '' '', 0, ''Estado '', ''Estado'', 1, ''A'', 0, NULL, 0, 0, 0, 0, 0, 0, 1, 0, ''Estado'', 0, NULL)
--
INSERT INTO dbo.DICCIONARIO (NUMERODECAMPO, USODELCAMPO, REFERENCIA, DESCRIPCION, PROMPT, LARGO, TIPODECAMPO, DECIMALES, EDICION, CONTABILIZA, CONCEPTO, CALCULO, VALIDACION, TABLADEVALIDACION, TABLADEAYUDA, OPCIONES, TABLA, CAMPO, BASICO, MASCARA)
VALUES (40138, '' '', 0, ''Accion '', ''Accion '', 2, ''N'', 0, NULL, 0, 0, 0, 0, 0, 0, 1, 0, ''Accion '', 0, NULL)
--
INSERT INTO dbo.DICCIONARIO (NUMERODECAMPO, USODELCAMPO, REFERENCIA, DESCRIPCION, PROMPT, LARGO, TIPODECAMPO, DECIMALES, EDICION, CONTABILIZA, CONCEPTO, CALCULO, VALIDACION, TABLADEVALIDACION, TABLADEAYUDA, OPCIONES, TABLA, CAMPO, BASICO, MASCARA)
VALUES (40141, '' '', 0, ''Origen Altas Masivas'', ''Origen Altas Masivas'', 2, ''A'', 0, NULL, 0, 0, 0, 0, 0, 0, 1, 0, ''C40141'', 0, NULL)
--
INSERT INTO dbo.DICCIONARIO (NUMERODECAMPO, USODELCAMPO, REFERENCIA, DESCRIPCION, PROMPT, LARGO, TIPODECAMPO, DECIMALES, EDICION, CONTABILIZA, CONCEPTO, CALCULO, VALIDACION, TABLADEVALIDACION, TABLADEAYUDA, OPCIONES, TABLA, CAMPO, BASICO, MASCARA)
VALUES (40142, '' '', 0, ''Ayuda Profesión'', ''Profesión'', 3, ''A'', 0, NULL, 0, 0, 0, 0, 0, 291, 0, 0, ''C40142'', 0, NULL)
--
INSERT INTO dbo.DICCIONARIO (NUMERODECAMPO, USODELCAMPO, REFERENCIA, DESCRIPCION, PROMPT, LARGO, TIPODECAMPO, DECIMALES, EDICION, CONTABILIZA, CONCEPTO, CALCULO, VALIDACION, TABLADEVALIDACION, TABLADEAYUDA, OPCIONES, TABLA, CAMPO, BASICO, MASCARA)
VALUES (40167, '' '', 0, ''Convenios MA'', ''Convenios MA'', 1, ''N'', 0, NULL, 0, 0, 0, 0, 0, 0, 1, 0, ''Convenios MA'', 0, NULL)
----
INSERT INTO dbo.OPCIONES (NUMERODECAMPO, IDIOMA, DESCRIPCION, OPCIONINTERNA, OPCIONDEPANTALLA)
VALUES (40137, ''E'', ''Ambas'', ''A'', ''A'')
--
INSERT INTO dbo.OPCIONES (NUMERODECAMPO, IDIOMA, DESCRIPCION, OPCIONINTERNA, OPCIONDEPANTALLA)
VALUES (40137, ''E'', ''Error'', ''E'', ''E'')
--
INSERT INTO dbo.OPCIONES (NUMERODECAMPO, IDIOMA, DESCRIPCION, OPCIONINTERNA, OPCIONDEPANTALLA)
VALUES (40137, ''E'', ''Ok'', ''O'', ''O'')
--
INSERT INTO dbo.OPCIONES (NUMERODECAMPO, IDIOMA, DESCRIPCION, OPCIONINTERNA, OPCIONDEPANTALLA)
VALUES (40138, ''E'', ''Todas'', ''0'', ''0'')
--
INSERT INTO dbo.OPCIONES (NUMERODECAMPO, IDIOMA, DESCRIPCION, OPCIONINTERNA, OPCIONDEPANTALLA)
VALUES (40138, ''E'', ''Alta Beneficio/Titular'', ''1'', ''1'')
--
INSERT INTO dbo.OPCIONES (NUMERODECAMPO, IDIOMA, DESCRIPCION, OPCIONINTERNA, OPCIONDEPANTALLA)
VALUES (40138, ''E'', ''Alta Apoderado Beneficio'', ''2'', ''2'')
--
INSERT INTO dbo.OPCIONES (NUMERODECAMPO, IDIOMA, DESCRIPCION, OPCIONINTERNA, OPCIONDEPANTALLA)
VALUES (40138, ''E'', ''Cambio de Apoderado'', ''3'', ''3'')
--
INSERT INTO dbo.OPCIONES (NUMERODECAMPO, IDIOMA, DESCRIPCION, OPCIONINTERNA, OPCIONDEPANTALLA)
VALUES (40141, ''E'', ''Anses'', ''AN'', ''AN'')
--
INSERT INTO dbo.OPCIONES (NUMERODECAMPO, IDIOMA, DESCRIPCION, OPCIONINTERNA, OPCIONDEPANTALLA)
VALUES (40141, ''E'', ''Convenio Privado'', ''CP'', ''CP'')
--
INSERT INTO dbo.OPCIONES (NUMERODECAMPO, IDIOMA, DESCRIPCION, OPCIONINTERNA, OPCIONDEPANTALLA)
VALUES (40141, ''E'', ''Online Banking'', ''OB'', ''OB'')
--
INSERT INTO dbo.OPCIONES (NUMERODECAMPO, IDIOMA, DESCRIPCION, OPCIONINTERNA, OPCIONDEPANTALLA)
VALUES (40167, ''E'', ''Todos'', ''0'', ''0'')
--
INSERT INTO dbo.OPCIONES (NUMERODECAMPO, IDIOMA, DESCRIPCION, OPCIONINTERNA, OPCIONDEPANTALLA)
VALUES (40167, ''E'', ''Seleccionar Convenio'', ''1'', ''1'')
----
')
