execute ('

INSERT INTO dbo.DICCIONARIO (NUMERODECAMPO, USODELCAMPO, REFERENCIA, DESCRIPCION, PROMPT, LARGO, TIPODECAMPO, DECIMALES, EDICION, CONTABILIZA, CONCEPTO, CALCULO, VALIDACION, TABLADEVALIDACION, TABLADEAYUDA, OPCIONES, TABLA, CAMPO, BASICO, MASCARA)
VALUES (37320, '' '', 0, ''Grupo de Datos a Modificar'', ''Datos a Modificar'', 2, ''N'', 0, NULL, 0, 0, 0, 0, 0, 0, 1, 0, NULL, 0, NULL)


INSERT INTO dbo.OPCIONES (NUMERODECAMPO, IDIOMA, DESCRIPCION, OPCIONINTERNA, OPCIONDEPANTALLA)
VALUES (37320, ''E'', ''IDENTIFICACIÓN Y GESTIÓN'', ''1'', ''1'')


INSERT INTO dbo.OPCIONES (NUMERODECAMPO, IDIOMA, DESCRIPCION, OPCIONINTERNA, OPCIONDEPANTALLA)
VALUES (37320, ''E'', ''FILIATORIOS'', ''2'', ''2'')


INSERT INTO dbo.OPCIONES (NUMERODECAMPO, IDIOMA, DESCRIPCION, OPCIONINTERNA, OPCIONDEPANTALLA)
VALUES (37320, ''E'', ''DIRECCIONES'', ''3'', ''3'')


INSERT INTO dbo.OPCIONES (NUMERODECAMPO, IDIOMA, DESCRIPCION, OPCIONINTERNA, OPCIONDEPANTALLA)
VALUES (37320, ''E'', ''ACTIVIDAD ECONÓMICA'', ''4'', ''4'')


INSERT INTO dbo.OPCIONES (NUMERODECAMPO, IDIOMA, DESCRIPCION, OPCIONINTERNA, OPCIONDEPANTALLA)
VALUES (37320, ''E'', ''CUMPLIMIENTO Y RIESGOS'', ''5'', ''5'')


----
INSERT INTO dbo.OPERACIONES (TITULO, IDENTIFICACION, NOMBRE, DESCRIPCION, MNEMOTECNICO, AUTORIZACION, FORMULARIOPRINCIPAL, PROXOPERACION, ESTADO, TZ_LOCK, COPIAS, SUBOPERACION, PERMITEBAJA, COMPORTAMIENTOENCIERRE, REQUIERECONTRASENA, PERMITECONCURRENTE, PERMITEESTADODIFERIDO, ICONO_TITULO, ESTILO)
VALUES (1000, 300, ''Inhabilitacion de personas-clientes'', ''Inhabilitacion de personas-clientes'', ''300'', ''N'', NULL, NULL, ''P'', 0, NULL, 1, ''S'', ''N'', ''N'', ''S'', ''S'', NULL, NULL)


INSERT INTO dbo.OPERACIONES (TITULO, IDENTIFICACION, NOMBRE, DESCRIPCION, MNEMOTECNICO, AUTORIZACION, FORMULARIOPRINCIPAL, PROXOPERACION, ESTADO, TZ_LOCK, COPIAS, SUBOPERACION, PERMITEBAJA, COMPORTAMIENTOENCIERRE, REQUIERECONTRASENA, PERMITECONCURRENTE, PERMITEESTADODIFERIDO, ICONO_TITULO, ESTILO)
VALUES (1000, 400, ''Habilitacion de personas-clientes'', ''Habilitacion de personas-clientes'', ''400'', ''N'', NULL, NULL, ''P'', 0, NULL, 1, ''S'', ''N'', ''N'', ''S'', ''S'', NULL, NULL)


----
INSERT INTO dbo.DICCIONARIO (NUMERODECAMPO, USODELCAMPO, REFERENCIA, DESCRIPCION, PROMPT, LARGO, TIPODECAMPO, DECIMALES, EDICION, CONTABILIZA, CONCEPTO, CALCULO, VALIDACION, TABLADEVALIDACION, TABLADEAYUDA, OPCIONES, TABLA, CAMPO, BASICO, MASCARA)
VALUES (37349, '' '', 0, ''Numero Persona Humana'', ''Numero Persona Humana'', 12, ''N'', 0, NULL, 0, 0, 0, 0, 0, 0, 0, 0, ''NROPERSONAHUMANA'', 0, NULL)


INSERT INTO dbo.DICCIONARIO (NUMERODECAMPO, USODELCAMPO, REFERENCIA, DESCRIPCION, PROMPT, LARGO, TIPODECAMPO, DECIMALES, EDICION, CONTABILIZA, CONCEPTO, CALCULO, VALIDACION, TABLADEVALIDACION, TABLADEAYUDA, OPCIONES, TABLA, CAMPO, BASICO, MASCARA)
VALUES (37350, '' '', 0, ''NOMBRE_PERSONA'', ''NOMBRE_PERSONA'', 100, ''A'', 0, NULL, 0, 0, 0, 0, 0, 0, 0, 0, ''NOMBRE_PERSONA'', 0, NULL)


INSERT INTO dbo.DICCIONARIO (NUMERODECAMPO, USODELCAMPO, REFERENCIA, DESCRIPCION, PROMPT, LARGO, TIPODECAMPO, DECIMALES, EDICION, CONTABILIZA, CONCEPTO, CALCULO, VALIDACION, TABLADEVALIDACION, TABLADEAYUDA, OPCIONES, TABLA, CAMPO, BASICO, MASCARA)
VALUES (37351, '' '', 0, ''Estado'', ''Estado'', 1, ''N'', 0, NULL, 0, 0, 0, 0, 0, 0, 1, 0, ''ESTADO'', 0, NULL)


INSERT INTO dbo.DICCIONARIO (NUMERODECAMPO, USODELCAMPO, REFERENCIA, DESCRIPCION, PROMPT, LARGO, TIPODECAMPO, DECIMALES, EDICION, CONTABILIZA, CONCEPTO, CALCULO, VALIDACION, TABLADEVALIDACION, TABLADEAYUDA, OPCIONES, TABLA, CAMPO, BASICO, MASCARA)
VALUES (37352, '' '', 0, ''Motivo Inhabilitado'', ''Motivo Inhabilitado'', 2, ''N'', 0, NULL, 0, 0, 0, 0, 0, 0, 1, 0, ''MOTIVO_INHABILITADO'', 0, NULL)

INSERT INTO dbo.DICCIONARIO (NUMERODECAMPO, USODELCAMPO, REFERENCIA, DESCRIPCION, PROMPT, LARGO, TIPODECAMPO, DECIMALES, EDICION, CONTABILIZA, CONCEPTO, CALCULO, VALIDACION, TABLADEVALIDACION, TABLADEAYUDA, OPCIONES, TABLA, CAMPO, BASICO, MASCARA)
VALUES (37353, NULL, NULL, ''Tipo Persona'', ''Tipo Persona'', 1, ''A'', 0, NULL, 0, 0, NULL, NULL, NULL, NULL, 1, 0, ''TIPOPERSONA'', 0, NULL)


INSERT INTO dbo.DICCIONARIO (NUMERODECAMPO, USODELCAMPO, REFERENCIA, DESCRIPCION, PROMPT, LARGO, TIPODECAMPO, DECIMALES, EDICION, CONTABILIZA, CONCEPTO, CALCULO, VALIDACION, TABLADEVALIDACION, TABLADEAYUDA, OPCIONES, TABLA, CAMPO, BASICO, MASCARA)
VALUES (37357, '' '', 0, ''Estado Conyuge'', ''Estado Conyuge'', 1, ''N'', 0, NULL, 0, 0, 0, 0, 0, 0, 1, 0, ''ESTADO_CONYUGE'', 0, NULL)


INSERT INTO dbo.DICCIONARIO (NUMERODECAMPO, USODELCAMPO, REFERENCIA, DESCRIPCION, PROMPT, LARGO, TIPODECAMPO, DECIMALES, EDICION, CONTABILIZA, CONCEPTO, CALCULO, VALIDACION, TABLADEVALIDACION, TABLADEAYUDA, OPCIONES, TABLA, CAMPO, BASICO, MASCARA)
VALUES (37358, '' '', 0, ''Motivo Inhabilitado Conyuge'', ''Motivo InhabilitadoConyuge'', 2, ''N'', 0, NULL, 0, 0, 0, 0, 0, 0, 1, 0, ''MOTIVO_INHABILITADO_CONY'', 0, NULL)

------

INSERT INTO dbo.DICCIONARIO (NUMERODECAMPO, USODELCAMPO, REFERENCIA, DESCRIPCION, PROMPT, LARGO, TIPODECAMPO, DECIMALES, EDICION, CONTABILIZA, CONCEPTO, CALCULO, VALIDACION, TABLADEVALIDACION, TABLADEAYUDA, OPCIONES, TABLA, CAMPO, BASICO, MASCARA)
VALUES (37354, NULL, 0, ''Motivo Inhabilitado'', ''Motivo Inhabilitado'', 2, ''N'', 0, NULL, 0, 0, 0, 0, 0, 0, 0, 3332, ''MOTIVO_INHABILITADO'', 0, NULL)

ALTER TABLE BITACORA_CLIENTES ADD MOTIVO_INHABILITADO NUMERIC (2) NULL

--------

INSERT INTO dbo.DICCIONARIO (NUMERODECAMPO, USODELCAMPO, REFERENCIA, DESCRIPCION, PROMPT, LARGO, TIPODECAMPO, DECIMALES, EDICION, CONTABILIZA, CONCEPTO, CALCULO, VALIDACION, TABLADEVALIDACION, TABLADEAYUDA, OPCIONES, TABLA, CAMPO, BASICO, MASCARA)
VALUES (37355, NULL, 0, ''IdEntidad ClienteSaldo'', ''IdEntidad ClienteSaldo'', 50, ''A'', 0, NULL, 0, 0, 0, 0, 0, 0, 0, 269, ''ID_CLIENTE_SALDO'', 0, NULL)

ALTER TABLE PYF_APODERADOS ADD ID_CLIENTE_SALDO VARCHAR (50) DEFAULT ('' '') NULL


------

INSERT INTO dbo.DICCIONARIO (NUMERODECAMPO, USODELCAMPO, REFERENCIA, DESCRIPCION, PROMPT, LARGO, TIPODECAMPO, DECIMALES, EDICION, CONTABILIZA, CONCEPTO, CALCULO, VALIDACION, TABLADEVALIDACION, TABLADEAYUDA, OPCIONES, TABLA, CAMPO, BASICO, MASCARA)
VALUES (37356, NULL, 0, ''IdEntidad ClienteSaldo'', ''IdEntidad ClienteSaldo'', 50, ''A'', 0, NULL, 0, 0, 0, 0, 0, 0, 0, 3337, ''ID_CLIENTE_SALDO'', 0, NULL)

ALTER TABLE BITACORA_APODERADOS ADD ID_CLIENTE_SALDO VARCHAR (50) DEFAULT ('' '') NULL

-------

INSERT INTO dbo.OPERACIONES (TITULO, IDENTIFICACION, NOMBRE, DESCRIPCION, MNEMOTECNICO, AUTORIZACION, FORMULARIOPRINCIPAL, PROXOPERACION, ESTADO, TZ_LOCK, COPIAS, SUBOPERACION, PERMITEBAJA, COMPORTAMIENTOENCIERRE, REQUIERECONTRASENA, PERMITECONCURRENTE, PERMITEESTADODIFERIDO, ICONO_TITULO, ESTILO)
VALUES (1000, 93, ''Mantenimiento de estados Per/Client Centralizadora'', ''Mantenimiento de estados Personas/Clientes Central'', ''93'', ''A'', NULL, NULL, ''P'', 0, NULL, 0, ''N'', ''N'', ''N'', ''S'', ''N'', NULL, 0)


INSERT INTO dbo.OPERACIONES (TITULO, IDENTIFICACION, NOMBRE, DESCRIPCION, MNEMOTECNICO, AUTORIZACION, FORMULARIOPRINCIPAL, PROXOPERACION, ESTADO, TZ_LOCK, COPIAS, SUBOPERACION, PERMITEBAJA, COMPORTAMIENTOENCIERRE, REQUIERECONTRASENA, PERMITECONCURRENTE, PERMITEESTADODIFERIDO, ICONO_TITULO, ESTILO)
VALUES (1000, 95, ''Mantenimiento de estados Per/Client PLAyFT'', ''Mantenimiento de estados Personas/Clientes PLAyFT'', ''95'', ''A'', NULL, NULL, ''P'', 0, NULL, 0, ''N'', ''N'', ''N'', ''S'', ''N'', NULL, 0)



-------
INSERT INTO dbo.DICCIONARIO (NUMERODECAMPO, USODELCAMPO, REFERENCIA, DESCRIPCION, PROMPT, LARGO, TIPODECAMPO, DECIMALES, EDICION, CONTABILIZA, CONCEPTO, CALCULO, VALIDACION, TABLADEVALIDACION, TABLADEAYUDA, OPCIONES, TABLA, CAMPO, BASICO, MASCARA)
VALUES (37006, '' '', 0, ''Opciones Centralizadora Per/Cli'', ''Operaciones'', 1, ''N'', 0, NULL, 0, 0, 0, 0, 0, 0, 1, 0, NULL, 0, NULL)


INSERT INTO dbo.OPCIONES (NUMERODECAMPO, IDIOMA, DESCRIPCION, OPCIONINTERNA, OPCIONDEPANTALLA)
VALUES (37006, ''E'', ''Baja de Personas Humanas'', ''1'', ''1'')


INSERT INTO dbo.OPCIONES (NUMERODECAMPO, IDIOMA, DESCRIPCION, OPCIONINTERNA, OPCIONDEPANTALLA)
VALUES (37006, ''E'', ''Baja de Personas Jurídicas'', ''2'', ''2'')


INSERT INTO dbo.OPCIONES (NUMERODECAMPO, IDIOMA, DESCRIPCION, OPCIONINTERNA, OPCIONDEPANTALLA)
VALUES (37006, ''E'', ''Habilitación de Personas Humanas'', ''3'', ''3'')


INSERT INTO dbo.OPCIONES (NUMERODECAMPO, IDIOMA, DESCRIPCION, OPCIONINTERNA, OPCIONDEPANTALLA)
VALUES (37006, ''E'', ''Habilitación de Personas Jurídicas'', ''4'', ''4'')


INSERT INTO dbo.OPCIONES (NUMERODECAMPO, IDIOMA, DESCRIPCION, OPCIONINTERNA, OPCIONDEPANTALLA)
VALUES (37006, ''E'', ''Baja de Clientes'', ''5'', ''5'')


INSERT INTO dbo.OPCIONES (NUMERODECAMPO, IDIOMA, DESCRIPCION, OPCIONINTERNA, OPCIONDEPANTALLA)
VALUES (37006, ''E'', ''Habilitación de Clientes'', ''6'', ''6'')



')