execute('INSERT INTO dbo.OPERACIONES (TITULO, IDENTIFICACION, NOMBRE, DESCRIPCION, MNEMOTECNICO, AUTORIZACION, FORMULARIOPRINCIPAL, PROXOPERACION, ESTADO, TZ_LOCK, COPIAS, SUBOPERACION, PERMITEBAJA, COMPORTAMIENTOENCIERRE, REQUIERECONTRASENA, PERMITECONCURRENTE, PERMITEESTADODIFERIDO, ICONO_TITULO, ESTILO)VALUES (6800, 8800, ''ABMC Agencias Anses'', ''ABMC Agencias Anses'', ''8800'', ''N'', NULL, NULL, ''P'', 0, NULL, 0, ''S'', ''N'', ''N'', ''N'', ''S'', NULL, 0)INSERT INTO dbo.OPERACIONES (TITULO, IDENTIFICACION, NOMBRE, DESCRIPCION, MNEMOTECNICO, AUTORIZACION, FORMULARIOPRINCIPAL, PROXOPERACION, ESTADO, TZ_LOCK, COPIAS, SUBOPERACION, PERMITEBAJA, COMPORTAMIENTOENCIERRE, REQUIERECONTRASENA, PERMITECONCURRENTE, PERMITEESTADODIFERIDO, ICONO_TITULO, ESTILO)VALUES (6800, 8801, ''ABMC Tipo Doc Anses'', ''ABMC Tipo Doc Anses'', ''8801'', ''N'', NULL, NULL, ''P'', 0, NULL, 0, ''S'', ''N'', ''N'', ''N'', ''S'', NULL, 0)INSERT INTO dbo.OPERACIONES (TITULO, IDENTIFICACION, NOMBRE, DESCRIPCION, MNEMOTECNICO, AUTORIZACION, FORMULARIOPRINCIPAL, PROXOPERACION, ESTADO, TZ_LOCK, COPIAS, SUBOPERACION, PERMITEBAJA, COMPORTAMIENTOENCIERRE, REQUIERECONTRASENA, PERMITECONCURRENTE, PERMITEESTADODIFERIDO, ICONO_TITULO, ESTILO)VALUES (6800, 8802, ''ABMC Estado Civil Anses'', ''ABMC Estado Civil Anses'', ''8802'', ''N'', NULL, NULL, ''P'', 0, NULL, 0, ''S'', ''N'', ''N'', ''N'', ''S'', NULL, 0)INSERT INTO dbo.OPERACIONES (TITULO, IDENTIFICACION, NOMBRE, DESCRIPCION, MNEMOTECNICO, AUTORIZACION, FORMULARIOPRINCIPAL, PROXOPERACION, ESTADO, TZ_LOCK, COPIAS, SUBOPERACION, PERMITEBAJA, COMPORTAMIENTOENCIERRE, REQUIERECONTRASENA, PERMITECONCURRENTE, PERMITEESTADODIFERIDO, ICONO_TITULO, ESTILO)VALUES (6800, 8803, ''ABMC Cod Apoderado Anses'', ''ABMC Cod Apoderado Anses'', ''8803'', ''N'', NULL, NULL, ''P'', 0, NULL, 0, ''S'', ''N'', ''N'', ''N'', ''S'', NULL, 0)INSERT INTO dbo.OPERACIONES (TITULO, IDENTIFICACION, NOMBRE, DESCRIPCION, MNEMOTECNICO, AUTORIZACION, FORMULARIOPRINCIPAL, PROXOPERACION, ESTADO, TZ_LOCK, COPIAS, SUBOPERACION, PERMITEBAJA, COMPORTAMIENTOENCIERRE, REQUIERECONTRASENA, PERMITECONCURRENTE, PERMITEESTADODIFERIDO, ICONO_TITULO, ESTILO)VALUES (6800, 8804, ''ABMC Paises Anses'', ''ABMC Paises Anses'', ''8804'', ''N'', NULL, NULL, ''P'', 0, NULL, 0, ''S'', ''N'', ''N'', ''N'', ''S'', NULL, 0)INSERT INTO dbo.DESCRIPTORES (TITULO, IDENTIFICACION, TIPODEARCHIVO, DESCRIPCION, GRUPODELMAPA, NOMBREFISICO, TIPODEDBMS, LARGODELREGISTRO, INICIALIZACIONDELREGISTRO, BASE, SELECCION, ACEPTA_MOVS_DIFERIDO)VALUES (930, 1100, NULL, ''ITF_AM_ANSES_AGENCIAS'', 0, ''ITF_AM_ANSES_AGENCIAS'', ''D'', NULL, NULL, ''Top/Clientes'', NULL, ''N'')INSERT INTO dbo.DESCRIPTORES (TITULO, IDENTIFICACION, TIPODEARCHIVO, DESCRIPCION, GRUPODELMAPA, NOMBREFISICO, TIPODEDBMS, LARGODELREGISTRO, INICIALIZACIONDELREGISTRO, BASE, SELECCION, ACEPTA_MOVS_DIFERIDO)VALUES (930, 1101, NULL, ''ITF_AM_ANSES_TIPO_DOC'', 0, ''ITF_AM_ANSES_TIPO_DOC'', ''D'', NULL, NULL, ''Top/Clientes'', NULL, ''N'')INSERT INTO dbo.DESCRIPTORES (TITULO, IDENTIFICACION, TIPODEARCHIVO, DESCRIPCION, GRUPODELMAPA, NOMBREFISICO, TIPODEDBMS, LARGODELREGISTRO, INICIALIZACIONDELREGISTRO, BASE, SELECCION, ACEPTA_MOVS_DIFERIDO)VALUES (930, 1102, NULL, ''ITF_AM_ANSES_ESTADO_CIVIL'', 0, ''ITF_AM_ANSES_ESTADO_CIVIL'', ''D'', NULL, NULL, ''Top/Clientes'', NULL, ''N'')INSERT INTO dbo.DESCRIPTORES (TITULO, IDENTIFICACION, TIPODEARCHIVO, DESCRIPCION, GRUPODELMAPA, NOMBREFISICO, TIPODEDBMS, LARGODELREGISTRO, INICIALIZACIONDELREGISTRO, BASE, SELECCION, ACEPTA_MOVS_DIFERIDO)VALUES (930, 1103, NULL, ''ITF_AM_ANSES_COD_APODERADO'', 0, ''ITF_AM_ANSES_COD_APODERADO'', ''D'', NULL, NULL, ''Top/Clientes'', NULL, ''N'')INSERT INTO dbo.DESCRIPTORES (TITULO, IDENTIFICACION, TIPODEARCHIVO, DESCRIPCION, GRUPODELMAPA, NOMBREFISICO, TIPODEDBMS, LARGODELREGISTRO, INICIALIZACIONDELREGISTRO, BASE, SELECCION, ACEPTA_MOVS_DIFERIDO)VALUES (930, 1104, NULL, ''ITF_AM_ANSES_PAISES'', 0, ''ITF_AM_ANSES_PAISES'', ''D'', NULL, NULL, ''Top/Clientes'', NULL, ''N'')INSERT INTO dbo.DICCIONARIO (NUMERODECAMPO, USODELCAMPO, REFERENCIA, DESCRIPCION, PROMPT, LARGO, TIPODECAMPO, DECIMALES, EDICION, CONTABILIZA, CONCEPTO, CALCULO, VALIDACION, TABLADEVALIDACION, TABLADEAYUDA, OPCIONES, TABLA, CAMPO, BASICO, MASCARA)VALUES (25500, '' '', 0, ''Agencia anses'', ''Agencia'', 4, ''N'', 0, NULL, 0, 0, 0, 0, 0, 11001, 0, 1100, ''AGENCIA_ANSES'', 0, NULL)INSERT INTO dbo.DICCIONARIO (NUMERODECAMPO, USODELCAMPO, REFERENCIA, DESCRIPCION, PROMPT, LARGO, TIPODECAMPO, DECIMALES, EDICION, CONTABILIZA, CONCEPTO, CALCULO, VALIDACION, TABLADEVALIDACION, TABLADEAYUDA, OPCIONES, TABLA, CAMPO, BASICO, MASCARA)VALUES (25501, '' '', 0, ''Sucursal banco'', ''Sucursal banco'', 5, ''N'', 0, NULL, 0, 0, 0, 0, 0, 0, 0, 1100, ''SUCURSAL_BANCO'', 0, NULL)INSERT INTO dbo.DICCIONARIO (NUMERODECAMPO, USODELCAMPO, REFERENCIA, DESCRIPCION, PROMPT, LARGO, TIPODECAMPO, DECIMALES, EDICION, CONTABILIZA, CONCEPTO, CALCULO, VALIDACION, TABLADEVALIDACION, TABLADEAYUDA, OPCIONES, TABLA, CAMPO, BASICO, MASCARA)VALUES (25502, '' '', 0, ''Permite bancarisacion'', ''Permite bancarisacion'', 1, ''A'', 0, NULL, 0, 0, 0, 0, 0, 0, 1, 1100, ''PERMITE_BANCARISACION'', 0, NULL)INSERT INTO dbo.DICCIONARIO (NUMERODECAMPO, USODELCAMPO, REFERENCIA, DESCRIPCION, PROMPT, LARGO, TIPODECAMPO, DECIMALES, EDICION, CONTABILIZA, CONCEPTO, CALCULO, VALIDACION, TABLADEVALIDACION, TABLADEAYUDA, OPCIONES, TABLA, CAMPO, BASICO, MASCARA)VALUES (25503, '' '', 0, ''COD ANSES'', ''COD ANSES'', 5, ''N'', 0, NULL, 0, 0, 0, 0, 0, 11011, 0, 1101, ''COD_ANSES'', 0, NULL)INSERT INTO dbo.DICCIONARIO (NUMERODECAMPO, USODELCAMPO, REFERENCIA, DESCRIPCION, PROMPT, LARGO, TIPODECAMPO, DECIMALES, EDICION, CONTABILIZA, CONCEPTO, CALCULO, VALIDACION, TABLADEVALIDACION, TABLADEAYUDA, OPCIONES, TABLA, CAMPO, BASICO, MASCARA)VALUES (25504, '' '', 0, ''Descripcion'', ''Descripcion'', 20, ''A'', 0, NULL, 0, 0, 0, 0, 0, 0, 0, 1101, ''DESCRIPCION'', 0, NULL)INSERT INTO dbo.DICCIONARIO (NUMERODECAMPO, USODELCAMPO, REFERENCIA, DESCRIPCION, PROMPT, LARGO, TIPODECAMPO, DECIMALES, EDICION, CONTABILIZA, CONCEPTO, CALCULO, VALIDACION, TABLADEVALIDACION, TABLADEAYUDA, OPCIONES, TABLA, CAMPO, BASICO, MASCARA)VALUES (25505, '' '', 0, ''Tipo documento'', ''Tipo documento'', 4, ''A'', 0, NULL, 0, 0, 0, 0, 0, 332, 0, 1101, ''TIPO_DOC'', 0, NULL)INSERT INTO dbo.DICCIONARIO (NUMERODECAMPO, USODELCAMPO, REFERENCIA, DESCRIPCION, PROMPT, LARGO, TIPODECAMPO, DECIMALES, EDICION, CONTABILIZA, CONCEPTO, CALCULO, VALIDACION, TABLADEVALIDACION, TABLADEAYUDA, OPCIONES, TABLA, CAMPO, BASICO, MASCARA)VALUES (25506, '' '', 0, ''Codigo Anses'', ''Codigo Anses'', 5, ''N'', 0, NULL, 0, 0, 0, 0, 0, 11021, 0, 1102, ''COD_ANSES'', 0, NULL)INSERT INTO dbo.DICCIONARIO (NUMERODECAMPO, USODELCAMPO, REFERENCIA, DESCRIPCION, PROMPT, LARGO, TIPODECAMPO, DECIMALES, EDICION, CONTABILIZA, CONCEPTO, CALCULO, VALIDACION, TABLADEVALIDACION, TABLADEAYUDA, OPCIONES, TABLA, CAMPO, BASICO, MASCARA)VALUES (25507, '' '', 0, ''Desc Abreviada'', ''Desc Abreviada'', 20, ''A'', 0, NULL, 0, 0, 0, 0, 0, 0, 0, 1102, ''DESC_ABREVIADA'', 0, NULL)INSERT INTO dbo.DICCIONARIO (NUMERODECAMPO, USODELCAMPO, REFERENCIA, DESCRIPCION, PROMPT, LARGO, TIPODECAMPO, DECIMALES, EDICION, CONTABILIZA, CONCEPTO, CALCULO, VALIDACION, TABLADEVALIDACION, TABLADEAYUDA, OPCIONES, TABLA, CAMPO, BASICO, MASCARA)VALUES (25508, '' '', 0, ''Descripcion'', ''Descripcion'', 50, ''A'', 0, NULL, 0, 0, 0, 0, 0, 0, 0, 1102, ''DESCRIPCION'', 0, NULL)INSERT INTO dbo.DICCIONARIO (NUMERODECAMPO, USODELCAMPO, REFERENCIA, DESCRIPCION, PROMPT, LARGO, TIPODECAMPO, DECIMALES, EDICION, CONTABILIZA, CONCEPTO, CALCULO, VALIDACION, TABLADEVALIDACION, TABLADEAYUDA, OPCIONES, TABLA, CAMPO, BASICO, MASCARA)VALUES (25509, '' '', 0, ''Cod Estado Civil'', ''Cod Estado Civil'', 1, ''A'', 0, NULL, 0, 0, 0, 0, 0, 0, 1, 1102, ''COD_ESTADO_CIVIL'', 0, NULL)INSERT INTO dbo.DICCIONARIO (NUMERODECAMPO, USODELCAMPO, REFERENCIA, DESCRIPCION, PROMPT, LARGO, TIPODECAMPO, DECIMALES, EDICION, CONTABILIZA, CONCEPTO, CALCULO, VALIDACION, TABLADEVALIDACION, TABLADEAYUDA, OPCIONES, TABLA, CAMPO, BASICO, MASCARA)VALUES (25510, '' '', 0, ''Codigo Apoderamiento'', ''Codigo Apoderamiento'', 5, ''N'', 0, NULL, 0, 0, 0, 0, 0, 11031, 0, 1103, ''COD_APODERAMIENTO'', 0, NULL)INSERT INTO dbo.DICCIONARIO (NUMERODECAMPO, USODELCAMPO, REFERENCIA, DESCRIPCION, PROMPT, LARGO, TIPODECAMPO, DECIMALES, EDICION, CONTABILIZA, CONCEPTO, CALCULO, VALIDACION, TABLADEVALIDACION, TABLADEAYUDA, OPCIONES, TABLA, CAMPO, BASICO, MASCARA)VALUES (25511, '' '', 0, ''Desccripcion'', ''Desccripcion'', 20, ''A'', 0, NULL, 0, 0, 0, 0, 0, 0, 0, 1103, ''DESCRIPCION'', 0, NULL)INSERT INTO dbo.DICCIONARIO (NUMERODECAMPO, USODELCAMPO, REFERENCIA, DESCRIPCION, PROMPT, LARGO, TIPODECAMPO, DECIMALES, EDICION, CONTABILIZA, CONCEPTO, CALCULO, VALIDACION, TABLADEVALIDACION, TABLADEAYUDA, OPCIONES, TABLA, CAMPO, BASICO, MASCARA)VALUES (25512, '' '', 0, ''Codigo Anses'', ''Codigo Anses'', 3, ''N'', 0, NULL, 0, 0, 0, 0, 0, 11041, 0, 1104, ''COD_APODERAMIENTO'', 0, NULL)INSERT INTO dbo.DICCIONARIO (NUMERODECAMPO, USODELCAMPO, REFERENCIA, DESCRIPCION, PROMPT, LARGO, TIPODECAMPO, DECIMALES, EDICION, CONTABILIZA, CONCEPTO, CALCULO, VALIDACION, TABLADEVALIDACION, TABLADEAYUDA, OPCIONES, TABLA, CAMPO, BASICO, MASCARA)VALUES (25513, '' '', 0, ''Desc Abreviada'', ''Desc Abreviada'', 20, ''A'', 0, NULL, 0, 0, 0, 0, 0, 0, 0, 1104, ''DESC_ABREVIADA'', 0, NULL)INSERT INTO dbo.DICCIONARIO (NUMERODECAMPO, USODELCAMPO, REFERENCIA, DESCRIPCION, PROMPT, LARGO, TIPODECAMPO, DECIMALES, EDICION, CONTABILIZA, CONCEPTO, CALCULO, VALIDACION, TABLADEVALIDACION, TABLADEAYUDA, OPCIONES, TABLA, CAMPO, BASICO, MASCARA)VALUES (25514, '' '', 0, ''Descripcion'', ''Descripcion'', 50, ''A'', 0, NULL, 0, 0, 0, 0, 0, 0, 0, 1104, ''DESCRIPCION'', 0, NULL)INSERT INTO dbo.DICCIONARIO (NUMERODECAMPO, USODELCAMPO, REFERENCIA, DESCRIPCION, PROMPT, LARGO, TIPODECAMPO, DECIMALES, EDICION, CONTABILIZA, CONCEPTO, CALCULO, VALIDACION, TABLADEVALIDACION, TABLADEAYUDA, OPCIONES, TABLA, CAMPO, BASICO, MASCARA)VALUES (25515, '' '', 0, ''Codigo Pais'', ''Codigo Pais'', 5, ''N'', 0, NULL, 0, 0, 0, 0, 0, 561, 0, 1104, ''COD_PAIS'', 0, NULL)INSERT INTO dbo.DICCIONARIO (NUMERODECAMPO, USODELCAMPO, REFERENCIA, DESCRIPCION, PROMPT, LARGO, TIPODECAMPO, DECIMALES, EDICION, CONTABILIZA, CONCEPTO, CALCULO, VALIDACION, TABLADEVALIDACION, TABLADEAYUDA, OPCIONES, TABLA, CAMPO, BASICO, MASCARA)VALUES (25516, '' '', 0, ''Codigo Apoderamiento Topaz'', ''Codigo Apoderamiento Topaz'', 5, ''N'', 0, NULL, 0, 0, 0, 0, 0, 34032, 0, 1103, ''COD_APODERAMIENTO_TOPAZ'', 0, NULL)INSERT INTO dbo.INDICES (NUMERODEARCHIVO, NUMERODEINDICE, DESCRIPCION, CLAVESREPETIDAS, CAMPO1, CAMPO2, CAMPO3, CAMPO4, CAMPO5, CAMPO6, CAMPO7, CAMPO8, CAMPO9, CAMPO10, CAMPO11, CAMPO12, CAMPO13, CAMPO14, CAMPO15, CAMPO16, CAMPO17, CAMPO18, CAMPO19, CAMPO20)VALUES (1100, 1, NULL, 0, 25500, 25501, NULL, NULL, NULL, NULL, NULL, NULL, NULL, NULL, NULL, NULL, NULL, NULL, NULL, NULL, NULL, NULL, NULL, NULL)INSERT INTO dbo.INDICES (NUMERODEARCHIVO, NUMERODEINDICE, DESCRIPCION, CLAVESREPETIDAS, CAMPO1, CAMPO2, CAMPO3, CAMPO4, CAMPO5, CAMPO6, CAMPO7, CAMPO8, CAMPO9, CAMPO10, CAMPO11, CAMPO12, CAMPO13, CAMPO14, CAMPO15, CAMPO16, CAMPO17, CAMPO18, CAMPO19, CAMPO20)VALUES (1101, 1, NULL, 0, 25503, NULL, NULL, NULL, NULL, NULL, NULL, NULL, NULL, NULL, NULL, NULL, NULL, NULL, NULL, NULL, NULL, NULL, NULL, NULL)INSERT INTO dbo.INDICES (NUMERODEARCHIVO, NUMERODEINDICE, DESCRIPCION, CLAVESREPETIDAS, CAMPO1, CAMPO2, CAMPO3, CAMPO4, CAMPO5, CAMPO6, CAMPO7, CAMPO8, CAMPO9, CAMPO10, CAMPO11, CAMPO12, CAMPO13, CAMPO14, CAMPO15, CAMPO16, CAMPO17, CAMPO18, CAMPO19, CAMPO20)VALUES (1102, 1, NULL, 0, 25506, NULL, NULL, NULL, NULL, NULL, NULL, NULL, NULL, NULL, NULL, NULL, NULL, NULL, NULL, NULL, NULL, NULL, NULL, NULL)INSERT INTO dbo.INDICES (NUMERODEARCHIVO, NUMERODEINDICE, DESCRIPCION, CLAVESREPETIDAS, CAMPO1, CAMPO2, CAMPO3, CAMPO4, CAMPO5, CAMPO6, CAMPO7, CAMPO8, CAMPO9, CAMPO10, CAMPO11, CAMPO12, CAMPO13, CAMPO14, CAMPO15, CAMPO16, CAMPO17, CAMPO18, CAMPO19, CAMPO20)VALUES (1103, 1, NULL, 0, 25510, NULL, NULL, NULL, NULL, NULL, NULL, NULL, NULL, NULL, NULL, NULL, NULL, NULL, NULL, NULL, NULL, NULL, NULL, NULL)INSERT INTO dbo.INDICES (NUMERODEARCHIVO, NUMERODEINDICE, DESCRIPCION, CLAVESREPETIDAS, CAMPO1, CAMPO2, CAMPO3, CAMPO4, CAMPO5, CAMPO6, CAMPO7, CAMPO8, CAMPO9, CAMPO10, CAMPO11, CAMPO12, CAMPO13, CAMPO14, CAMPO15, CAMPO16, CAMPO17, CAMPO18, CAMPO19, CAMPO20)VALUES (1104, 1, NULL, 0, 25512, NULL, NULL, NULL, NULL, NULL, NULL, NULL, NULL, NULL, NULL, NULL, NULL, NULL, NULL, NULL, NULL, NULL, NULL, NULL)INSERT INTO dbo.AYUDAS (NUMERODEARCHIVO, NUMERODEAYUDA, DESCRIPCION, FILTRO, MOSTRARTODOS, CAMPOS, CAMPOSVISTA, BASEVISTA, NOMBREVISTA, AYUDAGRANDE)VALUES (1100, 11001, NULL, ''TZ_LOCK = 0'', 0, ''25500RO;25501RO;25502;'', NULL, NULL, NULL, 0)INSERT INTO dbo.AYUDAS (NUMERODEARCHIVO, NUMERODEAYUDA, DESCRIPCION, FILTRO, MOSTRARTODOS, CAMPOS, CAMPOSVISTA, BASEVISTA, NOMBREVISTA, AYUDAGRANDE)VALUES (1101, 11011, NULL, ''TZ_LOCK = 0'', 0, ''25503RO;25504O;25505;'', NULL, NULL, NULL, 0)INSERT INTO dbo.AYUDAS (NUMERODEARCHIVO, NUMERODEAYUDA, DESCRIPCION, FILTRO, MOSTRARTODOS, CAMPOS, CAMPOSVISTA, BASEVISTA, NOMBREVISTA, AYUDAGRANDE)VALUES (1102, 11021, NULL, ''TZ_LOCK = 0'', 0, ''25506RO;25507;25508;25509;'', NULL, NULL, NULL, 0)INSERT INTO dbo.AYUDAS (NUMERODEARCHIVO, NUMERODEAYUDA, DESCRIPCION, FILTRO, MOSTRARTODOS, CAMPOS, CAMPOSVISTA, BASEVISTA, NOMBREVISTA, AYUDAGRANDE)VALUES (1103, 11031, NULL, ''TZ_LOCK = 0'', 0, ''25510RO;25511;25516;'', NULL, NULL, NULL, 0)INSERT INTO dbo.AYUDAS (NUMERODEARCHIVO, NUMERODEAYUDA, DESCRIPCION, FILTRO, MOSTRARTODOS, CAMPOS, CAMPOSVISTA, BASEVISTA, NOMBREVISTA, AYUDAGRANDE)VALUES (1104, 11041, NULL, ''TZ_LOCK = 0'', 0, ''25512RO;25513;25514;25515;'', NULL, NULL, NULL, 0)INSERT INTO dbo.AYUDAS (NUMERODEARCHIVO, NUMERODEAYUDA, DESCRIPCION, FILTRO, MOSTRARTODOS, CAMPOS, CAMPOSVISTA, BASEVISTA, NOMBREVISTA, AYUDAGRANDE)VALUES (3403, 34032, ''Ay. Apoderamiento y Poderes'', '''', 0, ''34102R;34103;34104;'', NULL, NULL, NULL, 0)INSERT INTO dbo.OPCIONES (NUMERODECAMPO, IDIOMA, DESCRIPCION, OPCIONINTERNA, OPCIONDEPANTALLA)VALUES (25502, ''E'', ''No Permite'', ''N'', ''N'')INSERT INTO dbo.OPCIONES (NUMERODECAMPO, IDIOMA, DESCRIPCION, OPCIONINTERNA, OPCIONDEPANTALLA)VALUES (25502, ''E'', ''Permite'', ''S'', ''S'')INSERT INTO dbo.OPCIONES (NUMERODECAMPO, IDIOMA, DESCRIPCION, OPCIONINTERNA, OPCIONDEPANTALLA)VALUES (25509, ''E'', ''CASADO'', ''C'', ''C'')INSERT INTO dbo.OPCIONES (NUMERODECAMPO, IDIOMA, DESCRIPCION, OPCIONINTERNA, OPCIONDEPANTALLA)VALUES (25509, ''E'', ''DIVORCIADO'', ''D'', ''D'')INSERT INTO dbo.OPCIONES (NUMERODECAMPO, IDIOMA, DESCRIPCION, OPCIONINTERNA, OPCIONDEPANTALLA)VALUES (25509, ''E'', ''SOLTERO'', ''S'', ''S'')INSERT INTO dbo.OPCIONES (NUMERODECAMPO, IDIOMA, DESCRIPCION, OPCIONINTERNA, OPCIONDEPANTALLA)VALUES (25509, ''E'', ''CONCUBINO'', ''U'', ''U'')INSERT INTO dbo.OPCIONES (NUMERODECAMPO, IDIOMA, DESCRIPCION, OPCIONINTERNA, OPCIONDEPANTALLA)VALUES (25509, ''E'', ''VIUDO'', ''V'', ''V'')');