
execute('

DELETE FROM OPERACIONES WHERE IDENTIFICACION = 2084

INSERT INTO OPERACIONES (TITULO, IDENTIFICACION, NOMBRE, DESCRIPCION, MNEMOTECNICO, AUTORIZACION, FORMULARIOPRINCIPAL, PROXOPERACION, ESTADO, TZ_LOCK, COPIAS, SUBOPERACION, PERMITEBAJA, COMPORTAMIENTOENCIERRE, REQUIERECONTRASENA, PERMITECONCURRENTE, PERMITEESTADODIFERIDO, ICONO_TITULO, ESTILO)
VALUES (2080, 2084, ''Mantenimiento Condiciones Impositivas'', ''Mantenimiento Condiciones Impositivas'', ''2084'', ''A'', NULL, NULL, ''P'', 0, NULL, 0, ''S'', ''N'', ''N'', ''N'', ''N'', NULL, 0)

DELETE FROM DICCIONARIO WHERE NUMERODECAMPO IN (91061,90834,91065,91060,91064,91063,66319);

INSERT INTO DICCIONARIO (NUMERODECAMPO, USODELCAMPO, REFERENCIA, DESCRIPCION, PROMPT, LARGO, TIPODECAMPO, DECIMALES, EDICION, CONTABILIZA, CONCEPTO, CALCULO, VALIDACION, TABLADEVALIDACION, TABLADEAYUDA, OPCIONES, TABLA, CAMPO, BASICO, MASCARA)
VALUES (66319, '' '', 0, ''Numerador Bitacora Impositiva'', ''Numerador Bitacora Impositiva'', 15, ''N'', 0, NULL, 0, 19, 0, 0, 0, 0, 0, 0, ''NUM_BITACORA'', 0, NULL)


INSERT INTO DICCIONARIO (NUMERODECAMPO, USODELCAMPO, REFERENCIA, DESCRIPCION, PROMPT, LARGO, TIPODECAMPO, DECIMALES, EDICION, CONTABILIZA, CONCEPTO, CALCULO, VALIDACION, TABLADEVALIDACION, TABLADEAYUDA, OPCIONES, TABLA, CAMPO, BASICO, MASCARA)
VALUES (90834, '' '', 0, ''Ayuda dic fisico'', ''Ayuda doc fisico'', 100, ''A'', 0, NULL, 0, 0, 0, 0, 0, 90833, 0, 0, NULL, 0, NULL)


INSERT INTO DICCIONARIO (NUMERODECAMPO, USODELCAMPO, REFERENCIA, DESCRIPCION, PROMPT, LARGO, TIPODECAMPO, DECIMALES, EDICION, CONTABILIZA, CONCEPTO, CALCULO, VALIDACION, TABLADEVALIDACION, TABLADEAYUDA, OPCIONES, TABLA, CAMPO, BASICO, MASCARA)
VALUES (91060, '' '', 0, ''TIPO_IMPUESTO'', ''Tipo Impuesto'', 2, ''N'', 0, NULL, 0, 0, 0, 0, 0, 0, 1, 0, ''TIPO_IMPUESTO'', 0, NULL)


INSERT INTO DICCIONARIO (NUMERODECAMPO, USODELCAMPO, REFERENCIA, DESCRIPCION, PROMPT, LARGO, TIPODECAMPO, DECIMALES, EDICION, CONTABILIZA, CONCEPTO, CALCULO, VALIDACION, TABLADEVALIDACION, TABLADEAYUDA, OPCIONES, TABLA, CAMPO, BASICO, MASCARA)
VALUES (91061, '' '', 0, ''Busqueda'', ''Buscar por'', 1, ''N'', 0, NULL, 0, 0, 0, 0, 0, 0, 1, 0, ''Busqueda'', 0, NULL)


INSERT INTO DICCIONARIO (NUMERODECAMPO, USODELCAMPO, REFERENCIA, DESCRIPCION, PROMPT, LARGO, TIPODECAMPO, DECIMALES, EDICION, CONTABILIZA, CONCEPTO, CALCULO, VALIDACION, TABLADEVALIDACION, TABLADEAYUDA, OPCIONES, TABLA, CAMPO, BASICO, MASCARA)
VALUES (91063, '' '', 0, ''Opciones '', ''Opciones'', 1, ''A'', 0, NULL, 0, 0, 0, 0, 0, 0, 1, 0, ''OPCIONES'', 0, NULL)


INSERT INTO DICCIONARIO (NUMERODECAMPO, USODELCAMPO, REFERENCIA, DESCRIPCION, PROMPT, LARGO, TIPODECAMPO, DECIMALES, EDICION, CONTABILIZA, CONCEPTO, CALCULO, VALIDACION, TABLADEVALIDACION, TABLADEAYUDA, OPCIONES, TABLA, CAMPO, BASICO, MASCARA)
VALUES (91064, '' '', 0, ''Tipo Certificado'', ''Tipo certificado'', 1, ''A'', 0, NULL, 0, 0, 0, 0, 0, 0, 1, 0, ''TIPO_CERTIFICADO'', 0, NULL)


INSERT INTO DICCIONARIO (NUMERODECAMPO, USODELCAMPO, REFERENCIA, DESCRIPCION, PROMPT, LARGO, TIPODECAMPO, DECIMALES, EDICION, CONTABILIZA, CONCEPTO, CALCULO, VALIDACION, TABLADEVALIDACION, TABLADEAYUDA, OPCIONES, TABLA, CAMPO, BASICO, MASCARA)
VALUES (91065, '' '', 0, ''Vista Nro persona'', ''Vista Nro persona'', 100, ''N'', 0, NULL, 0, 0, 0, 0, 0, 9341, 0, 0, ''VW_FISICAS_JURIDICAS'', 0, NULL)


DELETE FROM OPCIONES WHERE NUMERODECAMPO IN (91061,90834,91065,91060,91064,91063) AND IDIOMA =''E'';

INSERT INTO OPCIONES (NUMERODECAMPO, IDIOMA, DESCRIPCION, OPCIONINTERNA, OPCIONDEPANTALLA)
VALUES (91060, ''E'', ''IVA'', ''01'', ''01'')


INSERT INTO OPCIONES (NUMERODECAMPO, IDIOMA, DESCRIPCION, OPCIONINTERNA, OPCIONDEPANTALLA)
VALUES (91060, ''E'', ''IGA'', ''04'', ''04'')


INSERT INTO OPCIONES (NUMERODECAMPO, IDIOMA, DESCRIPCION, OPCIONINTERNA, OPCIONDEPANTALLA)
VALUES (91060, ''E'', ''SIRCREB'', ''05'', ''05'')


INSERT INTO OPCIONES (NUMERODECAMPO, IDIOMA, DESCRIPCION, OPCIONINTERNA, OPCIONDEPANTALLA)
VALUES (91060, ''E'', ''IIBB CHACO'', ''07'', ''07'')


INSERT INTO OPCIONES (NUMERODECAMPO, IDIOMA, DESCRIPCION, OPCIONINTERNA, OPCIONDEPANTALLA)
VALUES (91060, ''E'', ''IIBB CABA PERCEPCION'', ''08'', ''08'')


INSERT INTO OPCIONES (NUMERODECAMPO, IDIOMA, DESCRIPCION, OPCIONINTERNA, OPCIONDEPANTALLA)
VALUES (91060, ''E'', ''IIBB CORRIENTES'', ''09'', ''09'')


INSERT INTO OPCIONES (NUMERODECAMPO, IDIOMA, DESCRIPCION, OPCIONINTERNA, OPCIONDEPANTALLA)
VALUES (91060, ''E'', ''IIBB CABA RETENCION'', ''12'', ''12'')


INSERT INTO OPCIONES (NUMERODECAMPO, IDIOMA, DESCRIPCION, OPCIONINTERNA, OPCIONDEPANTALLA)
VALUES (91061, ''E'', ''Nro. Persona'', ''1'', ''2'')


INSERT INTO OPCIONES (NUMERODECAMPO, IDIOMA, DESCRIPCION, OPCIONINTERNA, OPCIONDEPANTALLA)
VALUES (91061, ''E'', ''CUIT/CUIL'', ''2'', ''1'')


INSERT INTO OPCIONES (NUMERODECAMPO, IDIOMA, DESCRIPCION, OPCIONINTERNA, OPCIONDEPANTALLA)
VALUES (91061, ''E'', ''Nro. Documento'', ''3'', ''3'')


INSERT INTO OPCIONES (NUMERODECAMPO, IDIOMA, DESCRIPCION, OPCIONINTERNA, OPCIONDEPANTALLA)
VALUES (91063, ''E'', ''Cambio de condiciones'', ''A'', ''A'')


INSERT INTO OPCIONES (NUMERODECAMPO, IDIOMA, DESCRIPCION, OPCIONINTERNA, OPCIONDEPANTALLA)
VALUES (91063, ''E'', ''Certificado'', ''B'', ''B'')


INSERT INTO OPCIONES (NUMERODECAMPO, IDIOMA, DESCRIPCION, OPCIONINTERNA, OPCIONDEPANTALLA)
VALUES (91064, ''E'', ''Permanente'', ''P'', ''P'')


INSERT INTO OPCIONES (NUMERODECAMPO, IDIOMA, DESCRIPCION, OPCIONINTERNA, OPCIONDEPANTALLA)
VALUES (91064, ''E'', ''Temporal'', ''T'', ''T'')


DELETE FROM NUMERATORDEFINITION WHERE NUMERO = 66319

INSERT INTO NUMERATORDEFINITION (NUMERO, INIVAL, INCREMENTO, PERIODO, ULTIMAINIC, REUTILIZABLE, CENTRALIZADO, MAXIMO, DESCRIPCION, TIPO)
VALUES (66319, 1, 1, '' '', NULL, 0, 1, 99999999, ''Numerador Bitacora Impositiva'', ''T'')


DELETE FROM DICCIONARIO WHERE TABLA = 3551

INSERT INTO DICCIONARIO (NUMERODECAMPO, USODELCAMPO, REFERENCIA, DESCRIPCION, PROMPT, LARGO, TIPODECAMPO, DECIMALES, EDICION, CONTABILIZA, CONCEPTO, CALCULO, VALIDACION, TABLADEVALIDACION, TABLADEAYUDA, OPCIONES, TABLA, CAMPO, BASICO, MASCARA)
VALUES (35511, '' '', 0, ''JTSNovedad'', ''JTS Novedad'', 15, ''N'', 0, NULL, 0, 0, 0, 0, 0, 0, 0, 3551, ''JTS_NOVEDAD'', 0, NULL)

INSERT INTO DICCIONARIO (NUMERODECAMPO, USODELCAMPO, REFERENCIA, DESCRIPCION, PROMPT, LARGO, TIPODECAMPO, DECIMALES, EDICION, CONTABILIZA, CONCEPTO, CALCULO, VALIDACION, TABLADEVALIDACION, TABLADEAYUDA, OPCIONES, TABLA, CAMPO, BASICO, MASCARA)
VALUES (35512, '' '', 0, ''TipoNovedad'', ''Tipo de Novedad'', 1, ''A'', 0, NULL, 0, 0, 0, 0, 0, 0, 1, 3551, ''TIPO_NOVEDAD'', 0, NULL)

INSERT INTO DICCIONARIO (NUMERODECAMPO, USODELCAMPO, REFERENCIA, DESCRIPCION, PROMPT, LARGO, TIPODECAMPO, DECIMALES, EDICION, CONTABILIZA, CONCEPTO, CALCULO, VALIDACION, TABLADEVALIDACION, TABLADEAYUDA, OPCIONES, TABLA, CAMPO, BASICO, MASCARA)
VALUES (35513, '' '', 0, ''Usuario'', ''Usuario'', 10, ''A'', 0, NULL, 0, 0, 0, 0, 0, 0, 0, 3551, ''COD_USUARIO'', 0, NULL)

INSERT INTO DICCIONARIO (NUMERODECAMPO, USODELCAMPO, REFERENCIA, DESCRIPCION, PROMPT, LARGO, TIPODECAMPO, DECIMALES, EDICION, CONTABILIZA, CONCEPTO, CALCULO, VALIDACION, TABLADEVALIDACION, TABLADEAYUDA, OPCIONES, TABLA, CAMPO, BASICO, MASCARA)
VALUES (35514, '' '', 0, ''OperacionTopaz'', ''Operación Topaz'', 4, ''N'', 0, NULL, 0, 0, 0, 0, 0, 0, 0, 3551, ''OPERACION_TOPAZ'', 0, NULL)

INSERT INTO DICCIONARIO (NUMERODECAMPO, USODELCAMPO, REFERENCIA, DESCRIPCION, PROMPT, LARGO, TIPODECAMPO, DECIMALES, EDICION, CONTABILIZA, CONCEPTO, CALCULO, VALIDACION, TABLADEVALIDACION, TABLADEAYUDA, OPCIONES, TABLA, CAMPO, BASICO, MASCARA)
VALUES (35515, '' '', 0, ''FechaProceso'', ''Fecha de Proceso'', 8, ''F'', 0, ''F'', 0, 0, 0, 0, 0, 0, 0, 3551, ''FECHA_PROCESO'', 0, NULL)

INSERT INTO DICCIONARIO (NUMERODECAMPO, USODELCAMPO, REFERENCIA, DESCRIPCION, PROMPT, LARGO, TIPODECAMPO, DECIMALES, EDICION, CONTABILIZA, CONCEPTO, CALCULO, VALIDACION, TABLADEVALIDACION, TABLADEAYUDA, OPCIONES, TABLA, CAMPO, BASICO, MASCARA)
VALUES (35516, '' '', 0, ''Asiento'', ''Asiento'', 7, ''N'', 0, NULL, 0, 0, 0, 0, 0, 0, 0, 3551, ''ASIENTO'', 0, NULL)

INSERT INTO DICCIONARIO (NUMERODECAMPO, USODELCAMPO, REFERENCIA, DESCRIPCION, PROMPT, LARGO, TIPODECAMPO, DECIMALES, EDICION, CONTABILIZA, CONCEPTO, CALCULO, VALIDACION, TABLADEVALIDACION, TABLADEAYUDA, OPCIONES, TABLA, CAMPO, BASICO, MASCARA)
VALUES (35517, '' '', 0, ''Hora'', ''Hora'', 8, ''A'', 0, NULL, 0, 0, 0, 0, 0, 0, 0, 3551, ''HORA'', 0, NULL)

INSERT INTO DICCIONARIO (NUMERODECAMPO, USODELCAMPO, REFERENCIA, DESCRIPCION, PROMPT, LARGO, TIPODECAMPO, DECIMALES, EDICION, CONTABILIZA, CONCEPTO, CALCULO, VALIDACION, TABLADEVALIDACION, TABLADEAYUDA, OPCIONES, TABLA, CAMPO, BASICO, MASCARA)
VALUES (35518, '' '', 0, ''ArchivoPadron'', ''Archivo del Padrón'', 30, ''A'', 0, NULL, 0, 0, 0, 0, 0, 0, 0, 3551, ''ARCHIVO_PADRON'', 0, NULL)

INSERT INTO DICCIONARIO (NUMERODECAMPO, USODELCAMPO, REFERENCIA, DESCRIPCION, PROMPT, LARGO, TIPODECAMPO, DECIMALES, EDICION, CONTABILIZA, CONCEPTO, CALCULO, VALIDACION, TABLADEVALIDACION, TABLADEAYUDA, OPCIONES, TABLA, CAMPO, BASICO, MASCARA)
VALUES (35519, '' '', 0, ''IdPersona'', ''Id Persona'', 12, ''N'', 0, NULL, 0, 0, 0, 0, 0, 0, 0, 3551, ''ID_PERSONA'', 0, NULL)

INSERT INTO DICCIONARIO (NUMERODECAMPO, USODELCAMPO, REFERENCIA, DESCRIPCION, PROMPT, LARGO, TIPODECAMPO, DECIMALES, EDICION, CONTABILIZA, CONCEPTO, CALCULO, VALIDACION, TABLADEVALIDACION, TABLADEAYUDA, OPCIONES, TABLA, CAMPO, BASICO, MASCARA)
VALUES (35520, '' '', 0, ''TipoId'', ''Tipo Id '', 1, ''A'', 0, NULL, 0, 0, 0, 0, 0, 0, 1, 3551, ''TIPO_ID'', 0, NULL)

INSERT INTO DICCIONARIO (NUMERODECAMPO, USODELCAMPO, REFERENCIA, DESCRIPCION, PROMPT, LARGO, TIPODECAMPO, DECIMALES, EDICION, CONTABILIZA, CONCEPTO, CALCULO, VALIDACION, TABLADEVALIDACION, TABLADEAYUDA, OPCIONES, TABLA, CAMPO, BASICO, MASCARA)
VALUES (35521, '' '', 0, ''CUIT'', ''CUIT'', 11, ''N'', 0, NULL, 0, 0, 0, 0, 0, 0, 0, 3551, ''CUIT'', 0, NULL)

INSERT INTO DICCIONARIO (NUMERODECAMPO, USODELCAMPO, REFERENCIA, DESCRIPCION, PROMPT, LARGO, TIPODECAMPO, DECIMALES, EDICION, CONTABILIZA, CONCEPTO, CALCULO, VALIDACION, TABLADEVALIDACION, TABLADEAYUDA, OPCIONES, TABLA, CAMPO, BASICO, MASCARA)
VALUES (35522, '' '', 0, ''TipoCargoImpositivo'', ''Tipo Cargo Impositivo'', 2, ''N'', 0, NULL, 0, 0, 0, 0, 0, 0, 1, 3551, ''TIPO_CARGO_IMPOSITIVO'', 0, NULL)

INSERT INTO DICCIONARIO (NUMERODECAMPO, USODELCAMPO, REFERENCIA, DESCRIPCION, PROMPT, LARGO, TIPODECAMPO, DECIMALES, EDICION, CONTABILIZA, CONCEPTO, CALCULO, VALIDACION, TABLADEVALIDACION, TABLADEAYUDA, OPCIONES, TABLA, CAMPO, BASICO, MASCARA)
VALUES (35523, '' '', 0, ''Condicion'', ''Condición'', 2, ''A'', 0, NULL, 0, 0, 0, 0, 0, 0, 0, 3551, ''CONDICION'', 0, NULL)

INSERT INTO DICCIONARIO (NUMERODECAMPO, USODELCAMPO, REFERENCIA, DESCRIPCION, PROMPT, LARGO, TIPODECAMPO, DECIMALES, EDICION, CONTABILIZA, CONCEPTO, CALCULO, VALIDACION, TABLADEVALIDACION, TABLADEAYUDA, OPCIONES, TABLA, CAMPO, BASICO, MASCARA)
VALUES (35524, '' '', 0, ''Alicuota'', ''Alicuota'', 2, ''A'', 0, NULL, 0, 0, 0, 0, 0, 0, 0, 3551, ''ALICUOTA'', 0, NULL)

INSERT INTO DICCIONARIO (NUMERODECAMPO, USODELCAMPO, REFERENCIA, DESCRIPCION, PROMPT, LARGO, TIPODECAMPO, DECIMALES, EDICION, CONTABILIZA, CONCEPTO, CALCULO, VALIDACION, TABLADEVALIDACION, TABLADEAYUDA, OPCIONES, TABLA, CAMPO, BASICO, MASCARA)
VALUES (35525, '' '', 0, ''CBU'', ''CBU'', 22, ''A'', 0, NULL, 0, 0, 0, 0, 0, 0, 0, 3551, ''CBU'', 0, NULL)

INSERT INTO DICCIONARIO (NUMERODECAMPO, USODELCAMPO, REFERENCIA, DESCRIPCION, PROMPT, LARGO, TIPODECAMPO, DECIMALES, EDICION, CONTABILIZA, CONCEPTO, CALCULO, VALIDACION, TABLADEVALIDACION, TABLADEAYUDA, OPCIONES, TABLA, CAMPO, BASICO, MASCARA)
VALUES (35526, '' '', 0, ''ValorAlicuota IIBB'', ''Valor Alicuota'', 11, ''N'', 7, NULL, 0, 0, 0, 0, 0, 0, 0, 3551, ''VALOR_ALICUOTA_IIBB'', 0, NULL)

INSERT INTO DICCIONARIO (NUMERODECAMPO, USODELCAMPO, REFERENCIA, DESCRIPCION, PROMPT, LARGO, TIPODECAMPO, DECIMALES, EDICION, CONTABILIZA, CONCEPTO, CALCULO, VALIDACION, TABLADEVALIDACION, TABLADEAYUDA, OPCIONES, TABLA, CAMPO, BASICO, MASCARA)
VALUES (35527, '' '', 0, ''ValorExclusion'', ''Valor Exclusión'', 11, ''N'', 7, NULL, 0, 0, 0, 0, 0, 0, 0, 3551, ''VALOR_EXCLUSION'', 0, NULL)

INSERT INTO DICCIONARIO (NUMERODECAMPO, USODELCAMPO, REFERENCIA, DESCRIPCION, PROMPT, LARGO, TIPODECAMPO, DECIMALES, EDICION, CONTABILIZA, CONCEPTO, CALCULO, VALIDACION, TABLADEVALIDACION, TABLADEAYUDA, OPCIONES, TABLA, CAMPO, BASICO, MASCARA)
VALUES (35528, '' '', 0, ''FechaInicio'', ''Fecha Inicio'', 8, ''F'', 0, ''F'', 0, 0, 0, 0, 0, 0, 0, 3551, ''FECHA_INICIO'', 0, NULL)

INSERT INTO DICCIONARIO (NUMERODECAMPO, USODELCAMPO, REFERENCIA, DESCRIPCION, PROMPT, LARGO, TIPODECAMPO, DECIMALES, EDICION, CONTABILIZA, CONCEPTO, CALCULO, VALIDACION, TABLADEVALIDACION, TABLADEAYUDA, OPCIONES, TABLA, CAMPO, BASICO, MASCARA)
VALUES (35529, '' '', 0, ''FechaFinal'', ''Fecha Final'', 8, ''F'', 0, ''F'', 0, 0, 0, 0, 0, 0, 0, 3551, ''FECHA_FIN'', 0, NULL)

INSERT INTO DICCIONARIO (NUMERODECAMPO, USODELCAMPO, REFERENCIA, DESCRIPCION, PROMPT, LARGO, TIPODECAMPO, DECIMALES, EDICION, CONTABILIZA, CONCEPTO, CALCULO, VALIDACION, TABLADEVALIDACION, TABLADEAYUDA, OPCIONES, TABLA, CAMPO, BASICO, MASCARA)
VALUES (35530, '' '', 0, ''NumeroCertificado'', ''Numero de Certificado'', 30, ''A'', 0, NULL, 0, 0, 0, 0, 0, 0, 0, 3551, ''NUM_CERTIFICADO'', 0, NULL)

INSERT INTO DICCIONARIO (NUMERODECAMPO, USODELCAMPO, REFERENCIA, DESCRIPCION, PROMPT, LARGO, TIPODECAMPO, DECIMALES, EDICION, CONTABILIZA, CONCEPTO, CALCULO, VALIDACION, TABLADEVALIDACION, TABLADEAYUDA, OPCIONES, TABLA, CAMPO, BASICO, MASCARA)
VALUES (35531, '' '', 0, ''Fecha_Emisión'', ''Fecha de Emisión'', 8, ''F'', 0, ''F'', 0, 0, 0, 0, 0, 0, 0, 3551, ''F_EMISION'', 0, NULL)

INSERT INTO DICCIONARIO (NUMERODECAMPO, USODELCAMPO, REFERENCIA, DESCRIPCION, PROMPT, LARGO, TIPODECAMPO, DECIMALES, EDICION, CONTABILIZA, CONCEPTO, CALCULO, VALIDACION, TABLADEVALIDACION, TABLADEAYUDA, OPCIONES, TABLA, CAMPO, BASICO, MASCARA)
VALUES (35532, '' '', 0, ''Comentarios'', ''Comentarios'', 300, ''A'', 0, NULL, 0, 0, 0, 0, 0, 0, 0, 3551, ''COMENTARIOS'', 0, NULL)

INSERT INTO DICCIONARIO (NUMERODECAMPO, USODELCAMPO, REFERENCIA, DESCRIPCION, PROMPT, LARGO, TIPODECAMPO, DECIMALES, EDICION, CONTABILIZA, CONCEPTO, CALCULO, VALIDACION, TABLADEVALIDACION, TABLADEAYUDA, OPCIONES, TABLA, CAMPO, BASICO, MASCARA)
VALUES (35533, '' '', 0, ''Sucursal'', ''Sucursal'', 5, ''N'', 0, NULL, 0, 0, 0, 0, 0, 0, 0, 3551, ''SUCURSAL'', 0, NULL)

INSERT INTO DICCIONARIO (NUMERODECAMPO, USODELCAMPO, REFERENCIA, DESCRIPCION, PROMPT, LARGO, TIPODECAMPO, DECIMALES, EDICION, CONTABILIZA, CONCEPTO, CALCULO, VALIDACION, TABLADEVALIDACION, TABLADEAYUDA, OPCIONES, TABLA, CAMPO, BASICO, MASCARA)
VALUES (35669, '' '', 0, ''Cod_cliente'', ''Cod_cliente'', 12, ''N'', 0, NULL, 0, 0, 0, 0, 0, 0, 0, 3551, ''ID_CLIENTE'', 0, NULL)

INSERT INTO DICCIONARIO (NUMERODECAMPO, USODELCAMPO, REFERENCIA, DESCRIPCION, PROMPT, LARGO, TIPODECAMPO, DECIMALES, EDICION, CONTABILIZA, CONCEPTO, CALCULO, VALIDACION, TABLADEVALIDACION, TABLADEAYUDA, OPCIONES, TABLA, CAMPO, BASICO, MASCARA)
VALUES (35674, '' '', 0, ''Tabla Cargos Impuestos'', ''Tabla Cargos Impuestos'', 1, ''A'', 0, NULL, 0, 0, 0, 0, 0, 0, 1, 3551, ''TABLA_CARGOS_IMPUESTOS'', 0, NULL)

INSERT INTO DICCIONARIO (NUMERODECAMPO, USODELCAMPO, REFERENCIA, DESCRIPCION, PROMPT, LARGO, TIPODECAMPO, DECIMALES, EDICION, CONTABILIZA, CONCEPTO, CALCULO, VALIDACION, TABLADEVALIDACION, TABLADEAYUDA, OPCIONES, TABLA, CAMPO, BASICO, MASCARA)
VALUES (35675, '' '', 0, ''Id Cargo Impuesto'', ''Id Cargo Impuesto'', 4, ''N'', 0, NULL, 0, 0, 0, 0, 0, 0, 0, 3551, ''ID_CARGO_IMPUESTO'', 0, NULL)


DELETE FROM INDICES WHERE NUMERODEARCHIVO = 3551

INSERT INTO INDICES (NUMERODEARCHIVO, NUMERODEINDICE, DESCRIPCION, CLAVESREPETIDAS, CAMPO1, CAMPO2, CAMPO3, CAMPO4, CAMPO5, CAMPO6, CAMPO7, CAMPO8, CAMPO9, CAMPO10, CAMPO11, CAMPO12, CAMPO13, CAMPO14, CAMPO15, CAMPO16, CAMPO17, CAMPO18, CAMPO19, CAMPO20)
VALUES (3551, 1, ''Clave principal'', 0, 35511, NULL, NULL, NULL, NULL, NULL, NULL, NULL, NULL, NULL, NULL, NULL, NULL, NULL, NULL, NULL, NULL, NULL, NULL, NULL)

DELETE FROM MACROR WHERE PROCESO IN (439,437,438)

INSERT INTO MACROR (PROCESO, ORDINAL, ARCHIVO, INDICE, CONDICION, RECEPTOR, FORMULA)
VALUES (437, 0, 34, 2, ''Recupero numero persona por Cuit '', NULL, NULL)

INSERT INTO MACROR (PROCESO, ORDINAL, ARCHIVO, INDICE, CONDICION, RECEPTOR, FORMULA)
VALUES (437, 1, 34, 2, ''C1856=C624YC1855=C1855'', ''C4163'', ''C1854'')

INSERT INTO MACROR (PROCESO, ORDINAL, ARCHIVO, INDICE, CONDICION, RECEPTOR, FORMULA)
VALUES (438, 0, 34, 5, ''Recupero num persona por doc fisico'', NULL, NULL)

INSERT INTO MACROR (PROCESO, ORDINAL, ARCHIVO, INDICE, CONDICION, RECEPTOR, FORMULA)
VALUES (438, 1, 34, 5, ''C33322=C624YC33320=C33320'', ''C4163'', ''C1854'')

INSERT INTO MACROR (PROCESO, ORDINAL, ARCHIVO, INDICE, CONDICION, RECEPTOR, FORMULA)
VALUES (439, 0, 34, 3, ''Recupero nuero persona '', NULL, NULL)

INSERT INTO MACROR (PROCESO, ORDINAL, ARCHIVO, INDICE, CONDICION, RECEPTOR, FORMULA)
VALUES (439, 1, 34, 3, ''C1854=C4162'', ''C4163'', ''C1854'')

')