EXECUTE('
--MA_BANDEJA_ENTRADA
INSERT INTO dbo.DESCRIPTORES (TITULO, IDENTIFICACION, TIPODEARCHIVO, DESCRIPCION, GRUPODELMAPA, NOMBREFISICO, TIPODEDBMS, LARGODELREGISTRO, INICIALIZACIONDELREGISTRO, BASE, SELECCION, ACEPTA_MOVS_DIFERIDO)
VALUES (4000, 3611, NULL, ''Bandeja de Entrada'', 0, ''MA_BANDEJA_ENTRADA'', ''D'', NULL, NULL, ''Top/Clientes'', NULL, ''N'')
----
INSERT INTO dbo.DICCIONARIO (NUMERODECAMPO, USODELCAMPO, REFERENCIA, DESCRIPCION, PROMPT, LARGO, TIPODECAMPO, DECIMALES, EDICION, CONTABILIZA, CONCEPTO, CALCULO, VALIDACION, TABLADEVALIDACION, TABLADEAYUDA, OPCIONES, TABLA, CAMPO, BASICO, MASCARA)
VALUES (40000, '' '', 0, ''Convenio de Pago'', ''Convenio de Pago'', 15, ''N'', 0, NULL, 0, 0, 0, 0, 0, 0, 0, 3611, ''ConvenioPago'', 0, NULL)
--
INSERT INTO dbo.DICCIONARIO (NUMERODECAMPO, USODELCAMPO, REFERENCIA, DESCRIPCION, PROMPT, LARGO, TIPODECAMPO, DECIMALES, EDICION, CONTABILIZA, CONCEPTO, CALCULO, VALIDACION, TABLADEVALIDACION, TABLADEAYUDA, OPCIONES, TABLA, CAMPO, BASICO, MASCARA)
VALUES (40001, '' '', 0, ''Tipo de Convenio'', ''Tipo de Convenio'', 5, ''N'', 0, NULL, 0, 0, 0, 0, 0, 0, 0, 3611, ''TipoConvenio'', 0, NULL)
--
INSERT INTO dbo.DICCIONARIO (NUMERODECAMPO, USODELCAMPO, REFERENCIA, DESCRIPCION, PROMPT, LARGO, TIPODECAMPO, DECIMALES, EDICION, CONTABILIZA, CONCEPTO, CALCULO, VALIDACION, TABLADEVALIDACION, TABLADEAYUDA, OPCIONES, TABLA, CAMPO, BASICO, MASCARA)
VALUES (40002, '' '', 0, ''Dominio'', ''Dominio'', 4, ''N'', 0, NULL, 0, 0, 0, 0, 0, 0, 0, 3611, ''Dominio'', 0, NULL)
--
INSERT INTO dbo.DICCIONARIO (NUMERODECAMPO, USODELCAMPO, REFERENCIA, DESCRIPCION, PROMPT, LARGO, TIPODECAMPO, DECIMALES, EDICION, CONTABILIZA, CONCEPTO, CALCULO, VALIDACION, TABLADEVALIDACION, TABLADEAYUDA, OPCIONES, TABLA, CAMPO, BASICO, MASCARA)
VALUES (40003, '' '', 0, ''Subdominio'', ''Subdominio'', 4, ''N'', 0, NULL, 0, 0, 0, 0, 0, 0, 0, 3611, ''Subdominio'', 0, NULL)
--
INSERT INTO dbo.DICCIONARIO (NUMERODECAMPO, USODELCAMPO, REFERENCIA, DESCRIPCION, PROMPT, LARGO, TIPODECAMPO, DECIMALES, EDICION, CONTABILIZA, CONCEPTO, CALCULO, VALIDACION, TABLADEVALIDACION, TABLADEAYUDA, OPCIONES, TABLA, CAMPO, BASICO, MASCARA)
VALUES (40004, '' '', 0, ''Número de Beneficio'', ''Número de Beneficio'', 7, ''N'', 0, NULL, 0, 0, 0, 0, 0, 0, 0, 3611, ''Nro_Beneficio'', 0, NULL)
--
INSERT INTO dbo.DICCIONARIO (NUMERODECAMPO, USODELCAMPO, REFERENCIA, DESCRIPCION, PROMPT, LARGO, TIPODECAMPO, DECIMALES, EDICION, CONTABILIZA, CONCEPTO, CALCULO, VALIDACION, TABLADEVALIDACION, TABLADEAYUDA, OPCIONES, TABLA, CAMPO, BASICO, MASCARA)
VALUES (40005, '' '', 0, ''Coparticipe'', ''Coparticipe'', 1, ''N'', 0, NULL, 0, 0, 0, 0, 0, 0, 0, 3611, ''Coparticipe'', 0, NULL)
--
INSERT INTO dbo.DICCIONARIO (NUMERODECAMPO, USODELCAMPO, REFERENCIA, DESCRIPCION, PROMPT, LARGO, TIPODECAMPO, DECIMALES, EDICION, CONTABILIZA, CONCEPTO, CALCULO, VALIDACION, TABLADEVALIDACION, TABLADEAYUDA, OPCIONES, TABLA, CAMPO, BASICO, MASCARA)
VALUES (40006, '' '', 0, ''Dígito Verificador'', ''Dígito Verificador'', 1, ''N'', 0, NULL, 0, 0, 0, 0, 0, 0, 0, 3611, ''Digito_Verificador'', 0, NULL)
--
INSERT INTO dbo.DICCIONARIO (NUMERODECAMPO, USODELCAMPO, REFERENCIA, DESCRIPCION, PROMPT, LARGO, TIPODECAMPO, DECIMALES, EDICION, CONTABILIZA, CONCEPTO, CALCULO, VALIDACION, TABLADEVALIDACION, TABLADEAYUDA, OPCIONES, TABLA, CAMPO, BASICO, MASCARA)
VALUES (40007, '' '', 0, ''Origen'', ''Origen'', 2, ''A'', 0, NULL, 0, 0, 0, 0, 0, 0, 1, 3611, ''Origen'', 0, NULL)
--
INSERT INTO dbo.DICCIONARIO (NUMERODECAMPO, USODELCAMPO, REFERENCIA, DESCRIPCION, PROMPT, LARGO, TIPODECAMPO, DECIMALES, EDICION, CONTABILIZA, CONCEPTO, CALCULO, VALIDACION, TABLADEVALIDACION, TABLADEAYUDA, OPCIONES, TABLA, CAMPO, BASICO, MASCARA)
VALUES (40008, '' '', 0, ''Acción'', ''Acción'', 2, ''N'', 0, NULL, 0, 0, 0, 0, 0, 0, 1, 3611, ''Accion'', 0, NULL)
--
INSERT INTO dbo.DICCIONARIO (NUMERODECAMPO, USODELCAMPO, REFERENCIA, DESCRIPCION, PROMPT, LARGO, TIPODECAMPO, DECIMALES, EDICION, CONTABILIZA, CONCEPTO, CALCULO, VALIDACION, TABLADEVALIDACION, TABLADEAYUDA, OPCIONES, TABLA, CAMPO, BASICO, MASCARA)
VALUES (40010, '' '', 0, ''Titular o Apoderado'', ''Titular o Apoderado'', 1, ''A'', 0, NULL, 0, 0, 0, 0, 0, 0, 1, 3611, ''Titular_Apoderado'', 0, NULL)
--
INSERT INTO dbo.DICCIONARIO (NUMERODECAMPO, USODELCAMPO, REFERENCIA, DESCRIPCION, PROMPT, LARGO, TIPODECAMPO, DECIMALES, EDICION, CONTABILIZA, CONCEPTO, CALCULO, VALIDACION, TABLADEVALIDACION, TABLADEAYUDA, OPCIONES, TABLA, CAMPO, BASICO, MASCARA)
VALUES (40011, '' '', 0, ''CUIL'', ''CUIL'', 20, ''A'', 0, NULL, 0, 0, 0, 0, 0, 0, 0, 3611, ''CUIL'', 0, NULL)
--
INSERT INTO dbo.DICCIONARIO (NUMERODECAMPO, USODELCAMPO, REFERENCIA, DESCRIPCION, PROMPT, LARGO, TIPODECAMPO, DECIMALES, EDICION, CONTABILIZA, CONCEPTO, CALCULO, VALIDACION, TABLADEVALIDACION, TABLADEAYUDA, OPCIONES, TABLA, CAMPO, BASICO, MASCARA)
VALUES (40012, '' '', 0, ''Tipo Documento Físico'', ''Tipo Documento Físico'', 4, ''A'', 0, NULL, 0, 0, 0, 0, 0, 0, 0, 3611, ''Tipo_Doc_Fisico'', 0, NULL)
--
INSERT INTO dbo.DICCIONARIO (NUMERODECAMPO, USODELCAMPO, REFERENCIA, DESCRIPCION, PROMPT, LARGO, TIPODECAMPO, DECIMALES, EDICION, CONTABILIZA, CONCEPTO, CALCULO, VALIDACION, TABLADEVALIDACION, TABLADEAYUDA, OPCIONES, TABLA, CAMPO, BASICO, MASCARA)
VALUES (40013, '' '', 0, ''Número Documento Físico'', ''Número Documento Físico'', 20, ''A'', 0, NULL, 0, 0, 0, 0, 0, 0, 0, 3611, ''Num_Doc_Fisico'', 0, NULL)
--
INSERT INTO dbo.DICCIONARIO (NUMERODECAMPO, USODELCAMPO, REFERENCIA, DESCRIPCION, PROMPT, LARGO, TIPODECAMPO, DECIMALES, EDICION, CONTABILIZA, CONCEPTO, CALCULO, VALIDACION, TABLADEVALIDACION, TABLADEAYUDA, OPCIONES, TABLA, CAMPO, BASICO, MASCARA)
VALUES (40014, '' '', 0, ''Apellido'', ''Apellido'', 30, ''A'', 0, NULL, 0, 0, 0, 0, 0, 0, 0, 3611, ''Apellido'', 0, NULL)
--
INSERT INTO dbo.DICCIONARIO (NUMERODECAMPO, USODELCAMPO, REFERENCIA, DESCRIPCION, PROMPT, LARGO, TIPODECAMPO, DECIMALES, EDICION, CONTABILIZA, CONCEPTO, CALCULO, VALIDACION, TABLADEVALIDACION, TABLADEAYUDA, OPCIONES, TABLA, CAMPO, BASICO, MASCARA)
VALUES (40015, '' '', 0, ''Nombre'', ''Apellido'', 30, ''A'', 0, NULL, 0, 0, 0, 0, 0, 0, 0, 3611, ''Nombre'', 0, NULL)
--
INSERT INTO dbo.DICCIONARIO (NUMERODECAMPO, USODELCAMPO, REFERENCIA, DESCRIPCION, PROMPT, LARGO, TIPODECAMPO, DECIMALES, EDICION, CONTABILIZA, CONCEPTO, CALCULO, VALIDACION, TABLADEVALIDACION, TABLADEAYUDA, OPCIONES, TABLA, CAMPO, BASICO, MASCARA)
VALUES (40016, '' '', 0, ''Codigo Postal'', ''Codigo Postal'', 4, ''N'', 0, NULL, 0, 0, 0, 0, 0, 0, 0, 3611, ''Cod_Postal'', 0, NULL)
--
INSERT INTO dbo.DICCIONARIO (NUMERODECAMPO, USODELCAMPO, REFERENCIA, DESCRIPCION, PROMPT, LARGO, TIPODECAMPO, DECIMALES, EDICION, CONTABILIZA, CONCEPTO, CALCULO, VALIDACION, TABLADEVALIDACION, TABLADEAYUDA, OPCIONES, TABLA, CAMPO, BASICO, MASCARA)
VALUES (40017, '' '', 0, ''Departamento'', ''Departamento'', 3, ''N'', 0, NULL, 0, 0, 0, 0, 0, 0, 0, 3611, ''Departamento'', 0, NULL)
--
INSERT INTO dbo.DICCIONARIO (NUMERODECAMPO, USODELCAMPO, REFERENCIA, DESCRIPCION, PROMPT, LARGO, TIPODECAMPO, DECIMALES, EDICION, CONTABILIZA, CONCEPTO, CALCULO, VALIDACION, TABLADEVALIDACION, TABLADEAYUDA, OPCIONES, TABLA, CAMPO, BASICO, MASCARA)
VALUES (40018, '' '', 0, ''Localidad'', ''Localidad'', 3, ''N'', 0, NULL, 0, 0, 0, 0, 0, 0, 0, 3611, ''Localidad'', 0, NULL)
--
INSERT INTO dbo.DICCIONARIO (NUMERODECAMPO, USODELCAMPO, REFERENCIA, DESCRIPCION, PROMPT, LARGO, TIPODECAMPO, DECIMALES, EDICION, CONTABILIZA, CONCEPTO, CALCULO, VALIDACION, TABLADEVALIDACION, TABLADEAYUDA, OPCIONES, TABLA, CAMPO, BASICO, MASCARA)
VALUES (40019, '' '', 0, ''Provincia'', ''Provincia'', 2, ''A'', 0, NULL, 0, 0, 0, 0, 0, 0, 0, 3611, ''Provincia'', 0, NULL)
--
INSERT INTO dbo.DICCIONARIO (NUMERODECAMPO, USODELCAMPO, REFERENCIA, DESCRIPCION, PROMPT, LARGO, TIPODECAMPO, DECIMALES, EDICION, CONTABILIZA, CONCEPTO, CALCULO, VALIDACION, TABLADEVALIDACION, TABLADEAYUDA, OPCIONES, TABLA, CAMPO, BASICO, MASCARA)
VALUES (40020, '' '', 0, ''Calle'', ''Calle'', 50, ''A'', 0, NULL, 0, 0, 0, 0, 0, 0, 0, 3611, ''Calle'', 0, NULL)
--
INSERT INTO dbo.DICCIONARIO (NUMERODECAMPO, USODELCAMPO, REFERENCIA, DESCRIPCION, PROMPT, LARGO, TIPODECAMPO, DECIMALES, EDICION, CONTABILIZA, CONCEPTO, CALCULO, VALIDACION, TABLADEVALIDACION, TABLADEAYUDA, OPCIONES, TABLA, CAMPO, BASICO, MASCARA)
VALUES (40021, '' '', 0, ''Número'', ''Número'', 8, ''N'', 0, NULL, 0, 0, 0, 0, 0, 0, 0, 3611, ''Numero'', 0, NULL)
--
INSERT INTO dbo.DICCIONARIO (NUMERODECAMPO, USODELCAMPO, REFERENCIA, DESCRIPCION, PROMPT, LARGO, TIPODECAMPO, DECIMALES, EDICION, CONTABILIZA, CONCEPTO, CALCULO, VALIDACION, TABLADEVALIDACION, TABLADEAYUDA, OPCIONES, TABLA, CAMPO, BASICO, MASCARA)
VALUES (40022, '' '', 0, ''Piso'', ''Piso'', 8, ''N'', 0, NULL, 0, 0, 0, 0, 0, 0, 0, 3611, ''Piso'', 0, NULL)
--
INSERT INTO dbo.DICCIONARIO (NUMERODECAMPO, USODELCAMPO, REFERENCIA, DESCRIPCION, PROMPT, LARGO, TIPODECAMPO, DECIMALES, EDICION, CONTABILIZA, CONCEPTO, CALCULO, VALIDACION, TABLADEVALIDACION, TABLADEAYUDA, OPCIONES, TABLA, CAMPO, BASICO, MASCARA)
VALUES (40023, '' '', 0, ''Fecha Nacimiento'', ''Fecha Nacimiento'', 8, ''F'', 0, ''F'', 0, 0, 0, 0, 0, 0, 0, 3611, ''Fecha_Nacimiento'', 0, NULL)
--
INSERT INTO dbo.DICCIONARIO (NUMERODECAMPO, USODELCAMPO, REFERENCIA, DESCRIPCION, PROMPT, LARGO, TIPODECAMPO, DECIMALES, EDICION, CONTABILIZA, CONCEPTO, CALCULO, VALIDACION, TABLADEVALIDACION, TABLADEAYUDA, OPCIONES, TABLA, CAMPO, BASICO, MASCARA)
VALUES (40024, '' '', 0, ''Sexo'', ''Sexo'', 1, ''A'', 0, NULL, 0, 0, 0, 0, 0, 0, 1, 3611, ''Sexo'', 0, NULL)
--
INSERT INTO dbo.DICCIONARIO (NUMERODECAMPO, USODELCAMPO, REFERENCIA, DESCRIPCION, PROMPT, LARGO, TIPODECAMPO, DECIMALES, EDICION, CONTABILIZA, CONCEPTO, CALCULO, VALIDACION, TABLADEVALIDACION, TABLADEAYUDA, OPCIONES, TABLA, CAMPO, BASICO, MASCARA)
VALUES (40025, '' '', 0, ''Estado Civil'', ''Estado Civil'', 1, ''A'', 0, NULL, 0, 0, 0, 0, 0, 0, 1, 3611, ''Estado_Civil'', 0, NULL)
--
INSERT INTO dbo.DICCIONARIO (NUMERODECAMPO, USODELCAMPO, REFERENCIA, DESCRIPCION, PROMPT, LARGO, TIPODECAMPO, DECIMALES, EDICION, CONTABILIZA, CONCEPTO, CALCULO, VALIDACION, TABLADEVALIDACION, TABLADEAYUDA, OPCIONES, TABLA, CAMPO, BASICO, MASCARA)
VALUES (40026, '' '', 0, ''Teléfono'', ''Teléfono'', 17, ''A'', 0, NULL, 0, 0, 0, 0, 0, 0, 0, 3611, ''Telefono'', 0, NULL)
--
INSERT INTO dbo.DICCIONARIO (NUMERODECAMPO, USODELCAMPO, REFERENCIA, DESCRIPCION, PROMPT, LARGO, TIPODECAMPO, DECIMALES, EDICION, CONTABILIZA, CONCEPTO, CALCULO, VALIDACION, TABLADEVALIDACION, TABLADEAYUDA, OPCIONES, TABLA, CAMPO, BASICO, MASCARA)
VALUES (40027, '' '', 0, ''Email'', ''Email'', 250, ''A'', 0, NULL, 0, 0, 0, 0, 0, 0, 0, 3611, ''Email'', 0, NULL)
--
INSERT INTO dbo.DICCIONARIO (NUMERODECAMPO, USODELCAMPO, REFERENCIA, DESCRIPCION, PROMPT, LARGO, TIPODECAMPO, DECIMALES, EDICION, CONTABILIZA, CONCEPTO, CALCULO, VALIDACION, TABLADEVALIDACION, TABLADEAYUDA, OPCIONES, TABLA, CAMPO, BASICO, MASCARA)
VALUES (40028, '' '', 0, ''Codigo Afip'', ''Codigo Afip'', 10, ''A'', 0, NULL, 0, 0, 0, 0, 0, 0, 0, 3611, ''Codigo_Afip'', 0, NULL)
--
INSERT INTO dbo.DICCIONARIO (NUMERODECAMPO, USODELCAMPO, REFERENCIA, DESCRIPCION, PROMPT, LARGO, TIPODECAMPO, DECIMALES, EDICION, CONTABILIZA, CONCEPTO, CALCULO, VALIDACION, TABLADEVALIDACION, TABLADEAYUDA, OPCIONES, TABLA, CAMPO, BASICO, MASCARA)
VALUES (40029, '' '', 0, ''Sucursal'', ''Sucursal'', 5, ''N'', 0, NULL, 0, 0, 0, 0, 0, 0, 0, 3611, ''Sucursal'', 0, NULL)
--
INSERT INTO dbo.DICCIONARIO (NUMERODECAMPO, USODELCAMPO, REFERENCIA, DESCRIPCION, PROMPT, LARGO, TIPODECAMPO, DECIMALES, EDICION, CONTABILIZA, CONCEPTO, CALCULO, VALIDACION, TABLADEVALIDACION, TABLADEAYUDA, OPCIONES, TABLA, CAMPO, BASICO, MASCARA)
VALUES (40030, '' '', 0, ''Localidad de Nacimiento'', ''Localidad de Nacimiento'', 3, ''N'', 0, NULL, 0, 0, 0, 0, 0, 0, 0, 3611, ''Localidad_Nac'', 0, NULL)
--
INSERT INTO dbo.DICCIONARIO (NUMERODECAMPO, USODELCAMPO, REFERENCIA, DESCRIPCION, PROMPT, LARGO, TIPODECAMPO, DECIMALES, EDICION, CONTABILIZA, CONCEPTO, CALCULO, VALIDACION, TABLADEVALIDACION, TABLADEAYUDA, OPCIONES, TABLA, CAMPO, BASICO, MASCARA)
VALUES (40031, '' '', 0, ''Barrio'', ''Barrio'', 100, ''A'', 0, NULL, 0, 0, 0, 0, 0, 0, 0, 3611, ''Barrio'', 0, NULL)
--
INSERT INTO dbo.DICCIONARIO (NUMERODECAMPO, USODELCAMPO, REFERENCIA, DESCRIPCION, PROMPT, LARGO, TIPODECAMPO, DECIMALES, EDICION, CONTABILIZA, CONCEPTO, CALCULO, VALIDACION, TABLADEVALIDACION, TABLADEAYUDA, OPCIONES, TABLA, CAMPO, BASICO, MASCARA)
VALUES (40032, '' '', 0, ''CUIL del Titular por Anses'', ''CUIL del Titular por Anses'', 20, ''A'', 0, NULL, 0, 0, 0, 0, 0, 0, 0, 3611, ''CUIL_Titular_Anses'', 0, NULL)
--
INSERT INTO dbo.DICCIONARIO (NUMERODECAMPO, USODELCAMPO, REFERENCIA, DESCRIPCION, PROMPT, LARGO, TIPODECAMPO, DECIMALES, EDICION, CONTABILIZA, CONCEPTO, CALCULO, VALIDACION, TABLADEVALIDACION, TABLADEAYUDA, OPCIONES, TABLA, CAMPO, BASICO, MASCARA)
VALUES (40033, '' '', 0, ''Número de Lote'', ''Número de Lote'', 10, ''N'', 0, NULL, 0, 0, 0, 0, 0, 0, 0, 3611, ''Nro_Lote'', 0, NULL)
--
INSERT INTO dbo.DICCIONARIO (NUMERODECAMPO, USODELCAMPO, REFERENCIA, DESCRIPCION, PROMPT, LARGO, TIPODECAMPO, DECIMALES, EDICION, CONTABILIZA, CONCEPTO, CALCULO, VALIDACION, TABLADEVALIDACION, TABLADEAYUDA, OPCIONES, TABLA, CAMPO, BASICO, MASCARA)
VALUES (40034, '' '', 0, ''Estado'', ''Estado'', 1, ''A'', 0, NULL, 0, 0, 0, 0, 0, 0, 1, 3611, ''Estado'', 0, NULL)
--
INSERT INTO dbo.DICCIONARIO (NUMERODECAMPO, USODELCAMPO, REFERENCIA, DESCRIPCION, PROMPT, LARGO, TIPODECAMPO, DECIMALES, EDICION, CONTABILIZA, CONCEPTO, CALCULO, VALIDACION, TABLADEVALIDACION, TABLADEAYUDA, OPCIONES, TABLA, CAMPO, BASICO, MASCARA)
VALUES (40131, '' '', 0, ''Provinicia Nac.'', ''Provinicia Nac.'', 2, ''A'', 0, NULL, 0, 0, 0, 0, 0, 0, 0, 3611, ''Provincia_Nac'', 0, NULL)
--
INSERT INTO dbo.DICCIONARIO (NUMERODECAMPO, USODELCAMPO, REFERENCIA, DESCRIPCION, PROMPT, LARGO, TIPODECAMPO, DECIMALES, EDICION, CONTABILIZA, CONCEPTO, CALCULO, VALIDACION, TABLADEVALIDACION, TABLADEAYUDA, OPCIONES, TABLA, CAMPO, BASICO, MASCARA)
VALUES (40136, '' '', 0, ''Departamento Nac.'', ''Departamento Nac.'', 3, ''N'', 0, NULL, 0, 0, 0, 0, 0, 0, 0, 3611, ''Departamento_Nac'', 0, NULL)
--
INSERT INTO dbo.DICCIONARIO (NUMERODECAMPO, USODELCAMPO, REFERENCIA, DESCRIPCION, PROMPT, LARGO, TIPODECAMPO, DECIMALES, EDICION, CONTABILIZA, CONCEPTO, CALCULO, VALIDACION, TABLADEVALIDACION, TABLADEAYUDA, OPCIONES, TABLA, CAMPO, BASICO, MASCARA)
VALUES (40169, '' '', 0, ''Id_Registro'', ''Id Registro '', 10, ''N'', 0, NULL, 0, 0, 0, 0, 0, 0, 0, 3611, ''Id_Registro'', 0, NULL)
----
INSERT INTO dbo.OPCIONES (NUMERODECAMPO, IDIOMA, DESCRIPCION, OPCIONINTERNA, OPCIONDEPANTALLA)
VALUES (40007, ''E'', ''Anses'', ''AN'', ''AN'')
--
INSERT INTO dbo.OPCIONES (NUMERODECAMPO, IDIOMA, DESCRIPCION, OPCIONINTERNA, OPCIONDEPANTALLA)
VALUES (40007, ''E'', ''Convenio Privado'', ''CP'', ''CP'')
--
INSERT INTO dbo.OPCIONES (NUMERODECAMPO, IDIOMA, DESCRIPCION, OPCIONINTERNA, OPCIONDEPANTALLA)
VALUES (40007, ''E'', ''Online Banking'', ''OB'', ''OB'')
--
INSERT INTO dbo.OPCIONES (NUMERODECAMPO, IDIOMA, DESCRIPCION, OPCIONINTERNA, OPCIONDEPANTALLA)
VALUES (40008, ''E'', ''Alta Beneficio /Titular '', ''1'', ''1'')
--
INSERT INTO dbo.OPCIONES (NUMERODECAMPO, IDIOMA, DESCRIPCION, OPCIONINTERNA, OPCIONDEPANTALLA)
VALUES (40008, ''E'', ''Alta Apoderado Beneficio'', ''2'', ''2'')
--
INSERT INTO dbo.OPCIONES (NUMERODECAMPO, IDIOMA, DESCRIPCION, OPCIONINTERNA, OPCIONDEPANTALLA)
VALUES (40008, ''E'', ''Cambio de Apoderado '', ''3'', ''3'')
--
INSERT INTO dbo.OPCIONES (NUMERODECAMPO, IDIOMA, DESCRIPCION, OPCIONINTERNA, OPCIONDEPANTALLA)
VALUES (40010, ''E'', ''Apoderado'', ''A'', ''A'')
--
INSERT INTO dbo.OPCIONES (NUMERODECAMPO, IDIOMA, DESCRIPCION, OPCIONINTERNA, OPCIONDEPANTALLA)
VALUES (40010, ''E'', ''Titular '', ''T'', ''T'')
--
INSERT INTO dbo.OPCIONES (NUMERODECAMPO, IDIOMA, DESCRIPCION, OPCIONINTERNA, OPCIONDEPANTALLA)
VALUES (40024, ''E'', ''Femenino'', ''F'', ''F'')
--
INSERT INTO dbo.OPCIONES (NUMERODECAMPO, IDIOMA, DESCRIPCION, OPCIONINTERNA, OPCIONDEPANTALLA)
VALUES (40024, ''E'', ''Masculino'', ''M'', ''M'')
--
INSERT INTO dbo.OPCIONES (NUMERODECAMPO, IDIOMA, DESCRIPCION, OPCIONINTERNA, OPCIONDEPANTALLA)
VALUES (40025, ''E'', ''Casado'', ''C'', ''C'')
--
INSERT INTO dbo.OPCIONES (NUMERODECAMPO, IDIOMA, DESCRIPCION, OPCIONINTERNA, OPCIONDEPANTALLA)
VALUES (40025, ''E'', ''Divorciado'', ''D'', ''D'')
--
INSERT INTO dbo.OPCIONES (NUMERODECAMPO, IDIOMA, DESCRIPCION, OPCIONINTERNA, OPCIONDEPANTALLA)
VALUES (40025, ''E'', ''Soltero'', ''S'', ''S'')
--
INSERT INTO dbo.OPCIONES (NUMERODECAMPO, IDIOMA, DESCRIPCION, OPCIONINTERNA, OPCIONDEPANTALLA)
VALUES (40025, ''E'', ''Concubino'', ''U'', ''U'')
--
INSERT INTO dbo.OPCIONES (NUMERODECAMPO, IDIOMA, DESCRIPCION, OPCIONINTERNA, OPCIONDEPANTALLA)
VALUES (40025, ''E'', ''Viudo'', ''V'', ''V'')
--
INSERT INTO dbo.OPCIONES (NUMERODECAMPO, IDIOMA, DESCRIPCION, OPCIONINTERNA, OPCIONDEPANTALLA)
VALUES (40034, ''E'', ''Ingresado'', ''I'', ''I'')
--
INSERT INTO dbo.OPCIONES (NUMERODECAMPO, IDIOMA, DESCRIPCION, OPCIONINTERNA, OPCIONDEPANTALLA)
VALUES (40034, ''E'', ''Procesado'', ''P'', ''P'')
----
INSERT INTO dbo.INDICES (NUMERODEARCHIVO, NUMERODEINDICE, DESCRIPCION, CLAVESREPETIDAS, CAMPO1, CAMPO2, CAMPO3, CAMPO4, CAMPO5, CAMPO6, CAMPO7, CAMPO8, CAMPO9, CAMPO10, CAMPO11, CAMPO12, CAMPO13, CAMPO14, CAMPO15, CAMPO16, CAMPO17, CAMPO18, CAMPO19, CAMPO20)
VALUES (3611, 1, ''Índice Principal'', 0, 40169, NULL, NULL, NULL, NULL, NULL, NULL, NULL, NULL, NULL, NULL, NULL, NULL, NULL, NULL, NULL, NULL, NULL, NULL, NULL)
----

--MA_BANDEJA_SALIDA
INSERT INTO dbo.DESCRIPTORES (TITULO, IDENTIFICACION, TIPODEARCHIVO, DESCRIPCION, GRUPODELMAPA, NOMBREFISICO, TIPODEDBMS, LARGODELREGISTRO, INICIALIZACIONDELREGISTRO, BASE, SELECCION, ACEPTA_MOVS_DIFERIDO)
VALUES (4000, 3612, NULL, ''Bandeja de Salida'', 0, ''MA_BANDEJA_SALIDA'', ''D'', NULL, NULL, ''Top/Clientes'', NULL, ''N'')
----
INSERT INTO dbo.DICCIONARIO (NUMERODECAMPO, USODELCAMPO, REFERENCIA, DESCRIPCION, PROMPT, LARGO, TIPODECAMPO, DECIMALES, EDICION, CONTABILIZA, CONCEPTO, CALCULO, VALIDACION, TABLADEVALIDACION, TABLADEAYUDA, OPCIONES, TABLA, CAMPO, BASICO, MASCARA)
VALUES (40035, '' '', 0, ''Convenio de Pago'', ''Convenio de Pago'', 15, ''N'', 0, NULL, 0, 0, 0, 0, 0, 0, 0, 3612, ''ConvenioPago'', 0, NULL)
--
INSERT INTO dbo.DICCIONARIO (NUMERODECAMPO, USODELCAMPO, REFERENCIA, DESCRIPCION, PROMPT, LARGO, TIPODECAMPO, DECIMALES, EDICION, CONTABILIZA, CONCEPTO, CALCULO, VALIDACION, TABLADEVALIDACION, TABLADEAYUDA, OPCIONES, TABLA, CAMPO, BASICO, MASCARA)
VALUES (40036, '' '', 0, ''Tipo de Convenio'', ''Tipo de Convenio'', 5, ''N'', 0, NULL, 0, 0, 0, 0, 0, 0, 0, 3612, ''TipoConvenio'', 0, NULL)
--
INSERT INTO dbo.DICCIONARIO (NUMERODECAMPO, USODELCAMPO, REFERENCIA, DESCRIPCION, PROMPT, LARGO, TIPODECAMPO, DECIMALES, EDICION, CONTABILIZA, CONCEPTO, CALCULO, VALIDACION, TABLADEVALIDACION, TABLADEAYUDA, OPCIONES, TABLA, CAMPO, BASICO, MASCARA)
VALUES (40037, '' '', 0, ''Dominio'', ''Dominio'', 4, ''N'', 0, NULL, 0, 0, 0, 0, 0, 0, 0, 3612, ''Dominio'', 0, NULL)
--
INSERT INTO dbo.DICCIONARIO (NUMERODECAMPO, USODELCAMPO, REFERENCIA, DESCRIPCION, PROMPT, LARGO, TIPODECAMPO, DECIMALES, EDICION, CONTABILIZA, CONCEPTO, CALCULO, VALIDACION, TABLADEVALIDACION, TABLADEAYUDA, OPCIONES, TABLA, CAMPO, BASICO, MASCARA)
VALUES (40038, '' '', 0, ''Subdominio'', ''Subdominio'', 4, ''N'', 0, NULL, 0, 0, 0, 0, 0, 0, 0, 3612, ''Subdominio'', 0, NULL)
--
INSERT INTO dbo.DICCIONARIO (NUMERODECAMPO, USODELCAMPO, REFERENCIA, DESCRIPCION, PROMPT, LARGO, TIPODECAMPO, DECIMALES, EDICION, CONTABILIZA, CONCEPTO, CALCULO, VALIDACION, TABLADEVALIDACION, TABLADEAYUDA, OPCIONES, TABLA, CAMPO, BASICO, MASCARA)
VALUES (40039, '' '', 0, ''Número de Beneficio'', ''Número de Beneficio'', 7, ''N'', 0, NULL, 0, 0, 0, 0, 0, 0, 0, 3612, ''Nro_Beneficio'', 0, NULL)
--
INSERT INTO dbo.DICCIONARIO (NUMERODECAMPO, USODELCAMPO, REFERENCIA, DESCRIPCION, PROMPT, LARGO, TIPODECAMPO, DECIMALES, EDICION, CONTABILIZA, CONCEPTO, CALCULO, VALIDACION, TABLADEVALIDACION, TABLADEAYUDA, OPCIONES, TABLA, CAMPO, BASICO, MASCARA)
VALUES (40040, '' '', 0, ''Coparticipe'', ''Coparticipe'', 1, ''N'', 0, NULL, 0, 0, 0, 0, 0, 0, 0, 3612, ''Coparticipe'', 0, NULL)
--
INSERT INTO dbo.DICCIONARIO (NUMERODECAMPO, USODELCAMPO, REFERENCIA, DESCRIPCION, PROMPT, LARGO, TIPODECAMPO, DECIMALES, EDICION, CONTABILIZA, CONCEPTO, CALCULO, VALIDACION, TABLADEVALIDACION, TABLADEAYUDA, OPCIONES, TABLA, CAMPO, BASICO, MASCARA)
VALUES (40041, '' '', 0, ''Dígito Verificador'', ''Dígito Verificador'', 1, ''N'', 0, NULL, 0, 0, 0, 0, 0, 0, 0, 3612, ''Digito_Verificador'', 0, NULL)
--
INSERT INTO dbo.DICCIONARIO (NUMERODECAMPO, USODELCAMPO, REFERENCIA, DESCRIPCION, PROMPT, LARGO, TIPODECAMPO, DECIMALES, EDICION, CONTABILIZA, CONCEPTO, CALCULO, VALIDACION, TABLADEVALIDACION, TABLADEAYUDA, OPCIONES, TABLA, CAMPO, BASICO, MASCARA)
VALUES (40042, '' '', 0, ''Origen'', ''Origen'', 2, ''A'', 0, NULL, 0, 0, 0, 0, 0, 0, 1, 3612, ''Origen'', 0, NULL)
--
INSERT INTO dbo.DICCIONARIO (NUMERODECAMPO, USODELCAMPO, REFERENCIA, DESCRIPCION, PROMPT, LARGO, TIPODECAMPO, DECIMALES, EDICION, CONTABILIZA, CONCEPTO, CALCULO, VALIDACION, TABLADEVALIDACION, TABLADEAYUDA, OPCIONES, TABLA, CAMPO, BASICO, MASCARA)
VALUES (40043, '' '', 0, ''Acción'', ''Acción'', 2, ''N'', 0, NULL, 0, 0, 0, 0, 0, 0, 1, 3612, ''Accion'', 0, NULL)
--
INSERT INTO dbo.DICCIONARIO (NUMERODECAMPO, USODELCAMPO, REFERENCIA, DESCRIPCION, PROMPT, LARGO, TIPODECAMPO, DECIMALES, EDICION, CONTABILIZA, CONCEPTO, CALCULO, VALIDACION, TABLADEVALIDACION, TABLADEAYUDA, OPCIONES, TABLA, CAMPO, BASICO, MASCARA)
VALUES (40044, '' '', 0, ''Titular o Apoderado'', ''Titular o Apoderado'', 1, ''A'', 0, NULL, 0, 0, 0, 0, 0, 0, 1, 3612, ''Titular_Apoderado'', 0, NULL)
--
INSERT INTO dbo.DICCIONARIO (NUMERODECAMPO, USODELCAMPO, REFERENCIA, DESCRIPCION, PROMPT, LARGO, TIPODECAMPO, DECIMALES, EDICION, CONTABILIZA, CONCEPTO, CALCULO, VALIDACION, TABLADEVALIDACION, TABLADEAYUDA, OPCIONES, TABLA, CAMPO, BASICO, MASCARA)
VALUES (40045, '' '', 0, ''CUIL'', ''CUIL'', 20, ''A'', 0, NULL, 0, 0, 0, 0, 0, 0, 0, 3612, ''CUIL'', 0, NULL)
--
INSERT INTO dbo.DICCIONARIO (NUMERODECAMPO, USODELCAMPO, REFERENCIA, DESCRIPCION, PROMPT, LARGO, TIPODECAMPO, DECIMALES, EDICION, CONTABILIZA, CONCEPTO, CALCULO, VALIDACION, TABLADEVALIDACION, TABLADEAYUDA, OPCIONES, TABLA, CAMPO, BASICO, MASCARA)
VALUES (40046, '' '', 0, ''Tipo Documento Físico'', ''Tipo Documento Físico'', 4, ''A'', 0, NULL, 0, 0, 0, 0, 0, 0, 0, 3612, ''Tipo_Doc_Fisico'', 0, NULL)
--
INSERT INTO dbo.DICCIONARIO (NUMERODECAMPO, USODELCAMPO, REFERENCIA, DESCRIPCION, PROMPT, LARGO, TIPODECAMPO, DECIMALES, EDICION, CONTABILIZA, CONCEPTO, CALCULO, VALIDACION, TABLADEVALIDACION, TABLADEAYUDA, OPCIONES, TABLA, CAMPO, BASICO, MASCARA)
VALUES (40047, '' '', 0, ''Número Documento Físico'', ''Número Documento Físico'', 20, ''A'', 0, NULL, 0, 0, 0, 0, 0, 0, 0, 3612, ''Num_Doc_Fisico'', 0, NULL)
--
INSERT INTO dbo.DICCIONARIO (NUMERODECAMPO, USODELCAMPO, REFERENCIA, DESCRIPCION, PROMPT, LARGO, TIPODECAMPO, DECIMALES, EDICION, CONTABILIZA, CONCEPTO, CALCULO, VALIDACION, TABLADEVALIDACION, TABLADEAYUDA, OPCIONES, TABLA, CAMPO, BASICO, MASCARA)
VALUES (40048, '' '', 0, ''Apellido'', ''Apellido'', 30, ''A'', 0, NULL, 0, 0, 0, 0, 0, 0, 0, 3612, ''Apellido'', 0, NULL)
--
INSERT INTO dbo.DICCIONARIO (NUMERODECAMPO, USODELCAMPO, REFERENCIA, DESCRIPCION, PROMPT, LARGO, TIPODECAMPO, DECIMALES, EDICION, CONTABILIZA, CONCEPTO, CALCULO, VALIDACION, TABLADEVALIDACION, TABLADEAYUDA, OPCIONES, TABLA, CAMPO, BASICO, MASCARA)
VALUES (40049, '' '', 0, ''Nombre'', ''Nombre'', 30, ''A'', 0, NULL, 0, 0, 0, 0, 0, 0, 0, 3612, ''Nombre'', 0, NULL)
--
INSERT INTO dbo.DICCIONARIO (NUMERODECAMPO, USODELCAMPO, REFERENCIA, DESCRIPCION, PROMPT, LARGO, TIPODECAMPO, DECIMALES, EDICION, CONTABILIZA, CONCEPTO, CALCULO, VALIDACION, TABLADEVALIDACION, TABLADEAYUDA, OPCIONES, TABLA, CAMPO, BASICO, MASCARA)
VALUES (40050, '' '', 0, ''Codigo Postal'', ''Codigo Postal'', 4, ''N'', 0, NULL, 0, 0, 0, 0, 0, 0, 0, 3612, ''Cod_Postal'', 0, NULL)
--
INSERT INTO dbo.DICCIONARIO (NUMERODECAMPO, USODELCAMPO, REFERENCIA, DESCRIPCION, PROMPT, LARGO, TIPODECAMPO, DECIMALES, EDICION, CONTABILIZA, CONCEPTO, CALCULO, VALIDACION, TABLADEVALIDACION, TABLADEAYUDA, OPCIONES, TABLA, CAMPO, BASICO, MASCARA)
VALUES (40051, '' '', 0, ''Departamento'', ''Departamento'', 3, ''N'', 0, NULL, 0, 0, 0, 0, 0, 0, 0, 3612, ''Departamento'', 0, NULL)
--
INSERT INTO dbo.DICCIONARIO (NUMERODECAMPO, USODELCAMPO, REFERENCIA, DESCRIPCION, PROMPT, LARGO, TIPODECAMPO, DECIMALES, EDICION, CONTABILIZA, CONCEPTO, CALCULO, VALIDACION, TABLADEVALIDACION, TABLADEAYUDA, OPCIONES, TABLA, CAMPO, BASICO, MASCARA)
VALUES (40052, '' '', 0, ''Localidad'', ''Localidad'', 3, ''N'', 0, NULL, 0, 0, 0, 0, 0, 0, 0, 3612, ''Localidad'', 0, NULL)
--
INSERT INTO dbo.DICCIONARIO (NUMERODECAMPO, USODELCAMPO, REFERENCIA, DESCRIPCION, PROMPT, LARGO, TIPODECAMPO, DECIMALES, EDICION, CONTABILIZA, CONCEPTO, CALCULO, VALIDACION, TABLADEVALIDACION, TABLADEAYUDA, OPCIONES, TABLA, CAMPO, BASICO, MASCARA)
VALUES (40053, '' '', 0, ''Provincia'', ''Provincia'', 2, ''A'', 0, NULL, 0, 0, 0, 0, 0, 0, 0, 3612, ''Provincia'', 0, NULL)
--
INSERT INTO dbo.DICCIONARIO (NUMERODECAMPO, USODELCAMPO, REFERENCIA, DESCRIPCION, PROMPT, LARGO, TIPODECAMPO, DECIMALES, EDICION, CONTABILIZA, CONCEPTO, CALCULO, VALIDACION, TABLADEVALIDACION, TABLADEAYUDA, OPCIONES, TABLA, CAMPO, BASICO, MASCARA)
VALUES (40054, '' '', 0, ''Calle'', ''Calle'', 50, ''A'', 0, NULL, 0, 0, 0, 0, 0, 0, 0, 3612, ''Calle'', 0, NULL)
--
INSERT INTO dbo.DICCIONARIO (NUMERODECAMPO, USODELCAMPO, REFERENCIA, DESCRIPCION, PROMPT, LARGO, TIPODECAMPO, DECIMALES, EDICION, CONTABILIZA, CONCEPTO, CALCULO, VALIDACION, TABLADEVALIDACION, TABLADEAYUDA, OPCIONES, TABLA, CAMPO, BASICO, MASCARA)
VALUES (40055, '' '', 0, ''Número'', ''Número'', 8, ''N'', 0, NULL, 0, 0, 0, 0, 0, 0, 0, 3612, ''Numero'', 0, NULL)
--
INSERT INTO dbo.DICCIONARIO (NUMERODECAMPO, USODELCAMPO, REFERENCIA, DESCRIPCION, PROMPT, LARGO, TIPODECAMPO, DECIMALES, EDICION, CONTABILIZA, CONCEPTO, CALCULO, VALIDACION, TABLADEVALIDACION, TABLADEAYUDA, OPCIONES, TABLA, CAMPO, BASICO, MASCARA)
VALUES (40056, '' '', 0, ''Piso'', ''Piso'', 8, ''N'', 0, NULL, 0, 0, 0, 0, 0, 0, 0, 3612, ''Piso'', 0, NULL)
--
INSERT INTO dbo.DICCIONARIO (NUMERODECAMPO, USODELCAMPO, REFERENCIA, DESCRIPCION, PROMPT, LARGO, TIPODECAMPO, DECIMALES, EDICION, CONTABILIZA, CONCEPTO, CALCULO, VALIDACION, TABLADEVALIDACION, TABLADEAYUDA, OPCIONES, TABLA, CAMPO, BASICO, MASCARA)
VALUES (40057, '' '', 0, ''Fecha Nacimiento'', ''Fecha Nacimiento'', 8, ''F'', 0, ''F'', 0, 0, 0, 0, 0, 0, 0, 3612, ''Fecha_Nacimiento'', 0, NULL)
--
INSERT INTO dbo.DICCIONARIO (NUMERODECAMPO, USODELCAMPO, REFERENCIA, DESCRIPCION, PROMPT, LARGO, TIPODECAMPO, DECIMALES, EDICION, CONTABILIZA, CONCEPTO, CALCULO, VALIDACION, TABLADEVALIDACION, TABLADEAYUDA, OPCIONES, TABLA, CAMPO, BASICO, MASCARA)
VALUES (40058, '' '', 0, ''Sexo'', ''Sexo'', 1, ''A'', 0, NULL, 0, 0, 0, 0, 0, 0, 1, 3612, ''Sexo'', 0, NULL)
--
INSERT INTO dbo.DICCIONARIO (NUMERODECAMPO, USODELCAMPO, REFERENCIA, DESCRIPCION, PROMPT, LARGO, TIPODECAMPO, DECIMALES, EDICION, CONTABILIZA, CONCEPTO, CALCULO, VALIDACION, TABLADEVALIDACION, TABLADEAYUDA, OPCIONES, TABLA, CAMPO, BASICO, MASCARA)
VALUES (40059, '' '', 0, ''Estado Civil'', ''Estado Civil'', 1, ''A'', 0, NULL, 0, 0, 0, 0, 0, 0, 1, 3612, ''Estado_Civil'', 0, NULL)
--
INSERT INTO dbo.DICCIONARIO (NUMERODECAMPO, USODELCAMPO, REFERENCIA, DESCRIPCION, PROMPT, LARGO, TIPODECAMPO, DECIMALES, EDICION, CONTABILIZA, CONCEPTO, CALCULO, VALIDACION, TABLADEVALIDACION, TABLADEAYUDA, OPCIONES, TABLA, CAMPO, BASICO, MASCARA)
VALUES (40060, '' '', 0, ''Teléfono'', ''Teléfono'', 17, ''A'', 0, NULL, 0, 0, 0, 0, 0, 0, 0, 3612, ''Telefono'', 0, NULL)
--
INSERT INTO dbo.DICCIONARIO (NUMERODECAMPO, USODELCAMPO, REFERENCIA, DESCRIPCION, PROMPT, LARGO, TIPODECAMPO, DECIMALES, EDICION, CONTABILIZA, CONCEPTO, CALCULO, VALIDACION, TABLADEVALIDACION, TABLADEAYUDA, OPCIONES, TABLA, CAMPO, BASICO, MASCARA)
VALUES (40061, '' '', 0, ''Email'', ''Email'', 250, ''A'', 0, NULL, 0, 0, 0, 0, 0, 0, 0, 3612, ''Email'', 0, NULL)
--
INSERT INTO dbo.DICCIONARIO (NUMERODECAMPO, USODELCAMPO, REFERENCIA, DESCRIPCION, PROMPT, LARGO, TIPODECAMPO, DECIMALES, EDICION, CONTABILIZA, CONCEPTO, CALCULO, VALIDACION, TABLADEVALIDACION, TABLADEAYUDA, OPCIONES, TABLA, CAMPO, BASICO, MASCARA)
VALUES (40062, '' '', 0, ''Codigo Afip'', ''Codigo Afip'', 10, ''A'', 0, NULL, 0, 0, 0, 0, 0, 0, 0, 3612, ''Codigo_Afip'', 0, NULL)
--
INSERT INTO dbo.DICCIONARIO (NUMERODECAMPO, USODELCAMPO, REFERENCIA, DESCRIPCION, PROMPT, LARGO, TIPODECAMPO, DECIMALES, EDICION, CONTABILIZA, CONCEPTO, CALCULO, VALIDACION, TABLADEVALIDACION, TABLADEAYUDA, OPCIONES, TABLA, CAMPO, BASICO, MASCARA)
VALUES (40063, '' '', 0, ''Sucursal'', ''Sucursal'', 5, ''N'', 0, NULL, 0, 0, 0, 0, 0, 0, 0, 3612, ''Sucursal'', 0, NULL)
--
INSERT INTO dbo.DICCIONARIO (NUMERODECAMPO, USODELCAMPO, REFERENCIA, DESCRIPCION, PROMPT, LARGO, TIPODECAMPO, DECIMALES, EDICION, CONTABILIZA, CONCEPTO, CALCULO, VALIDACION, TABLADEVALIDACION, TABLADEAYUDA, OPCIONES, TABLA, CAMPO, BASICO, MASCARA)
VALUES (40064, '' '', 0, ''Lugar de Nacimiento'', ''Lugar de Nacimiento'', 3, ''N'', 0, NULL, 0, 0, 0, 0, 0, 0, 0, 3612, ''Lugar_Nacimiento'', 0, NULL)
--
INSERT INTO dbo.DICCIONARIO (NUMERODECAMPO, USODELCAMPO, REFERENCIA, DESCRIPCION, PROMPT, LARGO, TIPODECAMPO, DECIMALES, EDICION, CONTABILIZA, CONCEPTO, CALCULO, VALIDACION, TABLADEVALIDACION, TABLADEAYUDA, OPCIONES, TABLA, CAMPO, BASICO, MASCARA)
VALUES (40065, '' '', 0, ''Barrio'', ''Barrio'', 100, ''A'', 0, NULL, 0, 0, 0, 0, 0, 0, 0, 3612, ''Barrio'', 0, NULL)
--
INSERT INTO dbo.DICCIONARIO (NUMERODECAMPO, USODELCAMPO, REFERENCIA, DESCRIPCION, PROMPT, LARGO, TIPODECAMPO, DECIMALES, EDICION, CONTABILIZA, CONCEPTO, CALCULO, VALIDACION, TABLADEVALIDACION, TABLADEAYUDA, OPCIONES, TABLA, CAMPO, BASICO, MASCARA)
VALUES (40066, '' '', 0, ''CUIL del Titular por Anses'', ''CUIL del Titular por Anses'', 20, ''A'', 0, NULL, 0, 0, 0, 0, 0, 0, 0, 3612, ''CUIL_Titular_Anses'', 0, NULL)
--
INSERT INTO dbo.DICCIONARIO (NUMERODECAMPO, USODELCAMPO, REFERENCIA, DESCRIPCION, PROMPT, LARGO, TIPODECAMPO, DECIMALES, EDICION, CONTABILIZA, CONCEPTO, CALCULO, VALIDACION, TABLADEVALIDACION, TABLADEAYUDA, OPCIONES, TABLA, CAMPO, BASICO, MASCARA)
VALUES (40067, '' '', 0, ''Número de Lote'', ''Número de Lote'', 10, ''N'', 0, NULL, 0, 0, 0, 0, 0, 0, 0, 3612, ''Nro_Lote'', 0, NULL)
--
INSERT INTO dbo.DICCIONARIO (NUMERODECAMPO, USODELCAMPO, REFERENCIA, DESCRIPCION, PROMPT, LARGO, TIPODECAMPO, DECIMALES, EDICION, CONTABILIZA, CONCEPTO, CALCULO, VALIDACION, TABLADEVALIDACION, TABLADEAYUDA, OPCIONES, TABLA, CAMPO, BASICO, MASCARA)
VALUES (40068, '' '', 0, ''Estado'', ''Estado'', 1, ''A'', 0, NULL, 0, 0, 0, 0, 0, 0, 1, 3612, ''Estado'', 0, NULL)
--
INSERT INTO dbo.DICCIONARIO (NUMERODECAMPO, USODELCAMPO, REFERENCIA, DESCRIPCION, PROMPT, LARGO, TIPODECAMPO, DECIMALES, EDICION, CONTABILIZA, CONCEPTO, CALCULO, VALIDACION, TABLADEVALIDACION, TABLADEAYUDA, OPCIONES, TABLA, CAMPO, BASICO, MASCARA)
VALUES (40069, '' '', 0, ''Descripción del Proceso'', ''Descripción'', 250, ''A'', 0, NULL, 0, 0, 0, 0, 0, 0, 0, 3612, ''Descripcion'', 0, NULL)
--
INSERT INTO dbo.DICCIONARIO (NUMERODECAMPO, USODELCAMPO, REFERENCIA, DESCRIPCION, PROMPT, LARGO, TIPODECAMPO, DECIMALES, EDICION, CONTABILIZA, CONCEPTO, CALCULO, VALIDACION, TABLADEVALIDACION, TABLADEAYUDA, OPCIONES, TABLA, CAMPO, BASICO, MASCARA)
VALUES (40070, '' '', 0, ''Fecha Procesado'', ''Fecha Procesado'', 8, ''F'', 0, ''F'', 0, 0, 0, 0, 0, 0, 0, 3612, ''Fecha_proceso'', 0, NULL)
--
INSERT INTO dbo.DICCIONARIO (NUMERODECAMPO, USODELCAMPO, REFERENCIA, DESCRIPCION, PROMPT, LARGO, TIPODECAMPO, DECIMALES, EDICION, CONTABILIZA, CONCEPTO, CALCULO, VALIDACION, TABLADEVALIDACION, TABLADEAYUDA, OPCIONES, TABLA, CAMPO, BASICO, MASCARA)
VALUES (40071, '' '', 0, ''Producto'', ''Producto'', 5, ''N'', 0, NULL, 0, 0, 0, 0, 0, 0, 0, 3612, ''Producto'', 0, NULL)
--
INSERT INTO dbo.DICCIONARIO (NUMERODECAMPO, USODELCAMPO, REFERENCIA, DESCRIPCION, PROMPT, LARGO, TIPODECAMPO, DECIMALES, EDICION, CONTABILIZA, CONCEPTO, CALCULO, VALIDACION, TABLADEVALIDACION, TABLADEAYUDA, OPCIONES, TABLA, CAMPO, BASICO, MASCARA)
VALUES (40072, '' '', 0, ''Cliente'', ''Cliente'', 12, ''N'', 0, NULL, 0, 0, 0, 0, 0, 0, 0, 3612, ''Cliente'', 0, NULL)
--
INSERT INTO dbo.DICCIONARIO (NUMERODECAMPO, USODELCAMPO, REFERENCIA, DESCRIPCION, PROMPT, LARGO, TIPODECAMPO, DECIMALES, EDICION, CONTABILIZA, CONCEPTO, CALCULO, VALIDACION, TABLADEVALIDACION, TABLADEAYUDA, OPCIONES, TABLA, CAMPO, BASICO, MASCARA)
VALUES (40073, '' '', 0, ''Cuenta'', ''Cuenta'', 12, ''N'', 0, NULL, 0, 0, 0, 0, 0, 0, 0, 3612, ''Cuenta'', 0, NULL)
--
INSERT INTO dbo.DICCIONARIO (NUMERODECAMPO, USODELCAMPO, REFERENCIA, DESCRIPCION, PROMPT, LARGO, TIPODECAMPO, DECIMALES, EDICION, CONTABILIZA, CONCEPTO, CALCULO, VALIDACION, TABLADEVALIDACION, TABLADEAYUDA, OPCIONES, TABLA, CAMPO, BASICO, MASCARA)
VALUES (40074, '' '', 0, ''CBU'', ''CBU'', 22, ''A'', 0, NULL, 0, 0, 0, 0, 0, 0, 0, 3612, ''CBU'', 0, NULL)
--
INSERT INTO dbo.DICCIONARIO (NUMERODECAMPO, USODELCAMPO, REFERENCIA, DESCRIPCION, PROMPT, LARGO, TIPODECAMPO, DECIMALES, EDICION, CONTABILIZA, CONCEPTO, CALCULO, VALIDACION, TABLADEVALIDACION, TABLADEAYUDA, OPCIONES, TABLA, CAMPO, BASICO, MASCARA)
VALUES (40075, '' '', 0, ''Saldo Jts_oid'', ''Saldo Jts_oid'', 10, ''N'', 0, NULL, 0, 0, 0, 0, 0, 0, 0, 3612, ''Saldo_Jts_Oid'', 0, NULL)
--
INSERT INTO dbo.DICCIONARIO (NUMERODECAMPO, USODELCAMPO, REFERENCIA, DESCRIPCION, PROMPT, LARGO, TIPODECAMPO, DECIMALES, EDICION, CONTABILIZA, CONCEPTO, CALCULO, VALIDACION, TABLADEVALIDACION, TABLADEAYUDA, OPCIONES, TABLA, CAMPO, BASICO, MASCARA)
VALUES (40139, '' '', 0, ''Solicitud de link tjd'', ''Solicitud de link tjd'', 15, ''N'', 0, NULL, 0, 0, 0, 0, 0, 0, 0, 3612, ''SOLICITUD_LINK_TJD'', 0, NULL)
--
INSERT INTO dbo.DICCIONARIO (NUMERODECAMPO, USODELCAMPO, REFERENCIA, DESCRIPCION, PROMPT, LARGO, TIPODECAMPO, DECIMALES, EDICION, CONTABILIZA, CONCEPTO, CALCULO, VALIDACION, TABLADEVALIDACION, TABLADEAYUDA, OPCIONES, TABLA, CAMPO, BASICO, MASCARA)
VALUES (40168, '' '', 0, ''Id_Registro'', ''Id Registro'', 10, ''N'', 0, NULL, 0, 0, 0, 0, 0, 0, 0, 3612, ''Id_Registro'', 0, NULL)
----
INSERT INTO dbo.OPCIONES (NUMERODECAMPO, IDIOMA, DESCRIPCION, OPCIONINTERNA, OPCIONDEPANTALLA)
VALUES (40042, ''E'', ''Anses'', ''AN'', ''AN'')
--
INSERT INTO dbo.OPCIONES (NUMERODECAMPO, IDIOMA, DESCRIPCION, OPCIONINTERNA, OPCIONDEPANTALLA)
VALUES (40042, ''E'', ''Convenio Privado'', ''CP'', ''CP'')
--
INSERT INTO dbo.OPCIONES (NUMERODECAMPO, IDIOMA, DESCRIPCION, OPCIONINTERNA, OPCIONDEPANTALLA)
VALUES (40042, ''E'', ''Online Banking'', ''OB'', ''OB'')
--
INSERT INTO dbo.OPCIONES (NUMERODECAMPO, IDIOMA, DESCRIPCION, OPCIONINTERNA, OPCIONDEPANTALLA)
VALUES (40043, ''E'', ''Alta Beneficio/Titular'', ''1'', ''1'')
--
INSERT INTO dbo.OPCIONES (NUMERODECAMPO, IDIOMA, DESCRIPCION, OPCIONINTERNA, OPCIONDEPANTALLA)
VALUES (40043, ''E'', ''Alta Apoderado Beneficio'', ''2'', ''2'')
--
INSERT INTO dbo.OPCIONES (NUMERODECAMPO, IDIOMA, DESCRIPCION, OPCIONINTERNA, OPCIONDEPANTALLA)
VALUES (40043, ''E'', ''Cambio de Apoderado'', ''3'', ''3'')
--
INSERT INTO dbo.OPCIONES (NUMERODECAMPO, IDIOMA, DESCRIPCION, OPCIONINTERNA, OPCIONDEPANTALLA)
VALUES (40044, ''E'', ''Apoderado'', ''A'', ''A'')
--
INSERT INTO dbo.OPCIONES (NUMERODECAMPO, IDIOMA, DESCRIPCION, OPCIONINTERNA, OPCIONDEPANTALLA)
VALUES (40044, ''E'', ''Titular '', ''T'', ''T'')
--
INSERT INTO dbo.OPCIONES (NUMERODECAMPO, IDIOMA, DESCRIPCION, OPCIONINTERNA, OPCIONDEPANTALLA)
VALUES (40058, ''E'', ''Femenino'', ''F'', ''F'')
--
INSERT INTO dbo.OPCIONES (NUMERODECAMPO, IDIOMA, DESCRIPCION, OPCIONINTERNA, OPCIONDEPANTALLA)
VALUES (40058, ''E'', ''Masculino'', ''M'', ''M'')
--
INSERT INTO dbo.OPCIONES (NUMERODECAMPO, IDIOMA, DESCRIPCION, OPCIONINTERNA, OPCIONDEPANTALLA)
VALUES (40059, ''E'', ''Casado'', ''C'', ''C'')
--
INSERT INTO dbo.OPCIONES (NUMERODECAMPO, IDIOMA, DESCRIPCION, OPCIONINTERNA, OPCIONDEPANTALLA)
VALUES (40059, ''E'', ''Divorciado'', ''D'', ''D'')
--
INSERT INTO dbo.OPCIONES (NUMERODECAMPO, IDIOMA, DESCRIPCION, OPCIONINTERNA, OPCIONDEPANTALLA)
VALUES (40059, ''E'', ''Soltero'', ''S'', ''S'')
--
INSERT INTO dbo.OPCIONES (NUMERODECAMPO, IDIOMA, DESCRIPCION, OPCIONINTERNA, OPCIONDEPANTALLA)
VALUES (40059, ''E'', ''Concubino'', ''U'', ''U'')
--
INSERT INTO dbo.OPCIONES (NUMERODECAMPO, IDIOMA, DESCRIPCION, OPCIONINTERNA, OPCIONDEPANTALLA)
VALUES (40059, ''E'', ''Viudo'', ''V'', ''V'')
--
INSERT INTO dbo.OPCIONES (NUMERODECAMPO, IDIOMA, DESCRIPCION, OPCIONINTERNA, OPCIONDEPANTALLA)
VALUES (40068, ''E'', ''Error'', ''E'', ''E'')
--
INSERT INTO dbo.OPCIONES (NUMERODECAMPO, IDIOMA, DESCRIPCION, OPCIONINTERNA, OPCIONDEPANTALLA)
VALUES (40068, ''E'', ''Ok'', ''O'', ''O'')
----
INSERT INTO dbo.INDICES (NUMERODEARCHIVO, NUMERODEINDICE, DESCRIPCION, CLAVESREPETIDAS, CAMPO1, CAMPO2, CAMPO3, CAMPO4, CAMPO5, CAMPO6, CAMPO7, CAMPO8, CAMPO9, CAMPO10, CAMPO11, CAMPO12, CAMPO13, CAMPO14, CAMPO15, CAMPO16, CAMPO17, CAMPO18, CAMPO19, CAMPO20)
VALUES (3612, 1, ''Índice Principal'', 0, 40035, 40036, 40037, 40038, 40168, NULL, NULL, NULL, NULL, NULL, NULL, NULL, NULL, NULL, NULL, NULL, NULL, NULL, NULL, NULL)
----

--MA_ACCIONES_X_CONVENIOS
INSERT INTO dbo.DESCRIPTORES (TITULO, IDENTIFICACION, TIPODEARCHIVO, DESCRIPCION, GRUPODELMAPA, NOMBREFISICO, TIPODEDBMS, LARGODELREGISTRO, INICIALIZACIONDELREGISTRO, BASE, SELECCION, ACEPTA_MOVS_DIFERIDO)
VALUES (4000, 3613, NULL, ''Acciones por Convenios'', 0, ''MA_ACCIONES_X_CONVENIOS'', ''D'', NULL, NULL, ''Top/Clientes'', NULL, ''N'')
----
INSERT INTO dbo.DICCIONARIO (NUMERODECAMPO, USODELCAMPO, REFERENCIA, DESCRIPCION, PROMPT, LARGO, TIPODECAMPO, DECIMALES, EDICION, CONTABILIZA, CONCEPTO, CALCULO, VALIDACION, TABLADEVALIDACION, TABLADEAYUDA, OPCIONES, TABLA, CAMPO, BASICO, MASCARA)
VALUES (40076, '' '', 0, ''Convenio de Pago'', ''Convenio de Pago'', 15, ''N'', 0, NULL, 0, 0, 0, 0, 0, 44721, 0, 3613, ''ConvenioPago'', 0, NULL)
--
INSERT INTO dbo.DICCIONARIO (NUMERODECAMPO, USODELCAMPO, REFERENCIA, DESCRIPCION, PROMPT, LARGO, TIPODECAMPO, DECIMALES, EDICION, CONTABILIZA, CONCEPTO, CALCULO, VALIDACION, TABLADEVALIDACION, TABLADEAYUDA, OPCIONES, TABLA, CAMPO, BASICO, MASCARA)
VALUES (40077, '' '', 0, ''Tipo de Convenio'', ''Tipo de Convenio'', 5, ''N'', 0, NULL, 0, 0, 0, 0, 0, 44681, 0, 3613, ''TipoConvenio'', 0, NULL)
--
INSERT INTO dbo.DICCIONARIO (NUMERODECAMPO, USODELCAMPO, REFERENCIA, DESCRIPCION, PROMPT, LARGO, TIPODECAMPO, DECIMALES, EDICION, CONTABILIZA, CONCEPTO, CALCULO, VALIDACION, TABLADEVALIDACION, TABLADEAYUDA, OPCIONES, TABLA, CAMPO, BASICO, MASCARA)
VALUES (40078, '' '', 0, ''Dominio'', ''Dominio'', 4, ''N'', 0, NULL, 0, 0, 0, 0, 0, 45051, 0, 3613, ''Dominio'', 0, NULL)
--
INSERT INTO dbo.DICCIONARIO (NUMERODECAMPO, USODELCAMPO, REFERENCIA, DESCRIPCION, PROMPT, LARGO, TIPODECAMPO, DECIMALES, EDICION, CONTABILIZA, CONCEPTO, CALCULO, VALIDACION, TABLADEVALIDACION, TABLADEAYUDA, OPCIONES, TABLA, CAMPO, BASICO, MASCARA)
VALUES (40079, '' '', 0, ''Subdominio'', ''Subdominio'', 4, ''N'', 0, NULL, 0, 0, 0, 0, 0, 0, 0, 3613, ''Subdominio'', 0, NULL)
--
INSERT INTO dbo.DICCIONARIO (NUMERODECAMPO, USODELCAMPO, REFERENCIA, DESCRIPCION, PROMPT, LARGO, TIPODECAMPO, DECIMALES, EDICION, CONTABILIZA, CONCEPTO, CALCULO, VALIDACION, TABLADEVALIDACION, TABLADEAYUDA, OPCIONES, TABLA, CAMPO, BASICO, MASCARA)
VALUES (40080, '' '', 0, ''Origen'', ''Origen'', 2, ''A'', 0, NULL, 0, 0, 0, 0, 0, 0, 1, 3613, ''Origen'', 0, NULL)
--
INSERT INTO dbo.DICCIONARIO (NUMERODECAMPO, USODELCAMPO, REFERENCIA, DESCRIPCION, PROMPT, LARGO, TIPODECAMPO, DECIMALES, EDICION, CONTABILIZA, CONCEPTO, CALCULO, VALIDACION, TABLADEVALIDACION, TABLADEAYUDA, OPCIONES, TABLA, CAMPO, BASICO, MASCARA)
VALUES (40081, '' '', 0, ''Acción'', ''Acción'', 2, ''N'', 0, NULL, 0, 0, 0, 0, 0, 0, 1, 3613, ''Accion'', 0, NULL)
--
INSERT INTO dbo.DICCIONARIO (NUMERODECAMPO, USODELCAMPO, REFERENCIA, DESCRIPCION, PROMPT, LARGO, TIPODECAMPO, DECIMALES, EDICION, CONTABILIZA, CONCEPTO, CALCULO, VALIDACION, TABLADEVALIDACION, TABLADEAYUDA, OPCIONES, TABLA, CAMPO, BASICO, MASCARA)
VALUES (40082, '' '', 0, ''Producto'', ''Producto'', 5, ''N'', 0, NULL, 0, 0, 0, 0, 65, 651, 0, 3613, ''Producto'', 0, NULL)
--
INSERT INTO dbo.DICCIONARIO (NUMERODECAMPO, USODELCAMPO, REFERENCIA, DESCRIPCION, PROMPT, LARGO, TIPODECAMPO, DECIMALES, EDICION, CONTABILIZA, CONCEPTO, CALCULO, VALIDACION, TABLADEVALIDACION, TABLADEAYUDA, OPCIONES, TABLA, CAMPO, BASICO, MASCARA)
VALUES (40083, '' '', 0, ''Reutiliza Cuenta'', ''Reutiliza Cuenta'', 1, ''A'', 0, NULL, 0, 0, 0, 0, 0, 0, 1, 3613, ''Reutiliza_Cuenta'', 0, NULL)
--
INSERT INTO dbo.DICCIONARIO (NUMERODECAMPO, USODELCAMPO, REFERENCIA, DESCRIPCION, PROMPT, LARGO, TIPODECAMPO, DECIMALES, EDICION, CONTABILIZA, CONCEPTO, CALCULO, VALIDACION, TABLADEVALIDACION, TABLADEAYUDA, OPCIONES, TABLA, CAMPO, BASICO, MASCARA)
VALUES (40084, '' '', 0, ''Adhesión Resumen'', ''Adhesión Resumen'', 1, ''A'', 0, NULL, 0, 0, 0, 0, 0, 0, 1, 3613, ''Adhesion_Resumen'', 0, NULL)
--
INSERT INTO dbo.DICCIONARIO (NUMERODECAMPO, USODELCAMPO, REFERENCIA, DESCRIPCION, PROMPT, LARGO, TIPODECAMPO, DECIMALES, EDICION, CONTABILIZA, CONCEPTO, CALCULO, VALIDACION, TABLADEVALIDACION, TABLADEAYUDA, OPCIONES, TABLA, CAMPO, BASICO, MASCARA)
VALUES (40085, '' '', 0, ''Es Empleado'', ''Es Empleado'', 1, ''A'', 0, NULL, 0, 0, 0, 0, 0, 0, 1, 3613, ''Es_Empleado'', 0, NULL)
--
INSERT INTO dbo.DICCIONARIO (NUMERODECAMPO, USODELCAMPO, REFERENCIA, DESCRIPCION, PROMPT, LARGO, TIPODECAMPO, DECIMALES, EDICION, CONTABILIZA, CONCEPTO, CALCULO, VALIDACION, TABLADEVALIDACION, TABLADEAYUDA, OPCIONES, TABLA, CAMPO, BASICO, MASCARA)
VALUES (40086, '' '', 0, ''Moneda'', ''Moneda'', 4, ''N'', 0, NULL, 0, 0, 0, 0, 64, 642, 0, 3613, ''Moneda'', 0, NULL)
--
INSERT INTO dbo.DICCIONARIO (NUMERODECAMPO, USODELCAMPO, REFERENCIA, DESCRIPCION, PROMPT, LARGO, TIPODECAMPO, DECIMALES, EDICION, CONTABILIZA, CONCEPTO, CALCULO, VALIDACION, TABLADEVALIDACION, TABLADEAYUDA, OPCIONES, TABLA, CAMPO, BASICO, MASCARA)
VALUES (40087, '' '', 0, ''Codigo Afip'', ''Codigo Afip'', 12, ''A'', 0, NULL, 0, 0, 0, 0, 0, 821, 0, 3613, ''Codigo_Afip'', 0, NULL)
--
INSERT INTO dbo.DICCIONARIO (NUMERODECAMPO, USODELCAMPO, REFERENCIA, DESCRIPCION, PROMPT, LARGO, TIPODECAMPO, DECIMALES, EDICION, CONTABILIZA, CONCEPTO, CALCULO, VALIDACION, TABLADEVALIDACION, TABLADEAYUDA, OPCIONES, TABLA, CAMPO, BASICO, MASCARA)
VALUES (40088, '' '', 0, ''Código de Profesión'', ''Código de Profesión'', 3, ''A'', 0, NULL, 0, 0, 0, 0, 0, 291, 0, 3613, ''Cod_Profesion'', 0, NULL)
--
INSERT INTO dbo.DICCIONARIO (NUMERODECAMPO, USODELCAMPO, REFERENCIA, DESCRIPCION, PROMPT, LARGO, TIPODECAMPO, DECIMALES, EDICION, CONTABILIZA, CONCEPTO, CALCULO, VALIDACION, TABLADEVALIDACION, TABLADEAYUDA, OPCIONES, TABLA, CAMPO, BASICO, MASCARA)
VALUES (40089, '' '', 0, ''Motivo Vinculación'', ''Motivo Vinculación'', 2, ''A'', 0, NULL, 0, 0, 0, 0, 0, 0, 1, 3613, ''Motivo_Vinc'', 0, NULL)
--
INSERT INTO dbo.DICCIONARIO (NUMERODECAMPO, USODELCAMPO, REFERENCIA, DESCRIPCION, PROMPT, LARGO, TIPODECAMPO, DECIMALES, EDICION, CONTABILIZA, CONCEPTO, CALCULO, VALIDACION, TABLADEVALIDACION, TABLADEAYUDA, OPCIONES, TABLA, CAMPO, BASICO, MASCARA)
VALUES (40090, '' '', 0, ''Segmento'', ''Segmento'', 3, ''N'', 0, NULL, 0, 0, 0, 0, 0, 851, 0, 3613, ''Segmento'', 0, NULL)
--
INSERT INTO dbo.DICCIONARIO (NUMERODECAMPO, USODELCAMPO, REFERENCIA, DESCRIPCION, PROMPT, LARGO, TIPODECAMPO, DECIMALES, EDICION, CONTABILIZA, CONCEPTO, CALCULO, VALIDACION, TABLADEVALIDACION, TABLADEAYUDA, OPCIONES, TABLA, CAMPO, BASICO, MASCARA)
VALUES (40091, '' '', 0, ''Subsegmento'', ''Subsegmento'', 3, ''N'', 0, NULL, 0, 0, 0, 0, 0, 861, 0, 3613, ''Subsegmento'', 0, NULL)
--
INSERT INTO dbo.DICCIONARIO (NUMERODECAMPO, USODELCAMPO, REFERENCIA, DESCRIPCION, PROMPT, LARGO, TIPODECAMPO, DECIMALES, EDICION, CONTABILIZA, CONCEPTO, CALCULO, VALIDACION, TABLADEVALIDACION, TABLADEAYUDA, OPCIONES, TABLA, CAMPO, BASICO, MASCARA)
VALUES (40092, '' '', 0, ''Clase TJD'', ''Clase TJD'', 4, ''N'', 0, NULL, 0, 0, 0, 0, 0, 3000, 0, 3613, ''Clase_TJD'', 0, NULL)
--
INSERT INTO dbo.DICCIONARIO (NUMERODECAMPO, USODELCAMPO, REFERENCIA, DESCRIPCION, PROMPT, LARGO, TIPODECAMPO, DECIMALES, EDICION, CONTABILIZA, CONCEPTO, CALCULO, VALIDACION, TABLADEVALIDACION, TABLADEAYUDA, OPCIONES, TABLA, CAMPO, BASICO, MASCARA)
VALUES (40093, '' '', 0, ''Tipo TJD'', ''Tipo TJD'', 2, ''A'', 0, NULL, 0, 0, 0, 0, 0, 2361, 0, 3613, ''Tipo_TJD'', 0, NULL)
--
INSERT INTO dbo.DICCIONARIO (NUMERODECAMPO, USODELCAMPO, REFERENCIA, DESCRIPCION, PROMPT, LARGO, TIPODECAMPO, DECIMALES, EDICION, CONTABILIZA, CONCEPTO, CALCULO, VALIDACION, TABLADEVALIDACION, TABLADEAYUDA, OPCIONES, TABLA, CAMPO, BASICO, MASCARA)
VALUES (40094, '' '', 0, ''Producto TJD'', ''Producto TJD'', 4, ''A'', 0, NULL, 0, 0, 0, 0, 0, 0, 0, 3613, ''Producto_TJD'', 0, NULL)
----
INSERT INTO dbo.OPCIONES (NUMERODECAMPO, IDIOMA, DESCRIPCION, OPCIONINTERNA, OPCIONDEPANTALLA)
VALUES (40080, ''E'', ''Anses'', ''AN'', ''AN'')
--
INSERT INTO dbo.OPCIONES (NUMERODECAMPO, IDIOMA, DESCRIPCION, OPCIONINTERNA, OPCIONDEPANTALLA)
VALUES (40080, ''E'', ''Convenio Privado'', ''CP'', ''CP'')
--
INSERT INTO dbo.OPCIONES (NUMERODECAMPO, IDIOMA, DESCRIPCION, OPCIONINTERNA, OPCIONDEPANTALLA)
VALUES (40080, ''E'', ''Online Banking'', ''OB'', ''OB'')
--
INSERT INTO dbo.OPCIONES (NUMERODECAMPO, IDIOMA, DESCRIPCION, OPCIONINTERNA, OPCIONDEPANTALLA)
VALUES (40081, ''E'', ''Alta Beneficio /Titular '', ''1'', ''1'')
--
INSERT INTO dbo.OPCIONES (NUMERODECAMPO, IDIOMA, DESCRIPCION, OPCIONINTERNA, OPCIONDEPANTALLA)
VALUES (40081, ''E'', ''Alta Apoderado Beneficio'', ''2'', ''2'')
--
INSERT INTO dbo.OPCIONES (NUMERODECAMPO, IDIOMA, DESCRIPCION, OPCIONINTERNA, OPCIONDEPANTALLA)
VALUES (40081, ''E'', ''Cambio de Apoderado '', ''3'', ''3'')
--
INSERT INTO dbo.OPCIONES (NUMERODECAMPO, IDIOMA, DESCRIPCION, OPCIONINTERNA, OPCIONDEPANTALLA)
VALUES (40083, ''E'', ''No'', ''N'', ''N'')
--
INSERT INTO dbo.OPCIONES (NUMERODECAMPO, IDIOMA, DESCRIPCION, OPCIONINTERNA, OPCIONDEPANTALLA)
VALUES (40083, ''E'', ''Si'', ''S'', ''S'')
--
INSERT INTO dbo.OPCIONES (NUMERODECAMPO, IDIOMA, DESCRIPCION, OPCIONINTERNA, OPCIONDEPANTALLA)
VALUES (40084, ''E'', ''No'', ''N'', ''N'')
--
INSERT INTO dbo.OPCIONES (NUMERODECAMPO, IDIOMA, DESCRIPCION, OPCIONINTERNA, OPCIONDEPANTALLA)
VALUES (40084, ''E'', ''Si'', ''S'', ''S'')
--
INSERT INTO dbo.OPCIONES (NUMERODECAMPO, IDIOMA, DESCRIPCION, OPCIONINTERNA, OPCIONDEPANTALLA)
VALUES (40085, ''E'', ''No'', ''N'', ''N'')
--
INSERT INTO dbo.OPCIONES (NUMERODECAMPO, IDIOMA, DESCRIPCION, OPCIONINTERNA, OPCIONDEPANTALLA)
VALUES (40085, ''E'', ''Si'', ''S'', ''S'')
--
INSERT INTO dbo.OPCIONES (NUMERODECAMPO, IDIOMA, DESCRIPCION, OPCIONINTERNA, OPCIONDEPANTALLA)
VALUES (40089, ''E'', ''TRABAJO PERSONAL'', ''01'', ''01'')
--
INSERT INTO dbo.OPCIONES (NUMERODECAMPO, IDIOMA, DESCRIPCION, OPCIONINTERNA, OPCIONDEPANTALLA)
VALUES (40089, ''E'', ''PROFESION'', ''02'', ''02'')
--
INSERT INTO dbo.OPCIONES (NUMERODECAMPO, IDIOMA, DESCRIPCION, OPCIONINTERNA, OPCIONDEPANTALLA)
VALUES (40089, ''E'', ''ALQUILER'', ''03'', ''03'')
--
INSERT INTO dbo.OPCIONES (NUMERODECAMPO, IDIOMA, DESCRIPCION, OPCIONINTERNA, OPCIONDEPANTALLA)
VALUES (40089, ''E'', ''VENTA DE BIENES MUEBLES/INM'', ''04'', ''04'')
--
INSERT INTO dbo.OPCIONES (NUMERODECAMPO, IDIOMA, DESCRIPCION, OPCIONINTERNA, OPCIONDEPANTALLA)
VALUES (40089, ''E'', ''HERENCIA'', ''05'', ''05'')
--
INSERT INTO dbo.OPCIONES (NUMERODECAMPO, IDIOMA, DESCRIPCION, OPCIONINTERNA, OPCIONDEPANTALLA)
VALUES (40089, ''E'', ''COBRO DE HABERES'', ''06'', ''06'')
--
INSERT INTO dbo.OPCIONES (NUMERODECAMPO, IDIOMA, DESCRIPCION, OPCIONINTERNA, OPCIONDEPANTALLA)
VALUES (40089, ''E'', ''COBRO PRESTACION ANSES'', ''07'', ''07'')
--
INSERT INTO dbo.OPCIONES (NUMERODECAMPO, IDIOMA, DESCRIPCION, OPCIONINTERNA, OPCIONDEPANTALLA)
VALUES (40089, ''E'', ''OTROS'', ''08'', ''08'')
--
INSERT INTO dbo.OPCIONES (NUMERODECAMPO, IDIOMA, DESCRIPCION, OPCIONINTERNA, OPCIONDEPANTALLA)
VALUES (40089, ''E'', ''PROVEEDOR'', ''09'', ''09'')
--
INSERT INTO dbo.OPCIONES (NUMERODECAMPO, IDIOMA, DESCRIPCION, OPCIONINTERNA, OPCIONDEPANTALLA)
VALUES (40089, ''E'', ''CONYUGUE'', ''10'', ''10'')
----
INSERT INTO dbo.INDICES (NUMERODEARCHIVO, NUMERODEINDICE, DESCRIPCION, CLAVESREPETIDAS, CAMPO1, CAMPO2, CAMPO3, CAMPO4, CAMPO5, CAMPO6, CAMPO7, CAMPO8, CAMPO9, CAMPO10, CAMPO11, CAMPO12, CAMPO13, CAMPO14, CAMPO15, CAMPO16, CAMPO17, CAMPO18, CAMPO19, CAMPO20)
VALUES (3613, 1, ''Índice Principal'', 0, 40076, 40077, 40078, 40079, NULL, NULL, NULL, NULL, NULL, NULL, NULL, NULL, NULL, NULL, NULL, NULL, NULL, NULL, NULL, NULL)
----

--MA_DEFAULT_GENERAL
INSERT INTO dbo.DESCRIPTORES (TITULO, IDENTIFICACION, TIPODEARCHIVO, DESCRIPCION, GRUPODELMAPA, NOMBREFISICO, TIPODEDBMS, LARGODELREGISTRO, INICIALIZACIONDELREGISTRO, BASE, SELECCION, ACEPTA_MOVS_DIFERIDO)
VALUES (4000, 3614, NULL, ''Valores por Default General'', 0, ''MA_DEFAULT_GENERAL'', ''D'', NULL, NULL, ''Top/Clientes'', NULL, ''N'')
----
INSERT INTO dbo.DICCIONARIO (NUMERODECAMPO, USODELCAMPO, REFERENCIA, DESCRIPCION, PROMPT, LARGO, TIPODECAMPO, DECIMALES, EDICION, CONTABILIZA, CONCEPTO, CALCULO, VALIDACION, TABLADEVALIDACION, TABLADEAYUDA, OPCIONES, TABLA, CAMPO, BASICO, MASCARA)
VALUES (40095, '' '', 0, ''Número de tabla'', ''Número de Tabla'', 5, ''N'', 0, NULL, 0, 0, 0, 0, 0, 0, 0, 3614, ''NumeroTabla'', 0, NULL)
--
INSERT INTO dbo.DICCIONARIO (NUMERODECAMPO, USODELCAMPO, REFERENCIA, DESCRIPCION, PROMPT, LARGO, TIPODECAMPO, DECIMALES, EDICION, CONTABILIZA, CONCEPTO, CALCULO, VALIDACION, TABLADEVALIDACION, TABLADEAYUDA, OPCIONES, TABLA, CAMPO, BASICO, MASCARA)
VALUES (40096, '' '', 0, ''Nombre Campo'', ''Nombre Campo'', 30, ''A'', 0, NULL, 0, 0, 0, 0, 0, 0, 0, 3614, ''NombreCampo '', 0, NULL)
--
INSERT INTO dbo.DICCIONARIO (NUMERODECAMPO, USODELCAMPO, REFERENCIA, DESCRIPCION, PROMPT, LARGO, TIPODECAMPO, DECIMALES, EDICION, CONTABILIZA, CONCEPTO, CALCULO, VALIDACION, TABLADEVALIDACION, TABLADEAYUDA, OPCIONES, TABLA, CAMPO, BASICO, MASCARA)
VALUES (40097, '' '', 0, ''Ordinal'', ''Ordinal'', 30, ''A'', 0, NULL, 0, 0, 0, 0, 0, 0, 0, 3614, ''Ordinal'', 0, NULL)
--
INSERT INTO dbo.DICCIONARIO (NUMERODECAMPO, USODELCAMPO, REFERENCIA, DESCRIPCION, PROMPT, LARGO, TIPODECAMPO, DECIMALES, EDICION, CONTABILIZA, CONCEPTO, CALCULO, VALIDACION, TABLADEVALIDACION, TABLADEAYUDA, OPCIONES, TABLA, CAMPO, BASICO, MASCARA)
VALUES (40098, '' '', 0, ''Valor por defecto'', ''Valor por defecto'', 250, ''A'', 0, NULL, 0, 0, 0, 0, 0, 0, 0, 3614, ''Valor'', 0, NULL)
--
INSERT INTO dbo.DICCIONARIO (NUMERODECAMPO, USODELCAMPO, REFERENCIA, DESCRIPCION, PROMPT, LARGO, TIPODECAMPO, DECIMALES, EDICION, CONTABILIZA, CONCEPTO, CALCULO, VALIDACION, TABLADEVALIDACION, TABLADEAYUDA, OPCIONES, TABLA, CAMPO, BASICO, MASCARA)
VALUES (40099, '' '', 0, ''Nombre Físico de Tabla'', ''Nombre Físico de Tabla'', 60, ''A'', 0, NULL, 0, 0, 0, 0, 0, 0, 0, 3614, ''NombreTabla'', 0, NULL)
--
INSERT INTO dbo.DICCIONARIO (NUMERODECAMPO, USODELCAMPO, REFERENCIA, DESCRIPCION, PROMPT, LARGO, TIPODECAMPO, DECIMALES, EDICION, CONTABILIZA, CONCEPTO, CALCULO, VALIDACION, TABLADEVALIDACION, TABLADEAYUDA, OPCIONES, TABLA, CAMPO, BASICO, MASCARA)
VALUES (40100, '' '', 0, ''Número Campo Topaz'', ''Número Campo Topaz'', 5, ''N'', 0, NULL, 0, 0, 0, 0, 0, 0, 0, 3614, ''NumeroDeCampo'', 0, NULL)
----
INSERT INTO dbo.INDICES (NUMERODEARCHIVO, NUMERODEINDICE, DESCRIPCION, CLAVESREPETIDAS, CAMPO1, CAMPO2, CAMPO3, CAMPO4, CAMPO5, CAMPO6, CAMPO7, CAMPO8, CAMPO9, CAMPO10, CAMPO11, CAMPO12, CAMPO13, CAMPO14, CAMPO15, CAMPO16, CAMPO17, CAMPO18, CAMPO19, CAMPO20)
VALUES (3614, 1, ''Índice Principal'', 0, 40095, 40096, 40097, NULL, NULL, NULL, NULL, NULL, NULL, NULL, NULL, NULL, NULL, NULL, NULL, NULL, NULL, NULL, NULL, NULL)
----
INSERT INTO dbo.AYUDAS (NUMERODEARCHIVO, NUMERODEAYUDA, DESCRIPCION, FILTRO, MOSTRARTODOS, CAMPOS, CAMPOSVISTA, BASEVISTA, NOMBREVISTA, AYUDAGRANDE)
VALUES (3614, 36141, ''Ayuda Valores Por Default'', '''', 0, ''40095ROA1;40099;40096R;40100;40097R;40098;'', NULL, NULL, NULL, 0)
----
INSERT INTO dbo.DICCIONARIO (NUMERODECAMPO, USODELCAMPO, REFERENCIA, DESCRIPCION, PROMPT, LARGO, TIPODECAMPO, DECIMALES, EDICION, CONTABILIZA, CONCEPTO, CALCULO, VALIDACION, TABLADEVALIDACION, TABLADEAYUDA, OPCIONES, TABLA, CAMPO, BASICO, MASCARA)
VALUES (40101, '' '', 0, ''Grilla Valores por Default'', ''Grilla Valores por Default'', 5, ''N'', 0, NULL, 0, 0, 0, 0, 0, 36141, 0, 0, ''C40101'', 0, NULL)
----
INSERT INTO dbo.MACROR (PROCESO, ORDINAL, ARCHIVO, INDICE, CONDICION, RECEPTOR, FORMULA)
VALUES (4000, 0, 3614, 1, ''Obtener valores por default'', NULL, NULL)
--
INSERT INTO dbo.MACROR (PROCESO, ORDINAL, ARCHIVO, INDICE, CONDICION, RECEPTOR, FORMULA)
VALUES (4000, 1, 3614, 1, ''C40095=C8725 Y C40096=C1449 Y C40097=C1450'', ''C914'', ''C40098'')
----
')