EXECUTE('
INSERT INTO dbo.DESCRIPTORES (TITULO, IDENTIFICACION, TIPODEARCHIVO, DESCRIPCION, GRUPODELMAPA, NOMBREFISICO, TIPODEDBMS, LARGODELREGISTRO, INICIALIZACIONDELREGISTRO, BASE, SELECCION, ACEPTA_MOVS_DIFERIDO)
VALUES (550, 4435, NULL, ''CRE_VINCULOS_RELACIONES'', 0, ''CRE_VINCULOS_RELACIONES'', ''D'', NULL, NULL, ''Top/Clientes'', NULL, ''N'')

INSERT INTO dbo.DESCRIPTORES (TITULO, IDENTIFICACION, TIPODEARCHIVO, DESCRIPCION, GRUPODELMAPA, NOMBREFISICO, TIPODEDBMS, LARGODELREGISTRO, INICIALIZACIONDELREGISTRO, BASE, SELECCION, ACEPTA_MOVS_DIFERIDO)
VALUES (550, 4450, NULL, ''CRE_VINCULACIONES'', 0, ''CRE_VINCULACIONES'', ''D'', NULL, NULL, ''Top/Clientes'', NULL, ''N'')

INSERT INTO dbo.DICCIONARIO (NUMERODECAMPO, USODELCAMPO, REFERENCIA, DESCRIPCION, PROMPT, LARGO, TIPODECAMPO, DECIMALES, EDICION, CONTABILIZA, CONCEPTO, CALCULO, VALIDACION, TABLADEVALIDACION, TABLADEAYUDA, OPCIONES, TABLA, CAMPO, BASICO, MASCARA)
VALUES (44360, '' '', 0, ''TIPO_RELACION'', ''Tipo de relación'', 10, ''N'', 0, NULL, 0, 0, 0, 0, 0, 0, 1, 4435, ''TIPO_RELACION'', 0, NULL)

INSERT INTO dbo.DICCIONARIO (NUMERODECAMPO, USODELCAMPO, REFERENCIA, DESCRIPCION, PROMPT, LARGO, TIPODECAMPO, DECIMALES, EDICION, CONTABILIZA, CONCEPTO, CALCULO, VALIDACION, TABLADEVALIDACION, TABLADEAYUDA, OPCIONES, TABLA, CAMPO, BASICO, MASCARA)
VALUES (44361, '' '', 0, ''ID_VINCULO'', ''Id de vinculo'', 10, ''N'', 0, NULL, 0, 0, 0, 0, 0, 0, 0, 4435, ''ID_VINCULO'', 0, NULL)

INSERT INTO dbo.DICCIONARIO (NUMERODECAMPO, USODELCAMPO, REFERENCIA, DESCRIPCION, PROMPT, LARGO, TIPODECAMPO, DECIMALES, EDICION, CONTABILIZA, CONCEPTO, CALCULO, VALIDACION, TABLADEVALIDACION, TABLADEAYUDA, OPCIONES, TABLA, CAMPO, BASICO, MASCARA)
VALUES (44362, '' '', 0, ''DESCRIPCION_VINCULO'', ''Descripción de vinculo'', 100, ''A'', 0, NULL, 0, 0, 0, 0, 0, 0, 0, 4435, ''DESCRIPCION_VINCULO'', 0, NULL)

INSERT INTO dbo.DICCIONARIO (NUMERODECAMPO, USODELCAMPO, REFERENCIA, DESCRIPCION, PROMPT, LARGO, TIPODECAMPO, DECIMALES, EDICION, CONTABILIZA, CONCEPTO, CALCULO, VALIDACION, TABLADEVALIDACION, TABLADEAYUDA, OPCIONES, TABLA, CAMPO, BASICO, MASCARA)
VALUES (44363, '' '', 0, ''PORC_GRANDES_EXP_SING'', ''Porcentaje sin garantía'', 5, ''N'', 2, NULL, 0, 0, 0, 0, 0, 0, 0, 4435, ''PORC_GRANDES_EXP_SING'', 0, NULL)

INSERT INTO dbo.DICCIONARIO (NUMERODECAMPO, USODELCAMPO, REFERENCIA, DESCRIPCION, PROMPT, LARGO, TIPODECAMPO, DECIMALES, EDICION, CONTABILIZA, CONCEPTO, CALCULO, VALIDACION, TABLADEVALIDACION, TABLADEAYUDA, OPCIONES, TABLA, CAMPO, BASICO, MASCARA)
VALUES (44364, '' '', 0, ''PORC_GRANDES_EXP_CNG'', ''Porcentaje con garantía'', 5, ''N'', 2, NULL, 0, 0, 0, 0, 0, 0, 0, 4435, ''PORC_GRANDES_EXP_CNG'', 0, NULL)

INSERT INTO dbo.DICCIONARIO (NUMERODECAMPO, USODELCAMPO, REFERENCIA, DESCRIPCION, PROMPT, LARGO, TIPODECAMPO, DECIMALES, EDICION, CONTABILIZA, CONCEPTO, CALCULO, VALIDACION, TABLADEVALIDACION, TABLADEAYUDA, OPCIONES, TABLA, CAMPO, BASICO, MASCARA)
VALUES (44365, '' '', 0, ''TIPO_PERSONA'', ''Tipo de persona'', 1, ''A'', 0, NULL, 0, 0, 0, 0, 0, 0, 1, 4435, ''TIPO_PERSONA'', 0, NULL)

INSERT INTO dbo.DICCIONARIO (NUMERODECAMPO, USODELCAMPO, REFERENCIA, DESCRIPCION, PROMPT, LARGO, TIPODECAMPO, DECIMALES, EDICION, CONTABILIZA, CONCEPTO, CALCULO, VALIDACION, TABLADEVALIDACION, TABLADEAYUDA, OPCIONES, TABLA, CAMPO, BASICO, MASCARA)
VALUES (44366, '' '', 0, ''REQUIERE_VINC'', ''Requiere vinculante'', 1, ''A'', 0, NULL, 0, 0, 0, 0, 0, 0, 1, 4435, ''REQUIERE_VINC'', 0, NULL)

INSERT INTO dbo.DICCIONARIO (NUMERODECAMPO, USODELCAMPO, REFERENCIA, DESCRIPCION, PROMPT, LARGO, TIPODECAMPO, DECIMALES, EDICION, CONTABILIZA, CONCEPTO, CALCULO, VALIDACION, TABLADEVALIDACION, TABLADEAYUDA, OPCIONES, TABLA, CAMPO, BASICO, MASCARA)
VALUES (44367, '' '', 0, ''PARAMETRO_613'', ''Analiza hasta fecha fin'', 1, ''A'', 0, NULL, 0, 0, 0, 0, 0, 0, 1, 4435, ''PARAMETRO_613'', 0, NULL)

INSERT INTO dbo.DICCIONARIO (NUMERODECAMPO, USODELCAMPO, REFERENCIA, DESCRIPCION, PROMPT, LARGO, TIPODECAMPO, DECIMALES, EDICION, CONTABILIZA, CONCEPTO, CALCULO, VALIDACION, TABLADEVALIDACION, TABLADEAYUDA, OPCIONES, TABLA, CAMPO, BASICO, MASCARA)
VALUES (44368, '' '', 0, ''ID_VINCULO'', ''Id vinculo'', 10, ''N'', 0, NULL, 0, 0, 0, 0, 0, 0, 0, 4450, ''ID_VINCULO'', 0, NULL)

INSERT INTO dbo.DICCIONARIO (NUMERODECAMPO, USODELCAMPO, REFERENCIA, DESCRIPCION, PROMPT, LARGO, TIPODECAMPO, DECIMALES, EDICION, CONTABILIZA, CONCEPTO, CALCULO, VALIDACION, TABLADEVALIDACION, TABLADEAYUDA, OPCIONES, TABLA, CAMPO, BASICO, MASCARA)
VALUES (44369, '' '', 0, ''TIPO_RELACION'', ''Tipo de relación'', 10, ''N'', 0, NULL, 0, 0, 0, 0, 0, 0, 0, 4450, ''TIPO_RELACION'', 0, NULL)

INSERT INTO dbo.DICCIONARIO (NUMERODECAMPO, USODELCAMPO, REFERENCIA, DESCRIPCION, PROMPT, LARGO, TIPODECAMPO, DECIMALES, EDICION, CONTABILIZA, CONCEPTO, CALCULO, VALIDACION, TABLADEVALIDACION, TABLADEAYUDA, OPCIONES, TABLA, CAMPO, BASICO, MASCARA)
VALUES (44370, '' '', 0, ''TIPO_VINCULO'', ''Tipo de vinculo'', 10, ''N'', 0, NULL, 0, 0, 0, 0, 0, 0, 0, 4450, ''TIPO_VINCULO'', 0, NULL)

INSERT INTO dbo.DICCIONARIO (NUMERODECAMPO, USODELCAMPO, REFERENCIA, DESCRIPCION, PROMPT, LARGO, TIPODECAMPO, DECIMALES, EDICION, CONTABILIZA, CONCEPTO, CALCULO, VALIDACION, TABLADEVALIDACION, TABLADEAYUDA, OPCIONES, TABLA, CAMPO, BASICO, MASCARA)
VALUES (44371, '' '', 0, ''ID_PERSONA_VINCULANTE'', ''Persona vinculante'', 12, ''N'', 0, NULL, 0, 0, 0, 0, 0, 0, 0, 4450, ''ID_PERSONA_VINCULANTE'', 0, NULL)

INSERT INTO dbo.DICCIONARIO (NUMERODECAMPO, USODELCAMPO, REFERENCIA, DESCRIPCION, PROMPT, LARGO, TIPODECAMPO, DECIMALES, EDICION, CONTABILIZA, CONCEPTO, CALCULO, VALIDACION, TABLADEVALIDACION, TABLADEAYUDA, OPCIONES, TABLA, CAMPO, BASICO, MASCARA)
VALUES (44372, '' '', 0, ''ID_PERSONA_VINCULADA'', ''Persona vinculada'', 12, ''N'', 0, NULL, 0, 0, 0, 0, 0, 0, 0, 4450, ''ID_PERSONA_VINCULADA'', 0, NULL)

INSERT INTO dbo.DICCIONARIO (NUMERODECAMPO, USODELCAMPO, REFERENCIA, DESCRIPCION, PROMPT, LARGO, TIPODECAMPO, DECIMALES, EDICION, CONTABILIZA, CONCEPTO, CALCULO, VALIDACION, TABLADEVALIDACION, TABLADEAYUDA, OPCIONES, TABLA, CAMPO, BASICO, MASCARA)
VALUES (44373, '' '', 0, ''FECHA_INICIO'', ''Fecha de inicio'', 8, ''F'', 0, ''F'', 0, 0, 0, 0, 0, 0, 0, 4450, ''FECHA_INICIO'', 0, NULL)

INSERT INTO dbo.DICCIONARIO (NUMERODECAMPO, USODELCAMPO, REFERENCIA, DESCRIPCION, PROMPT, LARGO, TIPODECAMPO, DECIMALES, EDICION, CONTABILIZA, CONCEPTO, CALCULO, VALIDACION, TABLADEVALIDACION, TABLADEAYUDA, OPCIONES, TABLA, CAMPO, BASICO, MASCARA)
VALUES (44374, '' '', 0, ''FECHA_FIN'', ''Fecha de fin'', 8, ''F'', 0, ''F'', 0, 0, 0, 0, 0, 0, 0, 4450, ''FECHA_FIN'', 0, NULL)

INSERT INTO dbo.DICCIONARIO (NUMERODECAMPO, USODELCAMPO, REFERENCIA, DESCRIPCION, PROMPT, LARGO, TIPODECAMPO, DECIMALES, EDICION, CONTABILIZA, CONCEPTO, CALCULO, VALIDACION, TABLADEVALIDACION, TABLADEAYUDA, OPCIONES, TABLA, CAMPO, BASICO, MASCARA)
VALUES (44375, '' '', 0, ''COMENTARIO'', ''Comentario'', 100, ''A'', 0, NULL, 0, 0, 0, 0, 0, 0, 0, 4450, ''COMENTARIO'', 0, NULL)

INSERT INTO dbo.DICCIONARIO (NUMERODECAMPO, USODELCAMPO, REFERENCIA, DESCRIPCION, PROMPT, LARGO, TIPODECAMPO, DECIMALES, EDICION, CONTABILIZA, CONCEPTO, CALCULO, VALIDACION, TABLADEVALIDACION, TABLADEAYUDA, OPCIONES, TABLA, CAMPO, BASICO, MASCARA)
VALUES (44376, '' '', 0, ''MAYOR_DEUDA_12M_PREV'', ''Mayor deuda'', 15, ''N'', 2, NULL, 0, 0, 0, 0, 0, 0, 0, 4450, ''MAYOR_DEUDA_12M_PREV'', 0, NULL)

INSERT INTO dbo.DICCIONARIO (NUMERODECAMPO, USODELCAMPO, REFERENCIA, DESCRIPCION, PROMPT, LARGO, TIPODECAMPO, DECIMALES, EDICION, CONTABILIZA, CONCEPTO, CALCULO, VALIDACION, TABLADEVALIDACION, TABLADEAYUDA, OPCIONES, TABLA, CAMPO, BASICO, MASCARA)
VALUES (44377, '' '', 0, ''TIPO_PERSONA_VINCULANTE'', ''Tipo de persona vinculante'', 1, ''A'', 0, NULL, 0, 0, 0, 0, 0, 0, 1, 4450, ''TIPO_PERSONA_VINCULANTE'', 0, NULL)

INSERT INTO dbo.DICCIONARIO (NUMERODECAMPO, USODELCAMPO, REFERENCIA, DESCRIPCION, PROMPT, LARGO, TIPODECAMPO, DECIMALES, EDICION, CONTABILIZA, CONCEPTO, CALCULO, VALIDACION, TABLADEVALIDACION, TABLADEAYUDA, OPCIONES, TABLA, CAMPO, BASICO, MASCARA)
VALUES (44378, '' '', 0, ''TIPO_PERSONA_VINCULADA'', ''Tipo de persona vinculada'', 1, ''A'', 0, NULL, 0, 0, 0, 0, 0, 0, 1, 4450, ''TIPO_PERSONA_VINCULADA'', 0, NULL)

INSERT INTO dbo.OPCIONES (NUMERODECAMPO, IDIOMA, DESCRIPCION, OPCIONINTERNA, OPCIONDEPANTALLA)
VALUES (44360, ''E'', ''RELACION DE CONTROL'', ''1'', ''1'')

INSERT INTO dbo.OPCIONES (NUMERODECAMPO, IDIOMA, DESCRIPCION, OPCIONINTERNA, OPCIONDEPANTALLA)
VALUES (44360, ''E'', ''RELACION PERSONAL DIRECTA'', ''2'', ''2'')

INSERT INTO dbo.OPCIONES (NUMERODECAMPO, IDIOMA, DESCRIPCION, OPCIONINTERNA, OPCIONDEPANTALLA)
VALUES (44360, ''E'', ''RELACION PERSONAL INDIRECTA'', ''3'', ''3'')

INSERT INTO dbo.OPCIONES (NUMERODECAMPO, IDIOMA, DESCRIPCION, OPCIONINTERNA, OPCIONDEPANTALLA)
VALUES (44365, ''E'', ''Humana'', ''F'', ''F'')

INSERT INTO dbo.OPCIONES (NUMERODECAMPO, IDIOMA, DESCRIPCION, OPCIONINTERNA, OPCIONDEPANTALLA)
VALUES (44365, ''E'', ''Institución Financiera'', ''I'', ''I'')

INSERT INTO dbo.OPCIONES (NUMERODECAMPO, IDIOMA, DESCRIPCION, OPCIONINTERNA, OPCIONDEPANTALLA)
VALUES (44365, ''E'', ''Jurídica'', ''J'', ''J'')

INSERT INTO dbo.OPCIONES (NUMERODECAMPO, IDIOMA, DESCRIPCION, OPCIONINTERNA, OPCIONDEPANTALLA)
VALUES (44365, ''E'', ''Todos'', ''T'', ''T'')

INSERT INTO dbo.OPCIONES (NUMERODECAMPO, IDIOMA, DESCRIPCION, OPCIONINTERNA, OPCIONDEPANTALLA)
VALUES (44366, ''E'', ''No'', ''N'', ''N'')

INSERT INTO dbo.OPCIONES (NUMERODECAMPO, IDIOMA, DESCRIPCION, OPCIONINTERNA, OPCIONDEPANTALLA)
VALUES (44366, ''E'', ''Si'', ''S'', ''S'')

INSERT INTO dbo.OPCIONES (NUMERODECAMPO, IDIOMA, DESCRIPCION, OPCIONINTERNA, OPCIONDEPANTALLA)
VALUES (44367, ''E'', ''No'', ''N'', ''N'')

INSERT INTO dbo.OPCIONES (NUMERODECAMPO, IDIOMA, DESCRIPCION, OPCIONINTERNA, OPCIONDEPANTALLA)
VALUES (44367, ''E'', ''Si'', ''S'', ''S'')

INSERT INTO dbo.OPCIONES (NUMERODECAMPO, IDIOMA, DESCRIPCION, OPCIONINTERNA, OPCIONDEPANTALLA)
VALUES (44377, ''E'', ''Humana'', ''F'', ''F'')

INSERT INTO dbo.OPCIONES (NUMERODECAMPO, IDIOMA, DESCRIPCION, OPCIONINTERNA, OPCIONDEPANTALLA)
VALUES (44377, ''E'', ''Institución financiera'', ''I'', ''I'')

INSERT INTO dbo.OPCIONES (NUMERODECAMPO, IDIOMA, DESCRIPCION, OPCIONINTERNA, OPCIONDEPANTALLA)
VALUES (44377, ''E'', ''Jurídica'', ''J'', ''J'')

INSERT INTO dbo.OPCIONES (NUMERODECAMPO, IDIOMA, DESCRIPCION, OPCIONINTERNA, OPCIONDEPANTALLA)
VALUES (44378, ''E'', ''Humana'', ''F'', ''F'')

INSERT INTO dbo.OPCIONES (NUMERODECAMPO, IDIOMA, DESCRIPCION, OPCIONINTERNA, OPCIONDEPANTALLA)
VALUES (44378, ''E'', ''Institución financiera'', ''I'', ''I'')

INSERT INTO dbo.OPCIONES (NUMERODECAMPO, IDIOMA, DESCRIPCION, OPCIONINTERNA, OPCIONDEPANTALLA)
VALUES (44378, ''E'', ''Jurídica'', ''J'', ''J'')
')