EXECUTE('
--------------------
--AJUSTE DE CARGOS--
--------------------
DELETE DICCIONARIO WHERE NUMERODECAMPO IN(733,734,735)
----
DELETE CI_CARGOS WHERE ID_CARGO IN (412,413,414)
----
')
EXECUTE('
----
UPDATE dbo.CI_CARGOS
SET DESCRIPCION = ''IGA TV INM.''
WHERE ID_CARGO = 624
--
UPDATE dbo.CI_EVENTO
SET DESCRIPCION = ''INMOVILIZACION DPF TV''
WHERE ID_EVENTO = 8625
----------
--CARGOS--
----------
INSERT INTO dbo.CI_EVENTO (ID_EVENTO, DESCRIPCION, TZ_LOCK)
VALUES (8626, ''CANCELACIÓN DPF TV INMOV'', 0)
--
INSERT INTO dbo.CI_EVENTO (ID_EVENTO, DESCRIPCION, TZ_LOCK)
VALUES (8627, ''CANCELACIÓN DPF UVA/UVI INMOV'', 0)
--
INSERT INTO dbo.CI_EVENTO (ID_EVENTO, DESCRIPCION, TZ_LOCK)
VALUES (8628, ''CANCELACIÓN DPF MN Y ME INMOV '', 0)
----
INSERT INTO dbo.CI_CARGOS (ID_CARGO, DESCRIPCION, ENQUEUE, EXONERABLE, ID_FORMULA, ACTUALIZABLE, CONDICION, PIVOT_, MONEDA_IMPORTE, IMPORTE_MINIMO, IMPORTE_MAXIMO, TRATAMIENTO_MINIMO, TZ_LOCK, CAMPO_MONTO_IMPONIBLE, CAMPO_RANGO_TARIFA, NETEAR, CANTIDAD_REINTENTOS, CONCEPTO, PIVOT_ENCOLA, CONTABILIZA, SOBREGIRO, BLOQUEO, CONTROL_MAX_MIN, TIPO_FECHA_VIGENCIA, TIPO_DOCUMENTO, ACEPTAPAGOPARCIAL, FECHAHASTA, FECHADESDE, MONEDA_RANGO, BUSCA_MONEDA_RANGO, CODIGO_TRANSACCION, REGENERA_AL_PAGAR, CARGO_O_IMPUESTO, INCLUIRENCUOTA, CUOTASNOCONSIDERARALFINAL, COBRARHASTADIAS, PORCENTAJE_MINIMO, PORCENTAJE_MAXIMO, CAMPO_DIA_COBRO, GENERA_RESERVA, DIAS_COBRO_HASTA_INMOVILIZADA, DESCRIPCION_1, DESCRIPCION_2, DESCRIPCION_3, GENERA_FACTURA_EN_CERO, TIPO_CARGO_IMPOSITIVO)
VALUES (412, ''CREDEB DPF TV INM'', ''N'', ''N'', 2, ''N'', 400, 58365, 1, 0, 9999999999999, ''C'', 0, 733, 0, ''N'', 9999, 0, NULL, NULL, ''R'', ''R'', ''N'', 2, ''F'', ''N'', ''20600331'', ''20000301'', 0, ''N'', 212, ''N'', ''I'', ''N'', 0, 0, 0, 0, 0, ''S'', 0, NULL, NULL, NULL, ''N'', 6)
--
INSERT INTO dbo.CI_CARGOS (ID_CARGO, DESCRIPCION, ENQUEUE, EXONERABLE, ID_FORMULA, ACTUALIZABLE, CONDICION, PIVOT_, MONEDA_IMPORTE, IMPORTE_MINIMO, IMPORTE_MAXIMO, TRATAMIENTO_MINIMO, TZ_LOCK, CAMPO_MONTO_IMPONIBLE, CAMPO_RANGO_TARIFA, NETEAR, CANTIDAD_REINTENTOS, CONCEPTO, PIVOT_ENCOLA, CONTABILIZA, SOBREGIRO, BLOQUEO, CONTROL_MAX_MIN, TIPO_FECHA_VIGENCIA, TIPO_DOCUMENTO, ACEPTAPAGOPARCIAL, FECHAHASTA, FECHADESDE, MONEDA_RANGO, BUSCA_MONEDA_RANGO, CODIGO_TRANSACCION, REGENERA_AL_PAGAR, CARGO_O_IMPUESTO, INCLUIRENCUOTA, CUOTASNOCONSIDERARALFINAL, COBRARHASTADIAS, PORCENTAJE_MINIMO, PORCENTAJE_MAXIMO, CAMPO_DIA_COBRO, GENERA_RESERVA, DIAS_COBRO_HASTA_INMOVILIZADA, DESCRIPCION_1, DESCRIPCION_2, DESCRIPCION_3, GENERA_FACTURA_EN_CERO, TIPO_CARGO_IMPOSITIVO)
VALUES (413, ''CREDEB DPF UVA/UVI INM'', ''N'', ''N'', 2, ''N'', 400, 58365, 1, 0, 9999999999999, ''C'', 0, 734, 0, ''N'', 9999, 0, NULL, NULL, ''R'', ''R'', ''N'', 2, ''F'', ''N'', ''20600331'', ''20000301'', 0, ''N'', 212, ''N'', ''I'', ''N'', 0, 0, 0, 0, 0, ''S'', 0, NULL, NULL, NULL, ''N'', 6)
--
INSERT INTO dbo.CI_CARGOS (ID_CARGO, DESCRIPCION, ENQUEUE, EXONERABLE, ID_FORMULA, ACTUALIZABLE, CONDICION, PIVOT_, MONEDA_IMPORTE, IMPORTE_MINIMO, IMPORTE_MAXIMO, TRATAMIENTO_MINIMO, TZ_LOCK, CAMPO_MONTO_IMPONIBLE, CAMPO_RANGO_TARIFA, NETEAR, CANTIDAD_REINTENTOS, CONCEPTO, PIVOT_ENCOLA, CONTABILIZA, SOBREGIRO, BLOQUEO, CONTROL_MAX_MIN, TIPO_FECHA_VIGENCIA, TIPO_DOCUMENTO, ACEPTAPAGOPARCIAL, FECHAHASTA, FECHADESDE, MONEDA_RANGO, BUSCA_MONEDA_RANGO, CODIGO_TRANSACCION, REGENERA_AL_PAGAR, CARGO_O_IMPUESTO, INCLUIRENCUOTA, CUOTASNOCONSIDERARALFINAL, COBRARHASTADIAS, PORCENTAJE_MINIMO, PORCENTAJE_MAXIMO, CAMPO_DIA_COBRO, GENERA_RESERVA, DIAS_COBRO_HASTA_INMOVILIZADA, DESCRIPCION_1, DESCRIPCION_2, DESCRIPCION_3, GENERA_FACTURA_EN_CERO, TIPO_CARGO_IMPOSITIVO)
VALUES (414, ''CREDEB DPF MN/ME INM'', ''N'', ''N'', 2, ''N'', 400, 58365, 1, 0, 9999999999999, ''C'', 0, 735, 0, ''N'', 9999, 0, NULL, NULL, ''R'', ''R'', ''N'', 2, ''F'', ''N'', ''20600331'', ''20000301'', 0, ''N'', 212, ''N'', ''I'', ''N'', 0, 0, 0, 0, 0, ''S'', 0, NULL, NULL, NULL, ''N'', 6)
----
INSERT INTO dbo.CI_CARGOS_X_EVENTO (ID_CARGO, ID_EVENTO, TZ_LOCK, TIPO_RELACION, CAMPO_SEGMENTO, DESCRIPCION_SEGMENTO, PRIORIDAD)
VALUES (412, 8626, 0, ''A'', 34096, ''CONDICIÓN CREDEB'', 1)
--
INSERT INTO dbo.CI_CARGOS_X_EVENTO (ID_CARGO, ID_EVENTO, TZ_LOCK, TIPO_RELACION, CAMPO_SEGMENTO, DESCRIPCION_SEGMENTO, PRIORIDAD)
VALUES (413, 8627, 0, ''A'', 34096, ''CONDICIÓN CREDEB'', 1)
--
INSERT INTO dbo.CI_CARGOS_X_EVENTO (ID_CARGO, ID_EVENTO, TZ_LOCK, TIPO_RELACION, CAMPO_SEGMENTO, DESCRIPCION_SEGMENTO, PRIORIDAD)
VALUES (414, 8628, 0, ''A'', 34096, ''CONDICIÓN CREDEB'', 1)
-----------
--TARIFAS--
-----------
INSERT INTO dbo.CI_CARGOS_TARIFAS (ID_CARGO, MONEDA, RANGO_HASTA, TASA, IMPORTE_APLICAR, MONEDA_IMPORTE, TZ_LOCK, ID_CLIENTE, SEGMENTO, APLICA_MIN_MAX, IMPORTE_MINIMO, IMPORTE_MAXIMO, FECHA_DESDE, FECHA_HASTA, EMPRESA)
VALUES (412, 1, 9999999999999, 0.006, 0, 1, 0, 0, ''0'', ''N'', 0, 0, ''20000101'', ''20990101'', 0)
--
INSERT INTO dbo.CI_CARGOS_TARIFAS (ID_CARGO, MONEDA, RANGO_HASTA, TASA, IMPORTE_APLICAR, MONEDA_IMPORTE, TZ_LOCK, ID_CLIENTE, SEGMENTO, APLICA_MIN_MAX, IMPORTE_MINIMO, IMPORTE_MAXIMO, FECHA_DESDE, FECHA_HASTA, EMPRESA)
VALUES (412, 1, 9999999999999, 0.0025, 0, 1, 0, 0, ''1'', ''N'', 0, 0, ''20000101'', ''20990101'', 0)
--
INSERT INTO dbo.CI_CARGOS_TARIFAS (ID_CARGO, MONEDA, RANGO_HASTA, TASA, IMPORTE_APLICAR, MONEDA_IMPORTE, TZ_LOCK, ID_CLIENTE, SEGMENTO, APLICA_MIN_MAX, IMPORTE_MINIMO, IMPORTE_MAXIMO, FECHA_DESDE, FECHA_HASTA, EMPRESA)
VALUES (412, 1, 9999999999999, 0.00075, 0, 1, 0, 0, ''2'', ''N'', 0, 0, ''20000101'', ''20990101'', 0)
--
INSERT INTO dbo.CI_CARGOS_TARIFAS (ID_CARGO, MONEDA, RANGO_HASTA, TASA, IMPORTE_APLICAR, MONEDA_IMPORTE, TZ_LOCK, ID_CLIENTE, SEGMENTO, APLICA_MIN_MAX, IMPORTE_MINIMO, IMPORTE_MAXIMO, FECHA_DESDE, FECHA_HASTA, EMPRESA)
VALUES (412, 1, 9999999999999, 0, 0, 1, 0, 0, ''3'', ''N'', 0, 0, ''20000101'', ''20990101'', 0)
--
INSERT INTO dbo.CI_CARGOS_TARIFAS (ID_CARGO, MONEDA, RANGO_HASTA, TASA, IMPORTE_APLICAR, MONEDA_IMPORTE, TZ_LOCK, ID_CLIENTE, SEGMENTO, APLICA_MIN_MAX, IMPORTE_MINIMO, IMPORTE_MAXIMO, FECHA_DESDE, FECHA_HASTA, EMPRESA)
VALUES (412, 2, 9999999999999, 0.006, 0, 2, 0, 0, ''0'', ''N'', 0, 0, ''20000101'', ''20990101'', 0)
--
INSERT INTO dbo.CI_CARGOS_TARIFAS (ID_CARGO, MONEDA, RANGO_HASTA, TASA, IMPORTE_APLICAR, MONEDA_IMPORTE, TZ_LOCK, ID_CLIENTE, SEGMENTO, APLICA_MIN_MAX, IMPORTE_MINIMO, IMPORTE_MAXIMO, FECHA_DESDE, FECHA_HASTA, EMPRESA)
VALUES (412, 2, 9999999999999, 0.0025, 0, 2, 0, 0, ''1'', ''N'', 0, 0, ''20000101'', ''20990101'', 0)
--
INSERT INTO dbo.CI_CARGOS_TARIFAS (ID_CARGO, MONEDA, RANGO_HASTA, TASA, IMPORTE_APLICAR, MONEDA_IMPORTE, TZ_LOCK, ID_CLIENTE, SEGMENTO, APLICA_MIN_MAX, IMPORTE_MINIMO, IMPORTE_MAXIMO, FECHA_DESDE, FECHA_HASTA, EMPRESA)
VALUES (412, 2, 9999999999999, 0.00075, 0, 2, 0, 0, ''2'', ''N'', 0, 0, ''20000101'', ''20990101'', 0)
--
INSERT INTO dbo.CI_CARGOS_TARIFAS (ID_CARGO, MONEDA, RANGO_HASTA, TASA, IMPORTE_APLICAR, MONEDA_IMPORTE, TZ_LOCK, ID_CLIENTE, SEGMENTO, APLICA_MIN_MAX, IMPORTE_MINIMO, IMPORTE_MAXIMO, FECHA_DESDE, FECHA_HASTA, EMPRESA)
VALUES (412, 2, 9999999999999, 0, 0, 2, 0, 0, ''3'', ''N'', 0, 0, ''20000101'', ''20990101'', 0)
--
INSERT INTO dbo.CI_CARGOS_TARIFAS (ID_CARGO, MONEDA, RANGO_HASTA, TASA, IMPORTE_APLICAR, MONEDA_IMPORTE, TZ_LOCK, ID_CLIENTE, SEGMENTO, APLICA_MIN_MAX, IMPORTE_MINIMO, IMPORTE_MAXIMO, FECHA_DESDE, FECHA_HASTA, EMPRESA)
VALUES (412, 5, 9999999999999, 0.006, 0, 2, 0, 0, ''0'', ''N'', 0, 0, ''20000101'', ''20990101'', 0)
--
INSERT INTO dbo.CI_CARGOS_TARIFAS (ID_CARGO, MONEDA, RANGO_HASTA, TASA, IMPORTE_APLICAR, MONEDA_IMPORTE, TZ_LOCK, ID_CLIENTE, SEGMENTO, APLICA_MIN_MAX, IMPORTE_MINIMO, IMPORTE_MAXIMO, FECHA_DESDE, FECHA_HASTA, EMPRESA)
VALUES (412, 5, 9999999999999, 0.0025, 0, 2, 0, 0, ''1'', ''N'', 0, 0, ''20000101'', ''20990101'', 0)
--
INSERT INTO dbo.CI_CARGOS_TARIFAS (ID_CARGO, MONEDA, RANGO_HASTA, TASA, IMPORTE_APLICAR, MONEDA_IMPORTE, TZ_LOCK, ID_CLIENTE, SEGMENTO, APLICA_MIN_MAX, IMPORTE_MINIMO, IMPORTE_MAXIMO, FECHA_DESDE, FECHA_HASTA, EMPRESA)
VALUES (412, 5, 9999999999999, 0.00075, 0, 2, 0, 0, ''2'', ''N'', 0, 0, ''20000101'', ''20990101'', 0)
--
INSERT INTO dbo.CI_CARGOS_TARIFAS (ID_CARGO, MONEDA, RANGO_HASTA, TASA, IMPORTE_APLICAR, MONEDA_IMPORTE, TZ_LOCK, ID_CLIENTE, SEGMENTO, APLICA_MIN_MAX, IMPORTE_MINIMO, IMPORTE_MAXIMO, FECHA_DESDE, FECHA_HASTA, EMPRESA)
VALUES (412, 5, 9999999999999, 0, 0, 2, 0, 0, ''3'', ''N'', 0, 0, ''20000101'', ''20990101'', 0)
--
INSERT INTO dbo.CI_CARGOS_TARIFAS (ID_CARGO, MONEDA, RANGO_HASTA, TASA, IMPORTE_APLICAR, MONEDA_IMPORTE, TZ_LOCK, ID_CLIENTE, SEGMENTO, APLICA_MIN_MAX, IMPORTE_MINIMO, IMPORTE_MAXIMO, FECHA_DESDE, FECHA_HASTA, EMPRESA)
VALUES (412, 988, 9999999999999, 0.006, 0, 2, 0, 0, ''0'', ''N'', 0, 0, ''20000101'', ''20990101'', 0)
--
INSERT INTO dbo.CI_CARGOS_TARIFAS (ID_CARGO, MONEDA, RANGO_HASTA, TASA, IMPORTE_APLICAR, MONEDA_IMPORTE, TZ_LOCK, ID_CLIENTE, SEGMENTO, APLICA_MIN_MAX, IMPORTE_MINIMO, IMPORTE_MAXIMO, FECHA_DESDE, FECHA_HASTA, EMPRESA)
VALUES (412, 988, 9999999999999, 0.0025, 0, 2, 0, 0, ''1'', ''N'', 0, 0, ''20000101'', ''20990101'', 0)
--
INSERT INTO dbo.CI_CARGOS_TARIFAS (ID_CARGO, MONEDA, RANGO_HASTA, TASA, IMPORTE_APLICAR, MONEDA_IMPORTE, TZ_LOCK, ID_CLIENTE, SEGMENTO, APLICA_MIN_MAX, IMPORTE_MINIMO, IMPORTE_MAXIMO, FECHA_DESDE, FECHA_HASTA, EMPRESA)
VALUES (412, 988, 9999999999999, 0.00075, 0, 2, 0, 0, ''2'', ''N'', 0, 0, ''20000101'', ''20990101'', 0)
--
INSERT INTO dbo.CI_CARGOS_TARIFAS (ID_CARGO, MONEDA, RANGO_HASTA, TASA, IMPORTE_APLICAR, MONEDA_IMPORTE, TZ_LOCK, ID_CLIENTE, SEGMENTO, APLICA_MIN_MAX, IMPORTE_MINIMO, IMPORTE_MAXIMO, FECHA_DESDE, FECHA_HASTA, EMPRESA)
VALUES (412, 988, 9999999999999, 0, 0, 2, 0, 0, ''3'', ''N'', 0, 0, ''20000101'', ''20990101'', 0)
--
INSERT INTO dbo.CI_CARGOS_TARIFAS (ID_CARGO, MONEDA, RANGO_HASTA, TASA, IMPORTE_APLICAR, MONEDA_IMPORTE, TZ_LOCK, ID_CLIENTE, SEGMENTO, APLICA_MIN_MAX, IMPORTE_MINIMO, IMPORTE_MAXIMO, FECHA_DESDE, FECHA_HASTA, EMPRESA)
VALUES (412, 999, 9999999999999, 0.006, 0, 2, 0, 0, ''0'', ''N'', 0, 0, ''20000101'', ''20990101'', 0)
--
INSERT INTO dbo.CI_CARGOS_TARIFAS (ID_CARGO, MONEDA, RANGO_HASTA, TASA, IMPORTE_APLICAR, MONEDA_IMPORTE, TZ_LOCK, ID_CLIENTE, SEGMENTO, APLICA_MIN_MAX, IMPORTE_MINIMO, IMPORTE_MAXIMO, FECHA_DESDE, FECHA_HASTA, EMPRESA)
VALUES (412, 999, 9999999999999, 0.0025, 0, 2, 0, 0, ''1'', ''N'', 0, 0, ''20000101'', ''20990101'', 0)
--
INSERT INTO dbo.CI_CARGOS_TARIFAS (ID_CARGO, MONEDA, RANGO_HASTA, TASA, IMPORTE_APLICAR, MONEDA_IMPORTE, TZ_LOCK, ID_CLIENTE, SEGMENTO, APLICA_MIN_MAX, IMPORTE_MINIMO, IMPORTE_MAXIMO, FECHA_DESDE, FECHA_HASTA, EMPRESA)
VALUES (412, 999, 9999999999999, 0.00075, 0, 2, 0, 0, ''2'', ''N'', 0, 0, ''20000101'', ''20990101'', 0)
--
INSERT INTO dbo.CI_CARGOS_TARIFAS (ID_CARGO, MONEDA, RANGO_HASTA, TASA, IMPORTE_APLICAR, MONEDA_IMPORTE, TZ_LOCK, ID_CLIENTE, SEGMENTO, APLICA_MIN_MAX, IMPORTE_MINIMO, IMPORTE_MAXIMO, FECHA_DESDE, FECHA_HASTA, EMPRESA)
VALUES (412, 999, 9999999999999, 0, 0, 2, 0, 0, ''3'', ''N'', 0, 0, ''20000101'', ''20990101'', 0)
----
INSERT INTO dbo.CI_CARGOS_TARIFAS (ID_CARGO, MONEDA, RANGO_HASTA, TASA, IMPORTE_APLICAR, MONEDA_IMPORTE, TZ_LOCK, ID_CLIENTE, SEGMENTO, APLICA_MIN_MAX, IMPORTE_MINIMO, IMPORTE_MAXIMO, FECHA_DESDE, FECHA_HASTA, EMPRESA)
VALUES (413, 1, 9999999999999, 0.006, 0, 1, 0, 0, ''0'', ''N'', 0, 0, ''20000101'', ''20990101'', 0)
--
INSERT INTO dbo.CI_CARGOS_TARIFAS (ID_CARGO, MONEDA, RANGO_HASTA, TASA, IMPORTE_APLICAR, MONEDA_IMPORTE, TZ_LOCK, ID_CLIENTE, SEGMENTO, APLICA_MIN_MAX, IMPORTE_MINIMO, IMPORTE_MAXIMO, FECHA_DESDE, FECHA_HASTA, EMPRESA)
VALUES (413, 1, 9999999999999, 0.0025, 0, 1, 0, 0, ''1'', ''N'', 0, 0, ''20000101'', ''20990101'', 0)
--
INSERT INTO dbo.CI_CARGOS_TARIFAS (ID_CARGO, MONEDA, RANGO_HASTA, TASA, IMPORTE_APLICAR, MONEDA_IMPORTE, TZ_LOCK, ID_CLIENTE, SEGMENTO, APLICA_MIN_MAX, IMPORTE_MINIMO, IMPORTE_MAXIMO, FECHA_DESDE, FECHA_HASTA, EMPRESA)
VALUES (413, 1, 9999999999999, 0.00075, 0, 1, 0, 0, ''2'', ''N'', 0, 0, ''20000101'', ''20990101'', 0)
--
INSERT INTO dbo.CI_CARGOS_TARIFAS (ID_CARGO, MONEDA, RANGO_HASTA, TASA, IMPORTE_APLICAR, MONEDA_IMPORTE, TZ_LOCK, ID_CLIENTE, SEGMENTO, APLICA_MIN_MAX, IMPORTE_MINIMO, IMPORTE_MAXIMO, FECHA_DESDE, FECHA_HASTA, EMPRESA)
VALUES (413, 1, 9999999999999, 0, 0, 1, 0, 0, ''3'', ''N'', 0, 0, ''20000101'', ''20990101'', 0)
--
INSERT INTO dbo.CI_CARGOS_TARIFAS (ID_CARGO, MONEDA, RANGO_HASTA, TASA, IMPORTE_APLICAR, MONEDA_IMPORTE, TZ_LOCK, ID_CLIENTE, SEGMENTO, APLICA_MIN_MAX, IMPORTE_MINIMO, IMPORTE_MAXIMO, FECHA_DESDE, FECHA_HASTA, EMPRESA)
VALUES (413, 2, 9999999999999, 0.006, 0, 2, 0, 0, ''0'', ''N'', 0, 0, ''20000101'', ''20990101'', 0)
--
INSERT INTO dbo.CI_CARGOS_TARIFAS (ID_CARGO, MONEDA, RANGO_HASTA, TASA, IMPORTE_APLICAR, MONEDA_IMPORTE, TZ_LOCK, ID_CLIENTE, SEGMENTO, APLICA_MIN_MAX, IMPORTE_MINIMO, IMPORTE_MAXIMO, FECHA_DESDE, FECHA_HASTA, EMPRESA)
VALUES (413, 2, 9999999999999, 0.0025, 0, 2, 0, 0, ''1'', ''N'', 0, 0, ''20000101'', ''20990101'', 0)
--
INSERT INTO dbo.CI_CARGOS_TARIFAS (ID_CARGO, MONEDA, RANGO_HASTA, TASA, IMPORTE_APLICAR, MONEDA_IMPORTE, TZ_LOCK, ID_CLIENTE, SEGMENTO, APLICA_MIN_MAX, IMPORTE_MINIMO, IMPORTE_MAXIMO, FECHA_DESDE, FECHA_HASTA, EMPRESA)
VALUES (413, 2, 9999999999999, 0.00075, 0, 2, 0, 0, ''2'', ''N'', 0, 0, ''20000101'', ''20990101'', 0)
--
INSERT INTO dbo.CI_CARGOS_TARIFAS (ID_CARGO, MONEDA, RANGO_HASTA, TASA, IMPORTE_APLICAR, MONEDA_IMPORTE, TZ_LOCK, ID_CLIENTE, SEGMENTO, APLICA_MIN_MAX, IMPORTE_MINIMO, IMPORTE_MAXIMO, FECHA_DESDE, FECHA_HASTA, EMPRESA)
VALUES (413, 2, 9999999999999, 0, 0, 2, 0, 0, ''3'', ''N'', 0, 0, ''20000101'', ''20990101'', 0)
--
INSERT INTO dbo.CI_CARGOS_TARIFAS (ID_CARGO, MONEDA, RANGO_HASTA, TASA, IMPORTE_APLICAR, MONEDA_IMPORTE, TZ_LOCK, ID_CLIENTE, SEGMENTO, APLICA_MIN_MAX, IMPORTE_MINIMO, IMPORTE_MAXIMO, FECHA_DESDE, FECHA_HASTA, EMPRESA)
VALUES (413, 5, 9999999999999, 0.006, 0, 2, 0, 0, ''0'', ''N'', 0, 0, ''20000101'', ''20990101'', 0)
--
INSERT INTO dbo.CI_CARGOS_TARIFAS (ID_CARGO, MONEDA, RANGO_HASTA, TASA, IMPORTE_APLICAR, MONEDA_IMPORTE, TZ_LOCK, ID_CLIENTE, SEGMENTO, APLICA_MIN_MAX, IMPORTE_MINIMO, IMPORTE_MAXIMO, FECHA_DESDE, FECHA_HASTA, EMPRESA)
VALUES (413, 5, 9999999999999, 0.0025, 0, 2, 0, 0, ''1'', ''N'', 0, 0, ''20000101'', ''20990101'', 0)
--
INSERT INTO dbo.CI_CARGOS_TARIFAS (ID_CARGO, MONEDA, RANGO_HASTA, TASA, IMPORTE_APLICAR, MONEDA_IMPORTE, TZ_LOCK, ID_CLIENTE, SEGMENTO, APLICA_MIN_MAX, IMPORTE_MINIMO, IMPORTE_MAXIMO, FECHA_DESDE, FECHA_HASTA, EMPRESA)
VALUES (413, 5, 9999999999999, 0.00075, 0, 2, 0, 0, ''2'', ''N'', 0, 0, ''20000101'', ''20990101'', 0)
--
INSERT INTO dbo.CI_CARGOS_TARIFAS (ID_CARGO, MONEDA, RANGO_HASTA, TASA, IMPORTE_APLICAR, MONEDA_IMPORTE, TZ_LOCK, ID_CLIENTE, SEGMENTO, APLICA_MIN_MAX, IMPORTE_MINIMO, IMPORTE_MAXIMO, FECHA_DESDE, FECHA_HASTA, EMPRESA)
VALUES (413, 5, 9999999999999, 0, 0, 2, 0, 0, ''3'', ''N'', 0, 0, ''20000101'', ''20990101'', 0)
--
INSERT INTO dbo.CI_CARGOS_TARIFAS (ID_CARGO, MONEDA, RANGO_HASTA, TASA, IMPORTE_APLICAR, MONEDA_IMPORTE, TZ_LOCK, ID_CLIENTE, SEGMENTO, APLICA_MIN_MAX, IMPORTE_MINIMO, IMPORTE_MAXIMO, FECHA_DESDE, FECHA_HASTA, EMPRESA)
VALUES (413, 988, 9999999999999, 0.006, 0, 2, 0, 0, ''0'', ''N'', 0, 0, ''20000101'', ''20990101'', 0)
--
INSERT INTO dbo.CI_CARGOS_TARIFAS (ID_CARGO, MONEDA, RANGO_HASTA, TASA, IMPORTE_APLICAR, MONEDA_IMPORTE, TZ_LOCK, ID_CLIENTE, SEGMENTO, APLICA_MIN_MAX, IMPORTE_MINIMO, IMPORTE_MAXIMO, FECHA_DESDE, FECHA_HASTA, EMPRESA)
VALUES (413, 988, 9999999999999, 0.0025, 0, 2, 0, 0, ''1'', ''N'', 0, 0, ''20000101'', ''20990101'', 0)
--
INSERT INTO dbo.CI_CARGOS_TARIFAS (ID_CARGO, MONEDA, RANGO_HASTA, TASA, IMPORTE_APLICAR, MONEDA_IMPORTE, TZ_LOCK, ID_CLIENTE, SEGMENTO, APLICA_MIN_MAX, IMPORTE_MINIMO, IMPORTE_MAXIMO, FECHA_DESDE, FECHA_HASTA, EMPRESA)
VALUES (413, 988, 9999999999999, 0.00075, 0, 2, 0, 0, ''2'', ''N'', 0, 0, ''20000101'', ''20990101'', 0)
--
INSERT INTO dbo.CI_CARGOS_TARIFAS (ID_CARGO, MONEDA, RANGO_HASTA, TASA, IMPORTE_APLICAR, MONEDA_IMPORTE, TZ_LOCK, ID_CLIENTE, SEGMENTO, APLICA_MIN_MAX, IMPORTE_MINIMO, IMPORTE_MAXIMO, FECHA_DESDE, FECHA_HASTA, EMPRESA)
VALUES (413, 988, 9999999999999, 0, 0, 2, 0, 0, ''3'', ''N'', 0, 0, ''20000101'', ''20990101'', 0)
--
INSERT INTO dbo.CI_CARGOS_TARIFAS (ID_CARGO, MONEDA, RANGO_HASTA, TASA, IMPORTE_APLICAR, MONEDA_IMPORTE, TZ_LOCK, ID_CLIENTE, SEGMENTO, APLICA_MIN_MAX, IMPORTE_MINIMO, IMPORTE_MAXIMO, FECHA_DESDE, FECHA_HASTA, EMPRESA)
VALUES (413, 999, 9999999999999, 0.006, 0, 2, 0, 0, ''0'', ''N'', 0, 0, ''20000101'', ''20990101'', 0)
--
INSERT INTO dbo.CI_CARGOS_TARIFAS (ID_CARGO, MONEDA, RANGO_HASTA, TASA, IMPORTE_APLICAR, MONEDA_IMPORTE, TZ_LOCK, ID_CLIENTE, SEGMENTO, APLICA_MIN_MAX, IMPORTE_MINIMO, IMPORTE_MAXIMO, FECHA_DESDE, FECHA_HASTA, EMPRESA)
VALUES (413, 999, 9999999999999, 0.0025, 0, 2, 0, 0, ''1'', ''N'', 0, 0, ''20000101'', ''20990101'', 0)
--
INSERT INTO dbo.CI_CARGOS_TARIFAS (ID_CARGO, MONEDA, RANGO_HASTA, TASA, IMPORTE_APLICAR, MONEDA_IMPORTE, TZ_LOCK, ID_CLIENTE, SEGMENTO, APLICA_MIN_MAX, IMPORTE_MINIMO, IMPORTE_MAXIMO, FECHA_DESDE, FECHA_HASTA, EMPRESA)
VALUES (413, 999, 9999999999999, 0.00075, 0, 2, 0, 0, ''2'', ''N'', 0, 0, ''20000101'', ''20990101'', 0)
--
INSERT INTO dbo.CI_CARGOS_TARIFAS (ID_CARGO, MONEDA, RANGO_HASTA, TASA, IMPORTE_APLICAR, MONEDA_IMPORTE, TZ_LOCK, ID_CLIENTE, SEGMENTO, APLICA_MIN_MAX, IMPORTE_MINIMO, IMPORTE_MAXIMO, FECHA_DESDE, FECHA_HASTA, EMPRESA)
VALUES (413, 999, 9999999999999, 0, 0, 2, 0, 0, ''3'', ''N'', 0, 0, ''20000101'', ''20990101'', 0)
----
INSERT INTO dbo.CI_CARGOS_TARIFAS (ID_CARGO, MONEDA, RANGO_HASTA, TASA, IMPORTE_APLICAR, MONEDA_IMPORTE, TZ_LOCK, ID_CLIENTE, SEGMENTO, APLICA_MIN_MAX, IMPORTE_MINIMO, IMPORTE_MAXIMO, FECHA_DESDE, FECHA_HASTA, EMPRESA)
VALUES (414, 1, 9999999999999, 0.006, 0, 1, 0, 0, ''0'', ''N'', 0, 0, ''20000101'', ''20990101'', 0)
--
INSERT INTO dbo.CI_CARGOS_TARIFAS (ID_CARGO, MONEDA, RANGO_HASTA, TASA, IMPORTE_APLICAR, MONEDA_IMPORTE, TZ_LOCK, ID_CLIENTE, SEGMENTO, APLICA_MIN_MAX, IMPORTE_MINIMO, IMPORTE_MAXIMO, FECHA_DESDE, FECHA_HASTA, EMPRESA)
VALUES (414, 1, 9999999999999, 0.0025, 0, 1, 0, 0, ''1'', ''N'', 0, 0, ''20000101'', ''20990101'', 0)
--
INSERT INTO dbo.CI_CARGOS_TARIFAS (ID_CARGO, MONEDA, RANGO_HASTA, TASA, IMPORTE_APLICAR, MONEDA_IMPORTE, TZ_LOCK, ID_CLIENTE, SEGMENTO, APLICA_MIN_MAX, IMPORTE_MINIMO, IMPORTE_MAXIMO, FECHA_DESDE, FECHA_HASTA, EMPRESA)
VALUES (414, 1, 9999999999999, 0.00075, 0, 1, 0, 0, ''2'', ''N'', 0, 0, ''20000101'', ''20990101'', 0)
--
INSERT INTO dbo.CI_CARGOS_TARIFAS (ID_CARGO, MONEDA, RANGO_HASTA, TASA, IMPORTE_APLICAR, MONEDA_IMPORTE, TZ_LOCK, ID_CLIENTE, SEGMENTO, APLICA_MIN_MAX, IMPORTE_MINIMO, IMPORTE_MAXIMO, FECHA_DESDE, FECHA_HASTA, EMPRESA)
VALUES (414, 1, 9999999999999, 0, 0, 1, 0, 0, ''3'', ''N'', 0, 0, ''20000101'', ''20990101'', 0)
--
INSERT INTO dbo.CI_CARGOS_TARIFAS (ID_CARGO, MONEDA, RANGO_HASTA, TASA, IMPORTE_APLICAR, MONEDA_IMPORTE, TZ_LOCK, ID_CLIENTE, SEGMENTO, APLICA_MIN_MAX, IMPORTE_MINIMO, IMPORTE_MAXIMO, FECHA_DESDE, FECHA_HASTA, EMPRESA)
VALUES (414, 2, 9999999999999, 0.006, 0, 2, 0, 0, ''0'', ''N'', 0, 0, ''20000101'', ''20990101'', 0)
--
INSERT INTO dbo.CI_CARGOS_TARIFAS (ID_CARGO, MONEDA, RANGO_HASTA, TASA, IMPORTE_APLICAR, MONEDA_IMPORTE, TZ_LOCK, ID_CLIENTE, SEGMENTO, APLICA_MIN_MAX, IMPORTE_MINIMO, IMPORTE_MAXIMO, FECHA_DESDE, FECHA_HASTA, EMPRESA)
VALUES (414, 2, 9999999999999, 0.0025, 0, 2, 0, 0, ''1'', ''N'', 0, 0, ''20000101'', ''20990101'', 0)
--
INSERT INTO dbo.CI_CARGOS_TARIFAS (ID_CARGO, MONEDA, RANGO_HASTA, TASA, IMPORTE_APLICAR, MONEDA_IMPORTE, TZ_LOCK, ID_CLIENTE, SEGMENTO, APLICA_MIN_MAX, IMPORTE_MINIMO, IMPORTE_MAXIMO, FECHA_DESDE, FECHA_HASTA, EMPRESA)
VALUES (414, 2, 9999999999999, 0.00075, 0, 2, 0, 0, ''2'', ''N'', 0, 0, ''20000101'', ''20990101'', 0)
--
INSERT INTO dbo.CI_CARGOS_TARIFAS (ID_CARGO, MONEDA, RANGO_HASTA, TASA, IMPORTE_APLICAR, MONEDA_IMPORTE, TZ_LOCK, ID_CLIENTE, SEGMENTO, APLICA_MIN_MAX, IMPORTE_MINIMO, IMPORTE_MAXIMO, FECHA_DESDE, FECHA_HASTA, EMPRESA)
VALUES (414, 2, 9999999999999, 0, 0, 2, 0, 0, ''3'', ''N'', 0, 0, ''20000101'', ''20990101'', 0)
--
INSERT INTO dbo.CI_CARGOS_TARIFAS (ID_CARGO, MONEDA, RANGO_HASTA, TASA, IMPORTE_APLICAR, MONEDA_IMPORTE, TZ_LOCK, ID_CLIENTE, SEGMENTO, APLICA_MIN_MAX, IMPORTE_MINIMO, IMPORTE_MAXIMO, FECHA_DESDE, FECHA_HASTA, EMPRESA)
VALUES (414, 5, 9999999999999, 0.006, 0, 2, 0, 0, ''0'', ''N'', 0, 0, ''20000101'', ''20990101'', 0)
--
INSERT INTO dbo.CI_CARGOS_TARIFAS (ID_CARGO, MONEDA, RANGO_HASTA, TASA, IMPORTE_APLICAR, MONEDA_IMPORTE, TZ_LOCK, ID_CLIENTE, SEGMENTO, APLICA_MIN_MAX, IMPORTE_MINIMO, IMPORTE_MAXIMO, FECHA_DESDE, FECHA_HASTA, EMPRESA)
VALUES (414, 5, 9999999999999, 0.0025, 0, 2, 0, 0, ''1'', ''N'', 0, 0, ''20000101'', ''20990101'', 0)
--
INSERT INTO dbo.CI_CARGOS_TARIFAS (ID_CARGO, MONEDA, RANGO_HASTA, TASA, IMPORTE_APLICAR, MONEDA_IMPORTE, TZ_LOCK, ID_CLIENTE, SEGMENTO, APLICA_MIN_MAX, IMPORTE_MINIMO, IMPORTE_MAXIMO, FECHA_DESDE, FECHA_HASTA, EMPRESA)
VALUES (414, 5, 9999999999999, 0.00075, 0, 2, 0, 0, ''2'', ''N'', 0, 0, ''20000101'', ''20990101'', 0)
--
INSERT INTO dbo.CI_CARGOS_TARIFAS (ID_CARGO, MONEDA, RANGO_HASTA, TASA, IMPORTE_APLICAR, MONEDA_IMPORTE, TZ_LOCK, ID_CLIENTE, SEGMENTO, APLICA_MIN_MAX, IMPORTE_MINIMO, IMPORTE_MAXIMO, FECHA_DESDE, FECHA_HASTA, EMPRESA)
VALUES (414, 5, 9999999999999, 0, 0, 2, 0, 0, ''3'', ''N'', 0, 0, ''20000101'', ''20990101'', 0)
--
INSERT INTO dbo.CI_CARGOS_TARIFAS (ID_CARGO, MONEDA, RANGO_HASTA, TASA, IMPORTE_APLICAR, MONEDA_IMPORTE, TZ_LOCK, ID_CLIENTE, SEGMENTO, APLICA_MIN_MAX, IMPORTE_MINIMO, IMPORTE_MAXIMO, FECHA_DESDE, FECHA_HASTA, EMPRESA)
VALUES (414, 988, 9999999999999, 0.006, 0, 2, 0, 0, ''0'', ''N'', 0, 0, ''20000101'', ''20990101'', 0)
--
INSERT INTO dbo.CI_CARGOS_TARIFAS (ID_CARGO, MONEDA, RANGO_HASTA, TASA, IMPORTE_APLICAR, MONEDA_IMPORTE, TZ_LOCK, ID_CLIENTE, SEGMENTO, APLICA_MIN_MAX, IMPORTE_MINIMO, IMPORTE_MAXIMO, FECHA_DESDE, FECHA_HASTA, EMPRESA)
VALUES (414, 988, 9999999999999, 0.0025, 0, 2, 0, 0, ''1'', ''N'', 0, 0, ''20000101'', ''20990101'', 0)
--
INSERT INTO dbo.CI_CARGOS_TARIFAS (ID_CARGO, MONEDA, RANGO_HASTA, TASA, IMPORTE_APLICAR, MONEDA_IMPORTE, TZ_LOCK, ID_CLIENTE, SEGMENTO, APLICA_MIN_MAX, IMPORTE_MINIMO, IMPORTE_MAXIMO, FECHA_DESDE, FECHA_HASTA, EMPRESA)
VALUES (414, 988, 9999999999999, 0.00075, 0, 2, 0, 0, ''2'', ''N'', 0, 0, ''20000101'', ''20990101'', 0)
--
INSERT INTO dbo.CI_CARGOS_TARIFAS (ID_CARGO, MONEDA, RANGO_HASTA, TASA, IMPORTE_APLICAR, MONEDA_IMPORTE, TZ_LOCK, ID_CLIENTE, SEGMENTO, APLICA_MIN_MAX, IMPORTE_MINIMO, IMPORTE_MAXIMO, FECHA_DESDE, FECHA_HASTA, EMPRESA)
VALUES (414, 988, 9999999999999, 0, 0, 2, 0, 0, ''3'', ''N'', 0, 0, ''20000101'', ''20990101'', 0)
--
INSERT INTO dbo.CI_CARGOS_TARIFAS (ID_CARGO, MONEDA, RANGO_HASTA, TASA, IMPORTE_APLICAR, MONEDA_IMPORTE, TZ_LOCK, ID_CLIENTE, SEGMENTO, APLICA_MIN_MAX, IMPORTE_MINIMO, IMPORTE_MAXIMO, FECHA_DESDE, FECHA_HASTA, EMPRESA)
VALUES (414, 999, 9999999999999, 0.006, 0, 2, 0, 0, ''0'', ''N'', 0, 0, ''20000101'', ''20990101'', 0)
--
INSERT INTO dbo.CI_CARGOS_TARIFAS (ID_CARGO, MONEDA, RANGO_HASTA, TASA, IMPORTE_APLICAR, MONEDA_IMPORTE, TZ_LOCK, ID_CLIENTE, SEGMENTO, APLICA_MIN_MAX, IMPORTE_MINIMO, IMPORTE_MAXIMO, FECHA_DESDE, FECHA_HASTA, EMPRESA)
VALUES (414, 999, 9999999999999, 0.0025, 0, 2, 0, 0, ''1'', ''N'', 0, 0, ''20000101'', ''20990101'', 0)
--
INSERT INTO dbo.CI_CARGOS_TARIFAS (ID_CARGO, MONEDA, RANGO_HASTA, TASA, IMPORTE_APLICAR, MONEDA_IMPORTE, TZ_LOCK, ID_CLIENTE, SEGMENTO, APLICA_MIN_MAX, IMPORTE_MINIMO, IMPORTE_MAXIMO, FECHA_DESDE, FECHA_HASTA, EMPRESA)
VALUES (414, 999, 9999999999999, 0.00075, 0, 2, 0, 0, ''2'', ''N'', 0, 0, ''20000101'', ''20990101'', 0)
--
INSERT INTO dbo.CI_CARGOS_TARIFAS (ID_CARGO, MONEDA, RANGO_HASTA, TASA, IMPORTE_APLICAR, MONEDA_IMPORTE, TZ_LOCK, ID_CLIENTE, SEGMENTO, APLICA_MIN_MAX, IMPORTE_MINIMO, IMPORTE_MAXIMO, FECHA_DESDE, FECHA_HASTA, EMPRESA)
VALUES (414, 999, 9999999999999, 0, 0, 2, 0, 0, ''3'', ''N'', 0, 0, ''20000101'', ''20990101'', 0)
--------------------------
--CAMPOS MONTO IMPONIBLE--
--------------------------
INSERT INTO dbo.DICCIONARIO (NUMERODECAMPO, USODELCAMPO, REFERENCIA, DESCRIPCION, PROMPT, LARGO, TIPODECAMPO, DECIMALES, EDICION, CONTABILIZA, CONCEPTO, CALCULO, VALIDACION, TABLADEVALIDACION, TABLADEAYUDA, OPCIONES, TABLA, CAMPO, BASICO, MASCARA)
VALUES (733, '' '', 0, ''Calculo IGA p/credeb TV inm'', ''Calculo IGA p/credeb TV inm'', 15, ''N'', 2, ''I'', 0, 0, 0, 0, 0, 0, 0, 0, ''C733'', 0, NULL)
--
INSERT INTO dbo.DICCIONARIO (NUMERODECAMPO, USODELCAMPO, REFERENCIA, DESCRIPCION, PROMPT, LARGO, TIPODECAMPO, DECIMALES, EDICION, CONTABILIZA, CONCEPTO, CALCULO, VALIDACION, TABLADEVALIDACION, TABLADEAYUDA, OPCIONES, TABLA, CAMPO, BASICO, MASCARA)
VALUES (734, '' '', 0, ''Calculo IGA p/credeb UVA/UVI inm'', ''Calculo IGA p/credeb UVA/UVI inm'', 15, ''N'', 2, ''I'', 0, 0, 0, 0, 0, 0, 0, 0, ''C734'', 0, NULL)
--
INSERT INTO dbo.DICCIONARIO (NUMERODECAMPO, USODELCAMPO, REFERENCIA, DESCRIPCION, PROMPT, LARGO, TIPODECAMPO, DECIMALES, EDICION, CONTABILIZA, CONCEPTO, CALCULO, VALIDACION, TABLADEVALIDACION, TABLADEAYUDA, OPCIONES, TABLA, CAMPO, BASICO, MASCARA)
VALUES (735, '' '', 0, ''Calculo IGA p/credeb MN/ME inm'', ''Calculo IGA p/credeb MN/ME inm'', 15, ''N'', 2, ''I'', 0, 0, 0, 0, 0, 0, 0, 0, ''C735'', 0, NULL)
----
')