EXECUTE('
---------------------------------------
--NUEVAS ESTRUCTURAS ASIENTOS TIPO CV--
---------------------------------------
INSERT INTO dbo.DESCRIPTORES (TITULO, IDENTIFICACION, TIPODEARCHIVO, DESCRIPCION, GRUPODELMAPA, NOMBREFISICO, TIPODEDBMS, LARGODELREGISTRO, INICIALIZACIONDELREGISTRO, BASE, SELECCION, ACEPTA_MOVS_DIFERIDO)
VALUES (20, 4968, NULL, ''Asientos Tipo Cuenta Vista'', 0, ''CON_ASIENTOS_TIPO_CV'', ''D'', NULL, NULL, ''TOP/CLIENTES'', NULL, ''N'')
----
INSERT INTO dbo.DICCIONARIO (NUMERODECAMPO, USODELCAMPO, REFERENCIA, DESCRIPCION, PROMPT, LARGO, TIPODECAMPO, DECIMALES, EDICION, CONTABILIZA, CONCEPTO, CALCULO, VALIDACION, TABLADEVALIDACION, TABLADEAYUDA, OPCIONES, TABLA, CAMPO, BASICO, MASCARA)
VALUES (49681, '' '', 0, ''ID Asiento Tipo Cuenta Vista'', ''ID Asiento Tipo'', 6, ''N'', 0, NULL, 0, 0, 0, 0, 0, 0, 0, 4968, ''ID_ASIENTO'', 0, NULL)
--
INSERT INTO dbo.DICCIONARIO (NUMERODECAMPO, USODELCAMPO, REFERENCIA, DESCRIPCION, PROMPT, LARGO, TIPODECAMPO, DECIMALES, EDICION, CONTABILIZA, CONCEPTO, CALCULO, VALIDACION, TABLADEVALIDACION, TABLADEAYUDA, OPCIONES, TABLA, CAMPO, BASICO, MASCARA)
VALUES (49682, '' '', 0, ''Descripción'', ''Descripción'', 60, ''A'', 0, NULL, 0, 0, 0, 0, 0, 0, 0, 4968, ''DESCRIPCION'', 0, NULL)
--
INSERT INTO dbo.DICCIONARIO (NUMERODECAMPO, USODELCAMPO, REFERENCIA, DESCRIPCION, PROMPT, LARGO, TIPODECAMPO, DECIMALES, EDICION, CONTABILIZA, CONCEPTO, CALCULO, VALIDACION, TABLADEVALIDACION, TABLADEAYUDA, OPCIONES, TABLA, CAMPO, BASICO, MASCARA)
VALUES (49683, '' '', 0, ''Cantidad de líneas'', ''Cantidad de líneas'', 3, ''N'', 0, NULL, 0, 0, 0, 0, 0, 0, 0, 4968, ''TOTAL_LINEAS'', 0, NULL)
----
INSERT INTO dbo.INDICES (NUMERODEARCHIVO, NUMERODEINDICE, DESCRIPCION, CLAVESREPETIDAS, CAMPO1, CAMPO2, CAMPO3, CAMPO4, CAMPO5, CAMPO6, CAMPO7, CAMPO8, CAMPO9, CAMPO10, CAMPO11, CAMPO12, CAMPO13, CAMPO14, CAMPO15, CAMPO16, CAMPO17, CAMPO18, CAMPO19, CAMPO20)
VALUES (4968, 1, ''índice asientos tipo CV'', 0, 49681, NULL, NULL, NULL, NULL, NULL, NULL, NULL, NULL, NULL, NULL, NULL, NULL, NULL, NULL, NULL, NULL, NULL, NULL, NULL)
----
INSERT INTO dbo.AYUDAS (NUMERODEARCHIVO, NUMERODEAYUDA, DESCRIPCION, FILTRO, MOSTRARTODOS, CAMPOS, CAMPOSVISTA, BASEVISTA, NOMBREVISTA, AYUDAGRANDE)
VALUES (4968, 49681, ''Listado asientos tipo CV'', '''', 0, ''49681ROA1;49682;49683;'', NULL, NULL, NULL, 0)
------
------
INSERT INTO dbo.DESCRIPTORES (TITULO, IDENTIFICACION, TIPODEARCHIVO, DESCRIPCION, GRUPODELMAPA, NOMBREFISICO, TIPODEDBMS, LARGODELREGISTRO, INICIALIZACIONDELREGISTRO, BASE, SELECCION, ACEPTA_MOVS_DIFERIDO)
VALUES (20, 4969, NULL, ''Líneas Asientos Tipo Ctas.Vta.'', 0, ''CON_ASIENTOS_TIPO_CV_LINEAS'', ''D'', NULL, NULL, ''TOP/CLIENTES'', NULL, ''N'')
----
INSERT INTO dbo.DICCIONARIO (NUMERODECAMPO, USODELCAMPO, REFERENCIA, DESCRIPCION, PROMPT, LARGO, TIPODECAMPO, DECIMALES, EDICION, CONTABILIZA, CONCEPTO, CALCULO, VALIDACION, TABLADEVALIDACION, TABLADEAYUDA, OPCIONES, TABLA, CAMPO, BASICO, MASCARA)
VALUES (49690, '' '', 0, ''ID Asiento Tipo'', ''ID Asiento Tipo'', 6, ''N'', 0, NULL, 0, 0, 0, 0, 4968, 0, 0, 4969, ''ID_ASIENTO'', 0, NULL)
--
INSERT INTO dbo.DICCIONARIO (NUMERODECAMPO, USODELCAMPO, REFERENCIA, DESCRIPCION, PROMPT, LARGO, TIPODECAMPO, DECIMALES, EDICION, CONTABILIZA, CONCEPTO, CALCULO, VALIDACION, TABLADEVALIDACION, TABLADEAYUDA, OPCIONES, TABLA, CAMPO, BASICO, MASCARA)
VALUES (49691, '' '', 0, ''Número de Línea'', ''Número de Línea'', 3, ''N'', 0, NULL, 0, 0, 0, 0, 0, 0, 0, 4969, ''NRO_LINEA'', 0, NULL)
--
INSERT INTO dbo.DICCIONARIO (NUMERODECAMPO, USODELCAMPO, REFERENCIA, DESCRIPCION, PROMPT, LARGO, TIPODECAMPO, DECIMALES, EDICION, CONTABILIZA, CONCEPTO, CALCULO, VALIDACION, TABLADEVALIDACION, TABLADEAYUDA, OPCIONES, TABLA, CAMPO, BASICO, MASCARA)
VALUES (49692, '' '', 0, ''Débito/Crédito'', ''Débito/Crédito'', 1, ''A'', 0, NULL, 0, 0, 0, 0, 0, 0, 1, 4969, ''DEBITO_CREDITO'', 0, NULL)
--
INSERT INTO dbo.DICCIONARIO (NUMERODECAMPO, USODELCAMPO, REFERENCIA, DESCRIPCION, PROMPT, LARGO, TIPODECAMPO, DECIMALES, EDICION, CONTABILIZA, CONCEPTO, CALCULO, VALIDACION, TABLADEVALIDACION, TABLADEAYUDA, OPCIONES, TABLA, CAMPO, BASICO, MASCARA)
VALUES (49693, '' '', 0, ''Tipo de Cuenta'', ''Tipo de Cuenta'', 1, ''A'', 0, NULL, 0, 0, 0, 0, 0, 0, 1, 4969, ''TIPO_CUENTA'', 0, NULL)
--
INSERT INTO dbo.DICCIONARIO (NUMERODECAMPO, USODELCAMPO, REFERENCIA, DESCRIPCION, PROMPT, LARGO, TIPODECAMPO, DECIMALES, EDICION, CONTABILIZA, CONCEPTO, CALCULO, VALIDACION, TABLADEVALIDACION, TABLADEAYUDA, OPCIONES, TABLA, CAMPO, BASICO, MASCARA)
VALUES (49694, '' '', 0, ''Sucursal Cuenta'', ''Sucursal Cuenta'', 5, ''N'', 0, NULL, 0, 0, 0, 0, 51, 0, 0, 4969, ''SUCURSAL_CUENTA'', 0, NULL)
--
INSERT INTO dbo.DICCIONARIO (NUMERODECAMPO, USODELCAMPO, REFERENCIA, DESCRIPCION, PROMPT, LARGO, TIPODECAMPO, DECIMALES, EDICION, CONTABILIZA, CONCEPTO, CALCULO, VALIDACION, TABLADEVALIDACION, TABLADEAYUDA, OPCIONES, TABLA, CAMPO, BASICO, MASCARA)
VALUES (49695, '' '', 0, ''Producto Cuenta'', ''Producto Cuenta'', 5, ''N'', 0, NULL, 0, 0, 0, 0, 65, 0, 0, 4969, ''PRODUCTO_CUENTA'', 0, NULL)
--
INSERT INTO dbo.DICCIONARIO (NUMERODECAMPO, USODELCAMPO, REFERENCIA, DESCRIPCION, PROMPT, LARGO, TIPODECAMPO, DECIMALES, EDICION, CONTABILIZA, CONCEPTO, CALCULO, VALIDACION, TABLADEVALIDACION, TABLADEAYUDA, OPCIONES, TABLA, CAMPO, BASICO, MASCARA)
VALUES (49696, '' '', 0, ''Cuenta/Rubro'', ''Cuenta/Rubro'', 12, ''N'', 0, NULL, 0, 0, 0, 0, 0, 0, 0, 4969, ''CUENTA'', 0, NULL)
--
INSERT INTO dbo.DICCIONARIO (NUMERODECAMPO, USODELCAMPO, REFERENCIA, DESCRIPCION, PROMPT, LARGO, TIPODECAMPO, DECIMALES, EDICION, CONTABILIZA, CONCEPTO, CALCULO, VALIDACION, TABLADEVALIDACION, TABLADEAYUDA, OPCIONES, TABLA, CAMPO, BASICO, MASCARA)
VALUES (49697, '' '', 0, ''Moneda Cuenta'', ''Moneda Cuenta'', 4, ''N'', 0, NULL, 0, 0, 0, 0, 64, 0, 0, 4969, ''MONEDA_CUENTA'', 0, NULL)
--
INSERT INTO dbo.DICCIONARIO (NUMERODECAMPO, USODELCAMPO, REFERENCIA, DESCRIPCION, PROMPT, LARGO, TIPODECAMPO, DECIMALES, EDICION, CONTABILIZA, CONCEPTO, CALCULO, VALIDACION, TABLADEVALIDACION, TABLADEAYUDA, OPCIONES, TABLA, CAMPO, BASICO, MASCARA)
VALUES (49698, '' '', 0, ''Abierta/Cerrada'', ''Abierta/Cerrada'', 1, ''A'', 0, NULL, 0, 0, 0, 0, 0, 0, 1, 4969, ''APERTURA'', 0, NULL)
----
INSERT INTO dbo.INDICES (NUMERODEARCHIVO, NUMERODEINDICE, DESCRIPCION, CLAVESREPETIDAS, CAMPO1, CAMPO2, CAMPO3, CAMPO4, CAMPO5, CAMPO6, CAMPO7, CAMPO8, CAMPO9, CAMPO10, CAMPO11, CAMPO12, CAMPO13, CAMPO14, CAMPO15, CAMPO16, CAMPO17, CAMPO18, CAMPO19, CAMPO20)
VALUES (4969, 1, ''índice líneas asiento tipo CV'', 0, 49690, 49691, NULL, NULL, NULL, NULL, NULL, NULL, NULL, NULL, NULL, NULL, NULL, NULL, NULL, NULL, NULL, NULL, NULL, NULL)
----
INSERT INTO dbo.AYUDAS (NUMERODEARCHIVO, NUMERODEAYUDA, DESCRIPCION, FILTRO, MOSTRARTODOS, CAMPOS, CAMPOSVISTA, BASEVISTA, NOMBREVISTA, AYUDAGRANDE)
VALUES (4969, 49691, ''Listado líneas asiento tipo CV'', '''', 0, ''49690ROA1;49691ROA2;49692;49693;49694;49695;49696;49697;49698;'', NULL, NULL, NULL, 0)
----
INSERT INTO dbo.OPCIONES (NUMERODECAMPO, IDIOMA, DESCRIPCION, OPCIONINTERNA, OPCIONDEPANTALLA)
VALUES (49692, ''E'', ''Crédito'', ''C'', ''C'')
--
INSERT INTO dbo.OPCIONES (NUMERODECAMPO, IDIOMA, DESCRIPCION, OPCIONINTERNA, OPCIONDEPANTALLA)
VALUES (49692, ''E'', ''Débito'', ''D'', ''D'')
--
INSERT INTO dbo.OPCIONES (NUMERODECAMPO, IDIOMA, DESCRIPCION, OPCIONINTERNA, OPCIONDEPANTALLA)
VALUES (49693, ''E'', ''Rubro Contable'', ''R'', ''R'')
--
INSERT INTO dbo.OPCIONES (NUMERODECAMPO, IDIOMA, DESCRIPCION, OPCIONINTERNA, OPCIONDEPANTALLA)
VALUES (49693, ''E'', ''Cuenta Vista'', ''V'', ''V'')
--
INSERT INTO dbo.OPCIONES (NUMERODECAMPO, IDIOMA, DESCRIPCION, OPCIONINTERNA, OPCIONDEPANTALLA)
VALUES (49698, ''E'', ''Abierta'', ''A'', ''A'')
--
INSERT INTO dbo.OPCIONES (NUMERODECAMPO, IDIOMA, DESCRIPCION, OPCIONINTERNA, OPCIONDEPANTALLA)
VALUES (49698, ''E'', ''Cerrada'', ''C'', ''C'')
------
------
INSERT INTO dbo.DESCRIPTORES (TITULO, IDENTIFICACION, TIPODEARCHIVO, DESCRIPCION, GRUPODELMAPA, NOMBREFISICO, TIPODEDBMS, LARGODELREGISTRO, INICIALIZACIONDELREGISTRO, BASE, SELECCION, ACEPTA_MOVS_DIFERIDO)
VALUES (20, 4970, NULL, ''Asientos Tipo por Usuarios'', 0, ''CON_ASIENTOTIPO_X_USUARIO'', ''D'', NULL, NULL, ''TOP/CLIENTES'', NULL, ''N'')
----
INSERT INTO dbo.DICCIONARIO (NUMERODECAMPO, USODELCAMPO, REFERENCIA, DESCRIPCION, PROMPT, LARGO, TIPODECAMPO, DECIMALES, EDICION, CONTABILIZA, CONCEPTO, CALCULO, VALIDACION, TABLADEVALIDACION, TABLADEAYUDA, OPCIONES, TABLA, CAMPO, BASICO, MASCARA)
VALUES (49700, '' '', 0, ''Grupo Usuarios'', ''Grupo Usuarios'', 8, ''A'', 0, NULL, 0, 0, 0, 0, 995, 0, 0, 4970, ''GRUPO_USUARIOS'', 0, NULL)
--
INSERT INTO dbo.DICCIONARIO (NUMERODECAMPO, USODELCAMPO, REFERENCIA, DESCRIPCION, PROMPT, LARGO, TIPODECAMPO, DECIMALES, EDICION, CONTABILIZA, CONCEPTO, CALCULO, VALIDACION, TABLADEVALIDACION, TABLADEAYUDA, OPCIONES, TABLA, CAMPO, BASICO, MASCARA)
VALUES (49701, '' '', 0, ''Asiento Tipo'', ''Asiento Tipo'', 6, ''N'', 0, NULL, 0, 0, 0, 0, 4968, 0, 0, 4970, ''ID_ASIENTO'', 0, NULL)
--
INSERT INTO dbo.DICCIONARIO (NUMERODECAMPO, USODELCAMPO, REFERENCIA, DESCRIPCION, PROMPT, LARGO, TIPODECAMPO, DECIMALES, EDICION, CONTABILIZA, CONCEPTO, CALCULO, VALIDACION, TABLADEVALIDACION, TABLADEAYUDA, OPCIONES, TABLA, CAMPO, BASICO, MASCARA)
VALUES (49702, '' '', 0, ''Habilitado'', ''Habilitado'', 1, ''A'', 0, NULL, 0, 0, 0, 0, 0, 0, 1, 4970, ''HABILITADO'', 0, NULL)
----
INSERT INTO dbo.INDICES (NUMERODEARCHIVO, NUMERODEINDICE, DESCRIPCION, CLAVESREPETIDAS, CAMPO1, CAMPO2, CAMPO3, CAMPO4, CAMPO5, CAMPO6, CAMPO7, CAMPO8, CAMPO9, CAMPO10, CAMPO11, CAMPO12, CAMPO13, CAMPO14, CAMPO15, CAMPO16, CAMPO17, CAMPO18, CAMPO19, CAMPO20)
VALUES (4970, 1, ''índice asientos tipo x usuario'', 0, 49700, 49701, NULL, NULL, NULL, NULL, NULL, NULL, NULL, NULL, NULL, NULL, NULL, NULL, NULL, NULL, NULL, NULL, NULL, NULL)
----
INSERT INTO dbo.AYUDAS (NUMERODEARCHIVO, NUMERODEAYUDA, DESCRIPCION, FILTRO, MOSTRARTODOS, CAMPOS, CAMPOSVISTA, BASEVISTA, NOMBREVISTA, AYUDAGRANDE)
VALUES (4970, 49701, ''listado asientos tipo x usuari'', '''', 0, ''49700ROA1;49701ROA2;49702;'', NULL, NULL, NULL, 0)
----
INSERT INTO dbo.OPCIONES (NUMERODECAMPO, IDIOMA, DESCRIPCION, OPCIONINTERNA, OPCIONDEPANTALLA)
VALUES (49702, ''E'', ''No'', ''N'', ''N'')
--
INSERT INTO dbo.OPCIONES (NUMERODECAMPO, IDIOMA, DESCRIPCION, OPCIONINTERNA, OPCIONDEPANTALLA)
VALUES (49702, ''E'', ''Si'', ''S'', ''S'')
------
------
INSERT INTO dbo.DESCRIPTORES (TITULO, IDENTIFICACION, TIPODEARCHIVO, DESCRIPCION, GRUPODELMAPA, NOMBREFISICO, TIPODEDBMS, LARGODELREGISTRO, INICIALIZACIONDELREGISTRO, BASE, SELECCION, ACEPTA_MOVS_DIFERIDO)
VALUES (20, 4971, NULL, ''Vista líneas asientos tipo CV'', 0, ''VW_CON_ASIENTOS_TIPO_CV_LINEAS'', ''D'', NULL, NULL, ''TOP/CLIENTES'', NULL, ''N'')
----
INSERT INTO dbo.DICCIONARIO (NUMERODECAMPO, USODELCAMPO, REFERENCIA, DESCRIPCION, PROMPT, LARGO, TIPODECAMPO, DECIMALES, EDICION, CONTABILIZA, CONCEPTO, CALCULO, VALIDACION, TABLADEVALIDACION, TABLADEAYUDA, OPCIONES, TABLA, CAMPO, BASICO, MASCARA)
VALUES (49710, '' '', 0, ''ID Asiento'', ''ID Asiento'', 6, ''N'', 0, NULL, 0, 0, 0, 0, 0, 0, 0, 4971, ''ID_ASIENTO'', 0, NULL)
--
INSERT INTO dbo.DICCIONARIO (NUMERODECAMPO, USODELCAMPO, REFERENCIA, DESCRIPCION, PROMPT, LARGO, TIPODECAMPO, DECIMALES, EDICION, CONTABILIZA, CONCEPTO, CALCULO, VALIDACION, TABLADEVALIDACION, TABLADEAYUDA, OPCIONES, TABLA, CAMPO, BASICO, MASCARA)
VALUES (49711, '' '', 0, ''Nro. Línea'', ''Nro. Línea'', 3, ''N'', 0, NULL, 0, 0, 0, 0, 0, 0, 0, 4971, ''NRO_LINEA'', 0, NULL)
--
INSERT INTO dbo.DICCIONARIO (NUMERODECAMPO, USODELCAMPO, REFERENCIA, DESCRIPCION, PROMPT, LARGO, TIPODECAMPO, DECIMALES, EDICION, CONTABILIZA, CONCEPTO, CALCULO, VALIDACION, TABLADEVALIDACION, TABLADEAYUDA, OPCIONES, TABLA, CAMPO, BASICO, MASCARA)
VALUES (49712, '' '', 0, ''Débito/Crédito'', ''Débito/Crédito'', 10, ''A'', 0, NULL, 0, 0, 0, 0, 0, 0, 0, 4971, ''DEBITO_CREDITO'', 0, NULL)
--
INSERT INTO dbo.DICCIONARIO (NUMERODECAMPO, USODELCAMPO, REFERENCIA, DESCRIPCION, PROMPT, LARGO, TIPODECAMPO, DECIMALES, EDICION, CONTABILIZA, CONCEPTO, CALCULO, VALIDACION, TABLADEVALIDACION, TABLADEAYUDA, OPCIONES, TABLA, CAMPO, BASICO, MASCARA)
VALUES (49713, '' '', 0, ''Tipo de Cuenta'', ''Tipo de Cuenta'', 20, ''A'', 0, NULL, 0, 0, 0, 0, 0, 0, 0, 4971, ''TIPO_CUENTA'', 0, NULL)
--
INSERT INTO dbo.DICCIONARIO (NUMERODECAMPO, USODELCAMPO, REFERENCIA, DESCRIPCION, PROMPT, LARGO, TIPODECAMPO, DECIMALES, EDICION, CONTABILIZA, CONCEPTO, CALCULO, VALIDACION, TABLADEVALIDACION, TABLADEAYUDA, OPCIONES, TABLA, CAMPO, BASICO, MASCARA)
VALUES (49714, '' '', 0, ''Apertura'', ''Apertura'', 10, ''A'', 0, NULL, 0, 0, 0, 0, 0, 0, 0, 4971, ''APERTURA'', 0, NULL)
--
INSERT INTO dbo.DICCIONARIO (NUMERODECAMPO, USODELCAMPO, REFERENCIA, DESCRIPCION, PROMPT, LARGO, TIPODECAMPO, DECIMALES, EDICION, CONTABILIZA, CONCEPTO, CALCULO, VALIDACION, TABLADEVALIDACION, TABLADEAYUDA, OPCIONES, TABLA, CAMPO, BASICO, MASCARA)
VALUES (49715, '' '', 0, ''Sucursal Cuenta'', ''Sucursal Cuenta'', 5, ''N'', 0, NULL, 0, 0, 0, 0, 0, 0, 0, 4971, ''SUCURSAL_CUENTA'', 0, NULL)
--
INSERT INTO dbo.DICCIONARIO (NUMERODECAMPO, USODELCAMPO, REFERENCIA, DESCRIPCION, PROMPT, LARGO, TIPODECAMPO, DECIMALES, EDICION, CONTABILIZA, CONCEPTO, CALCULO, VALIDACION, TABLADEVALIDACION, TABLADEAYUDA, OPCIONES, TABLA, CAMPO, BASICO, MASCARA)
VALUES (49716, '' '', 0, ''Producto Cuenta'', ''Producto Cuenta'', 5, ''N'', 0, NULL, 0, 0, 0, 0, 0, 0, 0, 4971, ''PRODUCTO_CUENTA'', 0, NULL)
--
INSERT INTO dbo.DICCIONARIO (NUMERODECAMPO, USODELCAMPO, REFERENCIA, DESCRIPCION, PROMPT, LARGO, TIPODECAMPO, DECIMALES, EDICION, CONTABILIZA, CONCEPTO, CALCULO, VALIDACION, TABLADEVALIDACION, TABLADEAYUDA, OPCIONES, TABLA, CAMPO, BASICO, MASCARA)
VALUES (49717, '' '', 0, ''Cuenta'', ''Cuenta'', 12, ''N'', 0, NULL, 0, 0, 0, 0, 0, 0, 0, 4971, ''CUENTA'', 0, NULL)
--
INSERT INTO dbo.DICCIONARIO (NUMERODECAMPO, USODELCAMPO, REFERENCIA, DESCRIPCION, PROMPT, LARGO, TIPODECAMPO, DECIMALES, EDICION, CONTABILIZA, CONCEPTO, CALCULO, VALIDACION, TABLADEVALIDACION, TABLADEAYUDA, OPCIONES, TABLA, CAMPO, BASICO, MASCARA)
VALUES (49718, '' '', 0, ''Moneda Cuenta'', ''Moneda Cuenta'', 4, ''N'', 0, NULL, 0, 0, 0, 0, 0, 0, 0, 4971, ''MONEDA_CUENTA'', 0, NULL)
----
INSERT INTO dbo.INDICES (NUMERODEARCHIVO, NUMERODEINDICE, DESCRIPCION, CLAVESREPETIDAS, CAMPO1, CAMPO2, CAMPO3, CAMPO4, CAMPO5, CAMPO6, CAMPO7, CAMPO8, CAMPO9, CAMPO10, CAMPO11, CAMPO12, CAMPO13, CAMPO14, CAMPO15, CAMPO16, CAMPO17, CAMPO18, CAMPO19, CAMPO20)
VALUES (4971, 1, ''índice líneas asientos tipo CV'', 0, 49710, 49711, NULL, NULL, NULL, NULL, NULL, NULL, NULL, NULL, NULL, NULL, NULL, NULL, NULL, NULL, NULL, NULL, NULL, NULL)
----
INSERT INTO dbo.AYUDAS (NUMERODEARCHIVO, NUMERODEAYUDA, DESCRIPCION, FILTRO, MOSTRARTODOS, CAMPOS, CAMPOSVISTA, BASEVISTA, NOMBREVISTA, AYUDAGRANDE)
VALUES (4971, 49711, NULL, '''', 0, ''49710ROA1;49711ROA2;49712;49713;49714;49715;49716;49717;49718;'', NULL, NULL, NULL, 0)
------
------
INSERT INTO dbo.DESCRIPTORES (TITULO, IDENTIFICACION, TIPODEARCHIVO, DESCRIPCION, GRUPODELMAPA, NOMBREFISICO, TIPODEDBMS, LARGODELREGISTRO, INICIALIZACIONDELREGISTRO, BASE, SELECCION, ACEPTA_MOVS_DIFERIDO)
VALUES (20, 4972, NULL, ''Vista A.Tipo por Grupo Usuario'', 0, ''VW_CON_ASIENTOS_X_USUARIO'', ''D'', NULL, NULL, ''TOP/CLIENTES'', NULL, ''N'')
----
INSERT INTO dbo.DICCIONARIO (NUMERODECAMPO, USODELCAMPO, REFERENCIA, DESCRIPCION, PROMPT, LARGO, TIPODECAMPO, DECIMALES, EDICION, CONTABILIZA, CONCEPTO, CALCULO, VALIDACION, TABLADEVALIDACION, TABLADEAYUDA, OPCIONES, TABLA, CAMPO, BASICO, MASCARA)
VALUES (49720, '' '', 0, ''Grupo de Usuarios'', ''Grupo de Usuarios'', 8, ''A'', 0, NULL, 0, 0, 0, 0, 0, 0, 0, 4972, ''GRUPO_USUARIOS'', 0, NULL)
--
INSERT INTO dbo.DICCIONARIO (NUMERODECAMPO, USODELCAMPO, REFERENCIA, DESCRIPCION, PROMPT, LARGO, TIPODECAMPO, DECIMALES, EDICION, CONTABILIZA, CONCEPTO, CALCULO, VALIDACION, TABLADEVALIDACION, TABLADEAYUDA, OPCIONES, TABLA, CAMPO, BASICO, MASCARA)
VALUES (49721, '' '', 0, ''ID Asiento'', ''ID Asiento'', 6, ''N'', 0, NULL, 0, 0, 0, 0, 0, 0, 0, 4972, ''ID_ASIENTO'', 0, NULL)
--
INSERT INTO dbo.DICCIONARIO (NUMERODECAMPO, USODELCAMPO, REFERENCIA, DESCRIPCION, PROMPT, LARGO, TIPODECAMPO, DECIMALES, EDICION, CONTABILIZA, CONCEPTO, CALCULO, VALIDACION, TABLADEVALIDACION, TABLADEAYUDA, OPCIONES, TABLA, CAMPO, BASICO, MASCARA)
VALUES (49722, '' '', 0, ''Descripción Asiento'', ''Descripción Asiento'', 60, ''A'', 0, NULL, 0, 0, 0, 0, 0, 0, 0, 4972, ''DESCRIPCION_ASIENTO'', 0, NULL)
--
INSERT INTO dbo.DICCIONARIO (NUMERODECAMPO, USODELCAMPO, REFERENCIA, DESCRIPCION, PROMPT, LARGO, TIPODECAMPO, DECIMALES, EDICION, CONTABILIZA, CONCEPTO, CALCULO, VALIDACION, TABLADEVALIDACION, TABLADEAYUDA, OPCIONES, TABLA, CAMPO, BASICO, MASCARA)
VALUES (49723, '' '', 0, ''Habilitado'', ''Habilitado'', 10, ''A'', 0, NULL, 0, 0, 0, 0, 0, 0, 0, 4972, ''HABILITADO'', 0, NULL)
----
INSERT INTO dbo.INDICES (NUMERODEARCHIVO, NUMERODEINDICE, DESCRIPCION, CLAVESREPETIDAS, CAMPO1, CAMPO2, CAMPO3, CAMPO4, CAMPO5, CAMPO6, CAMPO7, CAMPO8, CAMPO9, CAMPO10, CAMPO11, CAMPO12, CAMPO13, CAMPO14, CAMPO15, CAMPO16, CAMPO17, CAMPO18, CAMPO19, CAMPO20)
VALUES (4972, 1, ''índice A.Tipo por Usuarios'', 0, 49720, 49721, NULL, NULL, NULL, NULL, NULL, NULL, NULL, NULL, NULL, NULL, NULL, NULL, NULL, NULL, NULL, NULL, NULL, NULL)
----
INSERT INTO dbo.AYUDAS (NUMERODEARCHIVO, NUMERODEAYUDA, DESCRIPCION, FILTRO, MOSTRARTODOS, CAMPOS, CAMPOSVISTA, BASEVISTA, NOMBREVISTA, AYUDAGRANDE)
VALUES (4972, 49721, ''Listado A.Tipo por Usuarios'', '''', 0, ''49720ROA1;49721ROA2;49722;49723;'', NULL, NULL, NULL, 0)
----------
--AYUDAS--
----------
INSERT INTO dbo.DICCIONARIO (NUMERODECAMPO, USODELCAMPO, REFERENCIA, DESCRIPCION, PROMPT, LARGO, TIPODECAMPO, DECIMALES, EDICION, CONTABILIZA, CONCEPTO, CALCULO, VALIDACION, TABLADEVALIDACION, TABLADEAYUDA, OPCIONES, TABLA, CAMPO, BASICO, MASCARA)
VALUES (49688, '' '', 0, ''Listado asientos tipo cuentas vista'', ''Listado asientos tipo cuentas vista'', 6, ''N'', 0, NULL, 0, 0, 0, 0, 0, 49681, 0, 0, ''C49688'', 0, NULL)
----
INSERT INTO dbo.DICCIONARIO (NUMERODECAMPO, USODELCAMPO, REFERENCIA, DESCRIPCION, PROMPT, LARGO, TIPODECAMPO, DECIMALES, EDICION, CONTABILIZA, CONCEPTO, CALCULO, VALIDACION, TABLADEVALIDACION, TABLADEAYUDA, OPCIONES, TABLA, CAMPO, BASICO, MASCARA)
VALUES (49719, '' '', 0, ''Listado líneas asiento tipo CV'', ''Listado líneas asiento tipo CV'', 6, ''N'', 0, NULL, 0, 0, 0, 0, 0, 49711, 0, 0, ''C49719'', 0, NULL)
----
INSERT INTO dbo.DICCIONARIO (NUMERODECAMPO, USODELCAMPO, REFERENCIA, DESCRIPCION, PROMPT, LARGO, TIPODECAMPO, DECIMALES, EDICION, CONTABILIZA, CONCEPTO, CALCULO, VALIDACION, TABLADEVALIDACION, TABLADEAYUDA, OPCIONES, TABLA, CAMPO, BASICO, MASCARA)
VALUES (49709, '' '', 0, ''Listado de Grupos de Usuarios'', ''Listado de Grupos de Usuarios'', 8, ''A'', 0, NULL, 0, 0, 0, 0, 0, 90830, 0, 0, ''C49709'', 0, NULL)
----
UPDATE dbo.AYUDAS
SET CAMPOS = ''22450R0A1;22451;22452;''
WHERE NUMERODEAYUDA = 90830
----
INSERT INTO dbo.DICCIONARIO (NUMERODECAMPO, USODELCAMPO, REFERENCIA, DESCRIPCION, PROMPT, LARGO, TIPODECAMPO, DECIMALES, EDICION, CONTABILIZA, CONCEPTO, CALCULO, VALIDACION, TABLADEVALIDACION, TABLADEAYUDA, OPCIONES, TABLA, CAMPO, BASICO, MASCARA)
VALUES (49724, '' '', 0, ''Listado A.Tipo por Grupo Usuarios'', ''Listado A.Tipo por Grupo Usuarios'', 6, ''N'', 0, NULL, 0, 0, 0, 0, 0, 49721, 0, 0, ''C49724'', 0, NULL)
---------------
--NUMERADORES--
---------------
INSERT INTO dbo.DICCIONARIO (NUMERODECAMPO, USODELCAMPO, REFERENCIA, DESCRIPCION, PROMPT, LARGO, TIPODECAMPO, DECIMALES, EDICION, CONTABILIZA, CONCEPTO, CALCULO, VALIDACION, TABLADEVALIDACION, TABLADEAYUDA, OPCIONES, TABLA, CAMPO, BASICO, MASCARA)
VALUES (49684, '' '', 0, ''Numerador Asientos Tipo Ctas. Vista'', ''Numerador Asientos Tipo Ctas. Vista'', 6, ''N'', 0, NULL, 0, 19, 0, 0, 0, 0, 0, 0, ''C49684'', 0, NULL)
---------------
--OPERACIONES--
---------------
INSERT INTO dbo.OPERACIONES (TITULO, IDENTIFICACION, NOMBRE, DESCRIPCION, MNEMOTECNICO, AUTORIZACION, FORMULARIOPRINCIPAL, PROXOPERACION, ESTADO, TZ_LOCK, COPIAS, SUBOPERACION, PERMITEBAJA, COMPORTAMIENTOENCIERRE, REQUIERECONTRASENA, PERMITECONCURRENTE, PERMITEESTADODIFERIDO, ICONO_TITULO, ESTILO)
VALUES (2000, 2075, ''ABMC Asientos Tipo Cuentas Vista'', ''ABMC Asientos Tipo Cuentas Vista'', ''2075'', ''N'', NULL, NULL, ''P'', 0, NULL, 0, ''S'', ''N'', ''N'', ''S'', ''S'', NULL, 0)
--
INSERT INTO dbo.OPERACIONES (TITULO, IDENTIFICACION, NOMBRE, DESCRIPCION, MNEMOTECNICO, AUTORIZACION, FORMULARIOPRINCIPAL, PROXOPERACION, ESTADO, TZ_LOCK, COPIAS, SUBOPERACION, PERMITEBAJA, COMPORTAMIENTOENCIERRE, REQUIERECONTRASENA, PERMITECONCURRENTE, PERMITEESTADODIFERIDO, ICONO_TITULO, ESTILO)
VALUES (2000, 2076, ''ABMC Líneas Asiento Tipo Cuentas Vista'', ''ABMC Líneas Asiento Tipo Cuentas Vista'', ''2076'', ''N'', NULL, NULL, ''P'', 0, NULL, 0, ''S'', ''N'', ''N'', ''S'', ''S'', NULL, 0)
--
INSERT INTO dbo.OPERACIONES (TITULO, IDENTIFICACION, NOMBRE, DESCRIPCION, MNEMOTECNICO, AUTORIZACION, FORMULARIOPRINCIPAL, PROXOPERACION, ESTADO, TZ_LOCK, COPIAS, SUBOPERACION, PERMITEBAJA, COMPORTAMIENTOENCIERRE, REQUIERECONTRASENA, PERMITECONCURRENTE, PERMITEESTADODIFERIDO, ICONO_TITULO, ESTILO)
VALUES (2000, 2077, ''ABMC asientos tipo por grupo de usuarios'', ''ABMC asientos tipo por grupo de usuarios'', ''2077'', ''N'', NULL, NULL, ''P'', 0, NULL, 0, ''S'', ''N'', ''N'', ''N'', ''S'', NULL, 0)
--
INSERT INTO dbo.OPERACIONES (TITULO, IDENTIFICACION, NOMBRE, DESCRIPCION, MNEMOTECNICO, AUTORIZACION, FORMULARIOPRINCIPAL, PROXOPERACION, ESTADO, TZ_LOCK, COPIAS, SUBOPERACION, PERMITEBAJA, COMPORTAMIENTOENCIERRE, REQUIERECONTRASENA, PERMITECONCURRENTE, PERMITEESTADODIFERIDO, ICONO_TITULO, ESTILO)
VALUES (2001, 2078, ''Ingreso Movimiento Asiento Tipo Cuenta Vista'', ''Ingreso Movimiento Asiento Tipo Cuenta Vista'', ''2078'', ''N'', 500, NULL, ''P'', 0, NULL, 0, ''S'', ''N'', ''N'', ''N'', ''S'', NULL, 0)
----
')














