EXECUTE('
-----------------------
--AJUSTE DE IMPUESTOS--
-----------------------
DELETE CI_IMPUESTOS WHERE ID_IMPUESTO IN (7,8)
----
DELETE FROM dbo.CI_IMPUESTOS_X_CARGO
WHERE ID_IMPUESTO = 3 AND ID_CARGO = 1100
--
DELETE FROM dbo.CI_IMPUESTOS_X_CARGO
WHERE ID_IMPUESTO = 3 AND ID_CARGO = 1101
--
DELETE FROM dbo.CI_IMPUESTOS_X_CARGO
WHERE ID_IMPUESTO = 3 AND ID_CARGO = 1102
--
DELETE FROM dbo.CI_IMPUESTOS_X_CARGO
WHERE ID_IMPUESTO = 3 AND ID_CARGO = 2601
--
DELETE FROM dbo.CI_IMPUESTOS_X_CARGO
WHERE ID_IMPUESTO = 4 AND ID_CARGO = 1100
--
DELETE FROM dbo.CI_IMPUESTOS_X_CARGO
WHERE ID_IMPUESTO = 4 AND ID_CARGO = 1101
--
DELETE FROM dbo.CI_IMPUESTOS_X_CARGO
WHERE ID_IMPUESTO = 4 AND ID_CARGO = 1102
--
DELETE FROM dbo.CI_IMPUESTOS_X_CARGO
WHERE ID_IMPUESTO = 4 AND ID_CARGO = 2601
')
EXECUTE('
-------------------
--NUEVAS FORMULAS--
-------------------
INSERT INTO dbo.CI_FORMULAS (ID_FORMULA, DESCRIPCION, FORMULA, TZ_LOCK, ES_CONDICION)
VALUES (9, ''COND IVA REMUNERADA P CARG DIF'', ''(C35693#''''S'''')O(C4684>0)'', 0, 1)
--
INSERT INTO dbo.CI_FORMULAS (ID_FORMULA, DESCRIPCION, FORMULA, TZ_LOCK, ES_CONDICION)
VALUES (6023, ''CONDICIÓN IVA PERCEPCION REM P CARG DIF'', ''(C1357=''''AC'''' O C44447=''''AC'''')Y((C35693#''''S'''')O(C4684>0))'', 0, 1)
--------------------
--NUEVOS IMPUESTOS--
--------------------
INSERT INTO dbo.CI_IMPUESTOS (ID_IMPUESTO, DESCRIPCION, CONDICION, TZ_LOCK, PIVOT_, ID_FORMULA, CONCEPTO, MONTO_DEDUCIBLE, IMPORTE_MAXIMO, IMPORTE_MINIMO, MONEDA_IMPORTE, TRATAMIENTO_MINIMO, TIPO_FECHA_VIGENCIA, FECHADESDE, FECHAHASTA, MONEDA_RANGO, BUSCA_MONEDA_RANGO, COBRO_PROPORCIONAL, CAMPO_RANGO_TARIFA, GENERA_FACTURA_EN_CERO, TIPO_IMPUESTO, CODIGO_TRANSACCION)
VALUES (7, ''IVA sobre comisiones Rem CD'', 9, 0, 58355, 2, 0, 0, 9999999999999, 0, 1, ''C'', 0, ''19000123'', NULL, 0, ''N'', ''N'', 0, ''N'', 1, 200)
--
INSERT INTO dbo.CI_IMPUESTOS (ID_IMPUESTO, DESCRIPCION, CONDICION, TZ_LOCK, PIVOT_, ID_FORMULA, CONCEPTO, MONTO_DEDUCIBLE, IMPORTE_MAXIMO, IMPORTE_MINIMO, MONEDA_IMPORTE, TRATAMIENTO_MINIMO, TIPO_FECHA_VIGENCIA, FECHADESDE, FECHAHASTA, MONEDA_RANGO, BUSCA_MONEDA_RANGO, COBRO_PROPORCIONAL, CAMPO_RANGO_TARIFA, GENERA_FACTURA_EN_CERO, TIPO_IMPUESTO, CODIGO_TRANSACCION)
VALUES (8, ''IVA Percepción comisiones Rem CD'', 6023, 0, 58360, 2, 0, 0, 9999999999999, 60, 1, ''D'', 0, ''19000123'', ''5000-01-01'', 0, ''N'', ''N'', 0, ''N'', 2, 201)
------------------
--NUEVAS TARIFAS--
------------------
INSERT INTO dbo.CI_IMPUESTOS_TARIFAS (ID_IMPUESTO, MONEDA, RANGO_HASTA, TASA, IMPORTE_APLICAR, MONEDA_IMPORTE, TZ_LOCK, FECHA_HASTA, FECHA_DESDE, ID_CLIENTE, SEGMENTO, EMPRESA)
VALUES (7, 1, 9999999999999, 0.21, 0, 1, 0, ''20990101'', ''20000101'', 0, ''0'', 0)
--
INSERT INTO dbo.CI_IMPUESTOS_TARIFAS (ID_IMPUESTO, MONEDA, RANGO_HASTA, TASA, IMPORTE_APLICAR, MONEDA_IMPORTE, TZ_LOCK, FECHA_HASTA, FECHA_DESDE, ID_CLIENTE, SEGMENTO, EMPRESA)
VALUES (7, 2, 9999999999999, 0.21, 0, 2, 0, NULL, ''20000101'', 0, ''0'', 0)
--
INSERT INTO dbo.CI_IMPUESTOS_TARIFAS (ID_IMPUESTO, MONEDA, RANGO_HASTA, TASA, IMPORTE_APLICAR, MONEDA_IMPORTE, TZ_LOCK, FECHA_HASTA, FECHA_DESDE, ID_CLIENTE, SEGMENTO, EMPRESA)
VALUES (8, 2, 9999999999999, 0, 0, 1, 0, ''20990101'', ''20000101'', 0, ''0'', 0)
--
INSERT INTO dbo.CI_IMPUESTOS_TARIFAS (ID_IMPUESTO, MONEDA, RANGO_HASTA, TASA, IMPORTE_APLICAR, MONEDA_IMPORTE, TZ_LOCK, FECHA_HASTA, FECHA_DESDE, ID_CLIENTE, SEGMENTO, EMPRESA)
VALUES (8, 1, 9999999999999, 0, 0, 1, 0, ''20990101'', ''20000101'', 0, ''0'', 0)
--
INSERT INTO dbo.CI_IMPUESTOS_TARIFAS (ID_IMPUESTO, MONEDA, RANGO_HASTA, TASA, IMPORTE_APLICAR, MONEDA_IMPORTE, TZ_LOCK, FECHA_HASTA, FECHA_DESDE, ID_CLIENTE, SEGMENTO, EMPRESA)
VALUES (8, 1, 9999999999999, 0.03, 0, 1, 0, ''20990101'', ''20000101'', 0, ''AC'', 0)
--
INSERT INTO dbo.CI_IMPUESTOS_TARIFAS (ID_IMPUESTO, MONEDA, RANGO_HASTA, TASA, IMPORTE_APLICAR, MONEDA_IMPORTE, TZ_LOCK, FECHA_HASTA, FECHA_DESDE, ID_CLIENTE, SEGMENTO, EMPRESA)
VALUES (8, 2, 9999999999999, 0.03, 0, 1, 0, ''20990101'', ''20000101'', 0, ''AC'', 0)
-------------------------------
--AJUSTES IMPUESTOS POR CARGO--
-------------------------------
INSERT INTO dbo.CI_IMPUESTOS_X_CARGO (ID_IMPUESTO, ID_CARGO, LECTURA_TOPAZ, TZ_LOCK, CAMPO_SEGMENTO, DESCRIPCION_SEGMENTO)
VALUES (7, 1100, ''A'', 0, 0, NULL)
--
INSERT INTO dbo.CI_IMPUESTOS_X_CARGO (ID_IMPUESTO, ID_CARGO, LECTURA_TOPAZ, TZ_LOCK, CAMPO_SEGMENTO, DESCRIPCION_SEGMENTO)
VALUES (7, 1101, ''A'', 0, 0, NULL)
--
INSERT INTO dbo.CI_IMPUESTOS_X_CARGO (ID_IMPUESTO, ID_CARGO, LECTURA_TOPAZ, TZ_LOCK, CAMPO_SEGMENTO, DESCRIPCION_SEGMENTO)
VALUES (7, 1102, ''A'', 0, 0, NULL)
--
INSERT INTO dbo.CI_IMPUESTOS_X_CARGO (ID_IMPUESTO, ID_CARGO, LECTURA_TOPAZ, TZ_LOCK, CAMPO_SEGMENTO, DESCRIPCION_SEGMENTO)
VALUES (7, 2601, ''A'', 0, 0, NULL)
--
INSERT INTO dbo.CI_IMPUESTOS_X_CARGO (ID_IMPUESTO, ID_CARGO, LECTURA_TOPAZ, TZ_LOCK, CAMPO_SEGMENTO, DESCRIPCION_SEGMENTO)
VALUES (8, 1100, ''A'', 0, 1357, ''Cond Percep IVA'')
--
INSERT INTO dbo.CI_IMPUESTOS_X_CARGO (ID_IMPUESTO, ID_CARGO, LECTURA_TOPAZ, TZ_LOCK, CAMPO_SEGMENTO, DESCRIPCION_SEGMENTO)
VALUES (8, 1101, ''A'', 0, 1357, ''Cond Percep IVA'')
--
INSERT INTO dbo.CI_IMPUESTOS_X_CARGO (ID_IMPUESTO, ID_CARGO, LECTURA_TOPAZ, TZ_LOCK, CAMPO_SEGMENTO, DESCRIPCION_SEGMENTO)
VALUES (8, 1102, ''A'', 0, 1357, ''Cond Percep IVA'')
--
INSERT INTO dbo.CI_IMPUESTOS_X_CARGO (ID_IMPUESTO, ID_CARGO, LECTURA_TOPAZ, TZ_LOCK, CAMPO_SEGMENTO, DESCRIPCION_SEGMENTO)
VALUES (8, 2601, ''A'', 0, 44447, ''Cond Percep IVA'')
----
')
