EXECUTE('
-----------------------
--AJUSTES DE ESQUEMAS--
-----------------------
DELETE ESQUEMACONTABLE WHERE RUBRO IN (300004,300005,300007) AND LINEA IN (4,5,6,7,8,9)
--
DELETE ESQUEMACAMPO WHERE RUBRO IN (300004,300005,300007) AND LINEA IN (4,5,6,7,8,9)
')
EXECUTE('
-------------------------------------------------
---CAMBIO EVENTO A PAGO_PERIODICO_INTERESES_DPF--
-------------------------------------------------
UPDATE dbo.PARAMETROS_JTS
SET VALOR = ''8629''
WHERE FUNCIONALIDAD = ''PAGO_PERIODICO_INTERESES_DPF'' AND PARAMETRO = ''EVENTO_IMPUESTO_A_INTERESES_GANADOS''
----
INSERT INTO dbo.CI_EVENTO (ID_EVENTO, DESCRIPCION, TZ_LOCK)
VALUES (8629, ''PAGO PERIODICO INTERESES'', 0)
-----------------------------------------------------------------------
---CREAR NUEVO CREDEB CON FORMULA DE QUE NO APLIQUE A MONEDAS INDICES--
-----------------------------------------------------------------------
INSERT INTO dbo.CI_CARGOS (ID_CARGO, DESCRIPCION, ENQUEUE, EXONERABLE, ID_FORMULA, ACTUALIZABLE, CONDICION, PIVOT_, MONEDA_IMPORTE, IMPORTE_MINIMO, IMPORTE_MAXIMO, TRATAMIENTO_MINIMO, TZ_LOCK, CAMPO_MONTO_IMPONIBLE, CAMPO_RANGO_TARIFA, NETEAR, CANTIDAD_REINTENTOS, CONCEPTO, PIVOT_ENCOLA, CONTABILIZA, SOBREGIRO, BLOQUEO, CONTROL_MAX_MIN, TIPO_FECHA_VIGENCIA, TIPO_DOCUMENTO, ACEPTAPAGOPARCIAL, FECHAHASTA, FECHADESDE, MONEDA_RANGO, BUSCA_MONEDA_RANGO, CODIGO_TRANSACCION, REGENERA_AL_PAGAR, CARGO_O_IMPUESTO, INCLUIRENCUOTA, CUOTASNOCONSIDERARALFINAL, COBRARHASTADIAS, PORCENTAJE_MINIMO, PORCENTAJE_MAXIMO, CAMPO_DIA_COBRO, GENERA_RESERVA, DIAS_COBRO_HASTA_INMOVILIZADA, DESCRIPCION_1, DESCRIPCION_2, DESCRIPCION_3, GENERA_FACTURA_EN_CERO, TIPO_CARGO_IMPOSITIVO)
VALUES (404, ''IMPUESTO AL CRÉD 25413 NO UVA UVI'', ''N'', ''N'', 2, ''N'', 404, 58365, 1, 0, 9999999999999, ''C'', 0, 0, 0, ''N'', 9999, 0, NULL, NULL, ''R'', ''R'', ''N'', 2, ''F'', ''N'', ''20500331'', ''19990301'', 0, ''N'', 213, ''N'', ''I'', ''N'', 0, 0, 0, 0, 0, NULL, 0, NULL, NULL, NULL, ''N'', 6)
--
INSERT INTO dbo.CI_FORMULAS (ID_FORMULA, DESCRIPCION, FORMULA, TZ_LOCK, ES_CONDICION)
VALUES (404, ''CONDICIÓN CREDEB CRÉDITO NO UVA UVI'', ''(C34095=''''AC'''')Y(C58400#''''S'''')Y(C58700#''''70'''')Y(C1728#''''I'''')Y(C35690#86)Y(C35690#80)Y(C0003#999)Y(C0003#988)'', 0, 1)
-----------------------------------------------
---CREAR NUEVO IGA PARA DIFERENCIARLO DEL 620--
-----------------------------------------------
INSERT INTO dbo.CI_CARGOS (ID_CARGO, DESCRIPCION, ENQUEUE, EXONERABLE, ID_FORMULA, ACTUALIZABLE, CONDICION, PIVOT_, MONEDA_IMPORTE, IMPORTE_MINIMO, IMPORTE_MAXIMO, TRATAMIENTO_MINIMO, TZ_LOCK, CAMPO_MONTO_IMPONIBLE, CAMPO_RANGO_TARIFA, NETEAR, CANTIDAD_REINTENTOS, CONCEPTO, PIVOT_ENCOLA, CONTABILIZA, SOBREGIRO, BLOQUEO, CONTROL_MAX_MIN, TIPO_FECHA_VIGENCIA, TIPO_DOCUMENTO, ACEPTAPAGOPARCIAL, FECHAHASTA, FECHADESDE, MONEDA_RANGO, BUSCA_MONEDA_RANGO, CODIGO_TRANSACCION, REGENERA_AL_PAGAR, CARGO_O_IMPUESTO, INCLUIRENCUOTA, CUOTASNOCONSIDERARALFINAL, COBRARHASTADIAS, PORCENTAJE_MINIMO, PORCENTAJE_MAXIMO, CAMPO_DIA_COBRO, GENERA_RESERVA, DIAS_COBRO_HASTA_INMOVILIZADA, DESCRIPCION_1, DESCRIPCION_2, DESCRIPCION_3, GENERA_FACTURA_EN_CERO, TIPO_CARGO_IMPOSITIVO)
VALUES (628, ''RETENCIÓN IMPUESTO A LAS GANANCIAS'', ''N'', ''N'', 2, ''N'', 604, 58350, 1, 240, 9999999999999, ''D'', 0, 201, 0, ''N'', 9999, 0, NULL, NULL, ''R'', ''R'', ''S'', 2, ''F'', ''N'', ''3065-02-01'', ''2010-02-01'', 0, ''N'', 205, ''N'', ''I'', ''N'', 0, 0, 0, 0, 0, NULL, 0, NULL, NULL, NULL, ''N'', 4)
--------------------------------------------
---RELACIONAR IGA Y CREDEB AL NUEVO EVENTO--
--------------------------------------------
INSERT INTO dbo.CI_CARGOS_X_EVENTO (ID_CARGO, ID_EVENTO, TZ_LOCK, TIPO_RELACION, CAMPO_SEGMENTO, DESCRIPCION_SEGMENTO, PRIORIDAD)
VALUES (628, 8629, 0, ''A'', 1037, '''', 1)
--
INSERT INTO dbo.CI_CARGOS_X_EVENTO (ID_CARGO, ID_EVENTO, TZ_LOCK, TIPO_RELACION, CAMPO_SEGMENTO, DESCRIPCION_SEGMENTO, PRIORIDAD)
VALUES (404, 8629, 0, ''A'', 34096, ''CONDICIÓN CREDEB'', 2)
----
INSERT INTO dbo.CI_IMPUESTOS_X_CARGO (ID_IMPUESTO, ID_CARGO, LECTURA_TOPAZ, TZ_LOCK, CAMPO_SEGMENTO, DESCRIPCION_SEGMENTO)
VALUES (10, 628, ''A'', 0, 34096, ''Cond CREDEB'')
---------------------
--AJUSTE DE TARIFAS--
---------------------
INSERT INTO dbo.CI_CARGOS_TARIFAS (ID_CARGO, MONEDA, RANGO_HASTA, TASA, IMPORTE_APLICAR, MONEDA_IMPORTE, TZ_LOCK, ID_CLIENTE, SEGMENTO, APLICA_MIN_MAX, IMPORTE_MINIMO, IMPORTE_MAXIMO, FECHA_DESDE, FECHA_HASTA, EMPRESA)
VALUES (404, 988, 9999999999999, 0.006, 0, 2, 0, 0, ''0'', ''N'', 0, 0, ''20000101'', ''20990101'', 0)
--
INSERT INTO dbo.CI_CARGOS_TARIFAS (ID_CARGO, MONEDA, RANGO_HASTA, TASA, IMPORTE_APLICAR, MONEDA_IMPORTE, TZ_LOCK, ID_CLIENTE, SEGMENTO, APLICA_MIN_MAX, IMPORTE_MINIMO, IMPORTE_MAXIMO, FECHA_DESDE, FECHA_HASTA, EMPRESA)
VALUES (404, 988, 9999999999999, 0.0025, 0, 2, 0, 0, ''1'', ''N'', 0, 0, ''20000101'', ''20990101'', 0)
--
INSERT INTO dbo.CI_CARGOS_TARIFAS (ID_CARGO, MONEDA, RANGO_HASTA, TASA, IMPORTE_APLICAR, MONEDA_IMPORTE, TZ_LOCK, ID_CLIENTE, SEGMENTO, APLICA_MIN_MAX, IMPORTE_MINIMO, IMPORTE_MAXIMO, FECHA_DESDE, FECHA_HASTA, EMPRESA)
VALUES (404, 988, 9999999999999, 0.00075, 0, 2, 0, 0, ''2'', ''N'', 0, 0, ''20000101'', ''20990101'', 0)
--
INSERT INTO dbo.CI_CARGOS_TARIFAS (ID_CARGO, MONEDA, RANGO_HASTA, TASA, IMPORTE_APLICAR, MONEDA_IMPORTE, TZ_LOCK, ID_CLIENTE, SEGMENTO, APLICA_MIN_MAX, IMPORTE_MINIMO, IMPORTE_MAXIMO, FECHA_DESDE, FECHA_HASTA, EMPRESA)
VALUES (404, 988, 9999999999999, 0, 0, 2, 0, 0, ''3'', ''N'', 0, 0, ''20000101'', ''20990101'', 0)
--
INSERT INTO dbo.CI_CARGOS_TARIFAS (ID_CARGO, MONEDA, RANGO_HASTA, TASA, IMPORTE_APLICAR, MONEDA_IMPORTE, TZ_LOCK, ID_CLIENTE, SEGMENTO, APLICA_MIN_MAX, IMPORTE_MINIMO, IMPORTE_MAXIMO, FECHA_DESDE, FECHA_HASTA, EMPRESA)
VALUES (404, 999, 9999999999999, 0.006, 0, 2, 0, 0, ''0'', ''N'', 0, 0, ''20000101'', ''20990101'', 0)
--
INSERT INTO dbo.CI_CARGOS_TARIFAS (ID_CARGO, MONEDA, RANGO_HASTA, TASA, IMPORTE_APLICAR, MONEDA_IMPORTE, TZ_LOCK, ID_CLIENTE, SEGMENTO, APLICA_MIN_MAX, IMPORTE_MINIMO, IMPORTE_MAXIMO, FECHA_DESDE, FECHA_HASTA, EMPRESA)
VALUES (404, 999, 9999999999999, 0.0025, 0, 2, 0, 0, ''1'', ''N'', 0, 0, ''20000101'', ''20990101'', 0)
--
INSERT INTO dbo.CI_CARGOS_TARIFAS (ID_CARGO, MONEDA, RANGO_HASTA, TASA, IMPORTE_APLICAR, MONEDA_IMPORTE, TZ_LOCK, ID_CLIENTE, SEGMENTO, APLICA_MIN_MAX, IMPORTE_MINIMO, IMPORTE_MAXIMO, FECHA_DESDE, FECHA_HASTA, EMPRESA)
VALUES (404, 999, 9999999999999, 0.00075, 0, 2, 0, 0, ''2'', ''N'', 0, 0, ''20000101'', ''20990101'', 0)
--
INSERT INTO dbo.CI_CARGOS_TARIFAS (ID_CARGO, MONEDA, RANGO_HASTA, TASA, IMPORTE_APLICAR, MONEDA_IMPORTE, TZ_LOCK, ID_CLIENTE, SEGMENTO, APLICA_MIN_MAX, IMPORTE_MINIMO, IMPORTE_MAXIMO, FECHA_DESDE, FECHA_HASTA, EMPRESA)
VALUES (404, 999, 9999999999999, 0, 0, 2, 0, 0, ''3'', ''N'', 0, 0, ''20000101'', ''20990101'', 0)
--
INSERT INTO dbo.CI_CARGOS_TARIFAS (ID_CARGO, MONEDA, RANGO_HASTA, TASA, IMPORTE_APLICAR, MONEDA_IMPORTE, TZ_LOCK, ID_CLIENTE, SEGMENTO, APLICA_MIN_MAX, IMPORTE_MINIMO, IMPORTE_MAXIMO, FECHA_DESDE, FECHA_HASTA, EMPRESA)
VALUES (404, 5, 9999999999999, 0.012, 0, 2, 0, 0, ''0'', ''N'', 0, 0, ''20000101'', ''20990101'', 0)
--
INSERT INTO dbo.CI_CARGOS_TARIFAS (ID_CARGO, MONEDA, RANGO_HASTA, TASA, IMPORTE_APLICAR, MONEDA_IMPORTE, TZ_LOCK, ID_CLIENTE, SEGMENTO, APLICA_MIN_MAX, IMPORTE_MINIMO, IMPORTE_MAXIMO, FECHA_DESDE, FECHA_HASTA, EMPRESA)
VALUES (404, 5, 9999999999999, 0.0025, 0, 2, 0, 0, ''1'', ''N'', 0, 0, ''20000101'', ''20990101'', 0)
--
INSERT INTO dbo.CI_CARGOS_TARIFAS (ID_CARGO, MONEDA, RANGO_HASTA, TASA, IMPORTE_APLICAR, MONEDA_IMPORTE, TZ_LOCK, ID_CLIENTE, SEGMENTO, APLICA_MIN_MAX, IMPORTE_MINIMO, IMPORTE_MAXIMO, FECHA_DESDE, FECHA_HASTA, EMPRESA)
VALUES (404, 5, 9999999999999, 0.00075, 0, 2, 0, 0, ''2'', ''N'', 0, 0, ''20000101'', ''20990101'', 0)
--
INSERT INTO dbo.CI_CARGOS_TARIFAS (ID_CARGO, MONEDA, RANGO_HASTA, TASA, IMPORTE_APLICAR, MONEDA_IMPORTE, TZ_LOCK, ID_CLIENTE, SEGMENTO, APLICA_MIN_MAX, IMPORTE_MINIMO, IMPORTE_MAXIMO, FECHA_DESDE, FECHA_HASTA, EMPRESA)
VALUES (404, 5, 9999999999999, 0, 0, 2, 0, 0, ''3'', ''N'', 0, 0, ''20000101'', ''20990101'', 0)
--
INSERT INTO dbo.CI_CARGOS_TARIFAS (ID_CARGO, MONEDA, RANGO_HASTA, TASA, IMPORTE_APLICAR, MONEDA_IMPORTE, TZ_LOCK, ID_CLIENTE, SEGMENTO, APLICA_MIN_MAX, IMPORTE_MINIMO, IMPORTE_MAXIMO, FECHA_DESDE, FECHA_HASTA, EMPRESA)
VALUES (404, 2, 9999999999999, 0.012, 0, 2, 0, 0, ''0'', ''N'', 0, 0, ''20000101'', ''20990101'', 0)
--
INSERT INTO dbo.CI_CARGOS_TARIFAS (ID_CARGO, MONEDA, RANGO_HASTA, TASA, IMPORTE_APLICAR, MONEDA_IMPORTE, TZ_LOCK, ID_CLIENTE, SEGMENTO, APLICA_MIN_MAX, IMPORTE_MINIMO, IMPORTE_MAXIMO, FECHA_DESDE, FECHA_HASTA, EMPRESA)
VALUES (404, 2, 9999999999999, 0.0025, 0, 2, 0, 0, ''1'', ''N'', 0, 0, ''20000101'', ''20990101'', 0)
--
INSERT INTO dbo.CI_CARGOS_TARIFAS (ID_CARGO, MONEDA, RANGO_HASTA, TASA, IMPORTE_APLICAR, MONEDA_IMPORTE, TZ_LOCK, ID_CLIENTE, SEGMENTO, APLICA_MIN_MAX, IMPORTE_MINIMO, IMPORTE_MAXIMO, FECHA_DESDE, FECHA_HASTA, EMPRESA)
VALUES (404, 2, 9999999999999, 0.00075, 0, 2, 0, 0, ''2'', ''N'', 0, 0, ''20000101'', ''20990101'', 0)
--
INSERT INTO dbo.CI_CARGOS_TARIFAS (ID_CARGO, MONEDA, RANGO_HASTA, TASA, IMPORTE_APLICAR, MONEDA_IMPORTE, TZ_LOCK, ID_CLIENTE, SEGMENTO, APLICA_MIN_MAX, IMPORTE_MINIMO, IMPORTE_MAXIMO, FECHA_DESDE, FECHA_HASTA, EMPRESA)
VALUES (404, 2, 9999999999999, 0, 0, 2, 0, 0, ''3'', ''N'', 0, 0, ''20000101'', ''20990101'', 0)
--
INSERT INTO dbo.CI_CARGOS_TARIFAS (ID_CARGO, MONEDA, RANGO_HASTA, TASA, IMPORTE_APLICAR, MONEDA_IMPORTE, TZ_LOCK, ID_CLIENTE, SEGMENTO, APLICA_MIN_MAX, IMPORTE_MINIMO, IMPORTE_MAXIMO, FECHA_DESDE, FECHA_HASTA, EMPRESA)
VALUES (404, 1, 9999999999999, 0.012, 0, 1, 0, 0, ''0'', ''N'', 0, 0, ''20000101'', ''20990101'', 0)
--
INSERT INTO dbo.CI_CARGOS_TARIFAS (ID_CARGO, MONEDA, RANGO_HASTA, TASA, IMPORTE_APLICAR, MONEDA_IMPORTE, TZ_LOCK, ID_CLIENTE, SEGMENTO, APLICA_MIN_MAX, IMPORTE_MINIMO, IMPORTE_MAXIMO, FECHA_DESDE, FECHA_HASTA, EMPRESA)
VALUES (404, 1, 9999999999999, 0.0025, 0, 1, 0, 0, ''1'', ''N'', 0, 0, ''20000101'', ''20990101'', 0)
--
INSERT INTO dbo.CI_CARGOS_TARIFAS (ID_CARGO, MONEDA, RANGO_HASTA, TASA, IMPORTE_APLICAR, MONEDA_IMPORTE, TZ_LOCK, ID_CLIENTE, SEGMENTO, APLICA_MIN_MAX, IMPORTE_MINIMO, IMPORTE_MAXIMO, FECHA_DESDE, FECHA_HASTA, EMPRESA)
VALUES (404, 1, 9999999999999, 0.00075, 0, 1, 0, 0, ''2'', ''N'', 0, 0, ''20000101'', ''20990101'', 0)
--
INSERT INTO dbo.CI_CARGOS_TARIFAS (ID_CARGO, MONEDA, RANGO_HASTA, TASA, IMPORTE_APLICAR, MONEDA_IMPORTE, TZ_LOCK, ID_CLIENTE, SEGMENTO, APLICA_MIN_MAX, IMPORTE_MINIMO, IMPORTE_MAXIMO, FECHA_DESDE, FECHA_HASTA, EMPRESA)
VALUES (404, 1, 9999999999999, 0, 0, 1, 0, 0, ''3'', ''N'', 0, 0, ''20000101'', ''20990101'', 0)
--
INSERT INTO dbo.CI_CARGOS_TARIFAS (ID_CARGO, MONEDA, RANGO_HASTA, TASA, IMPORTE_APLICAR, MONEDA_IMPORTE, TZ_LOCK, ID_CLIENTE, SEGMENTO, APLICA_MIN_MAX, IMPORTE_MINIMO, IMPORTE_MAXIMO, FECHA_DESDE, FECHA_HASTA, EMPRESA)
VALUES (628, 1, 9999999999999, 0, 0, 1, 0, 0, ''0'', ''N'', 0, 0, ''20000101'', ''20990101'', 0)
--
INSERT INTO dbo.CI_CARGOS_TARIFAS (ID_CARGO, MONEDA, RANGO_HASTA, TASA, IMPORTE_APLICAR, MONEDA_IMPORTE, TZ_LOCK, ID_CLIENTE, SEGMENTO, APLICA_MIN_MAX, IMPORTE_MINIMO, IMPORTE_MAXIMO, FECHA_DESDE, FECHA_HASTA, EMPRESA)
VALUES (628, 1, 9999999999999, 0.03, 0, 1, 0, 0, ''AC'', ''N'', 0, 0, ''20000101'', ''20990101'', 0)
--
INSERT INTO dbo.CI_CARGOS_TARIFAS (ID_CARGO, MONEDA, RANGO_HASTA, TASA, IMPORTE_APLICAR, MONEDA_IMPORTE, TZ_LOCK, ID_CLIENTE, SEGMENTO, APLICA_MIN_MAX, IMPORTE_MINIMO, IMPORTE_MAXIMO, FECHA_DESDE, FECHA_HASTA, EMPRESA)
VALUES (628, 1, 9999999999999, 0.1, 0, 1, 0, 0, ''NI'', ''N'', 0, 0, ''20000101'', ''20990101'', 0)
--
INSERT INTO dbo.CI_CARGOS_TARIFAS (ID_CARGO, MONEDA, RANGO_HASTA, TASA, IMPORTE_APLICAR, MONEDA_IMPORTE, TZ_LOCK, ID_CLIENTE, SEGMENTO, APLICA_MIN_MAX, IMPORTE_MINIMO, IMPORTE_MAXIMO, FECHA_DESDE, FECHA_HASTA, EMPRESA)
VALUES (628, 2, 9999999999999, 0, 0, 1, 0, 0, ''0'', ''N'', 0, 0, ''20000101'', ''20990101'', 0)
--
INSERT INTO dbo.CI_CARGOS_TARIFAS (ID_CARGO, MONEDA, RANGO_HASTA, TASA, IMPORTE_APLICAR, MONEDA_IMPORTE, TZ_LOCK, ID_CLIENTE, SEGMENTO, APLICA_MIN_MAX, IMPORTE_MINIMO, IMPORTE_MAXIMO, FECHA_DESDE, FECHA_HASTA, EMPRESA)
VALUES (628, 2, 9999999999999, 0.03, 0, 1, 0, 0, ''AC'', ''N'', 0, 0, ''20000101'', ''20990101'', 0)
--
INSERT INTO dbo.CI_CARGOS_TARIFAS (ID_CARGO, MONEDA, RANGO_HASTA, TASA, IMPORTE_APLICAR, MONEDA_IMPORTE, TZ_LOCK, ID_CLIENTE, SEGMENTO, APLICA_MIN_MAX, IMPORTE_MINIMO, IMPORTE_MAXIMO, FECHA_DESDE, FECHA_HASTA, EMPRESA)
VALUES (628, 2, 9999999999999, 0.1, 0, 1, 0, 0, ''NI'', ''N'', 0, 0, ''20000101'', ''20990101'', 0)
--
INSERT INTO dbo.CI_CARGOS_TARIFAS (ID_CARGO, MONEDA, RANGO_HASTA, TASA, IMPORTE_APLICAR, MONEDA_IMPORTE, TZ_LOCK, ID_CLIENTE, SEGMENTO, APLICA_MIN_MAX, IMPORTE_MINIMO, IMPORTE_MAXIMO, FECHA_DESDE, FECHA_HASTA, EMPRESA)
VALUES (628, 5, 9999999999999, 0.03, 0, 1, 0, 0, ''AC'', ''N'', 0, 0, ''20000101'', ''20990101'', 0)
--
INSERT INTO dbo.CI_CARGOS_TARIFAS (ID_CARGO, MONEDA, RANGO_HASTA, TASA, IMPORTE_APLICAR, MONEDA_IMPORTE, TZ_LOCK, ID_CLIENTE, SEGMENTO, APLICA_MIN_MAX, IMPORTE_MINIMO, IMPORTE_MAXIMO, FECHA_DESDE, FECHA_HASTA, EMPRESA)
VALUES (628, 5, 9999999999999, 0.1, 0, 1, 0, 0, ''NI'', ''N'', 0, 0, ''20000101'', ''20990101'', 0)
--
INSERT INTO dbo.CI_CARGOS_TARIFAS (ID_CARGO, MONEDA, RANGO_HASTA, TASA, IMPORTE_APLICAR, MONEDA_IMPORTE, TZ_LOCK, ID_CLIENTE, SEGMENTO, APLICA_MIN_MAX, IMPORTE_MINIMO, IMPORTE_MAXIMO, FECHA_DESDE, FECHA_HASTA, EMPRESA)
VALUES (628, 6, 9999999999999, 0, 0, 1, 0, 0, ''0'', ''N'', 0, 0, ''20000101'', ''20990101'', 0)
--
INSERT INTO dbo.CI_CARGOS_TARIFAS (ID_CARGO, MONEDA, RANGO_HASTA, TASA, IMPORTE_APLICAR, MONEDA_IMPORTE, TZ_LOCK, ID_CLIENTE, SEGMENTO, APLICA_MIN_MAX, IMPORTE_MINIMO, IMPORTE_MAXIMO, FECHA_DESDE, FECHA_HASTA, EMPRESA)
VALUES (628, 6, 9999999999999, 0.03, 0, 1, 0, 0, ''AC'', ''N'', 0, 0, ''20000101'', ''20990101'', 0)
--
INSERT INTO dbo.CI_CARGOS_TARIFAS (ID_CARGO, MONEDA, RANGO_HASTA, TASA, IMPORTE_APLICAR, MONEDA_IMPORTE, TZ_LOCK, ID_CLIENTE, SEGMENTO, APLICA_MIN_MAX, IMPORTE_MINIMO, IMPORTE_MAXIMO, FECHA_DESDE, FECHA_HASTA, EMPRESA)
VALUES (628, 6, 9999999999999, 0.1, 0, 1, 0, 0, ''NI'', ''N'', 0, 0, ''20000101'', ''20990101'', 0)
--
INSERT INTO dbo.CI_CARGOS_TARIFAS (ID_CARGO, MONEDA, RANGO_HASTA, TASA, IMPORTE_APLICAR, MONEDA_IMPORTE, TZ_LOCK, ID_CLIENTE, SEGMENTO, APLICA_MIN_MAX, IMPORTE_MINIMO, IMPORTE_MAXIMO, FECHA_DESDE, FECHA_HASTA, EMPRESA)
VALUES (628, 5, 9999999999999, 0, 0, 1, 0, 0, ''0'', ''N'', 0, 0, ''20000101'', ''20990101'', 0)
--
INSERT INTO dbo.CI_CARGOS_TARIFAS (ID_CARGO, MONEDA, RANGO_HASTA, TASA, IMPORTE_APLICAR, MONEDA_IMPORTE, TZ_LOCK, ID_CLIENTE, SEGMENTO, APLICA_MIN_MAX, IMPORTE_MINIMO, IMPORTE_MAXIMO, FECHA_DESDE, FECHA_HASTA, EMPRESA)
VALUES (628, 988, 9999999999999, 0.03, 0, 1, 0, 0, ''AC'', ''N'', 0, 0, ''20000101'', ''20990101'', 0)
--
INSERT INTO dbo.CI_CARGOS_TARIFAS (ID_CARGO, MONEDA, RANGO_HASTA, TASA, IMPORTE_APLICAR, MONEDA_IMPORTE, TZ_LOCK, ID_CLIENTE, SEGMENTO, APLICA_MIN_MAX, IMPORTE_MINIMO, IMPORTE_MAXIMO, FECHA_DESDE, FECHA_HASTA, EMPRESA)
VALUES (628, 988, 9999999999999, 0.1, 0, 1, 0, 0, ''NI'', ''N'', 0, 0, ''20000101'', ''20990101'', 0)
--
INSERT INTO dbo.CI_CARGOS_TARIFAS (ID_CARGO, MONEDA, RANGO_HASTA, TASA, IMPORTE_APLICAR, MONEDA_IMPORTE, TZ_LOCK, ID_CLIENTE, SEGMENTO, APLICA_MIN_MAX, IMPORTE_MINIMO, IMPORTE_MAXIMO, FECHA_DESDE, FECHA_HASTA, EMPRESA)
VALUES (628, 999, 9999999999999, 0, 0, 1, 0, 0, ''0'', ''N'', 0, 0, ''20000101'', ''20990101'', 0)
--
INSERT INTO dbo.CI_CARGOS_TARIFAS (ID_CARGO, MONEDA, RANGO_HASTA, TASA, IMPORTE_APLICAR, MONEDA_IMPORTE, TZ_LOCK, ID_CLIENTE, SEGMENTO, APLICA_MIN_MAX, IMPORTE_MINIMO, IMPORTE_MAXIMO, FECHA_DESDE, FECHA_HASTA, EMPRESA)
VALUES (628, 999, 9999999999999, 0.03, 0, 1, 0, 0, ''AC'', ''N'', 0, 0, ''20000101'', ''20990101'', 0)
--
INSERT INTO dbo.CI_CARGOS_TARIFAS (ID_CARGO, MONEDA, RANGO_HASTA, TASA, IMPORTE_APLICAR, MONEDA_IMPORTE, TZ_LOCK, ID_CLIENTE, SEGMENTO, APLICA_MIN_MAX, IMPORTE_MINIMO, IMPORTE_MAXIMO, FECHA_DESDE, FECHA_HASTA, EMPRESA)
VALUES (628, 999, 9999999999999, 0.1, 0, 1, 0, 0, ''NI'', ''N'', 0, 0, ''20000101'', ''20990101'', 0)
--
INSERT INTO dbo.CI_CARGOS_TARIFAS (ID_CARGO, MONEDA, RANGO_HASTA, TASA, IMPORTE_APLICAR, MONEDA_IMPORTE, TZ_LOCK, ID_CLIENTE, SEGMENTO, APLICA_MIN_MAX, IMPORTE_MINIMO, IMPORTE_MAXIMO, FECHA_DESDE, FECHA_HASTA, EMPRESA)
VALUES (628, 988, 9999999999999, 0, 0, 1, 0, 0, ''0'', ''N'', 0, 0, ''20000101'', ''20990101'', 0)
-----------------------------
--AJUSTE ESQUEMAS CONTABLES--
-----------------------------
INSERT INTO ESQUEMACONTABLE (PROCESO, RUBRO, MONEDA, LINEA, ORDINAL, DESCRIPCION, CAMPO, RUBROSALIDA, CD, D_DC, C_DC, TRANSACCION, CONDICION, USAR_CAMPOS_MOVIMIENTOS)
VALUES (0, 300004, -1, 5, 1, ''Ints dpf uva uvi 80 a 86'', 201, 3510090030, NULL, ''C'', NULL, 7, ''A(C9503="8620")Y(C1659="C")'', ''N'')
--
INSERT INTO ESQUEMACONTABLE (PROCESO, RUBRO, MONEDA, LINEA, ORDINAL, DESCRIPCION, CAMPO, RUBROSALIDA, CD, D_DC, C_DC, TRANSACCION, CONDICION, USAR_CAMPOS_MOVIMIENTOS)
VALUES (0, 300004, -1, 4, 1, ''Ints dpf uva uvi 80 a 86'', 201, 3510090030, NULL, ''D'', NULL, 7, ''A(C9503="8620")Y(C1659="C")'', ''N'')
--
INSERT INTO ESQUEMACONTABLE (PROCESO, RUBRO, MONEDA, LINEA, ORDINAL, DESCRIPCION, CAMPO, RUBROSALIDA, CD, D_DC, C_DC, TRANSACCION, CONDICION, USAR_CAMPOS_MOVIMIENTOS)
VALUES (0, 300005, -1, 5, 1, ''Ints dpf uva uvi 80 a 86'', 201, 3510090030, NULL, ''C'', NULL, 7, ''A(C9503="8620")Y(C1659="C")'', ''N'')
--
INSERT INTO ESQUEMACONTABLE (PROCESO, RUBRO, MONEDA, LINEA, ORDINAL, DESCRIPCION, CAMPO, RUBROSALIDA, CD, D_DC, C_DC, TRANSACCION, CONDICION, USAR_CAMPOS_MOVIMIENTOS)
VALUES (0, 300005, -1, 4, 1, ''Ints dpf uva uvi 80 a 86'', 201, 3510090030, NULL, ''D'', NULL, 7, ''A(C9503="8620")Y(C1659="C")'', ''N'')
--
INSERT INTO ESQUEMACONTABLE (PROCESO, RUBRO, MONEDA, LINEA, ORDINAL, DESCRIPCION, CAMPO, RUBROSALIDA, CD, D_DC, C_DC, TRANSACCION, CONDICION, USAR_CAMPOS_MOVIMIENTOS)
VALUES (0, 300007, -1, 5, 1, ''Ints dpf uva uvi 80 a 86'', 201, 3510090030, NULL, ''C'', NULL, 7, ''A(C9503="8620")Y(C1659="C")'', ''N'')
--
INSERT INTO ESQUEMACONTABLE (PROCESO, RUBRO, MONEDA, LINEA, ORDINAL, DESCRIPCION, CAMPO, RUBROSALIDA, CD, D_DC, C_DC, TRANSACCION, CONDICION, USAR_CAMPOS_MOVIMIENTOS)
VALUES (0, 300007, -1, 4, 1, ''Ints dpf uva uvi 80 a 86'', 201, 3510090030, NULL, ''D'', NULL, 7, ''A(C9503="8620")Y(C1659="C")'', ''N'')
--
INSERT INTO ESQUEMACONTABLE (PROCESO, RUBRO, MONEDA, LINEA, ORDINAL, DESCRIPCION, CAMPO, RUBROSALIDA, CD, D_DC, C_DC, TRANSACCION, CONDICION, USAR_CAMPOS_MOVIMIENTOS)
VALUES (0, 300004, -1, 6, 1, ''Ints dpf uva uvi 80 a 90'', 201, 3510090030, NULL, ''C'', NULL, 7, ''A(C9503="8620")Y(C1659#"C")'', ''N'')
--
INSERT INTO ESQUEMACONTABLE (PROCESO, RUBRO, MONEDA, LINEA, ORDINAL, DESCRIPCION, CAMPO, RUBROSALIDA, CD, D_DC, C_DC, TRANSACCION, CONDICION, USAR_CAMPOS_MOVIMIENTOS)
VALUES (0, 300004, -1, 7, 1, ''Ints dpf uva uvi 80 a 90'', 201, 3510090030, NULL, ''D'', NULL, 7, ''A(C9503="8620")Y(C1659#"C")'', ''N'')
--
INSERT INTO ESQUEMACONTABLE (PROCESO, RUBRO, MONEDA, LINEA, ORDINAL, DESCRIPCION, CAMPO, RUBROSALIDA, CD, D_DC, C_DC, TRANSACCION, CONDICION, USAR_CAMPOS_MOVIMIENTOS)
VALUES (0, 300005, -1, 6, 1, ''Ints dpf uva uvi 80 a 90'', 201, 3510090030, NULL, ''C'', NULL, 7, ''A(C9503="8620")Y(C1659#"C")'', ''N'')
--
INSERT INTO ESQUEMACONTABLE (PROCESO, RUBRO, MONEDA, LINEA, ORDINAL, DESCRIPCION, CAMPO, RUBROSALIDA, CD, D_DC, C_DC, TRANSACCION, CONDICION, USAR_CAMPOS_MOVIMIENTOS)
VALUES (0, 300005, -1, 7, 1, ''Ints dpf uva uvi 80 a 90'', 201, 3510090030, NULL, ''D'', NULL, 7, ''A(C9503="8620")Y(C1659#"C")'', ''N'')
--
INSERT INTO ESQUEMACONTABLE (PROCESO, RUBRO, MONEDA, LINEA, ORDINAL, DESCRIPCION, CAMPO, RUBROSALIDA, CD, D_DC, C_DC, TRANSACCION, CONDICION, USAR_CAMPOS_MOVIMIENTOS)
VALUES (0, 300007, -1, 6, 1, ''Ints dpf uva uvi 80 a 90'', 201, 3510090030, NULL, ''C'', NULL, 7, ''A(C9503="8620")Y(C1659#"C")'', ''N'')
--
INSERT INTO ESQUEMACONTABLE (PROCESO, RUBRO, MONEDA, LINEA, ORDINAL, DESCRIPCION, CAMPO, RUBROSALIDA, CD, D_DC, C_DC, TRANSACCION, CONDICION, USAR_CAMPOS_MOVIMIENTOS)
VALUES (0, 300007, -1, 7, 1, ''Ints dpf uva uvi 80 a 90'', 201, 3510090030, NULL, ''D'', NULL, 7, ''A(C9503="8620")Y(C1659#"C")'', ''N'')
--
INSERT INTO ESQUEMACONTABLE (PROCESO, RUBRO, MONEDA, LINEA, ORDINAL, DESCRIPCION, CAMPO, RUBROSALIDA, CD, D_DC, C_DC, TRANSACCION, CONDICION, USAR_CAMPOS_MOVIMIENTOS)
VALUES (0, 300004, -1, 8, 1, ''Ints dpf uva uvi 80 a 86'', 201, 3510090030, NULL, ''C'', NULL, 7, ''(C9503="8621")'', ''N'')
--
INSERT INTO ESQUEMACONTABLE (PROCESO, RUBRO, MONEDA, LINEA, ORDINAL, DESCRIPCION, CAMPO, RUBROSALIDA, CD, D_DC, C_DC, TRANSACCION, CONDICION, USAR_CAMPOS_MOVIMIENTOS)
VALUES (0, 300004, -1, 9, 1, ''Ints dpf uva uvi 80 a 86'', 201, 3510090030, NULL, ''D'', NULL, 7, ''(C9503="8621")'', ''N'')
--
INSERT INTO ESQUEMACONTABLE (PROCESO, RUBRO, MONEDA, LINEA, ORDINAL, DESCRIPCION, CAMPO, RUBROSALIDA, CD, D_DC, C_DC, TRANSACCION, CONDICION, USAR_CAMPOS_MOVIMIENTOS)
VALUES (0, 300005, -1, 8, 1, ''Ints dpf uva uvi 80 a 86'', 201, 3510090030, NULL, ''C'', NULL, 7, ''(C9503="8621")'', ''N'')
--
INSERT INTO ESQUEMACONTABLE (PROCESO, RUBRO, MONEDA, LINEA, ORDINAL, DESCRIPCION, CAMPO, RUBROSALIDA, CD, D_DC, C_DC, TRANSACCION, CONDICION, USAR_CAMPOS_MOVIMIENTOS)
VALUES (0, 300005, -1, 9, 1, ''Ints dpf uva uvi 80 a 86'', 201, 3510090030, NULL, ''D'', NULL, 7, ''(C9503="8621")'', ''N'')
--
INSERT INTO ESQUEMACONTABLE (PROCESO, RUBRO, MONEDA, LINEA, ORDINAL, DESCRIPCION, CAMPO, RUBROSALIDA, CD, D_DC, C_DC, TRANSACCION, CONDICION, USAR_CAMPOS_MOVIMIENTOS)
VALUES (0, 300007, -1, 8, 1, ''Ints dpf uva uvi 80 a 86'', 201, 3510090030, NULL, ''C'', NULL, 7, ''(C9503="8621")'', ''N'')
--
INSERT INTO ESQUEMACONTABLE (PROCESO, RUBRO, MONEDA, LINEA, ORDINAL, DESCRIPCION, CAMPO, RUBROSALIDA, CD, D_DC, C_DC, TRANSACCION, CONDICION, USAR_CAMPOS_MOVIMIENTOS)
VALUES (0, 300007, -1, 9, 1, ''Ints dpf uva uvi 80 a 86'', 201, 3510090030, NULL, ''D'', NULL, 7, ''(C9503="8621")'', ''N'')
----------------------------
--AJUSTES DE ESQUEMA CAMPO--
----------------------------
INSERT INTO ESQUEMACAMPO (PROCESO, RUBRO, MONEDA, LINEA, ORDINAL, CP, NUMERO, FORMULA)
VALUES (0, 300004, -1, 4, 101, ''C'', 7, ''80'')
--
INSERT INTO ESQUEMACAMPO (PROCESO, RUBRO, MONEDA, LINEA, ORDINAL, CP, NUMERO, FORMULA)
VALUES (0, 300004, -1, 5, 101, ''C'', 7, ''86'')
--
INSERT INTO ESQUEMACAMPO (PROCESO, RUBRO, MONEDA, LINEA, ORDINAL, CP, NUMERO, FORMULA)
VALUES (0, 300005, -1, 4, 101, ''C'', 7, ''80'')
--
INSERT INTO ESQUEMACAMPO (PROCESO, RUBRO, MONEDA, LINEA, ORDINAL, CP, NUMERO, FORMULA)
VALUES (0, 300005, -1, 5, 101, ''C'', 7, ''86'')
--
INSERT INTO ESQUEMACAMPO (PROCESO, RUBRO, MONEDA, LINEA, ORDINAL, CP, NUMERO, FORMULA)
VALUES (0, 300007, -1, 4, 101, ''C'', 7, ''80'')
--
INSERT INTO ESQUEMACAMPO (PROCESO, RUBRO, MONEDA, LINEA, ORDINAL, CP, NUMERO, FORMULA)
VALUES (0, 300007, -1, 5, 101, ''C'', 7, ''86'')
--
INSERT INTO ESQUEMACAMPO (PROCESO, RUBRO, MONEDA, LINEA, ORDINAL, CP, NUMERO, FORMULA)
VALUES (0, 300004, -1, 6, 101, ''C'', 7, ''80'')
--
INSERT INTO ESQUEMACAMPO (PROCESO, RUBRO, MONEDA, LINEA, ORDINAL, CP, NUMERO, FORMULA)
VALUES (0, 300004, -1, 7, 101, ''C'', 7, ''90'')
--
INSERT INTO ESQUEMACAMPO (PROCESO, RUBRO, MONEDA, LINEA, ORDINAL, CP, NUMERO, FORMULA)
VALUES (0, 300005, -1, 6, 101, ''C'', 7, ''80'')
--
INSERT INTO ESQUEMACAMPO (PROCESO, RUBRO, MONEDA, LINEA, ORDINAL, CP, NUMERO, FORMULA)
VALUES (0, 300005, -1, 7, 101, ''C'', 7, ''90'')
--
INSERT INTO ESQUEMACAMPO (PROCESO, RUBRO, MONEDA, LINEA, ORDINAL, CP, NUMERO, FORMULA)
VALUES (0, 300007, -1, 6, 101, ''C'', 7, ''80'')
--
INSERT INTO ESQUEMACAMPO (PROCESO, RUBRO, MONEDA, LINEA, ORDINAL, CP, NUMERO, FORMULA)
VALUES (0, 300007, -1, 7, 101, ''C'', 7, ''90'')
--
INSERT INTO ESQUEMACAMPO (PROCESO, RUBRO, MONEDA, LINEA, ORDINAL, CP, NUMERO, FORMULA)
VALUES (0, 300004, -1, 8, 101, ''C'', 7, ''80'')
--
INSERT INTO ESQUEMACAMPO (PROCESO, RUBRO, MONEDA, LINEA, ORDINAL, CP, NUMERO, FORMULA)
VALUES (0, 300004, -1, 9, 101, ''C'', 7, ''86'')
--
INSERT INTO ESQUEMACAMPO (PROCESO, RUBRO, MONEDA, LINEA, ORDINAL, CP, NUMERO, FORMULA)
VALUES (0, 300005, -1, 8, 101, ''C'', 7, ''80'')
--
INSERT INTO ESQUEMACAMPO (PROCESO, RUBRO, MONEDA, LINEA, ORDINAL, CP, NUMERO, FORMULA)
VALUES (0, 300005, -1, 9, 101, ''C'', 7, ''86'')
--
INSERT INTO ESQUEMACAMPO (PROCESO, RUBRO, MONEDA, LINEA, ORDINAL, CP, NUMERO, FORMULA)
VALUES (0, 300007, -1, 8, 101, ''C'', 7, ''80'')
--
INSERT INTO ESQUEMACAMPO (PROCESO, RUBRO, MONEDA, LINEA, ORDINAL, CP, NUMERO, FORMULA)
VALUES (0, 300007, -1, 9, 101, ''C'', 7, ''86'')
-----------------------------------------
--ajustes formulas cargos para traspaso--
-----------------------------------------
UPDATE dbo.CI_FORMULAS
SET FORMULA = ''(C34095=''''AC'''')Y(C58400#''''S'''')Y(C58700#''''70'''')Y(C1728#''''I'''')Y(C35690#90)Y(C35690#80)''
WHERE ID_FORMULA = 401
--
UPDATE dbo.CI_FORMULAS
SET FORMULA = ''(C34095=''''AC'''')Y(C58400#''''S'''')Y(C58402#''''S'''')Y(C58403#''''S'''')Y(C58404#''''S'''')Y(C1728#''''I'''')Y(C1592#86)Y(C1592#80)Y(C1592#90)''
WHERE ID_FORMULA = 400
--
UPDATE dbo.CI_FORMULAS
SET FORMULA = ''(C34095=''''AC'''')Y(C58407#''''S'''')''
WHERE ID_FORMULA = 405
--
UPDATE dbo.CI_FORMULAS
SET FORMULA = ''(C1040#''''F'''')Y(C1728#''''I'''')Y((C35690=86)O(C35690=90))Y(C1037=''''AC'''')''
WHERE ID_FORMULA = 606
----
')