EXECUTE('
--DICCIONARIO

DELETE FROM DICCIONARIO WHERE NUMERODECAMPO in(3548, 44470, 45059, 45088, 45089, 45119, 45124, 45125, 45126, 45127, 45128, 45129, 45130, 45131, 45132, 45133, 45134, 45139, 45140, 45141, 45146)

INSERT INTO DICCIONARIO (NUMERODECAMPO, USODELCAMPO, REFERENCIA, DESCRIPCION, PROMPT, LARGO, TIPODECAMPO, DECIMALES, EDICION, CONTABILIZA, CONCEPTO, CALCULO, VALIDACION, TABLADEVALIDACION, TABLADEAYUDA, OPCIONES, TABLA, CAMPO, BASICO, MASCARA)
VALUES (3548, '' '', 0, ''Ayuda Convenios Rendicion'', ''Ayuda Convenios Rendicion'', 15, ''N'', 0, NULL, 0, 0, 0, 0, 0, 45540, 0, 0, ''Ayuda Convenios Rendicion'', 0, NULL)

INSERT INTO DICCIONARIO (NUMERODECAMPO, USODELCAMPO, REFERENCIA, DESCRIPCION, PROMPT, LARGO, TIPODECAMPO, DECIMALES, EDICION, CONTABILIZA, CONCEPTO, CALCULO, VALIDACION, TABLADEVALIDACION, TABLADEAYUDA, OPCIONES, TABLA, CAMPO, BASICO, MASCARA)
VALUES (44470, '' '', 0, ''Ayuda Convenios Recaudos'', ''Ayuda Convenios Recaudos'', 15, ''N'', 0, NULL, 0, 0, 0, 0, 0, 45450, 0, 0, ''Ayuda Convenios Recaudos'', 0, NULL)

INSERT INTO DICCIONARIO (NUMERODECAMPO, USODELCAMPO, REFERENCIA, DESCRIPCION, PROMPT, LARGO, TIPODECAMPO, DECIMALES, EDICION, CONTABILIZA, CONCEPTO, CALCULO, VALIDACION, TABLADEVALIDACION, TABLADEAYUDA, OPCIONES, TABLA, CAMPO, BASICO, MASCARA)
VALUES (45059, '' '', 0, ''Rubro operativo'', ''Rubro operativo:'', 12, ''N'', 0, NULL, 0, 0, 0, 0, 0, 90085, 0, 4468, ''Rubro_operativo'', 0, NULL)

INSERT INTO DICCIONARIO (NUMERODECAMPO, USODELCAMPO, REFERENCIA, DESCRIPCION, PROMPT, LARGO, TIPODECAMPO, DECIMALES, EDICION, CONTABILIZA, CONCEPTO, CALCULO, VALIDACION, TABLADEVALIDACION, TABLADEAYUDA, OPCIONES, TABLA, CAMPO, BASICO, MASCARA)
VALUES (45088, '' '', 0, ''Ayuda detalles debitos'', NULL, 15, ''N'', 0, NULL, 0, 0, 0, 0, 0, 44861, 0, 0, ''ayuda_detalles_DA'', 0, NULL)

INSERT INTO DICCIONARIO (NUMERODECAMPO, USODELCAMPO, REFERENCIA, DESCRIPCION, PROMPT, LARGO, TIPODECAMPO, DECIMALES, EDICION, CONTABILIZA, CONCEPTO, CALCULO, VALIDACION, TABLADEVALIDACION, TABLADEAYUDA, OPCIONES, TABLA, CAMPO, BASICO, MASCARA)
VALUES (45089, '' '', 0, ''Filtrar Estado Convenio'', NULL, 1, ''A'', 0, NULL, 0, 0, 0, 0, 0, 0, 1, 0, ''Filtrar Estado Convenio'', 0, NULL)

INSERT INTO DICCIONARIO (NUMERODECAMPO, USODELCAMPO, REFERENCIA, DESCRIPCION, PROMPT, LARGO, TIPODECAMPO, DECIMALES, EDICION, CONTABILIZA, CONCEPTO, CALCULO, VALIDACION, TABLADEVALIDACION, TABLADEAYUDA, OPCIONES, TABLA, CAMPO, BASICO, MASCARA)
VALUES (45119, NULL, 0, ''Ayuda Agencieros'', ''Ayuda Agencieros'', 15, ''N'', 0, NULL, 0, 0, 0, 0, 0, 44891, 0, 0, ''ayuda_agencieros'', 0, NULL)

INSERT INTO DICCIONARIO (NUMERODECAMPO, USODELCAMPO, REFERENCIA, DESCRIPCION, PROMPT, LARGO, TIPODECAMPO, DECIMALES, EDICION, CONTABILIZA, CONCEPTO, CALCULO, VALIDACION, TABLADEVALIDACION, TABLADEAYUDA, OPCIONES, TABLA, CAMPO, BASICO, MASCARA)
VALUES (45124, '' '', 0, ''Filtro Tipo de Convenio '', ''Filtro Tipo de Convenio'', 1, ''N'', 0, NULL, 0, 0, 0, 0, 0, 0, 1, 0, ''Filtro Tipo de Convenio'', 0, NULL)

INSERT INTO DICCIONARIO (NUMERODECAMPO, USODELCAMPO, REFERENCIA, DESCRIPCION, PROMPT, LARGO, TIPODECAMPO, DECIMALES, EDICION, CONTABILIZA, CONCEPTO, CALCULO, VALIDACION, TABLADEVALIDACION, TABLADEAYUDA, OPCIONES, TABLA, CAMPO, BASICO, MASCARA)
VALUES (45125, '' '', 0, ''Id_Convenio'', ''Convenio'', 15, ''N'', 0, NULL, 0, 0, 0, 0, 0, 0, 0, 4491, ''Id_Convenio'', 0, NULL)

INSERT INTO DICCIONARIO (NUMERODECAMPO, USODELCAMPO, REFERENCIA, DESCRIPCION, PROMPT, LARGO, TIPODECAMPO, DECIMALES, EDICION, CONTABILIZA, CONCEPTO, CALCULO, VALIDACION, TABLADEVALIDACION, TABLADEAYUDA, OPCIONES, TABLA, CAMPO, BASICO, MASCARA)
VALUES (45126, '' '', 0, ''Id_Cabezal'', ''Id Cabezal'', 15, ''N'', 0, NULL, 0, 0, 0, 0, 0, 0, 0, 4491, ''Id_Cabezal'', 0, NULL)

INSERT INTO DICCIONARIO (NUMERODECAMPO, USODELCAMPO, REFERENCIA, DESCRIPCION, PROMPT, LARGO, TIPODECAMPO, DECIMALES, EDICION, CONTABILIZA, CONCEPTO, CALCULO, VALIDACION, TABLADEVALIDACION, TABLADEAYUDA, OPCIONES, TABLA, CAMPO, BASICO, MASCARA)
VALUES (45127, '' '', 0, ''Id_Línea'', ''Id Línea'', 15, ''N'', 0, NULL, 0, 0, 0, 0, 0, 0, 0, 4491, ''Id_Linea'', 0, NULL)

INSERT INTO DICCIONARIO (NUMERODECAMPO, USODELCAMPO, REFERENCIA, DESCRIPCION, PROMPT, LARGO, TIPODECAMPO, DECIMALES, EDICION, CONTABILIZA, CONCEPTO, CALCULO, VALIDACION, TABLADEVALIDACION, TABLADEAYUDA, OPCIONES, TABLA, CAMPO, BASICO, MASCARA)
VALUES (45128, '' '', 0, ''Fecha Reversa'', ''Fecha Reversa'', 8, ''F'', 0, ''F'', 0, 0, 0, 0, 0, 0, 0, 4491, ''Fecha_Reversa'', 0, NULL)

INSERT INTO DICCIONARIO (NUMERODECAMPO, USODELCAMPO, REFERENCIA, DESCRIPCION, PROMPT, LARGO, TIPODECAMPO, DECIMALES, EDICION, CONTABILIZA, CONCEPTO, CALCULO, VALIDACION, TABLADEVALIDACION, TABLADEAYUDA, OPCIONES, TABLA, CAMPO, BASICO, MASCARA)
VALUES (45129, '' '', 0, ''Estado'', ''Estado'', 1, ''A'', 0, NULL, 0, 0, 0, 0, 0, 0, 1, 4491, ''Estado'', 0, NULL)

INSERT INTO DICCIONARIO (NUMERODECAMPO, USODELCAMPO, REFERENCIA, DESCRIPCION, PROMPT, LARGO, TIPODECAMPO, DECIMALES, EDICION, CONTABILIZA, CONCEPTO, CALCULO, VALIDACION, TABLADEVALIDACION, TABLADEAYUDA, OPCIONES, TABLA, CAMPO, BASICO, MASCARA)
VALUES (45130, '' '', 0, ''Tipo Débito'', ''Tipo Débito'', 2, ''A'', 0, NULL, 0, 0, 0, 0, 0, 0, 1, 4491, ''Tipo_Debito'', 0, NULL)

INSERT INTO DICCIONARIO (NUMERODECAMPO, USODELCAMPO, REFERENCIA, DESCRIPCION, PROMPT, LARGO, TIPODECAMPO, DECIMALES, EDICION, CONTABILIZA, CONCEPTO, CALCULO, VALIDACION, TABLADEVALIDACION, TABLADEAYUDA, OPCIONES, TABLA, CAMPO, BASICO, MASCARA)
VALUES (45131, '' '', 0, ''Asiento'', ''Asiento'', 10, ''N'', 0, NULL, 0, 0, 0, 0, 0, 0, 0, 4491, ''Asiento'', 0, NULL)

INSERT INTO DICCIONARIO (NUMERODECAMPO, USODELCAMPO, REFERENCIA, DESCRIPCION, PROMPT, LARGO, TIPODECAMPO, DECIMALES, EDICION, CONTABILIZA, CONCEPTO, CALCULO, VALIDACION, TABLADEVALIDACION, TABLADEAYUDA, OPCIONES, TABLA, CAMPO, BASICO, MASCARA)
VALUES (45132, '' '', 0, ''Fecha Asiento'', ''Fecha Asiento'', 8, ''F'', 0, ''F'', 0, 0, 0, 0, 0, 0, 0, 4491, ''Fecha_Asiento'', 0, NULL)

INSERT INTO DICCIONARIO (NUMERODECAMPO, USODELCAMPO, REFERENCIA, DESCRIPCION, PROMPT, LARGO, TIPODECAMPO, DECIMALES, EDICION, CONTABILIZA, CONCEPTO, CALCULO, VALIDACION, TABLADEVALIDACION, TABLADEAYUDA, OPCIONES, TABLA, CAMPO, BASICO, MASCARA)
VALUES (45133, '' '', 0, ''TIPO DE PAGO'', ''Tipo de Pago:'', 1, ''A'', 0, NULL, 0, 0, 0, 0, 0, 0, 1, 4487, ''TIPO_DE_PAGO'', 0, NULL)

INSERT INTO DICCIONARIO (NUMERODECAMPO, USODELCAMPO, REFERENCIA, DESCRIPCION, PROMPT, LARGO, TIPODECAMPO, DECIMALES, EDICION, CONTABILIZA, CONCEPTO, CALCULO, VALIDACION, TABLADEVALIDACION, TABLADEAYUDA, OPCIONES, TABLA, CAMPO, BASICO, MASCARA)
VALUES (45134, '' '', 0, ''Número de Caja'', ''Nro. Caja:'', 3, ''N'', 0, NULL, 0, 0, 0, 0, 0, 0, 0, 4482, ''NRO_CAJA'', 0, NULL)

INSERT INTO DICCIONARIO (NUMERODECAMPO, USODELCAMPO, REFERENCIA, DESCRIPCION, PROMPT, LARGO, TIPODECAMPO, DECIMALES, EDICION, CONTABILIZA, CONCEPTO, CALCULO, VALIDACION, TABLADEVALIDACION, TABLADEAYUDA, OPCIONES, TABLA, CAMPO, BASICO, MASCARA)
VALUES (45139, '' '', 0, ''LLeva Dígito Verificador'', ''LLeva DV:'', 1, ''A'', 0, NULL, 0, 0, 0, 0, 0, 0, 1, 4477, ''LLeva_DV'', 0, NULL)

INSERT INTO DICCIONARIO (NUMERODECAMPO, USODELCAMPO, REFERENCIA, DESCRIPCION, PROMPT, LARGO, TIPODECAMPO, DECIMALES, EDICION, CONTABILIZA, CONCEPTO, CALCULO, VALIDACION, TABLADEVALIDACION, TABLADEAYUDA, OPCIONES, TABLA, CAMPO, BASICO, MASCARA)
VALUES (45140, '' '', 0, ''Rutina Cálculo DV'', ''Rutina Cálculo DV'', 20, ''A'', 0, NULL, 0, 0, 0, 0, 0, 0, 1, 4477, ''Rutina_DV'', 0, NULL)

INSERT INTO DICCIONARIO (NUMERODECAMPO, USODELCAMPO, REFERENCIA, DESCRIPCION, PROMPT, LARGO, TIPODECAMPO, DECIMALES, EDICION, CONTABILIZA, CONCEPTO, CALCULO, VALIDACION, TABLADEVALIDACION, TABLADEAYUDA, OPCIONES, TABLA, CAMPO, BASICO, MASCARA)
VALUES (45141, '' '', 0, ''Genera Código Barras en Rendición'', ''Genera CB Rendición:'', 1, ''A'', 0, NULL, 0, 0, 0, 0, 0, 0, 1, 4477, ''Genera_CB'', 0, NULL)

INSERT INTO DICCIONARIO (NUMERODECAMPO, USODELCAMPO, REFERENCIA, DESCRIPCION, PROMPT, LARGO, TIPODECAMPO, DECIMALES, EDICION, CONTABILIZA, CONCEPTO, CALCULO, VALIDACION, TABLADEVALIDACION, TABLADEAYUDA, OPCIONES, TABLA, CAMPO, BASICO, MASCARA)
VALUES (45146, '' '', 0, ''Formato Rendición'', ''Formato Rendición'', 2, ''N'', 0, NULL, 0, 0, 0, 0, 0, 0, 1, 4469, ''FORMATO_RENDICION'', 0, NULL)

--DESCRIPTORES
DELETE FROM DESCRIPTORES WHERE TITULO = 24 AND IDENTIFICACION = 4491

INSERT INTO DESCRIPTORES (TITULO, IDENTIFICACION, TIPODEARCHIVO, DESCRIPCION, GRUPODELMAPA, NOMBREFISICO, TIPODEDBMS, LARGODELREGISTRO, INICIALIZACIONDELREGISTRO, BASE, SELECCION, ACEPTA_MOVS_DIFERIDO)
VALUES (24, 4491, NULL, ''REC_REVERSAS'', 0, ''REC_REVERSAS'', ''D'', NULL, NULL, ''Top/Clientes'', NULL, ''N'')

-- OPCIONES

DELETE FROM OPCIONES WHERE NUMERODECAMPO = 45089 

INSERT INTO OPCIONES (NUMERODECAMPO, IDIOMA, DESCRIPCION, OPCIONINTERNA, OPCIONDEPANTALLA)
VALUES (45089, ''E'', ''Activa'', ''A'', ''A'')

INSERT INTO OPCIONES (NUMERODECAMPO, IDIOMA, DESCRIPCION, OPCIONINTERNA, OPCIONDEPANTALLA)
VALUES (45089, ''E'', ''Baja'', ''B'', ''B'')

INSERT INTO OPCIONES (NUMERODECAMPO, IDIOMA, DESCRIPCION, OPCIONINTERNA, OPCIONDEPANTALLA)
VALUES (45089, ''E'', ''Inactivo'', ''I'', ''I'')

INSERT INTO OPCIONES (NUMERODECAMPO, IDIOMA, DESCRIPCION, OPCIONINTERNA, OPCIONDEPANTALLA)
VALUES (45089, ''E'', ''Pendiente WKF'', ''P'', ''P'')

INSERT INTO OPCIONES (NUMERODECAMPO, IDIOMA, DESCRIPCION, OPCIONINTERNA, OPCIONDEPANTALLA)
VALUES (45089, ''E'', ''Todos'', ''T'', ''T'')

INSERT INTO OPCIONES (NUMERODECAMPO, IDIOMA, DESCRIPCION, OPCIONINTERNA, OPCIONDEPANTALLA)
VALUES (45089, ''E'', ''Workflow'', ''W'', ''W'')

DELETE FROM OPCIONES WHERE NUMERODECAMPO = 45124

INSERT INTO OPCIONES (NUMERODECAMPO, IDIOMA, DESCRIPCION, OPCIONINTERNA, OPCIONDEPANTALLA)
VALUES (45124, ''E'', ''Todos'', ''0'', ''0'')

INSERT INTO OPCIONES (NUMERODECAMPO, IDIOMA, DESCRIPCION, OPCIONINTERNA, OPCIONDEPANTALLA)
VALUES (45124, ''E'', ''Débitos directos'', ''1'', ''1'')

INSERT INTO OPCIONES (NUMERODECAMPO, IDIOMA, DESCRIPCION, OPCIONINTERNA, OPCIONDEPANTALLA)
VALUES (45124, ''E'', ''Débitos Automáticos'', ''2'', ''2'')

INSERT INTO OPCIONES (NUMERODECAMPO, IDIOMA, DESCRIPCION, OPCIONINTERNA, OPCIONDEPANTALLA)
VALUES (45124, ''E'', ''Pago de Sueldos'', ''3'', ''3'')

INSERT INTO OPCIONES (NUMERODECAMPO, IDIOMA, DESCRIPCION, OPCIONINTERNA, OPCIONDEPANTALLA)
VALUES (45124, ''E'', ''Recaudos por Caja'', ''4'', ''4'')

INSERT INTO OPCIONES (NUMERODECAMPO, IDIOMA, DESCRIPCION, OPCIONINTERNA, OPCIONDEPANTALLA)
VALUES (45124, ''E'', ''Canal Externo de Recaudo'', ''5'', ''5'')

DELETE FROM OPCIONES WHERE NUMERODECAMPO = 45129

INSERT INTO OPCIONES (NUMERODECAMPO, IDIOMA, DESCRIPCION, OPCIONINTERNA, OPCIONDEPANTALLA)
VALUES (45129, ''E'', ''Cancelada'', ''C'', ''C'')

INSERT INTO OPCIONES (NUMERODECAMPO, IDIOMA, DESCRIPCION, OPCIONINTERNA, OPCIONDEPANTALLA)
VALUES (45129, ''E'', ''Ingresada'', ''I'', ''I'')

INSERT INTO OPCIONES (NUMERODECAMPO, IDIOMA, DESCRIPCION, OPCIONINTERNA, OPCIONDEPANTALLA)
VALUES (45129, ''E'', ''Procesada'', ''P'', ''P'')

INSERT INTO OPCIONES (NUMERODECAMPO, IDIOMA, DESCRIPCION, OPCIONINTERNA, OPCIONDEPANTALLA)
VALUES (45129, ''E'', ''Rendida'', ''R'', ''R'')

DELETE FROM OPCIONES WHERE NUMERODECAMPO = 45130

INSERT INTO OPCIONES (NUMERODECAMPO, IDIOMA, DESCRIPCION, OPCIONINTERNA, OPCIONDEPANTALLA)
VALUES (45130, ''E'', ''DÉBITO AUTOMÁTICO'', ''DA'', ''DA'')

INSERT INTO OPCIONES (NUMERODECAMPO, IDIOMA, DESCRIPCION, OPCIONINTERNA, OPCIONDEPANTALLA)
VALUES (45130, ''E'', ''DÉBITO DIRECTO'', ''DD'', ''DD'')

DELETE FROM OPCIONES WHERE NUMERODECAMPO = 45133

INSERT INTO OPCIONES (NUMERODECAMPO, IDIOMA, DESCRIPCION, OPCIONINTERNA, OPCIONDEPANTALLA)
VALUES (45133, ''E'', ''Abierto'', ''A'', ''A'')

INSERT INTO OPCIONES (NUMERODECAMPO, IDIOMA, DESCRIPCION, OPCIONINTERNA, OPCIONDEPANTALLA)
VALUES (45133, ''E'', ''Cerrado'', ''C'', ''C'')

INSERT INTO OPCIONES (NUMERODECAMPO, IDIOMA, DESCRIPCION, OPCIONINTERNA, OPCIONDEPANTALLA)
VALUES (45133, ''E'', ''Parcial'', ''P'', ''P'')

DELETE FROM OPCIONES WHERE NUMERODECAMPO = 45139

INSERT INTO OPCIONES (NUMERODECAMPO, IDIOMA, DESCRIPCION, OPCIONINTERNA, OPCIONDEPANTALLA)
VALUES (45139, ''E'', ''NO'', ''N'', ''N'')

INSERT INTO OPCIONES (NUMERODECAMPO, IDIOMA, DESCRIPCION, OPCIONINTERNA, OPCIONDEPANTALLA)
VALUES (45139, ''E'', ''SI'', ''S'', ''S'')

DELETE FROM OPCIONES WHERE NUMERODECAMPO = 45140

INSERT INTO OPCIONES (NUMERODECAMPO, IDIOMA, DESCRIPCION, OPCIONINTERNA, OPCIONDEPANTALLA)
VALUES (45140, ''E'', ''DV Cable Visión'', ''SP_CB_CVISION'', ''SP_CB_CVISION'')

INSERT INTO OPCIONES (NUMERODECAMPO, IDIOMA, DESCRIPCION, OPCIONINTERNA, OPCIONDEPANTALLA)
VALUES (45140, ''E'', ''Mod11-Secheep'', ''SP_CB_MOD11'', ''SP_CB_MOD11'')

INSERT INTO OPCIONES (NUMERODECAMPO, IDIOMA, DESCRIPCION, OPCIONINTERNA, OPCIONDEPANTALLA)
VALUES (45140, ''E'', ''DV Personal'', ''SP_CB_PERSONAL'', ''SP_CB_PERSONAL'')

DELETE FROM OPCIONES WHERE NUMERODECAMPO = 45141

INSERT INTO OPCIONES (NUMERODECAMPO, IDIOMA, DESCRIPCION, OPCIONINTERNA, OPCIONDEPANTALLA)
VALUES (45141, ''E'', ''No'', ''N'', ''N'')

INSERT INTO OPCIONES (NUMERODECAMPO, IDIOMA, DESCRIPCION, OPCIONINTERNA, OPCIONDEPANTALLA)
VALUES (45141, ''E'', ''Si'', ''S'', ''S'')

DELETE FROM OPCIONES WHERE NUMERODECAMPO = 45146

INSERT INTO OPCIONES (NUMERODECAMPO, IDIOMA, DESCRIPCION, OPCIONINTERNA, OPCIONDEPANTALLA)
VALUES (45146, ''E'', ''Convenios Débito Directo'', ''1'', ''1'')

INSERT INTO OPCIONES (NUMERODECAMPO, IDIOMA, DESCRIPCION, OPCIONINTERNA, OPCIONDEPANTALLA)
VALUES (45146, ''E'', ''Formato Fiduciaria'', ''10'', ''10'')

INSERT INTO OPCIONES (NUMERODECAMPO, IDIOMA, DESCRIPCION, OPCIONINTERNA, OPCIONDEPANTALLA)
VALUES (45146, ''E'', ''Formato Renaper'', ''11'', ''11'')

INSERT INTO OPCIONES (NUMERODECAMPO, IDIOMA, DESCRIPCION, OPCIONINTERNA, OPCIONDEPANTALLA)
VALUES (45146, ''E'', ''Formato Girelec'', ''12'', ''12'')

INSERT INTO OPCIONES (NUMERODECAMPO, IDIOMA, DESCRIPCION, OPCIONINTERNA, OPCIONDEPANTALLA)
VALUES (45146, ''E'', ''Formato Saldo Deudores CTA CTE'', ''13'', ''13'')

INSERT INTO OPCIONES (NUMERODECAMPO, IDIOMA, DESCRIPCION, OPCIONINTERNA, OPCIONDEPANTALLA)
VALUES (45146, ''E'', ''Formato Saldo Deudores Préstamos'', ''14'', ''14'')

INSERT INTO OPCIONES (NUMERODECAMPO, IDIOMA, DESCRIPCION, OPCIONINTERNA, OPCIONDEPANTALLA)
VALUES (45146, ''E'', ''Formato Sameep'', ''15'', ''15'')

INSERT INTO OPCIONES (NUMERODECAMPO, IDIOMA, DESCRIPCION, OPCIONINTERNA, OPCIONDEPANTALLA)
VALUES (45146, ''E'', ''Formato Entes por Cargo Específico'', ''16'', ''16'')

INSERT INTO OPCIONES (NUMERODECAMPO, IDIOMA, DESCRIPCION, OPCIONINTERNA, OPCIONDEPANTALLA)
VALUES (45146, ''E'', ''Formato Débitos Directos'', ''17'', ''17'')

INSERT INTO OPCIONES (NUMERODECAMPO, IDIOMA, DESCRIPCION, OPCIONINTERNA, OPCIONDEPANTALLA)
VALUES (45146, ''E'', ''Formato Estandar 1'', ''2'', ''2'')

INSERT INTO OPCIONES (NUMERODECAMPO, IDIOMA, DESCRIPCION, OPCIONINTERNA, OPCIONDEPANTALLA)
VALUES (45146, ''E'', ''Formato Estandar 2'', ''3'', ''3'')

INSERT INTO OPCIONES (NUMERODECAMPO, IDIOMA, DESCRIPCION, OPCIONINTERNA, OPCIONDEPANTALLA)
VALUES (45146, ''E'', ''Formato IPDUV'', ''4'', ''4'')

INSERT INTO OPCIONES (NUMERODECAMPO, IDIOMA, DESCRIPCION, OPCIONINTERNA, OPCIONDEPANTALLA)
VALUES (45146, ''E'', ''Formato Don Bosco'', ''5'', ''5'')

INSERT INTO OPCIONES (NUMERODECAMPO, IDIOMA, DESCRIPCION, OPCIONINTERNA, OPCIONDEPANTALLA)
VALUES (45146, ''E'', ''Formato Municipalidad Resistencia'', ''6'', ''6'')

INSERT INTO OPCIONES (NUMERODECAMPO, IDIOMA, DESCRIPCION, OPCIONINTERNA, OPCIONDEPANTALLA)
VALUES (45146, ''E'', ''Formato Municipalidad Barranqueras'', ''7'', ''7'')

INSERT INTO OPCIONES (NUMERODECAMPO, IDIOMA, DESCRIPCION, OPCIONINTERNA, OPCIONDEPANTALLA)
VALUES (45146, ''E'', ''Formato Guardian Electrónico'', ''8'', ''8'')

INSERT INTO OPCIONES (NUMERODECAMPO, IDIOMA, DESCRIPCION, OPCIONINTERNA, OPCIONDEPANTALLA)
VALUES (45146, ''E'', ''Formato OSDE'', ''9'', ''9'')

-- AYUDAS

DELETE FROM AYUDAS WHERE NUMERODEAYUDA = 45450

INSERT INTO AYUDAS (NUMERODEARCHIVO, NUMERODEAYUDA, DESCRIPCION, FILTRO, MOSTRARTODOS, CAMPOS, CAMPOSVISTA, BASEVISTA, NOMBREVISTA, AYUDAGRANDE)
VALUES (0, 45450, ''VW_AYUDA_CONV_INFO'', '''', 0, ''58406R;3416;1014;1146;1901;2631;3184;1042;3264;3265;12111;1853;3256;3649;1051;1360;'', ''Id Convenio Recaudacion;Nombre;Cuit;Id Cliente;Nombre Cliente;Id Tipo Convenio;Descripcion Tipo Convenio;Canal;Descripcion Canal;Estado;Descripcion Estado;Fec. Alta;Fec. Vencimiento;Fec. Ult. Actividad;Ref Externa;Id Conv. Padre;'', ''TOP/CLIENTES'', ''VW_AYUDA_CONV_INFO'', 0)

DELETE FROM AYUDAS WHERE NUMERODEAYUDA = 45540

INSERT INTO AYUDAS (NUMERODEARCHIVO, NUMERODEAYUDA, DESCRIPCION, FILTRO, MOSTRARTODOS, CAMPOS, CAMPOSVISTA, BASEVISTA, NOMBREVISTA, AYUDAGRANDE)
VALUES (0, 45540, ''Ayuda Convenios Rendición'', '''', 0, ''11952R;3255;25109;3264;58406;3314;1902;1443;1042;612;504;28204;505;'', ''Número Liquidación;Estado;Número Convenio;Nombre Convenio;Convenio Padre;Cuit;Nombre Cliente;Fecha Liquidación;Moneda;Total Registros;Total Importe;Comisión Liquidada;Importe Comisión;'', ''TOP/CLIENTES'', ''VW_AYUDA_CONV_REND'', 0)

-- MACROR
DELETE FROM MACROR WHERE PROCESO = 130 AND ORDINAL = 2

INSERT INTO MACROR (PROCESO, ORDINAL, ARCHIVO, INDICE, CONDICION, RECEPTOR, FORMULA)
VALUES (130, 2, 3380, 1, ''C33800=C198'', ''C2487'', ''C33802'')

DELETE FROM MACROR WHERE PROCESO = 130 AND ORDINAL = 3

INSERT INTO MACROR (PROCESO, ORDINAL, ARCHIVO, INDICE, CONDICION, RECEPTOR, FORMULA)
VALUES (130, 3, 3380, 1, ''C33800=C198'', ''C174'', ''C33803'')

-- REPORTES

DELETE FROM REPORTES WHERE TITULO = 2600 AND IDENTIFICACION = 2600

INSERT INTO REPORTES (TITULO, IDENTIFICACION, DESCRIPCION, TIPO, BIGREPORT, TIPOSALIDA, GENERAREPORTE, GENERAONLINEREPORTE, GRUPO_REIMPRESION, EJ_DE_OPERACION)
VALUES (2600, 2600, ''Reporte Maestro Convenios Recaudación'', ''J'', NULL, NULL, NULL, 0, 0, NULL)

DELETE FROM REPORTES WHERE TITULO = 2600 AND IDENTIFICACION = 2630

INSERT INTO REPORTES (TITULO, IDENTIFICACION, DESCRIPCION, TIPO, BIGREPORT, TIPOSALIDA, GENERAREPORTE, GENERAONLINEREPORTE, GRUPO_REIMPRESION, EJ_DE_OPERACION)
VALUES (2600, 2630, ''Reportes recaudaciones por caja'', ''J'', NULL, NULL, NULL, 0, 0, NULL)

DELETE FROM REPORTES WHERE TITULO = 2600 AND IDENTIFICACION = 2640

INSERT INTO REPORTES (TITULO, IDENTIFICACION, DESCRIPCION, TIPO, BIGREPORT, TIPOSALIDA, GENERAREPORTE, GENERAONLINEREPORTE, GRUPO_REIMPRESION, EJ_DE_OPERACION)
VALUES (2600, 2640, ''Reportes recaudaciones por caja al Cierre'', ''J'', NULL, NULL, NULL, 0, 0, NULL)

DELETE FROM REPORTES WHERE TITULO = 2600 AND IDENTIFICACION = 2645

INSERT INTO REPORTES (TITULO, IDENTIFICACION, DESCRIPCION, TIPO, BIGREPORT, TIPOSALIDA, GENERAREPORTE, GENERAONLINEREPORTE, GRUPO_REIMPRESION, EJ_DE_OPERACION)
VALUES (2600, 2645, ''Reporte rendición de convenios'', ''J'', NULL, NULL, NULL, 0, 0, NULL)

-- REPORTESJASPER

DELETE FROM REPORTESJASPER WHERE IDENTIFICACION = 2600

INSERT INTO REPORTESJASPER (IDENTIFICACION, DESTINO, DATAQUERY, COMPILADO, FORCE, SELECTIVEDESTINATION)
VALUES (2600, 1, NULL, 0, 0, 1)

DELETE FROM REPORTESJASPER WHERE IDENTIFICACION = 2630

INSERT INTO REPORTESJASPER (IDENTIFICACION, DESTINO, DATAQUERY, COMPILADO, FORCE, SELECTIVEDESTINATION)
VALUES (2630, 1, NULL, 0, 0, 1)

DELETE FROM REPORTESJASPER WHERE IDENTIFICACION = 2640

INSERT INTO REPORTESJASPER (IDENTIFICACION, DESTINO, DATAQUERY, COMPILADO, FORCE, SELECTIVEDESTINATION)
VALUES (2640, 1, NULL, 0, 0, 1)

DELETE FROM REPORTESJASPER WHERE IDENTIFICACION = 2645

INSERT INTO REPORTESJASPER (IDENTIFICACION, DESTINO, DATAQUERY, COMPILADO, FORCE, SELECTIVEDESTINATION)
VALUES (2645, 1, NULL, 0, 0, 1)

-- OPERACIONES

DELETE FROM OPERACIONES WHERE TITULO = 2600 AND IDENTIFICACION = 2601

INSERT INTO OPERACIONES (TITULO, IDENTIFICACION, NOMBRE, DESCRIPCION, MNEMOTECNICO, AUTORIZACION, FORMULARIOPRINCIPAL, PROXOPERACION, ESTADO, TZ_LOCK, COPIAS, SUBOPERACION, PERMITEBAJA, COMPORTAMIENTOENCIERRE, REQUIERECONTRASENA, PERMITECONCURRENTE, PERMITEESTADODIFERIDO, ICONO_TITULO, ESTILO)
VALUES (2600, 2601, ''Reporte Maestro de Covenios'', ''Reporte Maestro de Convenios'', ''2601'', ''N'', NULL, NULL, ''P'', 0, NULL, 0, ''N'', ''N'', ''N'', ''N'', ''N'', NULL, 0)

DELETE FROM OPERACIONES WHERE TITULO = 2600 AND IDENTIFICACION = 2662

INSERT INTO OPERACIONES (TITULO, IDENTIFICACION, NOMBRE, DESCRIPCION, MNEMOTECNICO, AUTORIZACION, FORMULARIOPRINCIPAL, PROXOPERACION, ESTADO, TZ_LOCK, COPIAS, SUBOPERACION, PERMITEBAJA, COMPORTAMIENTOENCIERRE, REQUIERECONTRASENA, PERMITECONCURRENTE, PERMITEESTADODIFERIDO, ICONO_TITULO, ESTILO)
VALUES (2600, 2662, ''Consulta recaudaciónes por Caja'', ''Consulta recaudaciónes por Caja'', ''2662'', ''N'', NULL, NULL, ''D'', 0, NULL, 0, ''N'', ''N'', ''N'', ''N'', ''N'', NULL, 0)

DELETE FROM OPERACIONES WHERE TITULO = 2600 AND IDENTIFICACION = 2663

INSERT INTO OPERACIONES (TITULO, IDENTIFICACION, NOMBRE, DESCRIPCION, MNEMOTECNICO, AUTORIZACION, FORMULARIOPRINCIPAL, PROXOPERACION, ESTADO, TZ_LOCK, COPIAS, SUBOPERACION, PERMITEBAJA, COMPORTAMIENTOENCIERRE, REQUIERECONTRASENA, PERMITECONCURRENTE, PERMITEESTADODIFERIDO, ICONO_TITULO, ESTILO)
VALUES (2600, 2663, ''Consulta recaudaciónes por caja al cierre'', ''Consulta recaudaciónes por caja al cierre'', ''2663'', ''N'', NULL, NULL, ''D'', 0, NULL, 0, ''S'', ''N'', ''N'', ''N'', ''N'', NULL, 0)

DELETE FROM OPERACIONES WHERE TITULO = 2600 AND IDENTIFICACION = 2665

INSERT INTO OPERACIONES (TITULO, IDENTIFICACION, NOMBRE, DESCRIPCION, MNEMOTECNICO, AUTORIZACION, FORMULARIOPRINCIPAL, PROXOPERACION, ESTADO, TZ_LOCK, COPIAS, SUBOPERACION, PERMITEBAJA, COMPORTAMIENTOENCIERRE, REQUIERECONTRASENA, PERMITECONCURRENTE, PERMITEESTADODIFERIDO, ICONO_TITULO, ESTILO)
VALUES (2600, 2665, ''Reporte Rendición Convenios'', ''Reporte Rendición Convenios'', ''2665'', ''N'', NULL, NULL, ''P'', 0, NULL, 0, ''S'', ''N'', ''N'', ''N'', ''N'', NULL, 0)
')









