EXECUTE('

---creacion de opciones campo tipo_cargo_impositivo para los impuestos y para la devolucion de impuestos

INSERT INTO OPCIONES (NUMERODECAMPO, IDIOMA, DESCRIPCION, OPCIONINTERNA, OPCIONDEPANTALLA)
VALUES (51420, ''E'', ''IMPUESTO PAIS'', ''18'', ''18'')

INSERT INTO OPCIONES (NUMERODECAMPO, IDIOMA, DESCRIPCION, OPCIONINTERNA, OPCIONDEPANTALLA)
VALUES (51420, ''E'', ''PERCEP RG 4815'', ''19'', ''19'')

INSERT INTO OPCIONES (NUMERODECAMPO, IDIOMA, DESCRIPCION, OPCIONINTERNA, OPCIONDEPANTALLA)
VALUES (51420, ''E'', ''PERCEP RG 5272'', ''20'', ''20'')

INSERT INTO OPCIONES (NUMERODECAMPO, IDIOMA, DESCRIPCION, OPCIONINTERNA, OPCIONDEPANTALLA)
VALUES (51420, ''E'', ''DEV IMPUESTO PAIS'', ''21'', ''21'')

INSERT INTO OPCIONES (NUMERODECAMPO, IDIOMA, DESCRIPCION, OPCIONINTERNA, OPCIONDEPANTALLA)
VALUES (51420, ''E'', ''DEV PERCEP RG 4815'', ''22'', ''22'')

INSERT INTO OPCIONES (NUMERODECAMPO, IDIOMA, DESCRIPCION, OPCIONINTERNA, OPCIONDEPANTALLA)
VALUES (51420, ''E'', ''DEV PERCEP RG 5272'', ''23'', ''23'')

---creacion de campos pivot para los cargos

INSERT INTO DICCIONARIO (NUMERODECAMPO, USODELCAMPO, REFERENCIA, DESCRIPCION, PROMPT, LARGO, TIPODECAMPO, DECIMALES, EDICION, CONTABILIZA, CONCEPTO, CALCULO, VALIDACION, TABLADEVALIDACION, TABLADEAYUDA, OPCIONES, TABLA, CAMPO, BASICO, MASCARA)
VALUES (58366, '' '', 0, ''Pivot Imp Pais'', ''Pivot Imp Pais'', 15, ''N'', 2, ''I'', 0, 0, 0, 0, 0, 0, 0, 0, NULL, 0, NULL)


INSERT INTO DICCIONARIO (NUMERODECAMPO, USODELCAMPO, REFERENCIA, DESCRIPCION, PROMPT, LARGO, TIPODECAMPO, DECIMALES, EDICION, CONTABILIZA, CONCEPTO, CALCULO, VALIDACION, TABLADEVALIDACION, TABLADEAYUDA, OPCIONES, TABLA, CAMPO, BASICO, MASCARA)
VALUES (58367, '' '', 0, ''Pivot PERCEP RG 4815'', ''Pivot PERCEP RG 4815'', 15, ''N'', 2, ''I'', 0, 0, 0, 0, 0, 0, 0, 0, NULL, 0, NULL)


INSERT INTO DICCIONARIO (NUMERODECAMPO, USODELCAMPO, REFERENCIA, DESCRIPCION, PROMPT, LARGO, TIPODECAMPO, DECIMALES, EDICION, CONTABILIZA, CONCEPTO, CALCULO, VALIDACION, TABLADEVALIDACION, TABLADEAYUDA, OPCIONES, TABLA, CAMPO, BASICO, MASCARA)
VALUES (58368, '' '', 0, ''Pivot PERCEP RG 5272'', ''Pivot PERCEP RG 5272'', 15, ''N'', 2, ''I'', 0, 0, 0, 0, 0, 0, 0, 0, NULL, 0, NULL)



---creacion de codigos de transaccion



INSERT INTO TTR_CODIGO_TRANSACCION_DEF (TZ_LOCK, CODIGO_TRANSACCION, DESCRIPCION, UTILIZA_CONTADOR_MOVIM, EN_PROMEDIO_MENSUAL, USO_COMERCIAL, INFO_EXTENDIDA, GRUPO, TIPO, DEBITO_CREDITO)
VALUES (0, 221, ''Imp Pais'', ''N'', NULL, '' '', ''N'', 0, NULL, NULL)

INSERT INTO TTR_CODIGO_TRANSACCION_DEF (TZ_LOCK, CODIGO_TRANSACCION, DESCRIPCION, UTILIZA_CONTADOR_MOVIM, EN_PROMEDIO_MENSUAL, USO_COMERCIAL, INFO_EXTENDIDA, GRUPO, TIPO, DEBITO_CREDITO)
VALUES (0, 222, ''PERCEP RG 4815'', ''N'', NULL, '' '', ''N'', 0, NULL, NULL)

INSERT INTO TTR_CODIGO_TRANSACCION_DEF (TZ_LOCK, CODIGO_TRANSACCION, DESCRIPCION, UTILIZA_CONTADOR_MOVIM, EN_PROMEDIO_MENSUAL, USO_COMERCIAL, INFO_EXTENDIDA, GRUPO, TIPO, DEBITO_CREDITO)
VALUES (0, 223, ''PERCEP RG 5272'', ''N'', NULL, '' '', ''N'', 0, NULL, NULL)

INSERT INTO TTR_CODIGO_TRANSACCION_DEF (TZ_LOCK, CODIGO_TRANSACCION, DESCRIPCION, UTILIZA_CONTADOR_MOVIM, EN_PROMEDIO_MENSUAL, USO_COMERCIAL, INFO_EXTENDIDA, GRUPO, TIPO, DEBITO_CREDITO)
VALUES (0, 224, ''Imp Pais Devolución'', ''N'', NULL, '' '', ''N'', 0, NULL, NULL)

INSERT INTO TTR_CODIGO_TRANSACCION_DEF (TZ_LOCK, CODIGO_TRANSACCION, DESCRIPCION, UTILIZA_CONTADOR_MOVIM, EN_PROMEDIO_MENSUAL, USO_COMERCIAL, INFO_EXTENDIDA, GRUPO, TIPO, DEBITO_CREDITO)
VALUES (0, 225, ''Percep 4815 Devolución'', ''N'', NULL, '' '', ''N'', 0, NULL, NULL)

INSERT INTO TTR_CODIGO_TRANSACCION_DEF (TZ_LOCK, CODIGO_TRANSACCION, DESCRIPCION, UTILIZA_CONTADOR_MOVIM, EN_PROMEDIO_MENSUAL, USO_COMERCIAL, INFO_EXTENDIDA, GRUPO, TIPO, DEBITO_CREDITO)
VALUES (0, 226, ''Percep 5272 Devolución'', ''N'', NULL, '' '', ''N'', 0, NULL, NULL)


--- plan de cuentas

UPDATE PLANCTAS
SET CONVIERTEA_MN = ''N''
WHERE C6326 = 3211510131


DELETE FROM PLANCTAS
WHERE C6326 = 3211510870

DELETE FROM PLANCTAS
WHERE C6326 = 3211510970

DELETE FROM PLANCTAS
WHERE C6326 = 3211510980

INSERT INTO PLANCTAS (TZ_LOCK, C6300, C6301, C6302, C6303, C6304, C6305, C6306, C6307, C6308, C6309, C6310, C6311, C6312, C6313, C6314, C6315, C6316, C6317, C6326, C6327, C6329, C6330, C6331, C6340, C6341, RUBRO_PERDIDA_VAL, RUBRO_GANANCIA_VAL, C6318, DEV_TASA_MORA, CALIFICA, DIADEVENGA, PREVISIONA, APERT_REFERENC, CENTRAL_RIESGOS, LCRED_CONTINGENCIA, TIPO_AJUSTE_VALUACION, EXPSOBREGIRO, ESTADO_ORG_CONTROL, DEVENGADO_POR_PLAZO, DISTRIBUYE_CENTROCOSTO, CONVIERTEA_MN, COD_INTERNO_IFRS, INVENTARIADO)
VALUES (0, ''Impuesto Pais'', 3211510870, '' '', '' '', ''2'', ''C'', ''0'', ''  '', '' '', ''0'', ''  '', ''  '', ''  '', ''  '', ''  '', ''  '', '' '', '' '', 3211510870, '' '', 0, 0, 0, 3211510870, 0, 5259100000, 5159100000, ''N'', ''N'', ''N'', '' '', 0, ''N'', ''N'', ''0'', 0, ''N'', ''N'', ''N'', ''N'', ''N'', ''321151'', ''N'')

INSERT INTO PLANCTAS (TZ_LOCK, C6300, C6301, C6302, C6303, C6304, C6305, C6306, C6307, C6308, C6309, C6310, C6311, C6312, C6313, C6314, C6315, C6316, C6317, C6326, C6327, C6329, C6330, C6331, C6340, C6341, RUBRO_PERDIDA_VAL, RUBRO_GANANCIA_VAL, C6318, DEV_TASA_MORA, CALIFICA, DIADEVENGA, PREVISIONA, APERT_REFERENC, CENTRAL_RIESGOS, LCRED_CONTINGENCIA, TIPO_AJUSTE_VALUACION, EXPSOBREGIRO, ESTADO_ORG_CONTROL, DEVENGADO_POR_PLAZO, DISTRIBUYE_CENTROCOSTO, CONVIERTEA_MN, COD_INTERNO_IFRS, INVENTARIADO)
VALUES (0, ''Percep RG 4815'', 3211510970, '' '', '' '', ''2'', ''C'', ''0'', ''  '', '' '', ''0'', ''  '', ''  '', ''  '', ''  '', ''  '', ''  '', '' '', '' '', 3211510970, '' '', 0, 0, 0, 3211510970, 0, 5259100000, 5159100000, ''N'', ''N'', ''N'', '' '', 0, ''N'', ''N'', ''0'', 0, ''N'', ''N'', ''N'', ''N'', ''N'', ''321151'', ''N'')

INSERT INTO PLANCTAS (TZ_LOCK, C6300, C6301, C6302, C6303, C6304, C6305, C6306, C6307, C6308, C6309, C6310, C6311, C6312, C6313, C6314, C6315, C6316, C6317, C6326, C6327, C6329, C6330, C6331, C6340, C6341, RUBRO_PERDIDA_VAL, RUBRO_GANANCIA_VAL, C6318, DEV_TASA_MORA, CALIFICA, DIADEVENGA, PREVISIONA, APERT_REFERENC, CENTRAL_RIESGOS, LCRED_CONTINGENCIA, TIPO_AJUSTE_VALUACION, EXPSOBREGIRO, ESTADO_ORG_CONTROL, DEVENGADO_POR_PLAZO, DISTRIBUYE_CENTROCOSTO, CONVIERTEA_MN, COD_INTERNO_IFRS, INVENTARIADO)
VALUES (0, ''Percep RG 5272'', 3211510980, '' '', '' '', ''2'', ''C'', ''0'', ''  '', '' '', ''0'', ''  '', ''  '', ''  '', ''  '', ''  '', ''  '', '' '', '' '', 3211510980, '' '', 0, 0, 0, 3211510141, 0, 5259100000, 5159100000, ''N'', ''N'', ''N'', '' '', 0, ''N'', ''N'', ''0'', 0, ''N'', ''N'', ''N'', ''N'', ''N'', ''321151'', ''N'')


---creacion de cargos (ojo condicion sector ajustar formula)

INSERT INTO CI_CARGOS (ID_CARGO, DESCRIPCION, ENQUEUE, EXONERABLE, ID_FORMULA, ACTUALIZABLE, CONDICION, PIVOT_, MONEDA_IMPORTE, IMPORTE_MINIMO, IMPORTE_MAXIMO, TRATAMIENTO_MINIMO, TZ_LOCK, CAMPO_MONTO_IMPONIBLE, CAMPO_RANGO_TARIFA, NETEAR, CANTIDAD_REINTENTOS, CONCEPTO, PIVOT_ENCOLA, CONTABILIZA, SOBREGIRO, BLOQUEO, CONTROL_MAX_MIN, TIPO_FECHA_VIGENCIA, TIPO_DOCUMENTO, ACEPTAPAGOPARCIAL, FECHAHASTA, FECHADESDE, MONEDA_RANGO, BUSCA_MONEDA_RANGO, CODIGO_TRANSACCION, REGENERA_AL_PAGAR, CARGO_O_IMPUESTO, INCLUIRENCUOTA, CUOTASNOCONSIDERARALFINAL, COBRARHASTADIAS, PORCENTAJE_MINIMO, PORCENTAJE_MAXIMO, CAMPO_DIA_COBRO, GENERA_RESERVA, DIAS_COBRO_HASTA_INMOVILIZADA, DESCRIPCION_1, DESCRIPCION_2, DESCRIPCION_3, GENERA_FACTURA_EN_CERO, TIPO_CARGO_IMPOSITIVO)
VALUES (430, ''Imp Pais'', ''N'', ''N'', 2, ''N'', 200, 58366, 1, 0, 9999999999999, ''C'', 0, 36, 0, ''N'', 9999, 0, NULL, NULL, ''E'', ''E'', ''N'', 2, ''F'', ''N'', ''20990328'', ''20000321'', 0, ''N'', 221, ''N'', ''I'', ''N'', 0, 0, 0, 0, 0, NULL, 0, NULL, NULL, NULL, ''N'', 18)


INSERT INTO CI_CARGOS (ID_CARGO, DESCRIPCION, ENQUEUE, EXONERABLE, ID_FORMULA, ACTUALIZABLE, CONDICION, PIVOT_, MONEDA_IMPORTE, IMPORTE_MINIMO, IMPORTE_MAXIMO, TRATAMIENTO_MINIMO, TZ_LOCK, CAMPO_MONTO_IMPONIBLE, CAMPO_RANGO_TARIFA, NETEAR, CANTIDAD_REINTENTOS, CONCEPTO, PIVOT_ENCOLA, CONTABILIZA, SOBREGIRO, BLOQUEO, CONTROL_MAX_MIN, TIPO_FECHA_VIGENCIA, TIPO_DOCUMENTO, ACEPTAPAGOPARCIAL, FECHAHASTA, FECHADESDE, MONEDA_RANGO, BUSCA_MONEDA_RANGO, CODIGO_TRANSACCION, REGENERA_AL_PAGAR, CARGO_O_IMPUESTO, INCLUIRENCUOTA, CUOTASNOCONSIDERARALFINAL, COBRARHASTADIAS, PORCENTAJE_MINIMO, PORCENTAJE_MAXIMO, CAMPO_DIA_COBRO, GENERA_RESERVA, DIAS_COBRO_HASTA_INMOVILIZADA, DESCRIPCION_1, DESCRIPCION_2, DESCRIPCION_3, GENERA_FACTURA_EN_CERO, TIPO_CARGO_IMPOSITIVO)
VALUES (431, ''Percep RG 4815'', ''N'', ''N'', 2, ''N'', 200, 58367, 1, 0, 9999999999999, ''C'', 0, 36, 0, ''N'', 9999, 0, NULL, NULL, ''E'', ''E'', ''N'', 2, ''F'', ''N'', ''20990328'', ''20000321'', 0, ''N'', 222, ''N'', ''I'', ''N'', 0, 0, 0, 0, 0, NULL, 0, NULL, NULL, NULL, ''N'', 19)


INSERT INTO CI_CARGOS (ID_CARGO, DESCRIPCION, ENQUEUE, EXONERABLE, ID_FORMULA, ACTUALIZABLE, CONDICION, PIVOT_, MONEDA_IMPORTE, IMPORTE_MINIMO, IMPORTE_MAXIMO, TRATAMIENTO_MINIMO, TZ_LOCK, CAMPO_MONTO_IMPONIBLE, CAMPO_RANGO_TARIFA, NETEAR, CANTIDAD_REINTENTOS, CONCEPTO, PIVOT_ENCOLA, CONTABILIZA, SOBREGIRO, BLOQUEO, CONTROL_MAX_MIN, TIPO_FECHA_VIGENCIA, TIPO_DOCUMENTO, ACEPTAPAGOPARCIAL, FECHAHASTA, FECHADESDE, MONEDA_RANGO, BUSCA_MONEDA_RANGO, CODIGO_TRANSACCION, REGENERA_AL_PAGAR, CARGO_O_IMPUESTO, INCLUIRENCUOTA, CUOTASNOCONSIDERARALFINAL, COBRARHASTADIAS, PORCENTAJE_MINIMO, PORCENTAJE_MAXIMO, CAMPO_DIA_COBRO, GENERA_RESERVA, DIAS_COBRO_HASTA_INMOVILIZADA, DESCRIPCION_1, DESCRIPCION_2, DESCRIPCION_3, GENERA_FACTURA_EN_CERO, TIPO_CARGO_IMPOSITIVO)
VALUES (432, ''Percep RG 5272'', ''N'', ''N'', 2, ''N'', 200, 58368, 1, 0, 9999999999999, ''C'', 0, 36, 0, ''N'', 9999, 0, NULL, NULL, ''E'', ''E'', ''N'', 2, ''F'', ''N'', ''20990328'', ''20000321'', 0, ''N'', 223, ''N'', ''I'', ''N'', 0, 0, 0, 0, 0, NULL, 0, NULL, NULL, NULL, ''N'', 20)

-----devolucion de cargos

INSERT INTO CI_CARGOS (ID_CARGO, DESCRIPCION, ENQUEUE, EXONERABLE, ID_FORMULA, ACTUALIZABLE, CONDICION, PIVOT_, MONEDA_IMPORTE, IMPORTE_MINIMO, IMPORTE_MAXIMO, TRATAMIENTO_MINIMO, TZ_LOCK, CAMPO_MONTO_IMPONIBLE, CAMPO_RANGO_TARIFA, NETEAR, CANTIDAD_REINTENTOS, CONCEPTO, PIVOT_ENCOLA, CONTABILIZA, SOBREGIRO, BLOQUEO, CONTROL_MAX_MIN, TIPO_FECHA_VIGENCIA, TIPO_DOCUMENTO, ACEPTAPAGOPARCIAL, FECHAHASTA, FECHADESDE, MONEDA_RANGO, BUSCA_MONEDA_RANGO, CODIGO_TRANSACCION, REGENERA_AL_PAGAR, CARGO_O_IMPUESTO, INCLUIRENCUOTA, CUOTASNOCONSIDERARALFINAL, COBRARHASTADIAS, PORCENTAJE_MINIMO, PORCENTAJE_MAXIMO, CAMPO_DIA_COBRO, GENERA_RESERVA, DIAS_COBRO_HASTA_INMOVILIZADA, DESCRIPCION_1, DESCRIPCION_2, DESCRIPCION_3, GENERA_FACTURA_EN_CERO, TIPO_CARGO_IMPOSITIVO)
VALUES (433, ''Dev Imp Pais'', ''N'', ''N'', 10, ''N'', NULL, 58366, 1, 0, 9999999999999, ''C'', 0, 577, 0, ''N'', 9999, 0, NULL, NULL, ''R'', ''R'', ''N'', 2, ''F'', ''N'', ''20990331'', ''19990301'', 0, ''N'', 224, ''N'', ''I'', ''N'', 0, 0, 0, 0, 0, NULL, 0, NULL, NULL, NULL, ''N'', 21)

INSERT INTO CI_CARGOS (ID_CARGO, DESCRIPCION, ENQUEUE, EXONERABLE, ID_FORMULA, ACTUALIZABLE, CONDICION, PIVOT_, MONEDA_IMPORTE, IMPORTE_MINIMO, IMPORTE_MAXIMO, TRATAMIENTO_MINIMO, TZ_LOCK, CAMPO_MONTO_IMPONIBLE, CAMPO_RANGO_TARIFA, NETEAR, CANTIDAD_REINTENTOS, CONCEPTO, PIVOT_ENCOLA, CONTABILIZA, SOBREGIRO, BLOQUEO, CONTROL_MAX_MIN, TIPO_FECHA_VIGENCIA, TIPO_DOCUMENTO, ACEPTAPAGOPARCIAL, FECHAHASTA, FECHADESDE, MONEDA_RANGO, BUSCA_MONEDA_RANGO, CODIGO_TRANSACCION, REGENERA_AL_PAGAR, CARGO_O_IMPUESTO, INCLUIRENCUOTA, CUOTASNOCONSIDERARALFINAL, COBRARHASTADIAS, PORCENTAJE_MINIMO, PORCENTAJE_MAXIMO, CAMPO_DIA_COBRO, GENERA_RESERVA, DIAS_COBRO_HASTA_INMOVILIZADA, DESCRIPCION_1, DESCRIPCION_2, DESCRIPCION_3, GENERA_FACTURA_EN_CERO, TIPO_CARGO_IMPOSITIVO)
VALUES (434, ''Dev Percep RG 4815'', ''N'', ''N'', 10, ''N'', NULL, 58367, 1, 0, 9999999999999, ''C'', 0, 577, 0, ''N'', 9999, 0, NULL, NULL, ''R'', ''R'', ''N'', 2, ''F'', ''N'', ''20990331'', ''19990301'', 0, ''N'', 225, ''N'', ''I'', ''N'', 0, 0, 0, 0, 0, NULL, 0, NULL, NULL, NULL, ''N'', 22)

INSERT INTO CI_CARGOS (ID_CARGO, DESCRIPCION, ENQUEUE, EXONERABLE, ID_FORMULA, ACTUALIZABLE, CONDICION, PIVOT_, MONEDA_IMPORTE, IMPORTE_MINIMO, IMPORTE_MAXIMO, TRATAMIENTO_MINIMO, TZ_LOCK, CAMPO_MONTO_IMPONIBLE, CAMPO_RANGO_TARIFA, NETEAR, CANTIDAD_REINTENTOS, CONCEPTO, PIVOT_ENCOLA, CONTABILIZA, SOBREGIRO, BLOQUEO, CONTROL_MAX_MIN, TIPO_FECHA_VIGENCIA, TIPO_DOCUMENTO, ACEPTAPAGOPARCIAL, FECHAHASTA, FECHADESDE, MONEDA_RANGO, BUSCA_MONEDA_RANGO, CODIGO_TRANSACCION, REGENERA_AL_PAGAR, CARGO_O_IMPUESTO, INCLUIRENCUOTA, CUOTASNOCONSIDERARALFINAL, COBRARHASTADIAS, PORCENTAJE_MINIMO, PORCENTAJE_MAXIMO, CAMPO_DIA_COBRO, GENERA_RESERVA, DIAS_COBRO_HASTA_INMOVILIZADA, DESCRIPCION_1, DESCRIPCION_2, DESCRIPCION_3, GENERA_FACTURA_EN_CERO, TIPO_CARGO_IMPOSITIVO)
VALUES (435, ''Dev Percep RG 5272'', ''N'', ''N'', 10, ''N'', NULL, 58368, 1, 0, 9999999999999, ''C'', 0, 577, 0, ''N'', 9999, 0, NULL, NULL, ''R'', ''R'', ''N'', 2, ''F'', ''N'', ''20990331'', ''19990301'', 0, ''N'', 226, ''N'', ''I'', ''N'', 0, 0, 0, 0, 0, NULL, 0, NULL, NULL, NULL, ''N'', 23)



---creacion de formulas (hay que crear formula para que solamente cobre si el cliente no es publico, cli_sectores)

INSERT INTO CI_FORMULAS (ID_FORMULA, DESCRIPCION, FORMULA, TZ_LOCK, ES_CONDICION)
VALUES (200, ''SECTOR DISTINTO A PUBLICO'', ''(C1031#''''02'''')'', 0, 0)



---tarifas

INSERT INTO CI_CARGOS_TARIFAS (ID_CARGO, MONEDA, RANGO_HASTA, TASA, IMPORTE_APLICAR, MONEDA_IMPORTE, TZ_LOCK, ID_CLIENTE, SEGMENTO, APLICA_MIN_MAX, IMPORTE_MINIMO, IMPORTE_MAXIMO, FECHA_DESDE, FECHA_HASTA, EMPRESA)
VALUES (430, 1, 9999999999999, 0.03, 0, 1, 0, 0, ''0'', ''N'', 0, 0, ''20000101'', ''20990101'', 0)


INSERT INTO CI_CARGOS_TARIFAS (ID_CARGO, MONEDA, RANGO_HASTA, TASA, IMPORTE_APLICAR, MONEDA_IMPORTE, TZ_LOCK, ID_CLIENTE, SEGMENTO, APLICA_MIN_MAX, IMPORTE_MINIMO, IMPORTE_MAXIMO, FECHA_DESDE, FECHA_HASTA, EMPRESA)
VALUES (431, 1, 9999999999999, 0.03, 0, 1, 0, 0, ''0'', ''N'', 0, 0, ''20000101'', ''20990101'', 0)





---creacion de evento

INSERT INTO CI_EVENTO (ID_EVENTO, DESCRIPCION, TZ_LOCK)
VALUES (276, ''COMPRA VENTA M.E.'', 0)



---relacion de cargos eventos


INSERT INTO CI_CARGOS_X_EVENTO (ID_CARGO, ID_EVENTO, TZ_LOCK, TIPO_RELACION, CAMPO_SEGMENTO, DESCRIPCION_SEGMENTO, PRIORIDAD)
VALUES (430, 276, 0, ''A'', 0, '''', 1)


INSERT INTO CI_CARGOS_X_EVENTO (ID_CARGO, ID_EVENTO, TZ_LOCK, TIPO_RELACION, CAMPO_SEGMENTO, DESCRIPCION_SEGMENTO, PRIORIDAD)
VALUES (431, 276, 0, ''A'', 0, '''', 2)


---relacion de impuestos cargos


INSERT INTO CI_IMPUESTOS_X_CARGO (ID_IMPUESTO, ID_CARGO, LECTURA_TOPAZ, TZ_LOCK, CAMPO_SEGMENTO, DESCRIPCION_SEGMENTO)
VALUES (10, 430, ''A'', 0, 34096, ''Cond CREDEB'')


INSERT INTO CI_IMPUESTOS_X_CARGO (ID_IMPUESTO, ID_CARGO, LECTURA_TOPAZ, TZ_LOCK, CAMPO_SEGMENTO, DESCRIPCION_SEGMENTO)
VALUES (10, 431, ''A'', 0, 34096, ''Cond CREDEB'')


--- esquemas contables y esquemacampo (LINEA 15)58366, 58367, 58368 (3211510870,3211510970,3211510980)


INSERT INTO ESQUEMACONTABLE (PROCESO, RUBRO, MONEDA, LINEA, ORDINAL, DESCRIPCION, CAMPO, RUBROSALIDA, CD, D_DC, C_DC, TRANSACCION, CONDICION, USAR_CAMPOS_MOVIMIENTOS)
VALUES (0, 300001, -1, 56, 1, ''IMPUESTO PAIS'', 58366, 3211510870, NULL, ''C'', ''D'', 7, ''1=1'', ''S'')


INSERT INTO ESQUEMACONTABLE (PROCESO, RUBRO, MONEDA, LINEA, ORDINAL, DESCRIPCION, CAMPO, RUBROSALIDA, CD, D_DC, C_DC, TRANSACCION, CONDICION, USAR_CAMPOS_MOVIMIENTOS)
VALUES (0, 300002, -1, 56, 1, ''IMPUESTO PAIS'', 58366, 3211510870, NULL, ''C'', ''D'', 7, ''1=1'', ''S'')


INSERT INTO ESQUEMACONTABLE (PROCESO, RUBRO, MONEDA, LINEA, ORDINAL, DESCRIPCION, CAMPO, RUBROSALIDA, CD, D_DC, C_DC, TRANSACCION, CONDICION, USAR_CAMPOS_MOVIMIENTOS)
VALUES (0, 300003, -1, 56, 1, ''IMPUESTO PAIS'', 58366, 3211510870, NULL, ''C'', ''D'', 7, ''1=1'', ''S'')


INSERT INTO ESQUEMACONTABLE (PROCESO, RUBRO, MONEDA, LINEA, ORDINAL, DESCRIPCION, CAMPO, RUBROSALIDA, CD, D_DC, C_DC, TRANSACCION, CONDICION, USAR_CAMPOS_MOVIMIENTOS)
VALUES (0, 300004, -1, 56, 1, ''IMPUESTO PAIS'', 58366, 3211510870, NULL, ''C'', ''D'', 7, ''1=1'', ''S'')


INSERT INTO ESQUEMACONTABLE (PROCESO, RUBRO, MONEDA, LINEA, ORDINAL, DESCRIPCION, CAMPO, RUBROSALIDA, CD, D_DC, C_DC, TRANSACCION, CONDICION, USAR_CAMPOS_MOVIMIENTOS)
VALUES (0, 300005, -1, 56, 1, ''IMPUESTO PAIS'', 58366, 3211510870, NULL, ''C'', ''D'', 7, ''1=1'', ''S'')


INSERT INTO ESQUEMACONTABLE (PROCESO, RUBRO, MONEDA, LINEA, ORDINAL, DESCRIPCION, CAMPO, RUBROSALIDA, CD, D_DC, C_DC, TRANSACCION, CONDICION, USAR_CAMPOS_MOVIMIENTOS)
VALUES (0, 300006, -1, 56, 1, ''IMPUESTO PAIS'', 58366, 3211510870, NULL, ''C'', ''D'', 7, ''1=1'', ''S'')


INSERT INTO ESQUEMACONTABLE (PROCESO, RUBRO, MONEDA, LINEA, ORDINAL, DESCRIPCION, CAMPO, RUBROSALIDA, CD, D_DC, C_DC, TRANSACCION, CONDICION, USAR_CAMPOS_MOVIMIENTOS)
VALUES (0, 300007, -1, 56, 1, ''IMPUESTO PAIS'', 58366, 3211510870, NULL, ''C'', ''D'', 7, ''1=1'', ''S'')


INSERT INTO ESQUEMACONTABLE (PROCESO, RUBRO, MONEDA, LINEA, ORDINAL, DESCRIPCION, CAMPO, RUBROSALIDA, CD, D_DC, C_DC, TRANSACCION, CONDICION, USAR_CAMPOS_MOVIMIENTOS)
VALUES (0, 310042, -1, 56, 1, ''IMPUESTO PAIS'', 58366, 3211510870, NULL, ''C'', ''D'', 7, ''1=1'', ''S'')


INSERT INTO ESQUEMACONTABLE (PROCESO, RUBRO, MONEDA, LINEA, ORDINAL, DESCRIPCION, CAMPO, RUBROSALIDA, CD, D_DC, C_DC, TRANSACCION, CONDICION, USAR_CAMPOS_MOVIMIENTOS)
VALUES (0, 311000, -1, 56, 1, ''IMPUESTO PAIS'', 58366, 3211510870, NULL, ''C'', ''D'', 7, ''1=1'', ''S'')


INSERT INTO ESQUEMACONTABLE (PROCESO, RUBRO, MONEDA, LINEA, ORDINAL, DESCRIPCION, CAMPO, RUBROSALIDA, CD, D_DC, C_DC, TRANSACCION, CONDICION, USAR_CAMPOS_MOVIMIENTOS)
VALUES (0, 400001, -1, 56, 1, ''IMPUESTO PAIS'', 58366, 3211510870, NULL, ''C'', ''D'', 7, ''1=1'', ''S'')


INSERT INTO ESQUEMACONTABLE (PROCESO, RUBRO, MONEDA, LINEA, ORDINAL, DESCRIPCION, CAMPO, RUBROSALIDA, CD, D_DC, C_DC, TRANSACCION, CONDICION, USAR_CAMPOS_MOVIMIENTOS)
VALUES (0, 400012, -1, 56, 1, ''IMPUESTO PAIS'', 58366, 3211510870, NULL, ''C'', ''D'', 7, ''1=1'', ''S'')


INSERT INTO ESQUEMACONTABLE (PROCESO, RUBRO, MONEDA, LINEA, ORDINAL, DESCRIPCION, CAMPO, RUBROSALIDA, CD, D_DC, C_DC, TRANSACCION, CONDICION, USAR_CAMPOS_MOVIMIENTOS)
VALUES (0, 400013, -1, 56, 1, ''IMPUESTO PAIS'', 58366, 3211510870, NULL, ''C'', ''D'', 7, ''1=1'', ''S'')


INSERT INTO ESQUEMACONTABLE (PROCESO, RUBRO, MONEDA, LINEA, ORDINAL, DESCRIPCION, CAMPO, RUBROSALIDA, CD, D_DC, C_DC, TRANSACCION, CONDICION, USAR_CAMPOS_MOVIMIENTOS)
VALUES (0, 400014, -1, 56, 1, ''IMPUESTO PAIS'', 58366, 3211510870, NULL, ''C'', ''D'', 7, ''1=1'', ''S'')


INSERT INTO ESQUEMACONTABLE (PROCESO, RUBRO, MONEDA, LINEA, ORDINAL, DESCRIPCION, CAMPO, RUBROSALIDA, CD, D_DC, C_DC, TRANSACCION, CONDICION, USAR_CAMPOS_MOVIMIENTOS)
VALUES (0, 400015, -1, 56, 1, ''IMPUESTO PAIS'', 58366, 3211510870, NULL, ''C'', ''D'', 7, ''1=1'', ''S'')


INSERT INTO ESQUEMACONTABLE (PROCESO, RUBRO, MONEDA, LINEA, ORDINAL, DESCRIPCION, CAMPO, RUBROSALIDA, CD, D_DC, C_DC, TRANSACCION, CONDICION, USAR_CAMPOS_MOVIMIENTOS)
VALUES (0, 400016, -1, 56, 1, ''IMPUESTO PAIS'', 58366, 3211510870, NULL, ''C'', ''D'', 7, ''1=1'', ''S'')


INSERT INTO ESQUEMACONTABLE (PROCESO, RUBRO, MONEDA, LINEA, ORDINAL, DESCRIPCION, CAMPO, RUBROSALIDA, CD, D_DC, C_DC, TRANSACCION, CONDICION, USAR_CAMPOS_MOVIMIENTOS)
VALUES (0, 400017, -1, 56, 1, ''IMPUESTO PAIS'', 58366, 3211510870, NULL, ''C'', ''D'', 7, ''1=1'', ''S'')


INSERT INTO ESQUEMACONTABLE (PROCESO, RUBRO, MONEDA, LINEA, ORDINAL, DESCRIPCION, CAMPO, RUBROSALIDA, CD, D_DC, C_DC, TRANSACCION, CONDICION, USAR_CAMPOS_MOVIMIENTOS)
VALUES (0, 400018, -1, 56, 1, ''IMPUESTO PAIS'', 58366, 3211510870, NULL, ''C'', ''D'', 7, ''1=1'', ''S'')


INSERT INTO ESQUEMACONTABLE (PROCESO, RUBRO, MONEDA, LINEA, ORDINAL, DESCRIPCION, CAMPO, RUBROSALIDA, CD, D_DC, C_DC, TRANSACCION, CONDICION, USAR_CAMPOS_MOVIMIENTOS)
VALUES (0, 400070, -1, 56, 1, ''IMPUESTO PAIS'', 58366, 3211510870, NULL, ''C'', ''D'', 7, ''1=1'', ''S'')


-------------------------



INSERT INTO ESQUEMACONTABLE (PROCESO, RUBRO, MONEDA, LINEA, ORDINAL, DESCRIPCION, CAMPO, RUBROSALIDA, CD, D_DC, C_DC, TRANSACCION, CONDICION, USAR_CAMPOS_MOVIMIENTOS)
VALUES (0, 300001, -1, 57, 1, ''RG 4815'', 58367, 3211510970, NULL, ''C'', ''D'', 7, ''1=1'', ''S'')


INSERT INTO ESQUEMACONTABLE (PROCESO, RUBRO, MONEDA, LINEA, ORDINAL, DESCRIPCION, CAMPO, RUBROSALIDA, CD, D_DC, C_DC, TRANSACCION, CONDICION, USAR_CAMPOS_MOVIMIENTOS)
VALUES (0, 300002, -1, 57, 1, ''RG 4815'', 58367, 3211510970, NULL, ''C'', ''D'', 7, ''1=1'', ''S'')


INSERT INTO ESQUEMACONTABLE (PROCESO, RUBRO, MONEDA, LINEA, ORDINAL, DESCRIPCION, CAMPO, RUBROSALIDA, CD, D_DC, C_DC, TRANSACCION, CONDICION, USAR_CAMPOS_MOVIMIENTOS)
VALUES (0, 300003, -1, 57, 1, ''RG 4815'', 58367, 3211510970, NULL, ''C'', ''D'', 7, ''1=1'', ''S'')


INSERT INTO ESQUEMACONTABLE (PROCESO, RUBRO, MONEDA, LINEA, ORDINAL, DESCRIPCION, CAMPO, RUBROSALIDA, CD, D_DC, C_DC, TRANSACCION, CONDICION, USAR_CAMPOS_MOVIMIENTOS)
VALUES (0, 300004, -1, 57, 1, ''RG 4815'', 58367, 3211510970, NULL, ''C'', ''D'', 7, ''1=1'', ''S'')


INSERT INTO ESQUEMACONTABLE (PROCESO, RUBRO, MONEDA, LINEA, ORDINAL, DESCRIPCION, CAMPO, RUBROSALIDA, CD, D_DC, C_DC, TRANSACCION, CONDICION, USAR_CAMPOS_MOVIMIENTOS)
VALUES (0, 300005, -1, 57, 1, ''RG 4815'', 58367, 3211510970, NULL, ''C'', ''D'', 7, ''1=1'', ''S'')


INSERT INTO ESQUEMACONTABLE (PROCESO, RUBRO, MONEDA, LINEA, ORDINAL, DESCRIPCION, CAMPO, RUBROSALIDA, CD, D_DC, C_DC, TRANSACCION, CONDICION, USAR_CAMPOS_MOVIMIENTOS)
VALUES (0, 300006, -1, 57, 1, ''RG 4815'', 58367, 3211510970, NULL, ''C'', ''D'', 7, ''1=1'', ''S'')


INSERT INTO ESQUEMACONTABLE (PROCESO, RUBRO, MONEDA, LINEA, ORDINAL, DESCRIPCION, CAMPO, RUBROSALIDA, CD, D_DC, C_DC, TRANSACCION, CONDICION, USAR_CAMPOS_MOVIMIENTOS)
VALUES (0, 300007, -1, 57, 1, ''RG 4815'', 58367, 3211510970, NULL, ''C'', ''D'', 7, ''1=1'', ''S'')


INSERT INTO ESQUEMACONTABLE (PROCESO, RUBRO, MONEDA, LINEA, ORDINAL, DESCRIPCION, CAMPO, RUBROSALIDA, CD, D_DC, C_DC, TRANSACCION, CONDICION, USAR_CAMPOS_MOVIMIENTOS)
VALUES (0, 310042, -1, 57, 1, ''RG 4815'', 58367, 3211510970, NULL, ''C'', ''D'', 7, ''1=1'', ''S'')


INSERT INTO ESQUEMACONTABLE (PROCESO, RUBRO, MONEDA, LINEA, ORDINAL, DESCRIPCION, CAMPO, RUBROSALIDA, CD, D_DC, C_DC, TRANSACCION, CONDICION, USAR_CAMPOS_MOVIMIENTOS)
VALUES (0, 311000, -1, 57, 1, ''RG 4815'', 58367, 3211510970, NULL, ''C'', ''D'', 7, ''1=1'', ''S'')


INSERT INTO ESQUEMACONTABLE (PROCESO, RUBRO, MONEDA, LINEA, ORDINAL, DESCRIPCION, CAMPO, RUBROSALIDA, CD, D_DC, C_DC, TRANSACCION, CONDICION, USAR_CAMPOS_MOVIMIENTOS)
VALUES (0, 400001, -1, 57, 1, ''RG 4815'', 58367, 3211510970, NULL, ''C'', ''D'', 7, ''1=1'', ''S'')


INSERT INTO ESQUEMACONTABLE (PROCESO, RUBRO, MONEDA, LINEA, ORDINAL, DESCRIPCION, CAMPO, RUBROSALIDA, CD, D_DC, C_DC, TRANSACCION, CONDICION, USAR_CAMPOS_MOVIMIENTOS)
VALUES (0, 400012, -1, 57, 1, ''RG 4815'', 58367, 3211510970, NULL, ''C'', ''D'', 7, ''1=1'', ''S'')


INSERT INTO ESQUEMACONTABLE (PROCESO, RUBRO, MONEDA, LINEA, ORDINAL, DESCRIPCION, CAMPO, RUBROSALIDA, CD, D_DC, C_DC, TRANSACCION, CONDICION, USAR_CAMPOS_MOVIMIENTOS)
VALUES (0, 400013, -1, 57, 1, ''RG 4815'', 58367, 3211510970, NULL, ''C'', ''D'', 7, ''1=1'', ''S'')


INSERT INTO ESQUEMACONTABLE (PROCESO, RUBRO, MONEDA, LINEA, ORDINAL, DESCRIPCION, CAMPO, RUBROSALIDA, CD, D_DC, C_DC, TRANSACCION, CONDICION, USAR_CAMPOS_MOVIMIENTOS)
VALUES (0, 400014, -1, 57, 1, ''RG 4815'', 58367, 3211510970, NULL, ''C'', ''D'', 7, ''1=1'', ''S'')


INSERT INTO ESQUEMACONTABLE (PROCESO, RUBRO, MONEDA, LINEA, ORDINAL, DESCRIPCION, CAMPO, RUBROSALIDA, CD, D_DC, C_DC, TRANSACCION, CONDICION, USAR_CAMPOS_MOVIMIENTOS)
VALUES (0, 400015, -1, 57, 1, ''RG 4815'', 58367, 3211510970, NULL, ''C'', ''D'', 7, ''1=1'', ''S'')


INSERT INTO ESQUEMACONTABLE (PROCESO, RUBRO, MONEDA, LINEA, ORDINAL, DESCRIPCION, CAMPO, RUBROSALIDA, CD, D_DC, C_DC, TRANSACCION, CONDICION, USAR_CAMPOS_MOVIMIENTOS)
VALUES (0, 400016, -1, 57, 1, ''RG 4815'', 58367, 3211510970, NULL, ''C'', ''D'', 7, ''1=1'', ''S'')


INSERT INTO ESQUEMACONTABLE (PROCESO, RUBRO, MONEDA, LINEA, ORDINAL, DESCRIPCION, CAMPO, RUBROSALIDA, CD, D_DC, C_DC, TRANSACCION, CONDICION, USAR_CAMPOS_MOVIMIENTOS)
VALUES (0, 400017, -1, 57, 1, ''RG 4815'', 58367, 3211510970, NULL, ''C'', ''D'', 7, ''1=1'', ''S'')


INSERT INTO ESQUEMACONTABLE (PROCESO, RUBRO, MONEDA, LINEA, ORDINAL, DESCRIPCION, CAMPO, RUBROSALIDA, CD, D_DC, C_DC, TRANSACCION, CONDICION, USAR_CAMPOS_MOVIMIENTOS)
VALUES (0, 400018, -1, 57, 1, ''RG 4815'', 58367, 3211510970, NULL, ''C'', ''D'', 7, ''1=1'', ''S'')


INSERT INTO ESQUEMACONTABLE (PROCESO, RUBRO, MONEDA, LINEA, ORDINAL, DESCRIPCION, CAMPO, RUBROSALIDA, CD, D_DC, C_DC, TRANSACCION, CONDICION, USAR_CAMPOS_MOVIMIENTOS)
VALUES (0, 400070, -1, 57, 1, ''RG 4815'', 58367, 3211510970, NULL, ''C'', ''D'', 7, ''1=1'', ''S'')


-----------------------------



INSERT INTO ESQUEMACONTABLE (PROCESO, RUBRO, MONEDA, LINEA, ORDINAL, DESCRIPCION, CAMPO, RUBROSALIDA, CD, D_DC, C_DC, TRANSACCION, CONDICION, USAR_CAMPOS_MOVIMIENTOS)
VALUES (0, 300001, -1, 58, 1, ''RG 5272'', 58368, 3211510980, NULL, ''C'', ''D'', 7, ''1=1'', ''S'')


INSERT INTO ESQUEMACONTABLE (PROCESO, RUBRO, MONEDA, LINEA, ORDINAL, DESCRIPCION, CAMPO, RUBROSALIDA, CD, D_DC, C_DC, TRANSACCION, CONDICION, USAR_CAMPOS_MOVIMIENTOS)
VALUES (0, 300002, -1, 58, 1, ''RG 5272'', 58368, 3211510980, NULL, ''C'', ''D'', 7, ''1=1'', ''S'')


INSERT INTO ESQUEMACONTABLE (PROCESO, RUBRO, MONEDA, LINEA, ORDINAL, DESCRIPCION, CAMPO, RUBROSALIDA, CD, D_DC, C_DC, TRANSACCION, CONDICION, USAR_CAMPOS_MOVIMIENTOS)
VALUES (0, 300003, -1, 58, 1, ''RG 5272'', 58368, 3211510980, NULL, ''C'', ''D'', 7, ''1=1'', ''S'')


INSERT INTO ESQUEMACONTABLE (PROCESO, RUBRO, MONEDA, LINEA, ORDINAL, DESCRIPCION, CAMPO, RUBROSALIDA, CD, D_DC, C_DC, TRANSACCION, CONDICION, USAR_CAMPOS_MOVIMIENTOS)
VALUES (0, 300004, -1, 58, 1, ''RG 5272'', 58368, 3211510980, NULL, ''C'', ''D'', 7, ''1=1'', ''S'')


INSERT INTO ESQUEMACONTABLE (PROCESO, RUBRO, MONEDA, LINEA, ORDINAL, DESCRIPCION, CAMPO, RUBROSALIDA, CD, D_DC, C_DC, TRANSACCION, CONDICION, USAR_CAMPOS_MOVIMIENTOS)
VALUES (0, 300005, -1, 58, 1, ''RG 5272'', 58368, 3211510980, NULL, ''C'', ''D'', 7, ''1=1'', ''S'')


INSERT INTO ESQUEMACONTABLE (PROCESO, RUBRO, MONEDA, LINEA, ORDINAL, DESCRIPCION, CAMPO, RUBROSALIDA, CD, D_DC, C_DC, TRANSACCION, CONDICION, USAR_CAMPOS_MOVIMIENTOS)
VALUES (0, 300006, -1, 58, 1, ''RG 5272'', 58368, 3211510980, NULL, ''C'', ''D'', 7, ''1=1'', ''S'')


INSERT INTO ESQUEMACONTABLE (PROCESO, RUBRO, MONEDA, LINEA, ORDINAL, DESCRIPCION, CAMPO, RUBROSALIDA, CD, D_DC, C_DC, TRANSACCION, CONDICION, USAR_CAMPOS_MOVIMIENTOS)
VALUES (0, 300007, -1, 58, 1, ''RG 5272'', 58368, 3211510980, NULL, ''C'', ''D'', 7, ''1=1'', ''S'')


INSERT INTO ESQUEMACONTABLE (PROCESO, RUBRO, MONEDA, LINEA, ORDINAL, DESCRIPCION, CAMPO, RUBROSALIDA, CD, D_DC, C_DC, TRANSACCION, CONDICION, USAR_CAMPOS_MOVIMIENTOS)
VALUES (0, 310042, -1, 58, 1, ''RG 5272'', 58368, 3211510980, NULL, ''C'', ''D'', 7, ''1=1'', ''S'')


INSERT INTO ESQUEMACONTABLE (PROCESO, RUBRO, MONEDA, LINEA, ORDINAL, DESCRIPCION, CAMPO, RUBROSALIDA, CD, D_DC, C_DC, TRANSACCION, CONDICION, USAR_CAMPOS_MOVIMIENTOS)
VALUES (0, 311000, -1, 58, 1, ''RG 5272'', 58368, 3211510980, NULL, ''C'', ''D'', 7, ''1=1'', ''S'')


INSERT INTO ESQUEMACONTABLE (PROCESO, RUBRO, MONEDA, LINEA, ORDINAL, DESCRIPCION, CAMPO, RUBROSALIDA, CD, D_DC, C_DC, TRANSACCION, CONDICION, USAR_CAMPOS_MOVIMIENTOS)
VALUES (0, 400001, -1, 58, 1, ''RG 5272'', 58368, 3211510980, NULL, ''C'', ''D'', 7, ''1=1'', ''S'')


INSERT INTO ESQUEMACONTABLE (PROCESO, RUBRO, MONEDA, LINEA, ORDINAL, DESCRIPCION, CAMPO, RUBROSALIDA, CD, D_DC, C_DC, TRANSACCION, CONDICION, USAR_CAMPOS_MOVIMIENTOS)
VALUES (0, 400012, -1, 58, 1, ''RG 5272'', 58368, 3211510980, NULL, ''C'', ''D'', 7, ''1=1'', ''S'')


INSERT INTO ESQUEMACONTABLE (PROCESO, RUBRO, MONEDA, LINEA, ORDINAL, DESCRIPCION, CAMPO, RUBROSALIDA, CD, D_DC, C_DC, TRANSACCION, CONDICION, USAR_CAMPOS_MOVIMIENTOS)
VALUES (0, 400013, -1, 58, 1, ''RG 5272'', 58368, 3211510980, NULL, ''C'', ''D'', 7, ''1=1'', ''S'')


INSERT INTO ESQUEMACONTABLE (PROCESO, RUBRO, MONEDA, LINEA, ORDINAL, DESCRIPCION, CAMPO, RUBROSALIDA, CD, D_DC, C_DC, TRANSACCION, CONDICION, USAR_CAMPOS_MOVIMIENTOS)
VALUES (0, 400014, -1, 58, 1, ''RG 5272'', 58368, 3211510980, NULL, ''C'', ''D'', 7, ''1=1'', ''S'')


INSERT INTO ESQUEMACONTABLE (PROCESO, RUBRO, MONEDA, LINEA, ORDINAL, DESCRIPCION, CAMPO, RUBROSALIDA, CD, D_DC, C_DC, TRANSACCION, CONDICION, USAR_CAMPOS_MOVIMIENTOS)
VALUES (0, 400015, -1, 58, 1, ''RG 5272'', 58368, 3211510980, NULL, ''C'', ''D'', 7, ''1=1'', ''S'')


INSERT INTO ESQUEMACONTABLE (PROCESO, RUBRO, MONEDA, LINEA, ORDINAL, DESCRIPCION, CAMPO, RUBROSALIDA, CD, D_DC, C_DC, TRANSACCION, CONDICION, USAR_CAMPOS_MOVIMIENTOS)
VALUES (0, 400016, -1, 58, 1, ''RG 5272'', 58368, 3211510980, NULL, ''C'', ''D'', 7, ''1=1'', ''S'')


INSERT INTO ESQUEMACONTABLE (PROCESO, RUBRO, MONEDA, LINEA, ORDINAL, DESCRIPCION, CAMPO, RUBROSALIDA, CD, D_DC, C_DC, TRANSACCION, CONDICION, USAR_CAMPOS_MOVIMIENTOS)
VALUES (0, 400017, -1, 58, 1, ''RG 5272'', 58368, 3211510980, NULL, ''C'', ''D'', 7, ''1=1'', ''S'')


INSERT INTO ESQUEMACONTABLE (PROCESO, RUBRO, MONEDA, LINEA, ORDINAL, DESCRIPCION, CAMPO, RUBROSALIDA, CD, D_DC, C_DC, TRANSACCION, CONDICION, USAR_CAMPOS_MOVIMIENTOS)
VALUES (0, 400018, -1, 58, 1, ''RG 5272'', 58368, 3211510980, NULL, ''C'', ''D'', 7, ''1=1'', ''S'')


INSERT INTO ESQUEMACONTABLE (PROCESO, RUBRO, MONEDA, LINEA, ORDINAL, DESCRIPCION, CAMPO, RUBROSALIDA, CD, D_DC, C_DC, TRANSACCION, CONDICION, USAR_CAMPOS_MOVIMIENTOS)
VALUES (0, 400070, -1, 58, 1, ''RG 5272'', 58368, 3211510980, NULL, ''C'', ''D'', 7, ''1=1'', ''S'')
')
