EXECUTE('
--------------------------
--NUEVOS CARGOS Y CAMPOS--
--------------------------
DELETE FROM CI_EVENTO WHERE ID_EVENTO = 1450
--
INSERT INTO CI_EVENTO (ID_EVENTO, DESCRIPCION, TZ_LOCK)
VALUES (1450, ''RECHAZO DE CHEQUES'', 0)
----
DELETE FROM CI_CARGOS WHERE ID_CARGO = 1450
--
DELETE FROM CI_CARGOS WHERE ID_CARGO = 1451
--
INSERT INTO CI_CARGOS (ID_CARGO, DESCRIPCION, ENQUEUE, EXONERABLE, ID_FORMULA, ACTUALIZABLE, CONDICION, PIVOT_, MONEDA_IMPORTE, IMPORTE_MINIMO, IMPORTE_MAXIMO, TRATAMIENTO_MINIMO, TZ_LOCK, CAMPO_MONTO_IMPONIBLE, CAMPO_RANGO_TARIFA, NETEAR, CANTIDAD_REINTENTOS, CONCEPTO, PIVOT_ENCOLA, CONTABILIZA, SOBREGIRO, BLOQUEO, CONTROL_MAX_MIN, TIPO_FECHA_VIGENCIA, TIPO_DOCUMENTO, ACEPTAPAGOPARCIAL, FECHAHASTA, FECHADESDE, MONEDA_RANGO, BUSCA_MONEDA_RANGO, CODIGO_TRANSACCION, REGENERA_AL_PAGAR, CARGO_O_IMPUESTO, INCLUIRENCUOTA, CUOTASNOCONSIDERARALFINAL, COBRARHASTADIAS, PORCENTAJE_MINIMO, PORCENTAJE_MAXIMO, CAMPO_DIA_COBRO, GENERA_RESERVA, DIAS_COBRO_HASTA_INMOVILIZADA, DESCRIPCION_1, DESCRIPCION_2, DESCRIPCION_3, GENERA_FACTURA_EN_CERO, TIPO_CARGO_IMPOSITIVO)
VALUES (1450, ''COMISION POR GESTION DE CHEQUES OTRO BCO'', ''N'', ''N'', 1, ''N'', 1450, 34355, 1, 0, 9999999999999.99, ''C'', 0, 0, 0, ''N'', 200, 0, NULL, ''N'', ''E'', ''C'', ''N'', 2, ''F'', ''N'', NULL, ''20100210'', 0, ''N'', 77, ''N'', ''C'', ''N'', 0, 0, 0, 0, 0, ''S'', 0, NULL, NULL, NULL, ''N'', 0)
--
INSERT INTO CI_CARGOS (ID_CARGO, DESCRIPCION, ENQUEUE, EXONERABLE, ID_FORMULA, ACTUALIZABLE, CONDICION, PIVOT_, MONEDA_IMPORTE, IMPORTE_MINIMO, IMPORTE_MAXIMO, TRATAMIENTO_MINIMO, TZ_LOCK, CAMPO_MONTO_IMPONIBLE, CAMPO_RANGO_TARIFA, NETEAR, CANTIDAD_REINTENTOS, CONCEPTO, PIVOT_ENCOLA, CONTABILIZA, SOBREGIRO, BLOQUEO, CONTROL_MAX_MIN, TIPO_FECHA_VIGENCIA, TIPO_DOCUMENTO, ACEPTAPAGOPARCIAL, FECHAHASTA, FECHADESDE, MONEDA_RANGO, BUSCA_MONEDA_RANGO, CODIGO_TRANSACCION, REGENERA_AL_PAGAR, CARGO_O_IMPUESTO, INCLUIRENCUOTA, CUOTASNOCONSIDERARALFINAL, COBRARHASTADIAS, PORCENTAJE_MINIMO, PORCENTAJE_MAXIMO, CAMPO_DIA_COBRO, GENERA_RESERVA, DIAS_COBRO_HASTA_INMOVILIZADA, DESCRIPCION_1, DESCRIPCION_2, DESCRIPCION_3, GENERA_FACTURA_EN_CERO, TIPO_CARGO_IMPOSITIVO)
VALUES (1451, ''COMISION RECHAZO CHEQUE OTRO BCO'', ''N'', ''N'', 1, ''N'', 1451, 34355, 1, 0, 9999999999999.99, ''C'', 0, 0, 0, ''N'', 200, 0, NULL, ''N'', ''E'', ''C'', ''N'', 2, ''F'', ''N'', NULL, ''20100210'', 0, ''N'', 77, ''N'', ''C'', ''N'', 0, 0, 0, 0, 0, ''S'', 0, NULL, NULL, NULL, ''N'', 0)
----
DELETE FROM CI_CARGOS_TARIFAS WHERE ID_CARGO = 1450
--
DELETE FROM CI_CARGOS_TARIFAS WHERE ID_CARGO = 1451
--
INSERT INTO CI_CARGOS_TARIFAS (ID_CARGO, MONEDA, RANGO_HASTA, TASA, IMPORTE_APLICAR, MONEDA_IMPORTE, TZ_LOCK, ID_CLIENTE, SEGMENTO, APLICA_MIN_MAX, IMPORTE_MINIMO, IMPORTE_MAXIMO, FECHA_DESDE, FECHA_HASTA)
VALUES (1450, 1, 9999999999999, 0, 194, 1, 0, 0, ''0'', ''N'', 0, 0, ''20100210'', ''20990101'')
--
INSERT INTO CI_CARGOS_TARIFAS (ID_CARGO, MONEDA, RANGO_HASTA, TASA, IMPORTE_APLICAR, MONEDA_IMPORTE, TZ_LOCK, ID_CLIENTE, SEGMENTO, APLICA_MIN_MAX, IMPORTE_MINIMO, IMPORTE_MAXIMO, FECHA_DESDE, FECHA_HASTA)
VALUES (1450, 2, 9999999999999, 0, 194, 1, 0, 0, ''0'', ''N'', 0, 0, ''20100210'', ''20990101'')
--
INSERT INTO CI_CARGOS_TARIFAS (ID_CARGO, MONEDA, RANGO_HASTA, TASA, IMPORTE_APLICAR, MONEDA_IMPORTE, TZ_LOCK, ID_CLIENTE, SEGMENTO, APLICA_MIN_MAX, IMPORTE_MINIMO, IMPORTE_MAXIMO, FECHA_DESDE, FECHA_HASTA)
VALUES (1451, 1, 9999999999999, 0, 500, 1, 0, 0, ''0'', ''N'', 0, 0, ''20100210'', ''20990101'')
--
INSERT INTO CI_CARGOS_TARIFAS (ID_CARGO, MONEDA, RANGO_HASTA, TASA, IMPORTE_APLICAR, MONEDA_IMPORTE, TZ_LOCK, ID_CLIENTE, SEGMENTO, APLICA_MIN_MAX, IMPORTE_MINIMO, IMPORTE_MAXIMO, FECHA_DESDE, FECHA_HASTA)
VALUES (1451, 2, 9999999999999, 0, 500, 1, 0, 0, ''0'', ''N'', 0, 0, ''20100210'', ''20990101'')
----
DELETE FROM CI_CARGOS_X_EVENTO WHERE ID_EVENTO = 1450
--
INSERT INTO CI_CARGOS_X_EVENTO (ID_CARGO, ID_EVENTO, TZ_LOCK, TIPO_RELACION, CAMPO_SEGMENTO, DESCRIPCION_SEGMENTO, PRIORIDAD)
VALUES (1450, 1450, 0, ''A'', 0, '''', 1)
--
INSERT INTO CI_CARGOS_X_EVENTO (ID_CARGO, ID_EVENTO, TZ_LOCK, TIPO_RELACION, CAMPO_SEGMENTO, DESCRIPCION_SEGMENTO, PRIORIDAD)
VALUES (1451, 1450, 0, ''A'', 0, '''', 2)
----
DELETE FROM CI_IMPUESTOS_X_CARGO WHERE ID_CARGO = 1450
--
DELETE FROM CI_IMPUESTOS_X_CARGO WHERE ID_CARGO = 1451
--
INSERT INTO CI_IMPUESTOS_X_CARGO (ID_IMPUESTO, ID_CARGO, LECTURA_TOPAZ, TZ_LOCK, CAMPO_SEGMENTO, DESCRIPCION_SEGMENTO)
VALUES (3, 1450, ''A'', 0, 0, NULL)
--
INSERT INTO CI_IMPUESTOS_X_CARGO (ID_IMPUESTO, ID_CARGO, LECTURA_TOPAZ, TZ_LOCK, CAMPO_SEGMENTO, DESCRIPCION_SEGMENTO)
VALUES (3, 1451, ''A'', 0, 0, NULL)
--
INSERT INTO CI_IMPUESTOS_X_CARGO (ID_IMPUESTO, ID_CARGO, LECTURA_TOPAZ, TZ_LOCK, CAMPO_SEGMENTO, DESCRIPCION_SEGMENTO)
VALUES (4, 1450, ''A'', 0, 1357, ''Cond Percep IVA'')
--
INSERT INTO CI_IMPUESTOS_X_CARGO (ID_IMPUESTO, ID_CARGO, LECTURA_TOPAZ, TZ_LOCK, CAMPO_SEGMENTO, DESCRIPCION_SEGMENTO)
VALUES (4, 1451, ''A'', 0, 1357, ''Cond Percep IVA'')
--
INSERT INTO CI_IMPUESTOS_X_CARGO (ID_IMPUESTO, ID_CARGO, LECTURA_TOPAZ, TZ_LOCK, CAMPO_SEGMENTO, DESCRIPCION_SEGMENTO)
VALUES (10, 1450, ''A'', 0, 34096, ''Cond CREDEB'')
--
INSERT INTO CI_IMPUESTOS_X_CARGO (ID_IMPUESTO, ID_CARGO, LECTURA_TOPAZ, TZ_LOCK, CAMPO_SEGMENTO, DESCRIPCION_SEGMENTO)
VALUES (10, 1451, ''A'', 0, 34096, ''Cond CREDEB'')
----
DELETE FROM CI_FORMULAS WHERE ID_FORMULA = 1450
--
DELETE FROM CI_FORMULAS WHERE ID_FORMULA = 1451
--
INSERT INTO CI_FORMULAS (ID_FORMULA, DESCRIPCION, FORMULA, TZ_LOCK, ES_CONDICION)
VALUES (1450, ''CONDICIÓN COMISION CHEQUES ACEPTADOS'', ''(C58700#''''70'''')'', 0, 1)
--
INSERT INTO CI_FORMULAS (ID_FORMULA, DESCRIPCION, FORMULA, TZ_LOCK, ES_CONDICION)
VALUES (1451, ''CONDICIÓN COMISION CHQ RECHAZADOS OTRO BCO'', ''(C3289#3)Y(C3289#4)Y(C3289#13)Y(C3289#24)Y(C3289#79)Y(C3289#81)Y(C3289#82)Y(C3289#93)Y(C3289#94)'', 0, 1)
----
--INSERT INTO DICCIONARIO (NUMERODECAMPO, USODELCAMPO, REFERENCIA, DESCRIPCION, PROMPT, LARGO, TIPODECAMPO, DECIMALES, EDICION, CONTABILIZA, CONCEPTO, CALCULO, VALIDACION, TABLADEVALIDACION, TABLADEAYUDA, OPCIONES, TABLA, CAMPO, BASICO, MASCARA)
--VALUES (3289, NULL, 0, ''Código rechazo'', ''Código rechazo'', 3, ''N'', 0, NULL, 0, 0, 0, 0, 0, 0, 0, 230, ''CODIGO_RECHAZO'', 0, NULL)
--
INSERT INTO DICCIONARIO (NUMERODECAMPO, USODELCAMPO, REFERENCIA, DESCRIPCION, PROMPT, LARGO, TIPODECAMPO, DECIMALES, EDICION, CONTABILIZA, CONCEPTO, CALCULO, VALIDACION, TABLADEVALIDACION, TABLADEAYUDA, OPCIONES, TABLA, CAMPO, BASICO, MASCARA)
VALUES (58700, '' '', 0, ''Marca rechazo cheq'', ''Marca rechazo cheq'', 15, ''A'', 0, NULL, 0, 0, 0, 0, 0, 0, 0, 0, NULL, 0, NULL)
----
')



