


-- Patch_NUSICREDBR_2632

-- Agregar Atributos a la Historia a Plazo
ALTER TABLE BS_HISTORIA_PLAZO ADD IPFPAGADO            NUMERIC(15, 2)DEFAULT(0) WITH VALUES;

ALTER TABLE BS_HISTORIA_PLAZO ADD IPF_MORATORIO_PAGADO NUMERIC(15, 2)DEFAULT(0) WITH VALUES;

-- Agregar Atributos a Saldos
ALTER TABLE SALDOS ADD C1609_IPF NUMERIC(15, 2) DEFAULT(0) WITH VALUES;

ALTER TABLE SALDOS ADD C1610_IPF NUMERIC(15, 2) DEFAULT(0) WITH VALUES;

ALTER TABLE SALDOS ADD C1814_IPF NUMERIC(15, 2) DEFAULT(0) WITH VALUES;

ALTER TABLE SALDOS ADD C1812_IPF NUMERIC(15, 2) DEFAULT(0) WITH VALUES;

ALTER TABLE SALDOS ADD IPF_MORATORIO_CONTAB_ANT NUMERIC(15, 2) DEFAULT(0) WITH VALUES;

ALTER TABLE SALDOS ADD IPF_MORATORIO_CONTAB NUMERIC(15, 2) DEFAULT(0) WITH VALUES;

ALTER TABLE SALDOS ADD IPF_MORATORIO_DEVEN_VIG NUMERIC(15, 2) DEFAULT(0) WITH VALUES;

ALTER TABLE SALDOS ADD IPF_MORATORIO_PERCIBIDA_VIG NUMERIC(15, 2) DEFAULT(0) WITH VALUES;

ALTER TABLE SALDOS ADD IPF_MORATORIO_PERCIBIDA NUMERIC(15, 2) DEFAULT(0) WITH VALUES;

ALTER TABLE SALDOS ADD FECHA_SALDO_IPF_MORATORIO DATETIME;

ALTER TABLE SALDOS ADD ULT_CUOTA_PAGA_IPF_MORATORIO NUMERIC(4, 0) DEFAULT(0) WITH VALUES;

ALTER TABLE SALDOS ADD ENT_A_CUENTA_IPF_MORATORIO NUMERIC(15, 2) DEFAULT(0) WITH VALUES;

ALTER TABLE SALDOS ADD IPF_DEV_VIG_FRANJA1 NUMERIC(15, 2) DEFAULT(0) WITH VALUES;

ALTER TABLE SALDOS ADD IPF_DEV_X_DIASATRASO NUMERIC(15, 2) DEFAULT(0) WITH VALUES;

ALTER TABLE SALDOS ADD IPF_MORATORIO_DEV_XDIASATRASO NUMERIC(15, 2) DEFAULT(0) WITH VALUES;

ALTER TABLE SALDOS ADD IPF_MORATORIO_PERC_XDIASATRASO NUMERIC(15, 2) DEFAULT(0) WITH VALUES;

-- Agregar Atributos a Contexto por Evento
ALTER TABLE BS_CONTEXTO_POR_EVENTO_HP ADD FECHA_SALDO_IPF_MORATORIO DATETIME;

ALTER TABLE BS_CONTEXTO_POR_EVENTO_HP ADD ENTREGA_A_CUENTA_IPF_MORATORIO NUMERIC(15, 2) DEFAULT(0) WITH VALUES;

ALTER TABLE BS_CONTEXTO_POR_EVENTO_HP ADD ULT_CUOTA_PAGO_IPF_MORATORIO NUMERIC(4, 0) DEFAULT(0) WITH VALUES;

ALTER TABLE BS_CONTEXTO_POR_EVENTO_HP ADD IPF_MORATORIO_PERCIBIDO NUMERIC(15, 2) DEFAULT(0) WITH VALUES;

ALTER TABLE BS_CONTEXTO_POR_EVENTO_HP ADD SAL_IPF_CONTABILIZADOS NUMERIC(15, 2) DEFAULT(0) WITH VALUES;

ALTER TABLE BS_CONTEXTO_POR_EVENTO_HP ADD SAL_IPF_REALIZADOS NUMERIC(15, 2) DEFAULT(0) WITH VALUES;

-- Agregar Atributos a Montos Originales de la Historia a Plazo
ALTER TABLE BS_HP_MONTOS_ORIGINALES ADD IPFPAGADO NUMERIC(15, 2) DEFAULT(0) WITH VALUES;

ALTER TABLE BS_HP_MONTOS_ORIGINALES ADD IPFMORAPAGADA NUMERIC(15, 2) DEFAULT(0) WITH VALUES;

-- Agregar Atributos a Pays Detail
ALTER TABLE BS_PAYS_DETAIL ADD IPF_ANTES NUMERIC(15, 2) DEFAULT(0) WITH VALUES;

ALTER TABLE BS_PAYS_DETAIL ADD SALDO_IPF_ANTES NUMERIC(15, 2) DEFAULT(0) WITH VALUES;

ALTER TABLE BS_PAYS_DETAIL ADD IPF_PAGADO NUMERIC(15, 2) DEFAULT(0) WITH VALUES;

ALTER TABLE BS_PAYS_DETAIL ADD IPF_MORATORIO_PAGADO NUMERIC(15, 2) DEFAULT(0) WITH VALUES;

-- Agregar Atributos a Pays A Confirmar
ALTER TABLE BS_PAYS_A_CONFIRMAR ADD IPF_MORATORIO_PAGADO NUMERIC(15, 2) DEFAULT(0) WITH VALUES;

ALTER TABLE BS_PAYS_A_CONFIRMAR ADD IPF_ANTES NUMERIC(15, 2) DEFAULT(0) WITH VALUES;

ALTER TABLE BS_PAYS_A_CONFIRMAR ADD SALDO_IPF_ANTES NUMERIC(15, 2) DEFAULT(0) WITH VALUES;

-- Agregar Atributos a Detalle Pago Diferido
ALTER TABLE BS_DETALLE_PAGO_DIFERIDO ADD IPF_MORATORIO_PAGADO NUMERIC(15, 2) DEFAULT(0) WITH VALUES;

ALTER TABLE BS_DETALLE_PAGO_DIFERIDO ADD IPF_PAGADO NUMERIC(15, 2) DEFAULT(0) WITH VALUES;

ALTER TABLE BS_DETALLE_PAGO_DIFERIDO ADD SALDO_IPF_CUOTA NUMERIC(15, 2) DEFAULT(0) WITH VALUES;

-- Agregar Atributos a Histórico de Devengamiento
ALTER TABLE HISTORICO_DEVENGAMIENTO ADD IPF_DEVENGADO NUMERIC(15, 2) DEFAULT(0) WITH VALUES;

ALTER TABLE HISTORICO_DEVENGAMIENTO ADD IPF_DEVENGADO_NP NUMERIC(15, 2) DEFAULT(0) WITH VALUES;

ALTER TABLE HISTORICO_DEVENGAMIENTO ADD IPF_DEVENGADO_ULT_PROC NUMERIC(15, 2) DEFAULT(0) WITH VALUES;

ALTER TABLE HISTORICO_DEVENGAMIENTO ADD IPF_DEVENGADO_VIGENTE NUMERIC(15, 2) DEFAULT(0) WITH VALUES;

ALTER TABLE HISTORICO_DEVENGAMIENTO ADD IPF_DEVENG_VIGENTE_CONT NUMERIC(15, 2) DEFAULT(0) WITH VALUES;

ALTER TABLE HISTORICO_DEVENGAMIENTO ADD IPF_DEVENGADO_NP_VIG NUMERIC(15, 2) DEFAULT(0) WITH VALUES;

ALTER TABLE HISTORICO_DEVENGAMIENTO ADD IPF_DEVENG_VENCIDO_CONT NUMERIC(15, 2) DEFAULT(0) WITH VALUES;

ALTER TABLE HISTORICO_DEVENGAMIENTO ADD IPF_DEVENG_SUSPENSO_CONT NUMERIC(15, 2) DEFAULT(0) WITH VALUES;

ALTER TABLE HISTORICO_DEVENGAMIENTO ADD IPF_PRIMARIO_DEVENG_CONT NUMERIC(15, 2) DEFAULT(0) WITH VALUES;

ALTER TABLE HISTORICO_DEVENGAMIENTO ADD IPF_DEV_FRANJA1_VIG NUMERIC(15, 2) DEFAULT(0) WITH VALUES;

ALTER TABLE HISTORICO_DEVENGAMIENTO ADD IPF_DEV_FRANJA1_VIG_NP NUMERIC(15, 2) DEFAULT(0) WITH VALUES;

ALTER TABLE HISTORICO_DEVENGAMIENTO ADD IPF_DEV_FRANJA1_VIG_CONT NUMERIC(15, 2) DEFAULT(0) WITH VALUES;

ALTER TABLE HISTORICO_DEVENGAMIENTO ADD IPF_MORATORIO_DEV NUMERIC(15, 2) DEFAULT(0) WITH VALUES;

ALTER TABLE HISTORICO_DEVENGAMIENTO ADD IPF_MORATORIO_DEV_VIGENTE NUMERIC(15, 2) DEFAULT(0) WITH VALUES;

ALTER TABLE HISTORICO_DEVENGAMIENTO ADD IPF_MORATORIO_DEV_ULT_PROC NUMERIC(15, 2) DEFAULT(0) WITH VALUES;

ALTER TABLE HISTORICO_DEVENGAMIENTO ADD IPF_MORATORIO_DEV_VIG_CONT NUMERIC(15, 2) DEFAULT(0) WITH VALUES;

ALTER TABLE HISTORICO_DEVENGAMIENTO ADD IPF_MORATORIO_DEV_VENC_CONT NUMERIC(15, 2) DEFAULT(0) WITH VALUES;

ALTER TABLE HISTORICO_DEVENGAMIENTO ADD IPF_MORATORIO_DEV_SUSP_CONT NUMERIC(15, 2) DEFAULT(0) WITH VALUES;

ALTER TABLE HISTORICO_DEVENGAMIENTO ADD IPF_DEVENGADO_NP_X_DIASATRASO NUMERIC(15, 2) DEFAULT(0) WITH VALUES;

ALTER TABLE HISTORICO_DEVENGAMIENTO ADD IPF_MORATORIO_DEV_X_DIASATRASO NUMERIC(15, 2) DEFAULT(0) WITH VALUES;

-- Actualización de Conceptos y Diccionario
INSERT INTO CONCEPTOS (CODIGO, DESCRIPCION, CAMPOV25)
VALUES (2762, 'HP. IPF Pagado', 0);

INSERT INTO CONCEPTOS (CODIGO, DESCRIPCION, CAMPOV25)
VALUES (2783, 'HP. IPF Moratorio Pagado', 0);

INSERT INTO CONCEPTOS (CODIGO, DESCRIPCION, CAMPOV25)
VALUES (2750, 'IPF Realizados', 0);

INSERT INTO CONCEPTOS (CODIGO, DESCRIPCION, CAMPOV25)
VALUES (2752, 'IPF Devengados', 0);

INSERT INTO CONCEPTOS (CODIGO, DESCRIPCION, CAMPOV25)
VALUES (2754, 'IPF REalizados Vig.', 0);

INSERT INTO CONCEPTOS (CODIGO, DESCRIPCION, CAMPOV25)
VALUES (2772, 'MOV. IPF Moratorio Percibido', 0);

INSERT INTO CONCEPTOS (CODIGO, DESCRIPCION, CAMPOV25)
VALUES (2773, 'MOV. IPF Moratorio Devengado', 0);

INSERT INTO CONCEPTOS (CODIGO, DESCRIPCION, CAMPOV25)
VALUES (2774, 'MOV. IPF Moratorio Pagado Vigente', 0);

INSERT INTO CONCEPTOS (CODIGO, DESCRIPCION, CAMPOV25)
VALUES (2755, 'IPF Contabilizados', 0);

INSERT INTO CONCEPTOS (CODIGO, DESCRIPCION, CAMPOV25)
VALUES (2756, 'IPF Realizado', 0);

INSERT INTO CONCEPTOS (CODIGO, DESCRIPCION, CAMPOV25)
VALUES (2757, 'IPF Devengado Vigente', 0);

INSERT INTO CONCEPTOS (CODIGO, DESCRIPCION, CAMPOV25)
VALUES (2758, 'IPF Contabilizados Ant.', 0);

INSERT INTO CONCEPTOS (CODIGO, DESCRIPCION, CAMPOV25)
VALUES (2759, 'Fecha Devengamiento IPF', 0);

INSERT INTO CONCEPTOS (CODIGO, DESCRIPCION, CAMPOV25)
VALUES (2775, 'IPF Moratorio Contab.Ant.', 0);

INSERT INTO CONCEPTOS (CODIGO, DESCRIPCION, CAMPOV25)
VALUES (2776, 'IPF Moratorio Contab.', 0);

INSERT INTO CONCEPTOS (CODIGO, DESCRIPCION, CAMPOV25)
VALUES (2777, 'IPF Moratorio Dev.Vigente', 0);

INSERT INTO CONCEPTOS (CODIGO, DESCRIPCION, CAMPOV25)
VALUES (2778, 'IPF Percib.Vigente', 0);

INSERT INTO CONCEPTOS (CODIGO, DESCRIPCION, CAMPOV25)
VALUES (2779, 'IPF Moratorio Percib.', 0);

INSERT INTO CONCEPTOS (CODIGO, DESCRIPCION, CAMPOV25)
VALUES (2780, 'Fecha Saldo IPF Moratorio', 0);

INSERT INTO CONCEPTOS (CODIGO, DESCRIPCION, CAMPOV25)
VALUES (2781, 'Ult.Cuota Paga IPF Moratorio', 0);

INSERT INTO CONCEPTOS (CODIGO, DESCRIPCION, CAMPOV25)
VALUES (2782, 'Ent.A Cuenta IPF Moratorio', 0);

INSERT INTO CONCEPTOS (CODIGO, DESCRIPCION, CAMPOV25)
VALUES (2784, 'IPF.Devengado Vig. Franja1', 0);

INSERT INTO CONCEPTOS (CODIGO, DESCRIPCION, CAMPOV25)
VALUES (2785, 'IPF.Dev.X.DiasAtraso', 0);

INSERT INTO CONCEPTOS (CODIGO, DESCRIPCION, CAMPOV25)
VALUES (2786, 'IPF.Mora.Dev.X.DiasAtraso', 0);

INSERT INTO CONCEPTOS (CODIGO, DESCRIPCION, CAMPOV25)
VALUES (2787, 'IPF.Mora.Perc.X.DiasAtraso', 0);

-- Parametros JTS
INSERT INTO PARAMETROS_JTS (FUNCIONALIDAD, PARAMETRO, VALOR, TZ_LOCK)
VALUES ('DEVENGAMIENTOCONT', 'PIVOT_IPF_DEVENGADO_VIGENTE', '3839', 0);

INSERT INTO PARAMETROS_JTS (FUNCIONALIDAD, PARAMETRO, VALOR, TZ_LOCK)
VALUES ('DEVENGAMIENTOCONT', 'PIVOT_IPF_DEVENGADO_SUSPENSO', '4000', 0);

INSERT INTO PARAMETROS_JTS (FUNCIONALIDAD, PARAMETRO, VALOR, TZ_LOCK)
VALUES ('DEVENGAMIENTOCONT', 'PIVOT_IPF_DEVENGADO_VENCIDO', '4001', 0);

INSERT INTO PARAMETROS_JTS (FUNCIONALIDAD, PARAMETRO, VALOR, TZ_LOCK)
VALUES ('DEVENGAMIENTOCONT', 'PIVOT_IPF_DEVENGADO_VIGENTE_FRANJA1', '3967', 0);

INSERT INTO PARAMETROS_JTS (FUNCIONALIDAD, PARAMETRO, VALOR, TZ_LOCK)
VALUES ('DEVENGAMIENTOCONT', 'PIVOT_IPF_MORATORIO_DEV_VIGENTE', '3835', 0);

INSERT INTO PARAMETROS_JTS (FUNCIONALIDAD, PARAMETRO, VALOR, TZ_LOCK)
VALUES ('DEVENGAMIENTOCONT', 'PIVOT_IPF_MORATORIO_DEV_SUSPENSO', '3836', 0);

INSERT INTO PARAMETROS_JTS (FUNCIONALIDAD, PARAMETRO, VALOR, TZ_LOCK)
VALUES ('DEVENGAMIENTOCONT', 'PIVOT_IPF_MORATORIO_DEV_VENCIDO', '3838', 0);

INSERT INTO PARAMETROS_JTS (FUNCIONALIDAD, PARAMETRO, VALOR, TZ_LOCK)
VALUES ('DEVENGAMIENTOCONT', 'PIVOT_IPF_DEV_NO_PAGADO_X_DIAS_ATRASO', '4002', 0);

INSERT INTO PARAMETROS_JTS (FUNCIONALIDAD, PARAMETRO, VALOR, TZ_LOCK)
VALUES ('DEVENGAMIENTOCONT', 'PIVOT_IPF_MORATORIO_DEV_X_DIAS_ATRASO', '4006', 0);

-- Diccionario
INSERT INTO DICCIONARIO (NUMERODECAMPO, USODELCAMPO, REFERENCIA, DESCRIPCION, PROMPT, LARGO, TIPODECAMPO, DECIMALES, EDICION, CONTABILIZA, CONCEPTO, CALCULO, VALIDACION, TABLADEVALIDACION, TABLADEAYUDA, OPCIONES, TABLA, CAMPO, BASICO, MASCARA)
VALUES (3695, ' ', 0, 'IPF Pagado', 'IPF Pagado', 15, 'N', 2, NULL, 0, 2762, 0, 0, 0, 0, 0, 555, 'IPFPAGADO', 0, NULL);

INSERT INTO DICCIONARIO (NUMERODECAMPO, USODELCAMPO, REFERENCIA, DESCRIPCION, PROMPT, LARGO, TIPODECAMPO, DECIMALES, EDICION, CONTABILIZA, CONCEPTO, CALCULO, VALIDACION, TABLADEVALIDACION, TABLADEAYUDA, OPCIONES, TABLA, CAMPO, BASICO, MASCARA)
VALUES (3696, ' ', 0, 'IPF Pagado', 'IPF Pagado', 15, 'N', 2, NULL, 0, 2783, 0, 0, 0, 0, 0, 555, 'IPF_MORATORIO_PAGADO', 0, NULL);

INSERT INTO DICCIONARIO (NUMERODECAMPO, USODELCAMPO, REFERENCIA, DESCRIPCION, PROMPT, LARGO, TIPODECAMPO, DECIMALES, EDICION, CONTABILIZA, CONCEPTO, CALCULO, VALIDACION, TABLADEVALIDACION, TABLADEAYUDA, OPCIONES, TABLA, CAMPO, BASICO, MASCARA)
VALUES (3697, ' ', NULL, 'IPF Realiz.', 'IPF Realiz.', 15, 'N', 2, 'I', 0, 2750, NULL, NULL, NULL, NULL, 0, 0, 'IPF_REALIZADO', 0, ' ');

INSERT INTO DICCIONARIO (NUMERODECAMPO, USODELCAMPO, REFERENCIA, DESCRIPCION, PROMPT, LARGO, TIPODECAMPO, DECIMALES, EDICION, CONTABILIZA, CONCEPTO, CALCULO, VALIDACION, TABLADEVALIDACION, TABLADEAYUDA, OPCIONES, TABLA, CAMPO, BASICO, MASCARA)
VALUES (3698, ' ', NULL, 'IPF Devengado', 'IPF Deven.', 15, 'N', 2, 'I', 0, 2752, NULL, NULL, NULL, NULL, 0, 0, 'IPF_DEVENGADO', 0, ' ');

INSERT INTO DICCIONARIO (NUMERODECAMPO, USODELCAMPO, REFERENCIA, DESCRIPCION, PROMPT, LARGO, TIPODECAMPO, DECIMALES, EDICION, CONTABILIZA, CONCEPTO, CALCULO, VALIDACION, TABLADEVALIDACION, TABLADEAYUDA, OPCIONES, TABLA, CAMPO, BASICO, MASCARA)
VALUES (3699, ' ', NULL, 'IPF Realiz.Vig.', 'IPF Realiz.Vig', 15, 'N', 2, 'I', 0, 2754, NULL, NULL, NULL, NULL, 0, 0, 'IPF_REALIZADO_VIG', 0, ' ');

INSERT INTO DICCIONARIO (NUMERODECAMPO, USODELCAMPO, REFERENCIA, DESCRIPCION, PROMPT, LARGO, TIPODECAMPO, DECIMALES, EDICION, CONTABILIZA, CONCEPTO, CALCULO, VALIDACION, TABLADEVALIDACION, TABLADEAYUDA, OPCIONES, TABLA, CAMPO, BASICO, MASCARA)
VALUES (3700, ' ', NULL, 'IPF Moratorio Percib.', 'IPF Mora.Percib', 15, 'N', 2, 'I', 0, 2772, NULL, NULL, NULL, NULL, 0, 0, 'IPF_MORATORIO_PERCIBIDO', 0, ' ');

INSERT INTO DICCIONARIO (NUMERODECAMPO, USODELCAMPO, REFERENCIA, DESCRIPCION, PROMPT, LARGO, TIPODECAMPO, DECIMALES, EDICION, CONTABILIZA, CONCEPTO, CALCULO, VALIDACION, TABLADEVALIDACION, TABLADEAYUDA, OPCIONES, TABLA, CAMPO, BASICO, MASCARA)
VALUES (3701, ' ', NULL, 'IPF Moratorio Deven.', 'IPF Mora.Deven.', 15, 'N', 2, 'I', 0, 2773, NULL, NULL, NULL, NULL, 0, 0, 'IPF_MORATORIO_DEVENGADO', 0, ' ');

INSERT INTO DICCIONARIO (NUMERODECAMPO, USODELCAMPO, REFERENCIA, DESCRIPCION, PROMPT, LARGO, TIPODECAMPO, DECIMALES, EDICION, CONTABILIZA, CONCEPTO, CALCULO, VALIDACION, TABLADEVALIDACION, TABLADEAYUDA, OPCIONES, TABLA, CAMPO, BASICO, MASCARA)
VALUES (3702, ' ', NULL, 'IPF Mora.Pag.Vig.', 'IPF Mora.PagVig', 15, 'N', 2, 'I', 0, 2774, NULL, NULL, NULL, NULL, 0, 0, 'IPF_MORATORIO_PAGADO_VIG', 0, ' ');

INSERT INTO DICCIONARIO (NUMERODECAMPO, USODELCAMPO, REFERENCIA, DESCRIPCION, PROMPT, LARGO, TIPODECAMPO, DECIMALES, EDICION, CONTABILIZA, CONCEPTO, CALCULO, VALIDACION, TABLADEVALIDACION, TABLADEAYUDA, OPCIONES, TABLA, CAMPO, BASICO, MASCARA)
VALUES (3703, ' ', NULL, 'IPF Contabilizado', 'IPF Contab.', 15, 'N', 2, NULL, 0, 2755, 0, 0, 0, 0, 0, 21, 'C1609_IPF', 0, ' ');

INSERT INTO DICCIONARIO (NUMERODECAMPO, USODELCAMPO, REFERENCIA, DESCRIPCION, PROMPT, LARGO, TIPODECAMPO, DECIMALES, EDICION, CONTABILIZA, CONCEPTO, CALCULO, VALIDACION, TABLADEVALIDACION, TABLADEAYUDA, OPCIONES, TABLA, CAMPO, BASICO, MASCARA)
VALUES (3704, ' ', NULL, 'IPF Realizado', 'IPF Realizado', 15, 'N', 2, NULL, 0, 2756, 0, 0, 0, 0, 0, 21, 'C1610_IPF', 0, ' ');

INSERT INTO DICCIONARIO (NUMERODECAMPO, USODELCAMPO, REFERENCIA, DESCRIPCION, PROMPT, LARGO, TIPODECAMPO, DECIMALES, EDICION, CONTABILIZA, CONCEPTO, CALCULO, VALIDACION, TABLADEVALIDACION, TABLADEAYUDA, OPCIONES, TABLA, CAMPO, BASICO, MASCARA)
VALUES (3707, ' ', NULL, 'IPF Deven.Vigente', 'IPF Deven.Vig.', 15, 'N', 2, NULL, 0, 2757, 0, 0, 0, 0, 0, 21, 'C1814_IPF', 0, ' ');

INSERT INTO DICCIONARIO (NUMERODECAMPO, USODELCAMPO, REFERENCIA, DESCRIPCION, PROMPT, LARGO, TIPODECAMPO, DECIMALES, EDICION, CONTABILIZA, CONCEPTO, CALCULO, VALIDACION, TABLADEVALIDACION, TABLADEAYUDA, OPCIONES, TABLA, CAMPO, BASICO, MASCARA)
VALUES (3708, ' ', NULL, 'IPF Contab.Antes', 'IPF Contab.Ant.', 15, 'N', 2, NULL, 0, 2758, 0, 0, 0, 0, 0, 21, 'C1812_IPF', 0, ' ');

INSERT INTO DICCIONARIO (NUMERODECAMPO, USODELCAMPO, REFERENCIA, DESCRIPCION, PROMPT, LARGO, TIPODECAMPO, DECIMALES, EDICION, CONTABILIZA, CONCEPTO, CALCULO, VALIDACION, TABLADEVALIDACION, TABLADEAYUDA, OPCIONES, TABLA, CAMPO, BASICO, MASCARA)
VALUES (3710, ' ', NULL, 'IPF Mora.Contab.Antes', 'IPF Mora.ContAn', 15, 'N', 2, NULL, 0, 2775, 0, 0, 0, 0, 0, 21, 'IPF_MORATORIO_CONTAB_ANT', 0, ' ');

INSERT INTO DICCIONARIO (NUMERODECAMPO, USODELCAMPO, REFERENCIA, DESCRIPCION, PROMPT, LARGO, TIPODECAMPO, DECIMALES, EDICION, CONTABILIZA, CONCEPTO, CALCULO, VALIDACION, TABLADEVALIDACION, TABLADEAYUDA, OPCIONES, TABLA, CAMPO, BASICO, MASCARA)
VALUES (3711, ' ', NULL, 'IPF Mora.Contab.', 'IPF Mora.Cont.', 15, 'N', 2, NULL, 0, 2776, 0, 0, 0, 0, 0, 21, 'IPF_MORATORIO_CONTAB', 0, ' ');

INSERT INTO DICCIONARIO (NUMERODECAMPO, USODELCAMPO, REFERENCIA, DESCRIPCION, PROMPT, LARGO, TIPODECAMPO, DECIMALES, EDICION, CONTABILIZA, CONCEPTO, CALCULO, VALIDACION, TABLADEVALIDACION, TABLADEAYUDA, OPCIONES, TABLA, CAMPO, BASICO, MASCARA)
VALUES (3712, ' ', NULL, 'IPF Mora.Dev.Vig.', 'IPF Mora.DevVig', 15, 'N', 2, NULL, 0, 2777, 0, 0, 0, 0, 0, 21, 'IPF_MORATORIO_DEVEN_VIG', 0, ' ');

INSERT INTO DICCIONARIO (NUMERODECAMPO, USODELCAMPO, REFERENCIA, DESCRIPCION, PROMPT, LARGO, TIPODECAMPO, DECIMALES, EDICION, CONTABILIZA, CONCEPTO, CALCULO, VALIDACION, TABLADEVALIDACION, TABLADEAYUDA, OPCIONES, TABLA, CAMPO, BASICO, MASCARA)
VALUES (3713, ' ', NULL, 'IPF MoraPercVig', 'IPF Mora.PerVig', 15, 'N', 2, NULL, 0, 2778, 0, 0, 0, 0, 0, 21, 'IPF_MORATORIO_PERCIBIDA_VIG', 0, ' ');

INSERT INTO DICCIONARIO (NUMERODECAMPO, USODELCAMPO, REFERENCIA, DESCRIPCION, PROMPT, LARGO, TIPODECAMPO, DECIMALES, EDICION, CONTABILIZA, CONCEPTO, CALCULO, VALIDACION, TABLADEVALIDACION, TABLADEAYUDA, OPCIONES, TABLA, CAMPO, BASICO, MASCARA)
VALUES (3714, ' ', NULL, 'IPF Mora.Perc.', 'IPF Mora.Perc.', 15, 'N', 2, NULL, 0, 2779, 0, 0, 0, 0, 0, 21, 'IPF_MORATORIO_PERCIBIDA', 0, ' ');

INSERT INTO DICCIONARIO (NUMERODECAMPO, USODELCAMPO, REFERENCIA, DESCRIPCION, PROMPT, LARGO, TIPODECAMPO, DECIMALES, EDICION, CONTABILIZA, CONCEPTO, CALCULO, VALIDACION, TABLADEVALIDACION, TABLADEAYUDA, OPCIONES, TABLA, CAMPO, BASICO, MASCARA)
VALUES (3715, ' ', 0, 'Fecha Saldo IPF Mora.', 'Fcha.Sal.IPFMor', 8, 'F', 0, NULL, 0, 2780, 0, 0, 0, 0, 0, 21, 'FECHA_SALDO_IPF_MORATORIO', 0, NULL);

INSERT INTO DICCIONARIO (NUMERODECAMPO, USODELCAMPO, REFERENCIA, DESCRIPCION, PROMPT, LARGO, TIPODECAMPO, DECIMALES, EDICION, CONTABILIZA, CONCEPTO, CALCULO, VALIDACION, TABLADEVALIDACION, TABLADEAYUDA, OPCIONES, TABLA, CAMPO, BASICO, MASCARA)
VALUES (3717, ' ', NULL, 'Ult.Cuota Paga IPF Mora.', 'U.Cuo.Pag.IPFMo', 4, 'N', 0, NULL, 0, 2781, 0, 0, 0, 0, 0, 21, 'ULT_CUOTA_PAGA_IPF_MORATORIO', 0, ' ');

INSERT INTO DICCIONARIO (NUMERODECAMPO, USODELCAMPO, REFERENCIA, DESCRIPCION, PROMPT, LARGO, TIPODECAMPO, DECIMALES, EDICION, CONTABILIZA, CONCEPTO, CALCULO, VALIDACION, TABLADEVALIDACION, TABLADEAYUDA, OPCIONES, TABLA, CAMPO, BASICO, MASCARA)
VALUES (3734, ' ', NULL, 'IPF Ent.A Cuenta', 'IPF Ent.A Cuen.', 15, 'N', 2, NULL, 0, 2782, 0, 0, 0, 0, 0, 21, 'ENT_A_CUENTA_IPF_MORATORIO', 0, ' ');

INSERT INTO DICCIONARIO (NUMERODECAMPO, USODELCAMPO, REFERENCIA, DESCRIPCION, PROMPT, LARGO, TIPODECAMPO, DECIMALES, EDICION, CONTABILIZA, CONCEPTO, CALCULO, VALIDACION, TABLADEVALIDACION, TABLADEAYUDA, OPCIONES, TABLA, CAMPO, BASICO, MASCARA)
VALUES (3709, ' ', NULL, 'IPF Dev.Vig.Franja1', 'IPF DevVig.Fra1', 15, 'N', 2, NULL, 0, 2784, 0, 0, 0, 0, 0, 21, 'IPF_DEV_VIG_FRANJA1', 0, ' ');

INSERT INTO DICCIONARIO (NUMERODECAMPO, USODELCAMPO, REFERENCIA, DESCRIPCION, PROMPT, LARGO, TIPODECAMPO, DECIMALES, EDICION, CONTABILIZA, CONCEPTO, CALCULO, VALIDACION, TABLADEVALIDACION, TABLADEAYUDA, OPCIONES, TABLA, CAMPO, BASICO, MASCARA)
VALUES (3735, ' ', NULL, 'IPF Dev xDiasxAtraso', 'IPFDev.D.Atr', 4, 'N', 0, NULL, 0, 2785, 0, 0, 0, 0, 0, 21, 'IPF_DEV_X_DIASATRASO', 0, ' ');

INSERT INTO DICCIONARIO (NUMERODECAMPO, USODELCAMPO, REFERENCIA, DESCRIPCION, PROMPT, LARGO, TIPODECAMPO, DECIMALES, EDICION, CONTABILIZA, CONCEPTO, CALCULO, VALIDACION, TABLADEVALIDACION, TABLADEAYUDA, OPCIONES, TABLA, CAMPO, BASICO, MASCARA)
VALUES (3736, ' ', NULL, 'IPF Mora.Dev xDiasxAtraso', 'IPFMorDev.D.Atr', 15, 'N', 2, NULL, 0, 2786, 0, 0, 0, 0, 0, 21, 'IPF_MORATORIO_DEV_XDIASATRASO', 0, ' ');

INSERT INTO DICCIONARIO (NUMERODECAMPO, USODELCAMPO, REFERENCIA, DESCRIPCION, PROMPT, LARGO, TIPODECAMPO, DECIMALES, EDICION, CONTABILIZA, CONCEPTO, CALCULO, VALIDACION, TABLADEVALIDACION, TABLADEAYUDA, OPCIONES, TABLA, CAMPO, BASICO, MASCARA)
VALUES (3770, ' ', NULL, 'IPFMora.Perc.xDiasxAtraso', 'IPFMorPer.D.Atr', 15, 'N', 2, NULL, 0, 2787, 0, 0, 0, 0, 0, 21, 'IPF_MORATORIO_PERC_XDIASATRASO', 0, ' ');

-- Pivots
INSERT INTO DICCIONARIO (NUMERODECAMPO, USODELCAMPO, REFERENCIA, DESCRIPCION, PROMPT, LARGO, TIPODECAMPO, DECIMALES, EDICION, CONTABILIZA, CONCEPTO, CALCULO, VALIDACION, TABLADEVALIDACION, TABLADEAYUDA, OPCIONES, TABLA, CAMPO, BASICO, MASCARA)
VALUES (3839, ' ', 0, 'Pivot IPF Dev.Vig', 'IPF Dev.Vig', 15, 'N', 0, NULL, 0, 0, 0, 0, 0, 0, 0, 0, 'C3839', 0, NULL);

INSERT INTO DICCIONARIO (NUMERODECAMPO, USODELCAMPO, REFERENCIA, DESCRIPCION, PROMPT, LARGO, TIPODECAMPO, DECIMALES, EDICION, CONTABILIZA, CONCEPTO, CALCULO, VALIDACION, TABLADEVALIDACION, TABLADEAYUDA, OPCIONES, TABLA, CAMPO, BASICO, MASCARA)
VALUES (3967, ' ', 0, 'Pivot IPF Dev.Vig.Fran1', 'IPF DevVig.Fra1', 15, 'N', 0, NULL, 0, 0, 0, 0, 0, 0, 0, 0, 'C3967', 0, NULL);

INSERT INTO DICCIONARIO (NUMERODECAMPO, USODELCAMPO, REFERENCIA, DESCRIPCION, PROMPT, LARGO, TIPODECAMPO, DECIMALES, EDICION, CONTABILIZA, CONCEPTO, CALCULO, VALIDACION, TABLADEVALIDACION, TABLADEAYUDA, OPCIONES, TABLA, CAMPO, BASICO, MASCARA)
VALUES (4000, ' ', 0, 'Pivot IPF Dev.Susp.', 'IPF Dev.Susp.', 15, 'N', 0, NULL, 0, 0, 0, 0, 0, 0, 0, 0, 'C4000', 0, NULL);

INSERT INTO DICCIONARIO (NUMERODECAMPO, USODELCAMPO, REFERENCIA, DESCRIPCION, PROMPT, LARGO, TIPODECAMPO, DECIMALES, EDICION, CONTABILIZA, CONCEPTO, CALCULO, VALIDACION, TABLADEVALIDACION, TABLADEAYUDA, OPCIONES, TABLA, CAMPO, BASICO, MASCARA)
VALUES (4001, ' ', 0, 'Pivot IPF Dev.Venc.', 'IPF Dev.Venc.', 15, 'N', 0, NULL, 0, 0, 0, 0, 0, 0, 0, 0, 'C4001', 0, NULL);

INSERT INTO DICCIONARIO (NUMERODECAMPO, USODELCAMPO, REFERENCIA, DESCRIPCION, PROMPT, LARGO, TIPODECAMPO, DECIMALES, EDICION, CONTABILIZA, CONCEPTO, CALCULO, VALIDACION, TABLADEVALIDACION, TABLADEAYUDA, OPCIONES, TABLA, CAMPO, BASICO, MASCARA)
VALUES (3835, ' ', 0, 'Pivot IPF Mora.Dev.Vig.', 'IPF MoraDev.Vig', 15, 'N', 0, NULL, 0, 0, 0, 0, 0, 0, 0, 0, 'C3835', 0, NULL);

INSERT INTO DICCIONARIO (NUMERODECAMPO, USODELCAMPO, REFERENCIA, DESCRIPCION, PROMPT, LARGO, TIPODECAMPO, DECIMALES, EDICION, CONTABILIZA, CONCEPTO, CALCULO, VALIDACION, TABLADEVALIDACION, TABLADEAYUDA, OPCIONES, TABLA, CAMPO, BASICO, MASCARA)
VALUES (3836, ' ', 0, 'Pivot IPF Mora.Dev.Susp.','IPF MoraDev.Sus', 15, 'N', 0, NULL, 0, 0, 0, 0, 0, 0, 0, 0, 'C3836', 0, NULL);

INSERT INTO DICCIONARIO (NUMERODECAMPO, USODELCAMPO, REFERENCIA, DESCRIPCION, PROMPT, LARGO, TIPODECAMPO, DECIMALES, EDICION, CONTABILIZA, CONCEPTO, CALCULO, VALIDACION, TABLADEVALIDACION, TABLADEAYUDA, OPCIONES, TABLA, CAMPO, BASICO, MASCARA)
VALUES (3838, ' ', 0, 'Pivot IPF Mora.Dev.Venc.', 'IPF MoraDev.Ven', 15, 'N', 0, NULL, 0, 0, 0, 0, 0, 0, 0, 0, 'C3838', 0, NULL);

INSERT INTO DICCIONARIO (NUMERODECAMPO, USODELCAMPO, REFERENCIA, DESCRIPCION, PROMPT, LARGO, TIPODECAMPO, DECIMALES, EDICION, CONTABILIZA, CONCEPTO, CALCULO, VALIDACION, TABLADEVALIDACION, TABLADEAYUDA, OPCIONES, TABLA, CAMPO, BASICO, MASCARA)
VALUES (4002, ' ', 0, 'Pivot IPF Dev.NP.xDiasAtr', 'IPFDev.NP.D.Atr', 15, 'N', 0, NULL, 0, 0, 0, 0, 0, 0, 0, 0, 'C4002', 0, NULL);

INSERT INTO DICCIONARIO (NUMERODECAMPO, USODELCAMPO, REFERENCIA, DESCRIPCION, PROMPT, LARGO, TIPODECAMPO, DECIMALES, EDICION, CONTABILIZA, CONCEPTO, CALCULO, VALIDACION, TABLADEVALIDACION, TABLADEAYUDA, OPCIONES, TABLA, CAMPO, BASICO, MASCARA)
VALUES (4006, ' ', 0, 'Pivot IPF Mora.DevxDiasAtr', 'IPFMorDev.D.Atr', 15, 'N', 0, NULL, 0, 0, 0, 0, 0, 0, 0, 0, 'C4006', 0, NULL);




INSERT INTO BITACORA_HM (ACTUALIZACION,FECHA_APLICADO,TIPO_ACTUALIZACION,ESTADO,SCRIPT_SQL,SCRIPT_SQL_UNDO,ULT_SENTENCIA_OK)  VALUES ('20221011_3',NULL,'MANUAL','NO_DEFINIDO','CgoNCi0tIFBhdGNoX05VU0lDUkVEQlJfMjYzMgoNCi0tIEFncmVnYXIgQXRyaWJ1dG9zIGEgbGEg
SGlzdG9yaWEgYSBQbGF6bwpBTFRFUiBUQUJMRSBCU19ISVNUT1JJQV9QTEFaTyBBREQgSVBGUEFH
QURPICAgICAgICAgICAgTlVNRVJJQygxNSwgMilERUZBVUxUKDApIFdJVEggVkFMVUVTOwoKQUxU
RVIgVEFCTEUgQlNfSElTVE9SSUFfUExBWk8gQUREIElQRl9NT1JBVE9SSU9fUEFHQURPIE5VTUVS
SUMoMTUsIDIpREVGQVVMVCgwKSBXSVRIIFZBTFVFUzsKCi0tIEFncmVnYXIgQXRyaWJ1dG9zIGEg
U2FsZG9zCkFMVEVSIFRBQkxFIFNBTERPUyBBREQgQzE2MDlfSVBGIE5VTUVSSUMoMTUsIDIpIERF
RkFVTFQoMCkgV0lUSCBWQUxVRVM7CgpBTFRFUiBUQUJMRSBTQUxET1MgQUREIEMxNjEwX0lQRiBO
VU1FUklDKDE1LCAyKSBERUZBVUxUKDApIFdJVEggVkFMVUVTOwoKQUxURVIgVEFCTEUgU0FMRE9T
IEFERCBDMTgxNF9JUEYgTlVNRVJJQygxNSwgMikgREVGQVVMVCgwKSBXSVRIIFZBTFVFUzsKCkFM
VEVSIFRBQkxFIFNBTERPUyBBREQgQzE4MTJfSVBGIE5VTUVSSUMoMTUsIDIpIERFRkFVTFQoMCkg
V0lUSCBWQUxVRVM7CgpBTFRFUiBUQUJMRSBTQUxET1MgQUREIElQRl9NT1JBVE9SSU9fQ09OVEFC
X0FOVCBOVU1FUklDKDE1LCAyKSBERUZBVUxUKDApIFdJVEggVkFMVUVTOwoKQUxURVIgVEFCTEUg
U0FMRE9TIEFERCBJUEZfTU9SQVRPUklPX0NPTlRBQiBOVU1FUklDKDE1LCAyKSBERUZBVUxUKDAp
IFdJVEggVkFMVUVTOwoKQUxURVIgVEFCTEUgU0FMRE9TIEFERCBJUEZfTU9SQVRPUklPX0RFVkVO
X1ZJRyBOVU1FUklDKDE1LCAyKSBERUZBVUxUKDApIFdJVEggVkFMVUVTOwoKQUxURVIgVEFCTEUg
U0FMRE9TIEFERCBJUEZfTU9SQVRPUklPX1BFUkNJQklEQV9WSUcgTlVNRVJJQygxNSwgMikgREVG
QVVMVCgwKSBXSVRIIFZBTFVFUzsKCkFMVEVSIFRBQkxFIFNBTERPUyBBREQgSVBGX01PUkFUT1JJ
T19QRVJDSUJJREEgTlVNRVJJQygxNSwgMikgREVGQVVMVCgwKSBXSVRIIFZBTFVFUzsKCkFMVEVS
IFRBQkxFIFNBTERPUyBBREQgRkVDSEFfU0FMRE9fSVBGX01PUkFUT1JJTyBEQVRFVElNRTsKCkFM
VEVSIFRBQkxFIFNBTERPUyBBREQgVUxUX0NVT1RBX1BBR0FfSVBGX01PUkFUT1JJTyBOVU1FUklD
KDQsIDApIERFRkFVTFQoMCkgV0lUSCBWQUxVRVM7CgpBTFRFUiBUQUJMRSBTQUxET1MgQUREIEVO
VF9BX0NVRU5UQV9JUEZfTU9SQVRPUklPIE5VTUVSSUMoMTUsIDIpIERFRkFVTFQoMCkgV0lUSCBW
QUxVRVM7CgpBTFRFUiBUQUJMRSBTQUxET1MgQUREIElQRl9ERVZfVklHX0ZSQU5KQTEgTlVNRVJJ
QygxNSwgMikgREVGQVVMVCgwKSBXSVRIIFZBTFVFUzsKCkFMVEVSIFRBQkxFIFNBTERPUyBBREQg
SVBGX0RFVl9YX0RJQVNBVFJBU08gTlVNRVJJQygxNSwgMikgREVGQVVMVCgwKSBXSVRIIFZBTFVF
UzsKCkFMVEVSIFRBQkxFIFNBTERPUyBBREQgSVBGX01PUkFUT1JJT19ERVZfWERJQVNBVFJBU08g
TlVNRVJJQygxNSwgMikgREVGQVVMVCgwKSBXSVRIIFZBTFVFUzsKCkFMVEVSIFRBQkxFIFNBTERP
UyBBREQgSVBGX01PUkFUT1JJT19QRVJDX1hESUFTQVRSQVNPIE5VTUVSSUMoMTUsIDIpIERFRkFV
TFQoMCkgV0lUSCBWQUxVRVM7CgotLSBBZ3JlZ2FyIEF0cmlidXRvcyBhIENvbnRleHRvIHBvciBF
dmVudG8KQUxURVIgVEFCTEUgQlNfQ09OVEVYVE9fUE9SX0VWRU5UT19IUCBBREQgRkVDSEFfU0FM
RE9fSVBGX01PUkFUT1JJTyBEQVRFVElNRTsKCkFMVEVSIFRBQkxFIEJTX0NPTlRFWFRPX1BPUl9F
VkVOVE9fSFAgQUREIEVOVFJFR0FfQV9DVUVOVEFfSVBGX01PUkFUT1JJTyBOVU1FUklDKDE1LCAy
KSBERUZBVUxUKDApIFdJVEggVkFMVUVTOwoKQUxURVIgVEFCTEUgQlNfQ09OVEVYVE9fUE9SX0VW
RU5UT19IUCBBREQgVUxUX0NVT1RBX1BBR09fSVBGX01PUkFUT1JJTyBOVU1FUklDKDQsIDApIERF
RkFVTFQoMCkgV0lUSCBWQUxVRVM7CgpBTFRFUiBUQUJMRSBCU19DT05URVhUT19QT1JfRVZFTlRP
X0hQIEFERCBJUEZfTU9SQVRPUklPX1BFUkNJQklETyBOVU1FUklDKDE1LCAyKSBERUZBVUxUKDAp
IFdJVEggVkFMVUVTOwoKQUxURVIgVEFCTEUgQlNfQ09OVEVYVE9fUE9SX0VWRU5UT19IUCBBREQg
U0FMX0lQRl9DT05UQUJJTElaQURPUyBOVU1FUklDKDE1LCAyKSBERUZBVUxUKDApIFdJVEggVkFM
VUVTOwoKQUxURVIgVEFCTEUgQlNfQ09OVEVYVE9fUE9SX0VWRU5UT19IUCBBREQgU0FMX0lQRl9S
RUFMSVpBRE9TIE5VTUVSSUMoMTUsIDIpIERFRkFVTFQoMCkgV0lUSCBWQUxVRVM7CgotLSBBZ3Jl
Z2FyIEF0cmlidXRvcyBhIE1vbnRvcyBPcmlnaW5hbGVzIGRlIGxhIEhpc3RvcmlhIGEgUGxhem8K
QUxURVIgVEFCTEUgQlNfSFBfTU9OVE9TX09SSUdJTkFMRVMgQUREIElQRlBBR0FETyBOVU1FUklD
KDE1LCAyKSBERUZBVUxUKDApIFdJVEggVkFMVUVTOwoKQUxURVIgVEFCTEUgQlNfSFBfTU9OVE9T
X09SSUdJTkFMRVMgQUREIElQRk1PUkFQQUdBREEgTlVNRVJJQygxNSwgMikgREVGQVVMVCgwKSBX
SVRIIFZBTFVFUzsKCi0tIEFncmVnYXIgQXRyaWJ1dG9zIGEgUGF5cyBEZXRhaWwKQUxURVIgVEFC
TEUgQlNfUEFZU19ERVRBSUwgQUREIElQRl9BTlRFUyBOVU1FUklDKDE1LCAyKSBERUZBVUxUKDAp
IFdJVEggVkFMVUVTOwoKQUxURVIgVEFCTEUgQlNfUEFZU19ERVRBSUwgQUREIFNBTERPX0lQRl9B
TlRFUyBOVU1FUklDKDE1LCAyKSBERUZBVUxUKDApIFdJVEggVkFMVUVTOwoKQUxURVIgVEFCTEUg
QlNfUEFZU19ERVRBSUwgQUREIElQRl9QQUdBRE8gTlVNRVJJQygxNSwgMikgREVGQVVMVCgwKSBX
SVRIIFZBTFVFUzsKCkFMVEVSIFRBQkxFIEJTX1BBWVNfREVUQUlMIEFERCBJUEZfTU9SQVRPUklP
X1BBR0FETyBOVU1FUklDKDE1LCAyKSBERUZBVUxUKDApIFdJVEggVkFMVUVTOwoKLS0gQWdyZWdh
ciBBdHJpYnV0b3MgYSBQYXlzIEEgQ29uZmlybWFyCkFMVEVSIFRBQkxFIEJTX1BBWVNfQV9DT05G
SVJNQVIgQUREIElQRl9NT1JBVE9SSU9fUEFHQURPIE5VTUVSSUMoMTUsIDIpIERFRkFVTFQoMCkg
V0lUSCBWQUxVRVM7CgpBTFRFUiBUQUJMRSBCU19QQVlTX0FfQ09ORklSTUFSIEFERCBJUEZfQU5U
RVMgTlVNRVJJQygxNSwgMikgREVGQVVMVCgwKSBXSVRIIFZBTFVFUzsKCkFMVEVSIFRBQkxFIEJT
X1BBWVNfQV9DT05GSVJNQVIgQUREIFNBTERPX0lQRl9BTlRFUyBOVU1FUklDKDE1LCAyKSBERUZB
VUxUKDApIFdJVEggVkFMVUVTOwoKLS0gQWdyZWdhciBBdHJpYnV0b3MgYSBEZXRhbGxlIFBhZ28g
RGlmZXJpZG8KQUxURVIgVEFCTEUgQlNfREVUQUxMRV9QQUdPX0RJRkVSSURPIEFERCBJUEZfTU9S
QVRPUklPX1BBR0FETyBOVU1FUklDKDE1LCAyKSBERUZBVUxUKDApIFdJVEggVkFMVUVTOwoKQUxU
RVIgVEFCTEUgQlNfREVUQUxMRV9QQUdPX0RJRkVSSURPIEFERCBJUEZfUEFHQURPIE5VTUVSSUMo
MTUsIDIpIERFRkFVTFQoMCkgV0lUSCBWQUxVRVM7CgpBTFRFUiBUQUJMRSBCU19ERVRBTExFX1BB
R09fRElGRVJJRE8gQUREIFNBTERPX0lQRl9DVU9UQSBOVU1FUklDKDE1LCAyKSBERUZBVUxUKDAp
IFdJVEggVkFMVUVTOwoKLS0gQWdyZWdhciBBdHJpYnV0b3MgYSBIaXN083JpY28gZGUgRGV2ZW5n
YW1pZW50bwpBTFRFUiBUQUJMRSBISVNUT1JJQ09fREVWRU5HQU1JRU5UTyBBREQgSVBGX0RFVkVO
R0FETyBOVU1FUklDKDE1LCAyKSBERUZBVUxUKDApIFdJVEggVkFMVUVTOwoKQUxURVIgVEFCTEUg
SElTVE9SSUNPX0RFVkVOR0FNSUVOVE8gQUREIElQRl9ERVZFTkdBRE9fTlAgTlVNRVJJQygxNSwg
MikgREVGQVVMVCgwKSBXSVRIIFZBTFVFUzsKCkFMVEVSIFRBQkxFIEhJU1RPUklDT19ERVZFTkdB
TUlFTlRPIEFERCBJUEZfREVWRU5HQURPX1VMVF9QUk9DIE5VTUVSSUMoMTUsIDIpIERFRkFVTFQo
MCkgV0lUSCBWQUxVRVM7CgpBTFRFUiBUQUJMRSBISVNUT1JJQ09fREVWRU5HQU1JRU5UTyBBREQg
SVBGX0RFVkVOR0FET19WSUdFTlRFIE5VTUVSSUMoMTUsIDIpIERFRkFVTFQoMCkgV0lUSCBWQUxV
RVM7CgpBTFRFUiBUQUJMRSBISVNUT1JJQ09fREVWRU5HQU1JRU5UTyBBREQgSVBGX0RFVkVOR19W
SUdFTlRFX0NPTlQgTlVNRVJJQygxNSwgMikgREVGQVVMVCgwKSBXSVRIIFZBTFVFUzsKCkFMVEVS
IFRBQkxFIEhJU1RPUklDT19ERVZFTkdBTUlFTlRPIEFERCBJUEZfREVWRU5HQURPX05QX1ZJRyBO
VU1FUklDKDE1LCAyKSBERUZBVUxUKDApIFdJVEggVkFMVUVTOwoKQUxURVIgVEFCTEUgSElTVE9S
SUNPX0RFVkVOR0FNSUVOVE8gQUREIElQRl9ERVZFTkdfVkVOQ0lET19DT05UIE5VTUVSSUMoMTUs
IDIpIERFRkFVTFQoMCkgV0lUSCBWQUxVRVM7CgpBTFRFUiBUQUJMRSBISVNUT1JJQ09fREVWRU5H
QU1JRU5UTyBBREQgSVBGX0RFVkVOR19TVVNQRU5TT19DT05UIE5VTUVSSUMoMTUsIDIpIERFRkFV
TFQoMCkgV0lUSCBWQUxVRVM7CgpBTFRFUiBUQUJMRSBISVNUT1JJQ09fREVWRU5HQU1JRU5UTyBB
REQgSVBGX1BSSU1BUklPX0RFVkVOR19DT05UIE5VTUVSSUMoMTUsIDIpIERFRkFVTFQoMCkgV0lU
SCBWQUxVRVM7CgpBTFRFUiBUQUJMRSBISVNUT1JJQ09fREVWRU5HQU1JRU5UTyBBREQgSVBGX0RF
Vl9GUkFOSkExX1ZJRyBOVU1FUklDKDE1LCAyKSBERUZBVUxUKDApIFdJVEggVkFMVUVTOwoKQUxU
RVIgVEFCTEUgSElTVE9SSUNPX0RFVkVOR0FNSUVOVE8gQUREIElQRl9ERVZfRlJBTkpBMV9WSUdf
TlAgTlVNRVJJQygxNSwgMikgREVGQVVMVCgwKSBXSVRIIFZBTFVFUzsKCkFMVEVSIFRBQkxFIEhJ
U1RPUklDT19ERVZFTkdBTUlFTlRPIEFERCBJUEZfREVWX0ZSQU5KQTFfVklHX0NPTlQgTlVNRVJJ
QygxNSwgMikgREVGQVVMVCgwKSBXSVRIIFZBTFVFUzsKCkFMVEVSIFRBQkxFIEhJU1RPUklDT19E
RVZFTkdBTUlFTlRPIEFERCBJUEZfTU9SQVRPUklPX0RFViBOVU1FUklDKDE1LCAyKSBERUZBVUxU
KDApIFdJVEggVkFMVUVTOwoKQUxURVIgVEFCTEUgSElTVE9SSUNPX0RFVkVOR0FNSUVOVE8gQURE
IElQRl9NT1JBVE9SSU9fREVWX1ZJR0VOVEUgTlVNRVJJQygxNSwgMikgREVGQVVMVCgwKSBXSVRI
IFZBTFVFUzsKCkFMVEVSIFRBQkxFIEhJU1RPUklDT19ERVZFTkdBTUlFTlRPIEFERCBJUEZfTU9S
QVRPUklPX0RFVl9VTFRfUFJPQyBOVU1FUklDKDE1LCAyKSBERUZBVUxUKDApIFdJVEggVkFMVUVT
OwoKQUxURVIgVEFCTEUgSElTVE9SSUNPX0RFVkVOR0FNSUVOVE8gQUREIElQRl9NT1JBVE9SSU9f
REVWX1ZJR19DT05UIE5VTUVSSUMoMTUsIDIpIERFRkFVTFQoMCkgV0lUSCBWQUxVRVM7CgpBTFRF
UiBUQUJMRSBISVNUT1JJQ09fREVWRU5HQU1JRU5UTyBBREQgSVBGX01PUkFUT1JJT19ERVZfVkVO
Q19DT05UIE5VTUVSSUMoMTUsIDIpIERFRkFVTFQoMCkgV0lUSCBWQUxVRVM7CgpBTFRFUiBUQUJM
RSBISVNUT1JJQ09fREVWRU5HQU1JRU5UTyBBREQgSVBGX01PUkFUT1JJT19ERVZfU1VTUF9DT05U
IE5VTUVSSUMoMTUsIDIpIERFRkFVTFQoMCkgV0lUSCBWQUxVRVM7CgpBTFRFUiBUQUJMRSBISVNU
T1JJQ09fREVWRU5HQU1JRU5UTyBBREQgSVBGX0RFVkVOR0FET19OUF9YX0RJQVNBVFJBU08gTlVN
RVJJQygxNSwgMikgREVGQVVMVCgwKSBXSVRIIFZBTFVFUzsKCkFMVEVSIFRBQkxFIEhJU1RPUklD
T19ERVZFTkdBTUlFTlRPIEFERCBJUEZfTU9SQVRPUklPX0RFVl9YX0RJQVNBVFJBU08gTlVNRVJJ
QygxNSwgMikgREVGQVVMVCgwKSBXSVRIIFZBTFVFUzsKDQotLSBBY3R1YWxpemFjafNuIGRlIENv
bmNlcHRvcyB5IERpY2Npb25hcmlvDQpJTlNFUlQgSU5UTyBDT05DRVBUT1MgKENPRElHTywgREVT
Q1JJUENJT04sIENBTVBPVjI1KQpWQUxVRVMgKDI3NjIsICdIUC4gSVBGIFBhZ2FkbycsIDApOwoK
SU5TRVJUIElOVE8gQ09OQ0VQVE9TIChDT0RJR08sIERFU0NSSVBDSU9OLCBDQU1QT1YyNSkKVkFM
VUVTICgyNzgzLCAnSFAuIElQRiBNb3JhdG9yaW8gUGFnYWRvJywgMCk7CgpJTlNFUlQgSU5UTyBD
T05DRVBUT1MgKENPRElHTywgREVTQ1JJUENJT04sIENBTVBPVjI1KQpWQUxVRVMgKDI3NTAsICdJ
UEYgUmVhbGl6YWRvcycsIDApOwoKSU5TRVJUIElOVE8gQ09OQ0VQVE9TIChDT0RJR08sIERFU0NS
SVBDSU9OLCBDQU1QT1YyNSkKVkFMVUVTICgyNzUyLCAnSVBGIERldmVuZ2Fkb3MnLCAwKTsKCklO
U0VSVCBJTlRPIENPTkNFUFRPUyAoQ09ESUdPLCBERVNDUklQQ0lPTiwgQ0FNUE9WMjUpClZBTFVF
UyAoMjc1NCwgJ0lQRiBSRWFsaXphZG9zIFZpZy4nLCAwKTsKCklOU0VSVCBJTlRPIENPTkNFUFRP
UyAoQ09ESUdPLCBERVNDUklQQ0lPTiwgQ0FNUE9WMjUpClZBTFVFUyAoMjc3MiwgJ01PVi4gSVBG
IE1vcmF0b3JpbyBQZXJjaWJpZG8nLCAwKTsKCklOU0VSVCBJTlRPIENPTkNFUFRPUyAoQ09ESUdP
LCBERVNDUklQQ0lPTiwgQ0FNUE9WMjUpClZBTFVFUyAoMjc3MywgJ01PVi4gSVBGIE1vcmF0b3Jp
byBEZXZlbmdhZG8nLCAwKTsKCklOU0VSVCBJTlRPIENPTkNFUFRPUyAoQ09ESUdPLCBERVNDUklQ
Q0lPTiwgQ0FNUE9WMjUpClZBTFVFUyAoMjc3NCwgJ01PVi4gSVBGIE1vcmF0b3JpbyBQYWdhZG8g
VmlnZW50ZScsIDApOwoKSU5TRVJUIElOVE8gQ09OQ0VQVE9TIChDT0RJR08sIERFU0NSSVBDSU9O
LCBDQU1QT1YyNSkKVkFMVUVTICgyNzU1LCAnSVBGIENvbnRhYmlsaXphZG9zJywgMCk7CgpJTlNF
UlQgSU5UTyBDT05DRVBUT1MgKENPRElHTywgREVTQ1JJUENJT04sIENBTVBPVjI1KQpWQUxVRVMg
KDI3NTYsICdJUEYgUmVhbGl6YWRvJywgMCk7CgpJTlNFUlQgSU5UTyBDT05DRVBUT1MgKENPRElH
TywgREVTQ1JJUENJT04sIENBTVBPVjI1KQpWQUxVRVMgKDI3NTcsICdJUEYgRGV2ZW5nYWRvIFZp
Z2VudGUnLCAwKTsKCklOU0VSVCBJTlRPIENPTkNFUFRPUyAoQ09ESUdPLCBERVNDUklQQ0lPTiwg
Q0FNUE9WMjUpClZBTFVFUyAoMjc1OCwgJ0lQRiBDb250YWJpbGl6YWRvcyBBbnQuJywgMCk7CgpJ
TlNFUlQgSU5UTyBDT05DRVBUT1MgKENPRElHTywgREVTQ1JJUENJT04sIENBTVBPVjI1KQpWQUxV
RVMgKDI3NTksICdGZWNoYSBEZXZlbmdhbWllbnRvIElQRicsIDApOwoKSU5TRVJUIElOVE8gQ09O
Q0VQVE9TIChDT0RJR08sIERFU0NSSVBDSU9OLCBDQU1QT1YyNSkKVkFMVUVTICgyNzc1LCAnSVBG
IE1vcmF0b3JpbyBDb250YWIuQW50LicsIDApOwoKSU5TRVJUIElOVE8gQ09OQ0VQVE9TIChDT0RJ
R08sIERFU0NSSVBDSU9OLCBDQU1QT1YyNSkKVkFMVUVTICgyNzc2LCAnSVBGIE1vcmF0b3JpbyBD
b250YWIuJywgMCk7CgpJTlNFUlQgSU5UTyBDT05DRVBUT1MgKENPRElHTywgREVTQ1JJUENJT04s
IENBTVBPVjI1KQpWQUxVRVMgKDI3NzcsICdJUEYgTW9yYXRvcmlvIERldi5WaWdlbnRlJywgMCk7
CgpJTlNFUlQgSU5UTyBDT05DRVBUT1MgKENPRElHTywgREVTQ1JJUENJT04sIENBTVBPVjI1KQpW
QUxVRVMgKDI3NzgsICdJUEYgUGVyY2liLlZpZ2VudGUnLCAwKTsKCklOU0VSVCBJTlRPIENPTkNF
UFRPUyAoQ09ESUdPLCBERVNDUklQQ0lPTiwgQ0FNUE9WMjUpClZBTFVFUyAoMjc3OSwgJ0lQRiBN
b3JhdG9yaW8gUGVyY2liLicsIDApOwoKSU5TRVJUIElOVE8gQ09OQ0VQVE9TIChDT0RJR08sIERF
U0NSSVBDSU9OLCBDQU1QT1YyNSkKVkFMVUVTICgyNzgwLCAnRmVjaGEgU2FsZG8gSVBGIE1vcmF0
b3JpbycsIDApOwoKSU5TRVJUIElOVE8gQ09OQ0VQVE9TIChDT0RJR08sIERFU0NSSVBDSU9OLCBD
QU1QT1YyNSkKVkFMVUVTICgyNzgxLCAnVWx0LkN1b3RhIFBhZ2EgSVBGIE1vcmF0b3JpbycsIDAp
OwoKSU5TRVJUIElOVE8gQ09OQ0VQVE9TIChDT0RJR08sIERFU0NSSVBDSU9OLCBDQU1QT1YyNSkK
VkFMVUVTICgyNzgyLCAnRW50LkEgQ3VlbnRhIElQRiBNb3JhdG9yaW8nLCAwKTsKCklOU0VSVCBJ
TlRPIENPTkNFUFRPUyAoQ09ESUdPLCBERVNDUklQQ0lPTiwgQ0FNUE9WMjUpClZBTFVFUyAoMjc4
NCwgJ0lQRi5EZXZlbmdhZG8gVmlnLiBGcmFuamExJywgMCk7CgpJTlNFUlQgSU5UTyBDT05DRVBU
T1MgKENPRElHTywgREVTQ1JJUENJT04sIENBTVBPVjI1KQpWQUxVRVMgKDI3ODUsICdJUEYuRGV2
LlguRGlhc0F0cmFzbycsIDApOwoKSU5TRVJUIElOVE8gQ09OQ0VQVE9TIChDT0RJR08sIERFU0NS
SVBDSU9OLCBDQU1QT1YyNSkKVkFMVUVTICgyNzg2LCAnSVBGLk1vcmEuRGV2LlguRGlhc0F0cmFz
bycsIDApOwoKSU5TRVJUIElOVE8gQ09OQ0VQVE9TIChDT0RJR08sIERFU0NSSVBDSU9OLCBDQU1Q
T1YyNSkKVkFMVUVTICgyNzg3LCAnSVBGLk1vcmEuUGVyYy5YLkRpYXNBdHJhc28nLCAwKTsKCi0t
IFBhcmFtZXRyb3MgSlRTCklOU0VSVCBJTlRPIFBBUkFNRVRST1NfSlRTIChGVU5DSU9OQUxJREFE
LCBQQVJBTUVUUk8sIFZBTE9SLCBUWl9MT0NLKQpWQUxVRVMgKCdERVZFTkdBTUlFTlRPQ09OVCcs
ICdQSVZPVF9JUEZfREVWRU5HQURPX1ZJR0VOVEUnLCAnMzgzOScsIDApOwoKSU5TRVJUIElOVE8g
UEFSQU1FVFJPU19KVFMgKEZVTkNJT05BTElEQUQsIFBBUkFNRVRSTywgVkFMT1IsIFRaX0xPQ0sp
ClZBTFVFUyAoJ0RFVkVOR0FNSUVOVE9DT05UJywgJ1BJVk9UX0lQRl9ERVZFTkdBRE9fU1VTUEVO
U08nLCAnNDAwMCcsIDApOwoKSU5TRVJUIElOVE8gUEFSQU1FVFJPU19KVFMgKEZVTkNJT05BTElE
QUQsIFBBUkFNRVRSTywgVkFMT1IsIFRaX0xPQ0spClZBTFVFUyAoJ0RFVkVOR0FNSUVOVE9DT05U
JywgJ1BJVk9UX0lQRl9ERVZFTkdBRE9fVkVOQ0lETycsICc0MDAxJywgMCk7CgpJTlNFUlQgSU5U
TyBQQVJBTUVUUk9TX0pUUyAoRlVOQ0lPTkFMSURBRCwgUEFSQU1FVFJPLCBWQUxPUiwgVFpfTE9D
SykKVkFMVUVTICgnREVWRU5HQU1JRU5UT0NPTlQnLCAnUElWT1RfSVBGX0RFVkVOR0FET19WSUdF
TlRFX0ZSQU5KQTEnLCAnMzk2NycsIDApOwoKSU5TRVJUIElOVE8gUEFSQU1FVFJPU19KVFMgKEZV
TkNJT05BTElEQUQsIFBBUkFNRVRSTywgVkFMT1IsIFRaX0xPQ0spClZBTFVFUyAoJ0RFVkVOR0FN
SUVOVE9DT05UJywgJ1BJVk9UX0lQRl9NT1JBVE9SSU9fREVWX1ZJR0VOVEUnLCAnMzgzNScsIDAp
OwoKSU5TRVJUIElOVE8gUEFSQU1FVFJPU19KVFMgKEZVTkNJT05BTElEQUQsIFBBUkFNRVRSTywg
VkFMT1IsIFRaX0xPQ0spClZBTFVFUyAoJ0RFVkVOR0FNSUVOVE9DT05UJywgJ1BJVk9UX0lQRl9N
T1JBVE9SSU9fREVWX1NVU1BFTlNPJywgJzM4MzYnLCAwKTsKCklOU0VSVCBJTlRPIFBBUkFNRVRS
T1NfSlRTIChGVU5DSU9OQUxJREFELCBQQVJBTUVUUk8sIFZBTE9SLCBUWl9MT0NLKQpWQUxVRVMg
KCdERVZFTkdBTUlFTlRPQ09OVCcsICdQSVZPVF9JUEZfTU9SQVRPUklPX0RFVl9WRU5DSURPJywg
JzM4MzgnLCAwKTsKCklOU0VSVCBJTlRPIFBBUkFNRVRST1NfSlRTIChGVU5DSU9OQUxJREFELCBQ
QVJBTUVUUk8sIFZBTE9SLCBUWl9MT0NLKQpWQUxVRVMgKCdERVZFTkdBTUlFTlRPQ09OVCcsICdQ
SVZPVF9JUEZfREVWX05PX1BBR0FET19YX0RJQVNfQVRSQVNPJywgJzQwMDInLCAwKTsKCklOU0VS
VCBJTlRPIFBBUkFNRVRST1NfSlRTIChGVU5DSU9OQUxJREFELCBQQVJBTUVUUk8sIFZBTE9SLCBU
Wl9MT0NLKQpWQUxVRVMgKCdERVZFTkdBTUlFTlRPQ09OVCcsICdQSVZPVF9JUEZfTU9SQVRPUklP
X0RFVl9YX0RJQVNfQVRSQVNPJywgJzQwMDYnLCAwKTsKCi0tIERpY2Npb25hcmlvCklOU0VSVCBJ
TlRPIERJQ0NJT05BUklPIChOVU1FUk9ERUNBTVBPLCBVU09ERUxDQU1QTywgUkVGRVJFTkNJQSwg
REVTQ1JJUENJT04sIFBST01QVCwgTEFSR08sIFRJUE9ERUNBTVBPLCBERUNJTUFMRVMsIEVESUNJ
T04sIENPTlRBQklMSVpBLCBDT05DRVBUTywgQ0FMQ1VMTywgVkFMSURBQ0lPTiwgVEFCTEFERVZB
TElEQUNJT04sIFRBQkxBREVBWVVEQSwgT1BDSU9ORVMsIFRBQkxBLCBDQU1QTywgQkFTSUNPLCBN
QVNDQVJBKQpWQUxVRVMgKDM2OTUsICcgJywgMCwgJ0lQRiBQYWdhZG8nLCAnSVBGIFBhZ2Fkbycs
IDE1LCAnTicsIDIsIE5VTEwsIDAsIDI3NjIsIDAsIDAsIDAsIDAsIDAsIDU1NSwgJ0lQRlBBR0FE
TycsIDAsIE5VTEwpOwoKSU5TRVJUIElOVE8gRElDQ0lPTkFSSU8gKE5VTUVST0RFQ0FNUE8sIFVT
T0RFTENBTVBPLCBSRUZFUkVOQ0lBLCBERVNDUklQQ0lPTiwgUFJPTVBULCBMQVJHTywgVElQT0RF
Q0FNUE8sIERFQ0lNQUxFUywgRURJQ0lPTiwgQ09OVEFCSUxJWkEsIENPTkNFUFRPLCBDQUxDVUxP
LCBWQUxJREFDSU9OLCBUQUJMQURFVkFMSURBQ0lPTiwgVEFCTEFERUFZVURBLCBPUENJT05FUywg
VEFCTEEsIENBTVBPLCBCQVNJQ08sIE1BU0NBUkEpClZBTFVFUyAoMzY5NiwgJyAnLCAwLCAnSVBG
IFBhZ2FkbycsICdJUEYgUGFnYWRvJywgMTUsICdOJywgMiwgTlVMTCwgMCwgMjc4MywgMCwgMCwg
MCwgMCwgMCwgNTU1LCAnSVBGX01PUkFUT1JJT19QQUdBRE8nLCAwLCBOVUxMKTsKCklOU0VSVCBJ
TlRPIERJQ0NJT05BUklPIChOVU1FUk9ERUNBTVBPLCBVU09ERUxDQU1QTywgUkVGRVJFTkNJQSwg
REVTQ1JJUENJT04sIFBST01QVCwgTEFSR08sIFRJUE9ERUNBTVBPLCBERUNJTUFMRVMsIEVESUNJ
T04sIENPTlRBQklMSVpBLCBDT05DRVBUTywgQ0FMQ1VMTywgVkFMSURBQ0lPTiwgVEFCTEFERVZB
TElEQUNJT04sIFRBQkxBREVBWVVEQSwgT1BDSU9ORVMsIFRBQkxBLCBDQU1QTywgQkFTSUNPLCBN
QVNDQVJBKQpWQUxVRVMgKDM2OTcsICcgJywgTlVMTCwgJ0lQRiBSZWFsaXouJywgJ0lQRiBSZWFs
aXouJywgMTUsICdOJywgMiwgJ0knLCAwLCAyNzUwLCBOVUxMLCBOVUxMLCBOVUxMLCBOVUxMLCAw
LCAwLCAnSVBGX1JFQUxJWkFETycsIDAsICcgJyk7CgpJTlNFUlQgSU5UTyBESUNDSU9OQVJJTyAo
TlVNRVJPREVDQU1QTywgVVNPREVMQ0FNUE8sIFJFRkVSRU5DSUEsIERFU0NSSVBDSU9OLCBQUk9N
UFQsIExBUkdPLCBUSVBPREVDQU1QTywgREVDSU1BTEVTLCBFRElDSU9OLCBDT05UQUJJTElaQSwg
Q09OQ0VQVE8sIENBTENVTE8sIFZBTElEQUNJT04sIFRBQkxBREVWQUxJREFDSU9OLCBUQUJMQURF
QVlVREEsIE9QQ0lPTkVTLCBUQUJMQSwgQ0FNUE8sIEJBU0lDTywgTUFTQ0FSQSkKVkFMVUVTICgz
Njk4LCAnICcsIE5VTEwsICdJUEYgRGV2ZW5nYWRvJywgJ0lQRiBEZXZlbi4nLCAxNSwgJ04nLCAy
LCAnSScsIDAsIDI3NTIsIE5VTEwsIE5VTEwsIE5VTEwsIE5VTEwsIDAsIDAsICdJUEZfREVWRU5H
QURPJywgMCwgJyAnKTsKCklOU0VSVCBJTlRPIERJQ0NJT05BUklPIChOVU1FUk9ERUNBTVBPLCBV
U09ERUxDQU1QTywgUkVGRVJFTkNJQSwgREVTQ1JJUENJT04sIFBST01QVCwgTEFSR08sIFRJUE9E
RUNBTVBPLCBERUNJTUFMRVMsIEVESUNJT04sIENPTlRBQklMSVpBLCBDT05DRVBUTywgQ0FMQ1VM
TywgVkFMSURBQ0lPTiwgVEFCTEFERVZBTElEQUNJT04sIFRBQkxBREVBWVVEQSwgT1BDSU9ORVMs
IFRBQkxBLCBDQU1QTywgQkFTSUNPLCBNQVNDQVJBKQpWQUxVRVMgKDM2OTksICcgJywgTlVMTCwg
J0lQRiBSZWFsaXouVmlnLicsICdJUEYgUmVhbGl6LlZpZycsIDE1LCAnTicsIDIsICdJJywgMCwg
Mjc1NCwgTlVMTCwgTlVMTCwgTlVMTCwgTlVMTCwgMCwgMCwgJ0lQRl9SRUFMSVpBRE9fVklHJywg
MCwgJyAnKTsKCklOU0VSVCBJTlRPIERJQ0NJT05BUklPIChOVU1FUk9ERUNBTVBPLCBVU09ERUxD
QU1QTywgUkVGRVJFTkNJQSwgREVTQ1JJUENJT04sIFBST01QVCwgTEFSR08sIFRJUE9ERUNBTVBP
LCBERUNJTUFMRVMsIEVESUNJT04sIENPTlRBQklMSVpBLCBDT05DRVBUTywgQ0FMQ1VMTywgVkFM
SURBQ0lPTiwgVEFCTEFERVZBTElEQUNJT04sIFRBQkxBREVBWVVEQSwgT1BDSU9ORVMsIFRBQkxB
LCBDQU1QTywgQkFTSUNPLCBNQVNDQVJBKQpWQUxVRVMgKDM3MDAsICcgJywgTlVMTCwgJ0lQRiBN
b3JhdG9yaW8gUGVyY2liLicsICdJUEYgTW9yYS5QZXJjaWInLCAxNSwgJ04nLCAyLCAnSScsIDAs
IDI3NzIsIE5VTEwsIE5VTEwsIE5VTEwsIE5VTEwsIDAsIDAsICdJUEZfTU9SQVRPUklPX1BFUkNJ
QklETycsIDAsICcgJyk7CgpJTlNFUlQgSU5UTyBESUNDSU9OQVJJTyAoTlVNRVJPREVDQU1QTywg
VVNPREVMQ0FNUE8sIFJFRkVSRU5DSUEsIERFU0NSSVBDSU9OLCBQUk9NUFQsIExBUkdPLCBUSVBP
REVDQU1QTywgREVDSU1BTEVTLCBFRElDSU9OLCBDT05UQUJJTElaQSwgQ09OQ0VQVE8sIENBTENV
TE8sIFZBTElEQUNJT04sIFRBQkxBREVWQUxJREFDSU9OLCBUQUJMQURFQVlVREEsIE9QQ0lPTkVT
LCBUQUJMQSwgQ0FNUE8sIEJBU0lDTywgTUFTQ0FSQSkKVkFMVUVTICgzNzAxLCAnICcsIE5VTEws
ICdJUEYgTW9yYXRvcmlvIERldmVuLicsICdJUEYgTW9yYS5EZXZlbi4nLCAxNSwgJ04nLCAyLCAn
SScsIDAsIDI3NzMsIE5VTEwsIE5VTEwsIE5VTEwsIE5VTEwsIDAsIDAsICdJUEZfTU9SQVRPUklP
X0RFVkVOR0FETycsIDAsICcgJyk7CgpJTlNFUlQgSU5UTyBESUNDSU9OQVJJTyAoTlVNRVJPREVD
QU1QTywgVVNPREVMQ0FNUE8sIFJFRkVSRU5DSUEsIERFU0NSSVBDSU9OLCBQUk9NUFQsIExBUkdP
LCBUSVBPREVDQU1QTywgREVDSU1BTEVTLCBFRElDSU9OLCBDT05UQUJJTElaQSwgQ09OQ0VQVE8s
IENBTENVTE8sIFZBTElEQUNJT04sIFRBQkxBREVWQUxJREFDSU9OLCBUQUJMQURFQVlVREEsIE9Q
Q0lPTkVTLCBUQUJMQSwgQ0FNUE8sIEJBU0lDTywgTUFTQ0FSQSkKVkFMVUVTICgzNzAyLCAnICcs
IE5VTEwsICdJUEYgTW9yYS5QYWcuVmlnLicsICdJUEYgTW9yYS5QYWdWaWcnLCAxNSwgJ04nLCAy
LCAnSScsIDAsIDI3NzQsIE5VTEwsIE5VTEwsIE5VTEwsIE5VTEwsIDAsIDAsICdJUEZfTU9SQVRP
UklPX1BBR0FET19WSUcnLCAwLCAnICcpOwoKSU5TRVJUIElOVE8gRElDQ0lPTkFSSU8gKE5VTUVS
T0RFQ0FNUE8sIFVTT0RFTENBTVBPLCBSRUZFUkVOQ0lBLCBERVNDUklQQ0lPTiwgUFJPTVBULCBM
QVJHTywgVElQT0RFQ0FNUE8sIERFQ0lNQUxFUywgRURJQ0lPTiwgQ09OVEFCSUxJWkEsIENPTkNF
UFRPLCBDQUxDVUxPLCBWQUxJREFDSU9OLCBUQUJMQURFVkFMSURBQ0lPTiwgVEFCTEFERUFZVURB
LCBPUENJT05FUywgVEFCTEEsIENBTVBPLCBCQVNJQ08sIE1BU0NBUkEpClZBTFVFUyAoMzcwMywg
JyAnLCBOVUxMLCAnSVBGIENvbnRhYmlsaXphZG8nLCAnSVBGIENvbnRhYi4nLCAxNSwgJ04nLCAy
LCBOVUxMLCAwLCAyNzU1LCAwLCAwLCAwLCAwLCAwLCAyMSwgJ0MxNjA5X0lQRicsIDAsICcgJyk7
CgpJTlNFUlQgSU5UTyBESUNDSU9OQVJJTyAoTlVNRVJPREVDQU1QTywgVVNPREVMQ0FNUE8sIFJF
RkVSRU5DSUEsIERFU0NSSVBDSU9OLCBQUk9NUFQsIExBUkdPLCBUSVBPREVDQU1QTywgREVDSU1B
TEVTLCBFRElDSU9OLCBDT05UQUJJTElaQSwgQ09OQ0VQVE8sIENBTENVTE8sIFZBTElEQUNJT04s
IFRBQkxBREVWQUxJREFDSU9OLCBUQUJMQURFQVlVREEsIE9QQ0lPTkVTLCBUQUJMQSwgQ0FNUE8s
IEJBU0lDTywgTUFTQ0FSQSkKVkFMVUVTICgzNzA0LCAnICcsIE5VTEwsICdJUEYgUmVhbGl6YWRv
JywgJ0lQRiBSZWFsaXphZG8nLCAxNSwgJ04nLCAyLCBOVUxMLCAwLCAyNzU2LCAwLCAwLCAwLCAw
LCAwLCAyMSwgJ0MxNjEwX0lQRicsIDAsICcgJyk7CgpJTlNFUlQgSU5UTyBESUNDSU9OQVJJTyAo
TlVNRVJPREVDQU1QTywgVVNPREVMQ0FNUE8sIFJFRkVSRU5DSUEsIERFU0NSSVBDSU9OLCBQUk9N
UFQsIExBUkdPLCBUSVBPREVDQU1QTywgREVDSU1BTEVTLCBFRElDSU9OLCBDT05UQUJJTElaQSwg
Q09OQ0VQVE8sIENBTENVTE8sIFZBTElEQUNJT04sIFRBQkxBREVWQUxJREFDSU9OLCBUQUJMQURF
QVlVREEsIE9QQ0lPTkVTLCBUQUJMQSwgQ0FNUE8sIEJBU0lDTywgTUFTQ0FSQSkKVkFMVUVTICgz
NzA3LCAnICcsIE5VTEwsICdJUEYgRGV2ZW4uVmlnZW50ZScsICdJUEYgRGV2ZW4uVmlnLicsIDE1
LCAnTicsIDIsIE5VTEwsIDAsIDI3NTcsIDAsIDAsIDAsIDAsIDAsIDIxLCAnQzE4MTRfSVBGJywg
MCwgJyAnKTsKCklOU0VSVCBJTlRPIERJQ0NJT05BUklPIChOVU1FUk9ERUNBTVBPLCBVU09ERUxD
QU1QTywgUkVGRVJFTkNJQSwgREVTQ1JJUENJT04sIFBST01QVCwgTEFSR08sIFRJUE9ERUNBTVBP
LCBERUNJTUFMRVMsIEVESUNJT04sIENPTlRBQklMSVpBLCBDT05DRVBUTywgQ0FMQ1VMTywgVkFM
SURBQ0lPTiwgVEFCTEFERVZBTElEQUNJT04sIFRBQkxBREVBWVVEQSwgT1BDSU9ORVMsIFRBQkxB
LCBDQU1QTywgQkFTSUNPLCBNQVNDQVJBKQpWQUxVRVMgKDM3MDgsICcgJywgTlVMTCwgJ0lQRiBD
b250YWIuQW50ZXMnLCAnSVBGIENvbnRhYi5BbnQuJywgMTUsICdOJywgMiwgTlVMTCwgMCwgMjc1
OCwgMCwgMCwgMCwgMCwgMCwgMjEsICdDMTgxMl9JUEYnLCAwLCAnICcpOwoKSU5TRVJUIElOVE8g
RElDQ0lPTkFSSU8gKE5VTUVST0RFQ0FNUE8sIFVTT0RFTENBTVBPLCBSRUZFUkVOQ0lBLCBERVND
UklQQ0lPTiwgUFJPTVBULCBMQVJHTywgVElQT0RFQ0FNUE8sIERFQ0lNQUxFUywgRURJQ0lPTiwg
Q09OVEFCSUxJWkEsIENPTkNFUFRPLCBDQUxDVUxPLCBWQUxJREFDSU9OLCBUQUJMQURFVkFMSURB
Q0lPTiwgVEFCTEFERUFZVURBLCBPUENJT05FUywgVEFCTEEsIENBTVBPLCBCQVNJQ08sIE1BU0NB
UkEpClZBTFVFUyAoMzcxMCwgJyAnLCBOVUxMLCAnSVBGIE1vcmEuQ29udGFiLkFudGVzJywgJ0lQ
RiBNb3JhLkNvbnRBbicsIDE1LCAnTicsIDIsIE5VTEwsIDAsIDI3NzUsIDAsIDAsIDAsIDAsIDAs
IDIxLCAnSVBGX01PUkFUT1JJT19DT05UQUJfQU5UJywgMCwgJyAnKTsKCklOU0VSVCBJTlRPIERJ
Q0NJT05BUklPIChOVU1FUk9ERUNBTVBPLCBVU09ERUxDQU1QTywgUkVGRVJFTkNJQSwgREVTQ1JJ
UENJT04sIFBST01QVCwgTEFSR08sIFRJUE9ERUNBTVBPLCBERUNJTUFMRVMsIEVESUNJT04sIENP
TlRBQklMSVpBLCBDT05DRVBUTywgQ0FMQ1VMTywgVkFMSURBQ0lPTiwgVEFCTEFERVZBTElEQUNJ
T04sIFRBQkxBREVBWVVEQSwgT1BDSU9ORVMsIFRBQkxBLCBDQU1QTywgQkFTSUNPLCBNQVNDQVJB
KQpWQUxVRVMgKDM3MTEsICcgJywgTlVMTCwgJ0lQRiBNb3JhLkNvbnRhYi4nLCAnSVBGIE1vcmEu
Q29udC4nLCAxNSwgJ04nLCAyLCBOVUxMLCAwLCAyNzc2LCAwLCAwLCAwLCAwLCAwLCAyMSwgJ0lQ
Rl9NT1JBVE9SSU9fQ09OVEFCJywgMCwgJyAnKTsKCklOU0VSVCBJTlRPIERJQ0NJT05BUklPIChO
VU1FUk9ERUNBTVBPLCBVU09ERUxDQU1QTywgUkVGRVJFTkNJQSwgREVTQ1JJUENJT04sIFBST01Q
VCwgTEFSR08sIFRJUE9ERUNBTVBPLCBERUNJTUFMRVMsIEVESUNJT04sIENPTlRBQklMSVpBLCBD
T05DRVBUTywgQ0FMQ1VMTywgVkFMSURBQ0lPTiwgVEFCTEFERVZBTElEQUNJT04sIFRBQkxBREVB
WVVEQSwgT1BDSU9ORVMsIFRBQkxBLCBDQU1QTywgQkFTSUNPLCBNQVNDQVJBKQpWQUxVRVMgKDM3
MTIsICcgJywgTlVMTCwgJ0lQRiBNb3JhLkRldi5WaWcuJywgJ0lQRiBNb3JhLkRldlZpZycsIDE1
LCAnTicsIDIsIE5VTEwsIDAsIDI3NzcsIDAsIDAsIDAsIDAsIDAsIDIxLCAnSVBGX01PUkFUT1JJ
T19ERVZFTl9WSUcnLCAwLCAnICcpOwoKSU5TRVJUIElOVE8gRElDQ0lPTkFSSU8gKE5VTUVST0RF
Q0FNUE8sIFVTT0RFTENBTVBPLCBSRUZFUkVOQ0lBLCBERVNDUklQQ0lPTiwgUFJPTVBULCBMQVJH
TywgVElQT0RFQ0FNUE8sIERFQ0lNQUxFUywgRURJQ0lPTiwgQ09OVEFCSUxJWkEsIENPTkNFUFRP
LCBDQUxDVUxPLCBWQUxJREFDSU9OLCBUQUJMQURFVkFMSURBQ0lPTiwgVEFCTEFERUFZVURBLCBP
UENJT05FUywgVEFCTEEsIENBTVBPLCBCQVNJQ08sIE1BU0NBUkEpClZBTFVFUyAoMzcxMywgJyAn
LCBOVUxMLCAnSVBGIE1vcmFQZXJjVmlnJywgJ0lQRiBNb3JhLlBlclZpZycsIDE1LCAnTicsIDIs
IE5VTEwsIDAsIDI3NzgsIDAsIDAsIDAsIDAsIDAsIDIxLCAnSVBGX01PUkFUT1JJT19QRVJDSUJJ
REFfVklHJywgMCwgJyAnKTsKCklOU0VSVCBJTlRPIERJQ0NJT05BUklPIChOVU1FUk9ERUNBTVBP
LCBVU09ERUxDQU1QTywgUkVGRVJFTkNJQSwgREVTQ1JJUENJT04sIFBST01QVCwgTEFSR08sIFRJ
UE9ERUNBTVBPLCBERUNJTUFMRVMsIEVESUNJT04sIENPTlRBQklMSVpBLCBDT05DRVBUTywgQ0FM
Q1VMTywgVkFMSURBQ0lPTiwgVEFCTEFERVZBTElEQUNJT04sIFRBQkxBREVBWVVEQSwgT1BDSU9O
RVMsIFRBQkxBLCBDQU1QTywgQkFTSUNPLCBNQVNDQVJBKQpWQUxVRVMgKDM3MTQsICcgJywgTlVM
TCwgJ0lQRiBNb3JhLlBlcmMuJywgJ0lQRiBNb3JhLlBlcmMuJywgMTUsICdOJywgMiwgTlVMTCwg
MCwgMjc3OSwgMCwgMCwgMCwgMCwgMCwgMjEsICdJUEZfTU9SQVRPUklPX1BFUkNJQklEQScsIDAs
ICcgJyk7CgpJTlNFUlQgSU5UTyBESUNDSU9OQVJJTyAoTlVNRVJPREVDQU1QTywgVVNPREVMQ0FN
UE8sIFJFRkVSRU5DSUEsIERFU0NSSVBDSU9OLCBQUk9NUFQsIExBUkdPLCBUSVBPREVDQU1QTywg
REVDSU1BTEVTLCBFRElDSU9OLCBDT05UQUJJTElaQSwgQ09OQ0VQVE8sIENBTENVTE8sIFZBTElE
QUNJT04sIFRBQkxBREVWQUxJREFDSU9OLCBUQUJMQURFQVlVREEsIE9QQ0lPTkVTLCBUQUJMQSwg
Q0FNUE8sIEJBU0lDTywgTUFTQ0FSQSkKVkFMVUVTICgzNzE1LCAnICcsIDAsICdGZWNoYSBTYWxk
byBJUEYgTW9yYS4nLCAnRmNoYS5TYWwuSVBGTW9yJywgOCwgJ0YnLCAwLCBOVUxMLCAwLCAyNzgw
LCAwLCAwLCAwLCAwLCAwLCAyMSwgJ0ZFQ0hBX1NBTERPX0lQRl9NT1JBVE9SSU8nLCAwLCBOVUxM
KTsKCklOU0VSVCBJTlRPIERJQ0NJT05BUklPIChOVU1FUk9ERUNBTVBPLCBVU09ERUxDQU1QTywg
UkVGRVJFTkNJQSwgREVTQ1JJUENJT04sIFBST01QVCwgTEFSR08sIFRJUE9ERUNBTVBPLCBERUNJ
TUFMRVMsIEVESUNJT04sIENPTlRBQklMSVpBLCBDT05DRVBUTywgQ0FMQ1VMTywgVkFMSURBQ0lP
TiwgVEFCTEFERVZBTElEQUNJT04sIFRBQkxBREVBWVVEQSwgT1BDSU9ORVMsIFRBQkxBLCBDQU1Q
TywgQkFTSUNPLCBNQVNDQVJBKQpWQUxVRVMgKDM3MTcsICcgJywgTlVMTCwgJ1VsdC5DdW90YSBQ
YWdhIElQRiBNb3JhLicsICdVLkN1by5QYWcuSVBGTW8nLCA0LCAnTicsIDAsIE5VTEwsIDAsIDI3
ODEsIDAsIDAsIDAsIDAsIDAsIDIxLCAnVUxUX0NVT1RBX1BBR0FfSVBGX01PUkFUT1JJTycsIDAs
ICcgJyk7CgpJTlNFUlQgSU5UTyBESUNDSU9OQVJJTyAoTlVNRVJPREVDQU1QTywgVVNPREVMQ0FN
UE8sIFJFRkVSRU5DSUEsIERFU0NSSVBDSU9OLCBQUk9NUFQsIExBUkdPLCBUSVBPREVDQU1QTywg
REVDSU1BTEVTLCBFRElDSU9OLCBDT05UQUJJTElaQSwgQ09OQ0VQVE8sIENBTENVTE8sIFZBTElE
QUNJT04sIFRBQkxBREVWQUxJREFDSU9OLCBUQUJMQURFQVlVREEsIE9QQ0lPTkVTLCBUQUJMQSwg
Q0FNUE8sIEJBU0lDTywgTUFTQ0FSQSkKVkFMVUVTICgzNzM0LCAnICcsIE5VTEwsICdJUEYgRW50
LkEgQ3VlbnRhJywgJ0lQRiBFbnQuQSBDdWVuLicsIDE1LCAnTicsIDIsIE5VTEwsIDAsIDI3ODIs
IDAsIDAsIDAsIDAsIDAsIDIxLCAnRU5UX0FfQ1VFTlRBX0lQRl9NT1JBVE9SSU8nLCAwLCAnICcp
OwoKSU5TRVJUIElOVE8gRElDQ0lPTkFSSU8gKE5VTUVST0RFQ0FNUE8sIFVTT0RFTENBTVBPLCBS
RUZFUkVOQ0lBLCBERVNDUklQQ0lPTiwgUFJPTVBULCBMQVJHTywgVElQT0RFQ0FNUE8sIERFQ0lN
QUxFUywgRURJQ0lPTiwgQ09OVEFCSUxJWkEsIENPTkNFUFRPLCBDQUxDVUxPLCBWQUxJREFDSU9O
LCBUQUJMQURFVkFMSURBQ0lPTiwgVEFCTEFERUFZVURBLCBPUENJT05FUywgVEFCTEEsIENBTVBP
LCBCQVNJQ08sIE1BU0NBUkEpClZBTFVFUyAoMzcwOSwgJyAnLCBOVUxMLCAnSVBGIERldi5WaWcu
RnJhbmphMScsICdJUEYgRGV2VmlnLkZyYTEnLCAxNSwgJ04nLCAyLCBOVUxMLCAwLCAyNzg0LCAw
LCAwLCAwLCAwLCAwLCAyMSwgJ0lQRl9ERVZfVklHX0ZSQU5KQTEnLCAwLCAnICcpOwoKSU5TRVJU
IElOVE8gRElDQ0lPTkFSSU8gKE5VTUVST0RFQ0FNUE8sIFVTT0RFTENBTVBPLCBSRUZFUkVOQ0lB
LCBERVNDUklQQ0lPTiwgUFJPTVBULCBMQVJHTywgVElQT0RFQ0FNUE8sIERFQ0lNQUxFUywgRURJ
Q0lPTiwgQ09OVEFCSUxJWkEsIENPTkNFUFRPLCBDQUxDVUxPLCBWQUxJREFDSU9OLCBUQUJMQURF
VkFMSURBQ0lPTiwgVEFCTEFERUFZVURBLCBPUENJT05FUywgVEFCTEEsIENBTVBPLCBCQVNJQ08s
IE1BU0NBUkEpClZBTFVFUyAoMzczNSwgJyAnLCBOVUxMLCAnSVBGIERldiB4RGlhc3hBdHJhc28n
LCAnSVBGRGV2LkQuQXRyJywgNCwgJ04nLCAwLCBOVUxMLCAwLCAyNzg1LCAwLCAwLCAwLCAwLCAw
LCAyMSwgJ0lQRl9ERVZfWF9ESUFTQVRSQVNPJywgMCwgJyAnKTsKCklOU0VSVCBJTlRPIERJQ0NJ
T05BUklPIChOVU1FUk9ERUNBTVBPLCBVU09ERUxDQU1QTywgUkVGRVJFTkNJQSwgREVTQ1JJUENJ
T04sIFBST01QVCwgTEFSR08sIFRJUE9ERUNBTVBPLCBERUNJTUFMRVMsIEVESUNJT04sIENPTlRB
QklMSVpBLCBDT05DRVBUTywgQ0FMQ1VMTywgVkFMSURBQ0lPTiwgVEFCTEFERVZBTElEQUNJT04s
IFRBQkxBREVBWVVEQSwgT1BDSU9ORVMsIFRBQkxBLCBDQU1QTywgQkFTSUNPLCBNQVNDQVJBKQpW
QUxVRVMgKDM3MzYsICcgJywgTlVMTCwgJ0lQRiBNb3JhLkRldiB4RGlhc3hBdHJhc28nLCAnSVBG
TW9yRGV2LkQuQXRyJywgMTUsICdOJywgMiwgTlVMTCwgMCwgMjc4NiwgMCwgMCwgMCwgMCwgMCwg
MjEsICdJUEZfTU9SQVRPUklPX0RFVl9YRElBU0FUUkFTTycsIDAsICcgJyk7CgpJTlNFUlQgSU5U
TyBESUNDSU9OQVJJTyAoTlVNRVJPREVDQU1QTywgVVNPREVMQ0FNUE8sIFJFRkVSRU5DSUEsIERF
U0NSSVBDSU9OLCBQUk9NUFQsIExBUkdPLCBUSVBPREVDQU1QTywgREVDSU1BTEVTLCBFRElDSU9O
LCBDT05UQUJJTElaQSwgQ09OQ0VQVE8sIENBTENVTE8sIFZBTElEQUNJT04sIFRBQkxBREVWQUxJ
REFDSU9OLCBUQUJMQURFQVlVREEsIE9QQ0lPTkVTLCBUQUJMQSwgQ0FNUE8sIEJBU0lDTywgTUFT
Q0FSQSkKVkFMVUVTICgzNzcwLCAnICcsIE5VTEwsICdJUEZNb3JhLlBlcmMueERpYXN4QXRyYXNv
JywgJ0lQRk1vclBlci5ELkF0cicsIDE1LCAnTicsIDIsIE5VTEwsIDAsIDI3ODcsIDAsIDAsIDAs
IDAsIDAsIDIxLCAnSVBGX01PUkFUT1JJT19QRVJDX1hESUFTQVRSQVNPJywgMCwgJyAnKTsKCi0t
IFBpdm90cwpJTlNFUlQgSU5UTyBESUNDSU9OQVJJTyAoTlVNRVJPREVDQU1QTywgVVNPREVMQ0FN
UE8sIFJFRkVSRU5DSUEsIERFU0NSSVBDSU9OLCBQUk9NUFQsIExBUkdPLCBUSVBPREVDQU1QTywg
REVDSU1BTEVTLCBFRElDSU9OLCBDT05UQUJJTElaQSwgQ09OQ0VQVE8sIENBTENVTE8sIFZBTElE
QUNJT04sIFRBQkxBREVWQUxJREFDSU9OLCBUQUJMQURFQVlVREEsIE9QQ0lPTkVTLCBUQUJMQSwg
Q0FNUE8sIEJBU0lDTywgTUFTQ0FSQSkKVkFMVUVTICgzODM5LCAnICcsIDAsICdQaXZvdCBJUEYg
RGV2LlZpZycsICdJUEYgRGV2LlZpZycsIDE1LCAnTicsIDAsIE5VTEwsIDAsIDAsIDAsIDAsIDAs
IDAsIDAsIDAsICdDMzgzOScsIDAsIE5VTEwpOwoKSU5TRVJUIElOVE8gRElDQ0lPTkFSSU8gKE5V
TUVST0RFQ0FNUE8sIFVTT0RFTENBTVBPLCBSRUZFUkVOQ0lBLCBERVNDUklQQ0lPTiwgUFJPTVBU
LCBMQVJHTywgVElQT0RFQ0FNUE8sIERFQ0lNQUxFUywgRURJQ0lPTiwgQ09OVEFCSUxJWkEsIENP
TkNFUFRPLCBDQUxDVUxPLCBWQUxJREFDSU9OLCBUQUJMQURFVkFMSURBQ0lPTiwgVEFCTEFERUFZ
VURBLCBPUENJT05FUywgVEFCTEEsIENBTVBPLCBCQVNJQ08sIE1BU0NBUkEpClZBTFVFUyAoMzk2
NywgJyAnLCAwLCAnUGl2b3QgSVBGIERldi5WaWcuRnJhbjEnLCAnSVBGIERldlZpZy5GcmExJywg
MTUsICdOJywgMCwgTlVMTCwgMCwgMCwgMCwgMCwgMCwgMCwgMCwgMCwgJ0MzOTY3JywgMCwgTlVM
TCk7CgpJTlNFUlQgSU5UTyBESUNDSU9OQVJJTyAoTlVNRVJPREVDQU1QTywgVVNPREVMQ0FNUE8s
IFJFRkVSRU5DSUEsIERFU0NSSVBDSU9OLCBQUk9NUFQsIExBUkdPLCBUSVBPREVDQU1QTywgREVD
SU1BTEVTLCBFRElDSU9OLCBDT05UQUJJTElaQSwgQ09OQ0VQVE8sIENBTENVTE8sIFZBTElEQUNJ
T04sIFRBQkxBREVWQUxJREFDSU9OLCBUQUJMQURFQVlVREEsIE9QQ0lPTkVTLCBUQUJMQSwgQ0FN
UE8sIEJBU0lDTywgTUFTQ0FSQSkKVkFMVUVTICg0MDAwLCAnICcsIDAsICdQaXZvdCBJUEYgRGV2
LlN1c3AuJywgJ0lQRiBEZXYuU3VzcC4nLCAxNSwgJ04nLCAwLCBOVUxMLCAwLCAwLCAwLCAwLCAw
LCAwLCAwLCAwLCAnQzQwMDAnLCAwLCBOVUxMKTsKCklOU0VSVCBJTlRPIERJQ0NJT05BUklPIChO
VU1FUk9ERUNBTVBPLCBVU09ERUxDQU1QTywgUkVGRVJFTkNJQSwgREVTQ1JJUENJT04sIFBST01Q
VCwgTEFSR08sIFRJUE9ERUNBTVBPLCBERUNJTUFMRVMsIEVESUNJT04sIENPTlRBQklMSVpBLCBD
T05DRVBUTywgQ0FMQ1VMTywgVkFMSURBQ0lPTiwgVEFCTEFERVZBTElEQUNJT04sIFRBQkxBREVB
WVVEQSwgT1BDSU9ORVMsIFRBQkxBLCBDQU1QTywgQkFTSUNPLCBNQVNDQVJBKQpWQUxVRVMgKDQw
MDEsICcgJywgMCwgJ1Bpdm90IElQRiBEZXYuVmVuYy4nLCAnSVBGIERldi5WZW5jLicsIDE1LCAn
TicsIDAsIE5VTEwsIDAsIDAsIDAsIDAsIDAsIDAsIDAsIDAsICdDNDAwMScsIDAsIE5VTEwpOwoK
SU5TRVJUIElOVE8gRElDQ0lPTkFSSU8gKE5VTUVST0RFQ0FNUE8sIFVTT0RFTENBTVBPLCBSRUZF
UkVOQ0lBLCBERVNDUklQQ0lPTiwgUFJPTVBULCBMQVJHTywgVElQT0RFQ0FNUE8sIERFQ0lNQUxF
UywgRURJQ0lPTiwgQ09OVEFCSUxJWkEsIENPTkNFUFRPLCBDQUxDVUxPLCBWQUxJREFDSU9OLCBU
QUJMQURFVkFMSURBQ0lPTiwgVEFCTEFERUFZVURBLCBPUENJT05FUywgVEFCTEEsIENBTVBPLCBC
QVNJQ08sIE1BU0NBUkEpClZBTFVFUyAoMzgzNSwgJyAnLCAwLCAnUGl2b3QgSVBGIE1vcmEuRGV2
LlZpZy4nLCAnSVBGIE1vcmFEZXYuVmlnJywgMTUsICdOJywgMCwgTlVMTCwgMCwgMCwgMCwgMCwg
MCwgMCwgMCwgMCwgJ0MzODM1JywgMCwgTlVMTCk7CgpJTlNFUlQgSU5UTyBESUNDSU9OQVJJTyAo
TlVNRVJPREVDQU1QTywgVVNPREVMQ0FNUE8sIFJFRkVSRU5DSUEsIERFU0NSSVBDSU9OLCBQUk9N
UFQsIExBUkdPLCBUSVBPREVDQU1QTywgREVDSU1BTEVTLCBFRElDSU9OLCBDT05UQUJJTElaQSwg
Q09OQ0VQVE8sIENBTENVTE8sIFZBTElEQUNJT04sIFRBQkxBREVWQUxJREFDSU9OLCBUQUJMQURF
QVlVREEsIE9QQ0lPTkVTLCBUQUJMQSwgQ0FNUE8sIEJBU0lDTywgTUFTQ0FSQSkKVkFMVUVTICgz
ODM2LCAnICcsIDAsICdQaXZvdCBJUEYgTW9yYS5EZXYuU3VzcC4nLCdJUEYgTW9yYURldi5TdXMn
LCAxNSwgJ04nLCAwLCBOVUxMLCAwLCAwLCAwLCAwLCAwLCAwLCAwLCAwLCAnQzM4MzYnLCAwLCBO
VUxMKTsKCklOU0VSVCBJTlRPIERJQ0NJT05BUklPIChOVU1FUk9ERUNBTVBPLCBVU09ERUxDQU1Q
TywgUkVGRVJFTkNJQSwgREVTQ1JJUENJT04sIFBST01QVCwgTEFSR08sIFRJUE9ERUNBTVBPLCBE
RUNJTUFMRVMsIEVESUNJT04sIENPTlRBQklMSVpBLCBDT05DRVBUTywgQ0FMQ1VMTywgVkFMSURB
Q0lPTiwgVEFCTEFERVZBTElEQUNJT04sIFRBQkxBREVBWVVEQSwgT1BDSU9ORVMsIFRBQkxBLCBD
QU1QTywgQkFTSUNPLCBNQVNDQVJBKQpWQUxVRVMgKDM4MzgsICcgJywgMCwgJ1Bpdm90IElQRiBN
b3JhLkRldi5WZW5jLicsICdJUEYgTW9yYURldi5WZW4nLCAxNSwgJ04nLCAwLCBOVUxMLCAwLCAw
LCAwLCAwLCAwLCAwLCAwLCAwLCAnQzM4MzgnLCAwLCBOVUxMKTsKCklOU0VSVCBJTlRPIERJQ0NJ
T05BUklPIChOVU1FUk9ERUNBTVBPLCBVU09ERUxDQU1QTywgUkVGRVJFTkNJQSwgREVTQ1JJUENJ
T04sIFBST01QVCwgTEFSR08sIFRJUE9ERUNBTVBPLCBERUNJTUFMRVMsIEVESUNJT04sIENPTlRB
QklMSVpBLCBDT05DRVBUTywgQ0FMQ1VMTywgVkFMSURBQ0lPTiwgVEFCTEFERVZBTElEQUNJT04s
IFRBQkxBREVBWVVEQSwgT1BDSU9ORVMsIFRBQkxBLCBDQU1QTywgQkFTSUNPLCBNQVNDQVJBKQpW
QUxVRVMgKDQwMDIsICcgJywgMCwgJ1Bpdm90IElQRiBEZXYuTlAueERpYXNBdHInLCAnSVBGRGV2
Lk5QLkQuQXRyJywgMTUsICdOJywgMCwgTlVMTCwgMCwgMCwgMCwgMCwgMCwgMCwgMCwgMCwgJ0M0
MDAyJywgMCwgTlVMTCk7CgpJTlNFUlQgSU5UTyBESUNDSU9OQVJJTyAoTlVNRVJPREVDQU1QTywg
VVNPREVMQ0FNUE8sIFJFRkVSRU5DSUEsIERFU0NSSVBDSU9OLCBQUk9NUFQsIExBUkdPLCBUSVBP
REVDQU1QTywgREVDSU1BTEVTLCBFRElDSU9OLCBDT05UQUJJTElaQSwgQ09OQ0VQVE8sIENBTENV
TE8sIFZBTElEQUNJT04sIFRBQkxBREVWQUxJREFDSU9OLCBUQUJMQURFQVlVREEsIE9QQ0lPTkVT
LCBUQUJMQSwgQ0FNUE8sIEJBU0lDTywgTUFTQ0FSQSkKVkFMVUVTICg0MDA2LCAnICcsIDAsICdQ
aXZvdCBJUEYgTW9yYS5EZXZ4RGlhc0F0cicsICdJUEZNb3JEZXYuRC5BdHInLCAxNSwgJ04nLCAw
LCBOVUxMLCAwLCAwLCAwLCAwLCAwLCAwLCAwLCAwLCAnQzQwMDYnLCAwLCBOVUxMKTsKDQoKCg0K', NULL, 0);
