EXECUTE('
------
DELETE FROM CI_EVENTO WHERE ID_EVENTO IN (1410,1412,1413)
--
INSERT INTO CI_EVENTO (ID_EVENTO, DESCRIPCION, TZ_LOCK)
VALUES (1410, ''MULTAS CHEQUES RECHAZADOS'', 0)
--
INSERT INTO CI_EVENTO (ID_EVENTO, DESCRIPCION, TZ_LOCK)
VALUES (1412, ''DEVOLUCION MULTA BCRA CHEQUES RECHAZADOS'', 0)
--
INSERT INTO CI_EVENTO (ID_EVENTO, DESCRIPCION, TZ_LOCK)
VALUES (1413, ''IMPUESTOS DEVOLUCIÓN MULTA CHEQUE'', 0)
------
DELETE FROM CI_CARGOS_X_EVENTO WHERE ID_EVENTO IN (1410,1412,1413)
--
INSERT INTO CI_CARGOS_X_EVENTO (ID_CARGO, ID_EVENTO, TZ_LOCK, TIPO_RELACION, CAMPO_SEGMENTO, DESCRIPCION_SEGMENTO, PRIORIDAD)
VALUES (401, 1413, 0, ''A'', 0, '' '', 1)
--
INSERT INTO CI_CARGOS_X_EVENTO (ID_CARGO, ID_EVENTO, TZ_LOCK, TIPO_RELACION, CAMPO_SEGMENTO, DESCRIPCION_SEGMENTO, PRIORIDAD)
VALUES (1410, 1410, 0, ''A'', 0, '' '', 1)
--
INSERT INTO CI_CARGOS_X_EVENTO (ID_CARGO, ID_EVENTO, TZ_LOCK, TIPO_RELACION, CAMPO_SEGMENTO, DESCRIPCION_SEGMENTO, PRIORIDAD)
VALUES (1411, 1410, 0, ''A'', 0, '' '', 1)
--
INSERT INTO CI_CARGOS_X_EVENTO (ID_CARGO, ID_EVENTO, TZ_LOCK, TIPO_RELACION, CAMPO_SEGMENTO, DESCRIPCION_SEGMENTO, PRIORIDAD)
VALUES (1412, 1412, 0, ''A'', 0, '' '', 1)
------
DELETE FROM CI_CARGOS WHERE ID_CARGO IN (1410,1411,1412)
--
INSERT INTO CI_CARGOS (ID_CARGO, DESCRIPCION, ENQUEUE, EXONERABLE, ID_FORMULA, ACTUALIZABLE, CONDICION, PIVOT_, MONEDA_IMPORTE, IMPORTE_MINIMO, IMPORTE_MAXIMO, TRATAMIENTO_MINIMO, TZ_LOCK, CAMPO_MONTO_IMPONIBLE, CAMPO_RANGO_TARIFA, NETEAR, CANTIDAD_REINTENTOS, CONCEPTO, PIVOT_ENCOLA, CONTABILIZA, SOBREGIRO, BLOQUEO, CONTROL_MAX_MIN, TIPO_FECHA_VIGENCIA, TIPO_DOCUMENTO, ACEPTAPAGOPARCIAL, FECHAHASTA, FECHADESDE, MONEDA_RANGO, BUSCA_MONEDA_RANGO, CODIGO_TRANSACCION, REGENERA_AL_PAGAR, CARGO_O_IMPUESTO, INCLUIRENCUOTA, CUOTASNOCONSIDERARALFINAL, COBRARHASTADIAS, PORCENTAJE_MINIMO, PORCENTAJE_MAXIMO, CAMPO_DIA_COBRO, GENERA_RESERVA, DIAS_COBRO_HASTA_INMOVILIZADA, DESCRIPCION_1, DESCRIPCION_2, DESCRIPCION_3, GENERA_FACTURA_EN_CERO, TIPO_CARGO_IMPOSITIVO)
VALUES (1410, ''MULTA BCRA CHEQUES RECHAZADOS'', ''N'', ''N'', 2, ''N'', 1410, 34355, 1, 100, 50000, ''C'', 0, 0, 0, ''N'', 0, 0, NULL, ''N'', ''N'', ''C'', ''N'', 2, ''F'', ''N'', ''3065-02-10'', ''2010-02-10'', 0, ''N'', NULL, ''N'', ''C'', ''N'', 0, 0, 0, 0, 0, ''S'', 0, NULL, NULL, NULL, ''N'', 0)
--
INSERT INTO CI_CARGOS (ID_CARGO, DESCRIPCION, ENQUEUE, EXONERABLE, ID_FORMULA, ACTUALIZABLE, CONDICION, PIVOT_, MONEDA_IMPORTE, IMPORTE_MINIMO, IMPORTE_MAXIMO, TRATAMIENTO_MINIMO, TZ_LOCK, CAMPO_MONTO_IMPONIBLE, CAMPO_RANGO_TARIFA, NETEAR, CANTIDAD_REINTENTOS, CONCEPTO, PIVOT_ENCOLA, CONTABILIZA, SOBREGIRO, BLOQUEO, CONTROL_MAX_MIN, TIPO_FECHA_VIGENCIA, TIPO_DOCUMENTO, ACEPTAPAGOPARCIAL, FECHAHASTA, FECHADESDE, MONEDA_RANGO, BUSCA_MONEDA_RANGO, CODIGO_TRANSACCION, REGENERA_AL_PAGAR, CARGO_O_IMPUESTO, INCLUIRENCUOTA, CUOTASNOCONSIDERARALFINAL, COBRARHASTADIAS, PORCENTAJE_MINIMO, PORCENTAJE_MAXIMO, CAMPO_DIA_COBRO, GENERA_RESERVA, DIAS_COBRO_HASTA_INMOVILIZADA, DESCRIPCION_1, DESCRIPCION_2, DESCRIPCION_3, GENERA_FACTURA_EN_CERO, TIPO_CARGO_IMPOSITIVO)
VALUES (1411, ''MULTA REDUCIDA BCRA CHEQUES RECHAZADOS'', ''N'', ''N'', 2, ''N'', 1411, 34355, 1, 50, 25000, ''C'', 0, 0, 0, ''N'', 0, 0, NULL, ''N'', ''N'', ''C'', ''N'', 2, ''F'', ''N'', ''3065-02-10'', ''2010-02-10'', 0, ''N'', NULL, ''N'', ''C'', ''N'', 0, 0, 0, 0, 0, ''S'', 0, NULL, NULL, NULL, ''N'', 0)
--
INSERT INTO CI_CARGOS (ID_CARGO, DESCRIPCION, ENQUEUE, EXONERABLE, ID_FORMULA, ACTUALIZABLE, CONDICION, PIVOT_, MONEDA_IMPORTE, IMPORTE_MINIMO, IMPORTE_MAXIMO, TRATAMIENTO_MINIMO, TZ_LOCK, CAMPO_MONTO_IMPONIBLE, CAMPO_RANGO_TARIFA, NETEAR, CANTIDAD_REINTENTOS, CONCEPTO, PIVOT_ENCOLA, CONTABILIZA, SOBREGIRO, BLOQUEO, CONTROL_MAX_MIN, TIPO_FECHA_VIGENCIA, TIPO_DOCUMENTO, ACEPTAPAGOPARCIAL, FECHAHASTA, FECHADESDE, MONEDA_RANGO, BUSCA_MONEDA_RANGO, CODIGO_TRANSACCION, REGENERA_AL_PAGAR, CARGO_O_IMPUESTO, INCLUIRENCUOTA, CUOTASNOCONSIDERARALFINAL, COBRARHASTADIAS, PORCENTAJE_MINIMO, PORCENTAJE_MAXIMO, CAMPO_DIA_COBRO, GENERA_RESERVA, DIAS_COBRO_HASTA_INMOVILIZADA, DESCRIPCION_1, DESCRIPCION_2, DESCRIPCION_3, GENERA_FACTURA_EN_CERO, TIPO_CARGO_IMPOSITIVO)
VALUES (1412, ''DEVOLUCION MULTA BCRA CHEQUES RECHAZADOS'', ''N'', ''N'', 2, ''N'', 1412, 58497, 1, 50, 25000, ''C'', 0, 0, 0, ''N'', 0, 0, NULL, ''N'', ''N'', ''C'', ''N'', 2, ''F'', ''N'', ''3065-02-10'', ''2010-02-10'', 0, ''N'', NULL, ''N'', ''C'', ''N'', 0, 0, 0, 0, 0, ''S'', 0, NULL, NULL, NULL, ''N'', 0)
------
DELETE FROM CI_CARGOS_TARIFAS WHERE ID_CARGO IN (1410,1411,1412)
--
INSERT INTO CI_CARGOS_TARIFAS (ID_CARGO, MONEDA, RANGO_HASTA, TASA, IMPORTE_APLICAR, MONEDA_IMPORTE, TZ_LOCK, ID_CLIENTE, SEGMENTO, APLICA_MIN_MAX, IMPORTE_MINIMO, IMPORTE_MAXIMO, FECHA_DESDE, FECHA_HASTA)
VALUES (1410, 1, 9999999999999, 0.04, 0, 1, 0, 0, ''0'', ''N'', 0, 0, ''2000-01-01'', ''2099-01-01'')
--
INSERT INTO CI_CARGOS_TARIFAS (ID_CARGO, MONEDA, RANGO_HASTA, TASA, IMPORTE_APLICAR, MONEDA_IMPORTE, TZ_LOCK, ID_CLIENTE, SEGMENTO, APLICA_MIN_MAX, IMPORTE_MINIMO, IMPORTE_MAXIMO, FECHA_DESDE, FECHA_HASTA)
VALUES (1411, 1, 9999999999999, 0.02, 0, 1, 0, 0, ''0'', ''N'', 0, 0, ''2000-01-01'', ''2099-01-01'')
--
INSERT INTO CI_CARGOS_TARIFAS (ID_CARGO, MONEDA, RANGO_HASTA, TASA, IMPORTE_APLICAR, MONEDA_IMPORTE, TZ_LOCK, ID_CLIENTE, SEGMENTO, APLICA_MIN_MAX, IMPORTE_MINIMO, IMPORTE_MAXIMO, FECHA_DESDE, FECHA_HASTA)
VALUES (1412, 1, 9999999999999, 0.02, 0, 1, 0, 0, ''0'', ''N'', 0, 0, ''2000-01-01'', ''2099-01-01'')
------
DELETE FROM CI_IMPUESTOS_X_CARGO WHERE ID_CARGO IN (1410,1411)
--
INSERT INTO CI_IMPUESTOS_X_CARGO (ID_IMPUESTO, ID_CARGO, LECTURA_TOPAZ, TZ_LOCK, CAMPO_SEGMENTO, DESCRIPCION_SEGMENTO)
VALUES (3, 1410, ''A'', 0, NULL, NULL)
--
INSERT INTO CI_IMPUESTOS_X_CARGO (ID_IMPUESTO, ID_CARGO, LECTURA_TOPAZ, TZ_LOCK, CAMPO_SEGMENTO, DESCRIPCION_SEGMENTO)
VALUES (3, 1411, ''A'', 0, NULL, NULL)
--
INSERT INTO CI_IMPUESTOS_X_CARGO (ID_IMPUESTO, ID_CARGO, LECTURA_TOPAZ, TZ_LOCK, CAMPO_SEGMENTO, DESCRIPCION_SEGMENTO)
VALUES (4, 1410, ''A'', 0, 1357, ''Cond Percep IVA'')
--
INSERT INTO CI_IMPUESTOS_X_CARGO (ID_IMPUESTO, ID_CARGO, LECTURA_TOPAZ, TZ_LOCK, CAMPO_SEGMENTO, DESCRIPCION_SEGMENTO)
VALUES (4, 1411, ''A'', 0, 1357, ''Cond Percep IVA'')
--
INSERT INTO CI_IMPUESTOS_X_CARGO (ID_IMPUESTO, ID_CARGO, LECTURA_TOPAZ, TZ_LOCK, CAMPO_SEGMENTO, DESCRIPCION_SEGMENTO)
VALUES (10, 1410, ''A'', 0, 34096, ''Cond CREDEB'')
--
INSERT INTO CI_IMPUESTOS_X_CARGO (ID_IMPUESTO, ID_CARGO, LECTURA_TOPAZ, TZ_LOCK, CAMPO_SEGMENTO, DESCRIPCION_SEGMENTO)
VALUES (10, 1411, ''A'', 0, 34096, ''Cond CREDEB'')
------
DELETE FROM CI_CARGOS_X_EVENTO
WHERE ID_CARGO = 501 AND ID_EVENTO = 1413
--
DELETE FROM CI_CARGOS_X_EVENTO
WHERE ID_CARGO = 555 AND ID_EVENTO = 1413
--
INSERT INTO CI_CARGOS_X_EVENTO (ID_CARGO, ID_EVENTO, TZ_LOCK, TIPO_RELACION, CAMPO_SEGMENTO, DESCRIPCION_SEGMENTO, PRIORIDAD)
VALUES (501, 1413, 0, ''A'', 33991, ''CONDICIÓN SIRCREB'', 2)
--
INSERT INTO CI_CARGOS_X_EVENTO (ID_CARGO, ID_EVENTO, TZ_LOCK, TIPO_RELACION, CAMPO_SEGMENTO, DESCRIPCION_SEGMENTO, PRIORIDAD)
VALUES (555, 1413, 0, ''A'', 0, '' '', 1)
------
INSERT INTO DICCIONARIO (NUMERODECAMPO, USODELCAMPO, REFERENCIA, DESCRIPCION, PROMPT, LARGO, TIPODECAMPO, DECIMALES, EDICION, CONTABILIZA, CONCEPTO, CALCULO, VALIDACION, TABLADEVALIDACION, TABLADEAYUDA, OPCIONES, TABLA, CAMPO, BASICO, MASCARA)
VALUES (35207, '' '', 0, ''DEVOLUCION MULTA BCRA'', ''DEVOLUCION MULTA BCRA'', 1, ''A'', 0, NULL, 0, 0, 0, 0, 0, 0, 0, 0, ''TIENE_FEC_PAGO'', 0, NULL)
--
INSERT INTO DICCIONARIO (NUMERODECAMPO, USODELCAMPO, REFERENCIA, DESCRIPCION, PROMPT, LARGO, TIPODECAMPO, DECIMALES, EDICION, CONTABILIZA, CONCEPTO, CALCULO, VALIDACION, TABLADEVALIDACION, TABLADEAYUDA, OPCIONES, TABLA, CAMPO, BASICO, MASCARA)
VALUES (35206, '' '', 0, ''TIENE_FEC_PAGO'', ''TIENE_FEC_PAGO'', 1, ''A'', 0, NULL, 0, 0, 0, 0, 0, 0, 0, 0, ''TIENE_FEC_PAGO'', 0, NULL)
------
DELETE FROM CI_FORMULAS
WHERE ID_FORMULA = 1410
--
DELETE FROM CI_FORMULAS
WHERE ID_FORMULA = 1411
--
DELETE FROM CI_FORMULAS
WHERE ID_FORMULA = 1412
--
INSERT INTO CI_FORMULAS (ID_FORMULA, DESCRIPCION, FORMULA, TZ_LOCK, ES_CONDICION)
VALUES (1410, ''CONDICIÓN MULTA BCRA CHEQUES RECHAZADOS'', ''(C35206#''''S'''')'', 0, 1)
--
INSERT INTO CI_FORMULAS (ID_FORMULA, DESCRIPCION, FORMULA, TZ_LOCK, ES_CONDICION)
VALUES (1411, ''CONDICIÓN MULTA BCRA CHEQUES RECHAZADOS'', ''(C35206=''''S'''')'', 0, 1)
--
INSERT INTO CI_FORMULAS (ID_FORMULA, DESCRIPCION, FORMULA, TZ_LOCK, ES_CONDICION)
VALUES (1412, ''CONDICIÓN DEVOLUCION MULTA BCRA CHEQUES RECHAZADOS'', ''(C35207=''''S'''')'', 0, 1)
------
')