EXECUTE('
-----------------------
--AJUSTE DE IMPUESTOS--
-----------------------
INSERT INTO dbo.CI_IMPUESTOS (ID_IMPUESTO, DESCRIPCION, CONDICION, TZ_LOCK, PIVOT_, ID_FORMULA, CONCEPTO, MONTO_DEDUCIBLE, IMPORTE_MAXIMO, IMPORTE_MINIMO, MONEDA_IMPORTE, TRATAMIENTO_MINIMO, TIPO_FECHA_VIGENCIA, FECHADESDE, FECHAHASTA, MONEDA_RANGO, BUSCA_MONEDA_RANGO, COBRO_PROPORCIONAL, CAMPO_RANGO_TARIFA, GENERA_FACTURA_EN_CERO, TIPO_IMPUESTO, CODIGO_TRANSACCION)
VALUES (11, ''IVA sobre Mora Caja Seg'', 0, 0, 58355, 2, 0, 0, 9999999999999, 0, 1, ''C'', 0, ''19000123'', ''50000123'', 0, ''N'', ''N'', 0, ''N'', 1, 200)
--
INSERT INTO dbo.CI_IMPUESTOS (ID_IMPUESTO, DESCRIPCION, CONDICION, TZ_LOCK, PIVOT_, ID_FORMULA, CONCEPTO, MONTO_DEDUCIBLE, IMPORTE_MAXIMO, IMPORTE_MINIMO, MONEDA_IMPORTE, TRATAMIENTO_MINIMO, TIPO_FECHA_VIGENCIA, FECHADESDE, FECHAHASTA, MONEDA_RANGO, BUSCA_MONEDA_RANGO, COBRO_PROPORCIONAL, CAMPO_RANGO_TARIFA, GENERA_FACTURA_EN_CERO, TIPO_IMPUESTO, CODIGO_TRANSACCION)
VALUES (12, ''IVA Percep Mora CAja Seg(R.G.2408/08)'', 602, 0, 58360, 2, 0, 0, 9999999999999, 60, 1, ''D'', 0, ''19000101'', ''50001231'', 0, ''N'', ''0'', 0, ''N'', 2, 201)
----
UPDATE dbo.CI_IMPUESTOS
SET DESCRIPCION = ''IVA sobre interes OC'' WHERE ID_IMPUESTO = 7 
--
UPDATE dbo.CI_IMPUESTOS
SET DESCRIPCION = ''IVA Perc ints OC (RG2408/08)'' WHERE ID_IMPUESTO = 8 
----
DELETE FROM dbo.CI_IMPUESTOS_X_CARGO
WHERE ID_IMPUESTO = 7 AND ID_CARGO = 240
--
DELETE FROM dbo.CI_IMPUESTOS_X_CARGO
WHERE ID_IMPUESTO = 8 AND ID_CARGO = 240
--
INSERT INTO dbo.CI_IMPUESTOS_X_CARGO (ID_IMPUESTO, ID_CARGO, LECTURA_TOPAZ, TZ_LOCK, CAMPO_SEGMENTO, DESCRIPCION_SEGMENTO)
VALUES (11, 240, ''A'', 0, 1357, ''Condición IVA'')
--
INSERT INTO dbo.CI_IMPUESTOS_X_CARGO (ID_IMPUESTO, ID_CARGO, LECTURA_TOPAZ, TZ_LOCK, CAMPO_SEGMENTO, DESCRIPCION_SEGMENTO)
VALUES (12, 240, ''A'', 0, 1357, ''Cond Percep IVA'')
----
INSERT INTO dbo.CI_IMPUESTOS_TARIFAS (ID_IMPUESTO, MONEDA, RANGO_HASTA, TASA, IMPORTE_APLICAR, MONEDA_IMPORTE, TZ_LOCK, FECHA_HASTA, FECHA_DESDE, ID_CLIENTE, SEGMENTO, EMPRESA)
VALUES (11, 1, 9999999999999, 0.21, 0, 1, 0, ''20990101'', ''20000101'', 0, ''0'', 0)
--
INSERT INTO dbo.CI_IMPUESTOS_TARIFAS (ID_IMPUESTO, MONEDA, RANGO_HASTA, TASA, IMPORTE_APLICAR, MONEDA_IMPORTE, TZ_LOCK, FECHA_HASTA, FECHA_DESDE, ID_CLIENTE, SEGMENTO, EMPRESA)
VALUES (11, 1, 9999999999999, 0.105, 0, 1, 0, ''20990101'', ''20000101'', 0, ''AC'', 0)
--
INSERT INTO dbo.CI_IMPUESTOS_TARIFAS (ID_IMPUESTO, MONEDA, RANGO_HASTA, TASA, IMPORTE_APLICAR, MONEDA_IMPORTE, TZ_LOCK, FECHA_HASTA, FECHA_DESDE, ID_CLIENTE, SEGMENTO, EMPRESA)
VALUES (11, 2, 9999999999999, 0.105, 0, 1, 0, ''20990101'', ''20000101'', 0, ''AC'', 0)
--
INSERT INTO dbo.CI_IMPUESTOS_TARIFAS (ID_IMPUESTO, MONEDA, RANGO_HASTA, TASA, IMPORTE_APLICAR, MONEDA_IMPORTE, TZ_LOCK, FECHA_HASTA, FECHA_DESDE, ID_CLIENTE, SEGMENTO, EMPRESA)
VALUES (11, 2, 9999999999999, 0.21, 0, 1, 0, ''20990101'', ''20000101'', 0, ''0'', 0)
--
INSERT INTO dbo.CI_IMPUESTOS_TARIFAS (ID_IMPUESTO, MONEDA, RANGO_HASTA, TASA, IMPORTE_APLICAR, MONEDA_IMPORTE, TZ_LOCK, FECHA_HASTA, FECHA_DESDE, ID_CLIENTE, SEGMENTO, EMPRESA)
VALUES (12, 1, 9999999999999, 0.015, 0, 1, 0, ''20990101'', ''20000101'', 0, ''AC'', 0)
--
INSERT INTO dbo.CI_IMPUESTOS_TARIFAS (ID_IMPUESTO, MONEDA, RANGO_HASTA, TASA, IMPORTE_APLICAR, MONEDA_IMPORTE, TZ_LOCK, FECHA_HASTA, FECHA_DESDE, ID_CLIENTE, SEGMENTO, EMPRESA)
VALUES (12, 1, 9999999999999, 0, 0, 1, 0, ''20990101'', ''20000101'', 0, ''0'', 0)
--
INSERT INTO dbo.CI_IMPUESTOS_TARIFAS (ID_IMPUESTO, MONEDA, RANGO_HASTA, TASA, IMPORTE_APLICAR, MONEDA_IMPORTE, TZ_LOCK, FECHA_HASTA, FECHA_DESDE, ID_CLIENTE, SEGMENTO, EMPRESA)
VALUES (12, 2, 9999999999999, 0.015, 0, 1, 0, ''20990101'', ''20000101'', 0, ''AC'', 0)
--
INSERT INTO dbo.CI_IMPUESTOS_TARIFAS (ID_IMPUESTO, MONEDA, RANGO_HASTA, TASA, IMPORTE_APLICAR, MONEDA_IMPORTE, TZ_LOCK, FECHA_HASTA, FECHA_DESDE, ID_CLIENTE, SEGMENTO, EMPRESA)
VALUES (12, 2, 9999999999999, 0, 0, 1, 0, ''20990101'', ''20000101'', 0, ''0'', 0)
----
')