EXECUTE('
-----------------------------------
--CORRECCIONES VTA_TRANSFERENCIAS--
-----------------------------------
DELETE FROM dbo.OPCIONES
WHERE NUMERODECAMPO = 34229
----
DELETE FROM dbo.INDICES
WHERE NUMERODEARCHIVO = 3422 AND NUMERODEINDICE = 1
---------------------------------
--DEPURACIÓN SNP_TRANSFERENCIAS--
---------------------------------
DELETE FROM dbo.INDICES
WHERE NUMERODEARCHIVO = 4467 AND NUMERODEINDICE = 1
--
DELETE FROM dbo.OPCIONES
WHERE NUMERODECAMPO = 44704
--
DELETE FROM dbo.OPCIONES
WHERE NUMERODECAMPO = 44711
--
DELETE FROM dbo.OPCIONES
WHERE NUMERODECAMPO = 44712
--
DELETE FROM dbo.OPCIONES
WHERE NUMERODECAMPO = 44727
--
DELETE FROM dbo.DICCIONARIO
WHERE TABLA = 4467
--
DELETE FROM dbo.DESCRIPTORES
WHERE TITULO = 24 AND IDENTIFICACION = 4467
----
')
EXECUTE('
---------------------------------
--TABLA TIPOS DE TRANSFERENCIAS--
---------------------------------
INSERT INTO dbo.DESCRIPTORES (TITULO, IDENTIFICACION, TIPODEARCHIVO, DESCRIPCION, GRUPODELMAPA, NOMBREFISICO, TIPODEDBMS, LARGODELREGISTRO, INICIALIZACIONDELREGISTRO, BASE, SELECCION, ACEPTA_MOVS_DIFERIDO)
VALUES (24, 4557, NULL, ''Tipos de Transferencias'', 0, ''VTA_TRANSFERENCIAS_TIPOS'', ''D'', NULL, NULL, ''TOP/CLIENTES'', NULL, ''N'')
----
INSERT INTO dbo.DICCIONARIO (NUMERODECAMPO, USODELCAMPO, REFERENCIA, DESCRIPCION, PROMPT, LARGO, TIPODECAMPO, DECIMALES, EDICION, CONTABILIZA, CONCEPTO, CALCULO, VALIDACION, TABLADEVALIDACION, TABLADEAYUDA, OPCIONES, TABLA, CAMPO, BASICO, MASCARA)
VALUES (45570, '' '', 0, ''ID tipo transferencia'', ''ID tipo transferencia'', 3, ''N'', 0, NULL, 0, 0, 0, 0, 0, 0, 0, 4557, ''ID_TIPO'', 0, NULL)
--
INSERT INTO dbo.DICCIONARIO (NUMERODECAMPO, USODELCAMPO, REFERENCIA, DESCRIPCION, PROMPT, LARGO, TIPODECAMPO, DECIMALES, EDICION, CONTABILIZA, CONCEPTO, CALCULO, VALIDACION, TABLADEVALIDACION, TABLADEAYUDA, OPCIONES, TABLA, CAMPO, BASICO, MASCARA)
VALUES (45571, '' '', 0, ''Info. adicional de presentaciones'', ''Info. adicional de presentaciones'', 2, ''A'', 0, NULL, 0, 0, 0, 0, 0, 0, 0, 4557, ''ADICIONAL_PRESENT'', 0, NULL)
--
INSERT INTO dbo.DICCIONARIO (NUMERODECAMPO, USODELCAMPO, REFERENCIA, DESCRIPCION, PROMPT, LARGO, TIPODECAMPO, DECIMALES, EDICION, CONTABILIZA, CONCEPTO, CALCULO, VALIDACION, TABLADEVALIDACION, TABLADEAYUDA, OPCIONES, TABLA, CAMPO, BASICO, MASCARA)
VALUES (45572, '' '', 0, ''Descripción presentaciones'', ''Descripción presentaciones'', 40, ''A'', 0, NULL, 0, 0, 0, 0, 0, 0, 0, 4557, ''DESCRIPCION_PRESENT'', 0, NULL)
--
INSERT INTO dbo.DICCIONARIO (NUMERODECAMPO, USODELCAMPO, REFERENCIA, DESCRIPCION, PROMPT, LARGO, TIPODECAMPO, DECIMALES, EDICION, CONTABILIZA, CONCEPTO, CALCULO, VALIDACION, TABLADEVALIDACION, TABLADEAYUDA, OPCIONES, TABLA, CAMPO, BASICO, MASCARA)
VALUES (45573, '' '', 0, ''Origen línea de Caja'', ''Origen línea de Caja'', 1, ''A'', 0, NULL, 0, 0, 0, 0, 0, 0, 1, 4557, ''ORIGEN_CAJA'', 0, NULL)
--
INSERT INTO dbo.DICCIONARIO (NUMERODECAMPO, USODELCAMPO, REFERENCIA, DESCRIPCION, PROMPT, LARGO, TIPODECAMPO, DECIMALES, EDICION, CONTABILIZA, CONCEPTO, CALCULO, VALIDACION, TABLADEVALIDACION, TABLADEAYUDA, OPCIONES, TABLA, CAMPO, BASICO, MASCARA)
VALUES (45574, '' '', 0, ''Info. adicional de devoluciones'', ''Info. adicional de devoluciones'', 2, ''A'', 0, NULL, 0, 0, 0, 0, 0, 0, 0, 4557, ''ADICIONAL_DEVOL'', 0, NULL)
--
INSERT INTO dbo.DICCIONARIO (NUMERODECAMPO, USODELCAMPO, REFERENCIA, DESCRIPCION, PROMPT, LARGO, TIPODECAMPO, DECIMALES, EDICION, CONTABILIZA, CONCEPTO, CALCULO, VALIDACION, TABLADEVALIDACION, TABLADEAYUDA, OPCIONES, TABLA, CAMPO, BASICO, MASCARA)
VALUES (45575, '' '', 0, ''Descripción devoluciones'', ''Descripción devoluciones'', 40, ''A'', 0, NULL, 0, 0, 0, 0, 0, 0, 0, 4557, ''DESCRIPCION_DEVOL'', 0, NULL)
----
INSERT INTO dbo.INDICES (NUMERODEARCHIVO, NUMERODEINDICE, DESCRIPCION, CLAVESREPETIDAS, CAMPO1, CAMPO2, CAMPO3, CAMPO4, CAMPO5, CAMPO6, CAMPO7, CAMPO8, CAMPO9, CAMPO10, CAMPO11, CAMPO12, CAMPO13, CAMPO14, CAMPO15, CAMPO16, CAMPO17, CAMPO18, CAMPO19, CAMPO20)
VALUES (4557, 1, ''índice tipos de transferencias'', 0, 45570, NULL, NULL, NULL, NULL, NULL, NULL, NULL, NULL, NULL, NULL, NULL, NULL, NULL, NULL, NULL, NULL, NULL, NULL, NULL)
----
INSERT INTO dbo.AYUDAS (NUMERODEARCHIVO, NUMERODEAYUDA, DESCRIPCION, FILTRO, MOSTRARTODOS, CAMPOS, CAMPOSVISTA, BASEVISTA, NOMBREVISTA, AYUDAGRANDE)
VALUES (4557, 45571, ''listado tipos de trf.'', '''', 0, ''45570ROA1;45571;45572;45573;45574;45575;'', NULL, NULL, NULL, 0)
----
INSERT INTO dbo.DICCIONARIO (NUMERODECAMPO, USODELCAMPO, REFERENCIA, DESCRIPCION, PROMPT, LARGO, TIPODECAMPO, DECIMALES, EDICION, CONTABILIZA, CONCEPTO, CALCULO, VALIDACION, TABLADEVALIDACION, TABLADEAYUDA, OPCIONES, TABLA, CAMPO, BASICO, MASCARA)
VALUES (45576, '' '', 0, ''Listado tipos de transferencias'', ''Listado tipos de transferencias'', 3, ''N'', 0, NULL, 0, 0, 0, 0, 0, 45571, 0, 0, ''C45576'', 0, NULL)
----
INSERT INTO dbo.DICCIONARIO (NUMERODECAMPO, USODELCAMPO, REFERENCIA, DESCRIPCION, PROMPT, LARGO, TIPODECAMPO, DECIMALES, EDICION, CONTABILIZA, CONCEPTO, CALCULO, VALIDACION, TABLADEVALIDACION, TABLADEAYUDA, OPCIONES, TABLA, CAMPO, BASICO, MASCARA)
VALUES (45577, '' '', 0, ''Numerador tipos de transferencia'', ''Numerador tipos de transferencia'', 3, ''N'', 0, NULL, 0, 19, 0, 0, 0, 0, 0, 0, ''C45577'', 0, NULL)
----
INSERT INTO dbo.OPCIONES (NUMERODECAMPO, IDIOMA, DESCRIPCION, OPCIONINTERNA, OPCIONDEPANTALLA)
VALUES (45573, ''E'', ''No'', ''N'', ''N'')
--
INSERT INTO dbo.OPCIONES (NUMERODECAMPO, IDIOMA, DESCRIPCION, OPCIONINTERNA, OPCIONDEPANTALLA)
VALUES (45573, ''E'', ''Si'', ''S'', ''S'')
----------------------------
--VISTA MOTIVOS DE RECHAZO--
----------------------------
INSERT INTO dbo.DESCRIPTORES (TITULO, IDENTIFICACION, TIPODEARCHIVO, DESCRIPCION, GRUPODELMAPA, NOMBREFISICO, TIPODEDBMS, LARGODELREGISTRO, INICIALIZACIONDELREGISTRO, BASE, SELECCION, ACEPTA_MOVS_DIFERIDO)
VALUES (24, 4559, NULL, ''Vista motivos rechazo cámara'', 0, ''VW_SNP_MOTIVOS_RECHAZO'', ''D'', NULL, NULL, ''TOP/CLIENTES'', NULL, ''N'')
----
INSERT INTO dbo.DICCIONARIO (NUMERODECAMPO, USODELCAMPO, REFERENCIA, DESCRIPCION, PROMPT, LARGO, TIPODECAMPO, DECIMALES, EDICION, CONTABILIZA, CONCEPTO, CALCULO, VALIDACION, TABLADEVALIDACION, TABLADEAYUDA, OPCIONES, TABLA, CAMPO, BASICO, MASCARA)
VALUES (45590, '' '', 0, ''ID Motivo rechazo'', ''ID Motivo rechazo'', 3, ''N'', 0, NULL, 0, 0, 0, 0, 0, 0, 0, 4559, ''ID_MOTIVO'', 0, NULL)
--
INSERT INTO dbo.DICCIONARIO (NUMERODECAMPO, USODELCAMPO, REFERENCIA, DESCRIPCION, PROMPT, LARGO, TIPODECAMPO, DECIMALES, EDICION, CONTABILIZA, CONCEPTO, CALCULO, VALIDACION, TABLADEVALIDACION, TABLADEAYUDA, OPCIONES, TABLA, CAMPO, BASICO, MASCARA)
VALUES (45591, '' '', 0, ''Funcionalidad'', ''Funcionalidad'', 20, ''A'', 0, NULL, 0, 0, 0, 0, 0, 0, 0, 4559, ''FUNCIONALIDAD'', 0, NULL)
--
INSERT INTO dbo.DICCIONARIO (NUMERODECAMPO, USODELCAMPO, REFERENCIA, DESCRIPCION, PROMPT, LARGO, TIPODECAMPO, DECIMALES, EDICION, CONTABILIZA, CONCEPTO, CALCULO, VALIDACION, TABLADEVALIDACION, TABLADEAYUDA, OPCIONES, TABLA, CAMPO, BASICO, MASCARA)
VALUES (45592, '' '', 0, ''Código Nacha'', ''Código Nacha'', 3, ''A'', 0, NULL, 0, 0, 0, 0, 0, 0, 0, 4559, ''CODIGO_NACHA'', 0, NULL)
--
INSERT INTO dbo.DICCIONARIO (NUMERODECAMPO, USODELCAMPO, REFERENCIA, DESCRIPCION, PROMPT, LARGO, TIPODECAMPO, DECIMALES, EDICION, CONTABILIZA, CONCEPTO, CALCULO, VALIDACION, TABLADEVALIDACION, TABLADEAYUDA, OPCIONES, TABLA, CAMPO, BASICO, MASCARA)
VALUES (45593, '' '', 0, ''Descripción'', ''Descripción'', 80, ''A'', 0, NULL, 0, 0, 0, 0, 0, 0, 0, 4559, ''DESCRIPCION'', 0, NULL)
--
INSERT INTO dbo.DICCIONARIO (NUMERODECAMPO, USODELCAMPO, REFERENCIA, DESCRIPCION, PROMPT, LARGO, TIPODECAMPO, DECIMALES, EDICION, CONTABILIZA, CONCEPTO, CALCULO, VALIDACION, TABLADEVALIDACION, TABLADEAYUDA, OPCIONES, TABLA, CAMPO, BASICO, MASCARA)
VALUES (45594, '' '', 0, ''Entidad o cámara'', ''Entidad o cámara'', 15, ''A'', 0, NULL, 0, 0, 0, 0, 0, 0, 0, 4559, ''ENTIDAD_CAMARA'', 0, NULL)
----
INSERT INTO dbo.INDICES (NUMERODEARCHIVO, NUMERODEINDICE, DESCRIPCION, CLAVESREPETIDAS, CAMPO1, CAMPO2, CAMPO3, CAMPO4, CAMPO5, CAMPO6, CAMPO7, CAMPO8, CAMPO9, CAMPO10, CAMPO11, CAMPO12, CAMPO13, CAMPO14, CAMPO15, CAMPO16, CAMPO17, CAMPO18, CAMPO19, CAMPO20)
VALUES (4559, 1, ''índice motivos rechazo cámara'', 0, 45590, NULL, NULL, NULL, NULL, NULL, NULL, NULL, NULL, NULL, NULL, NULL, NULL, NULL, NULL, NULL, NULL, NULL, NULL, NULL)
----
INSERT INTO dbo.AYUDAS (NUMERODEARCHIVO, NUMERODEAYUDA, DESCRIPCION, FILTRO, MOSTRARTODOS, CAMPOS, CAMPOSVISTA, BASEVISTA, NOMBREVISTA, AYUDAGRANDE)
VALUES (4559, 45591, ''listado motivos rechazo cámara'', '''', 0, ''45590ROA1;45591;45592;45593;45594;'', NULL, NULL, NULL, 0)
----
INSERT INTO dbo.DICCIONARIO (NUMERODECAMPO, USODELCAMPO, REFERENCIA, DESCRIPCION, PROMPT, LARGO, TIPODECAMPO, DECIMALES, EDICION, CONTABILIZA, CONCEPTO, CALCULO, VALIDACION, TABLADEVALIDACION, TABLADEAYUDA, OPCIONES, TABLA, CAMPO, BASICO, MASCARA)
VALUES (45589, '' '', 0, ''Listado motivos de rechazo cámara'', ''Listado motivos de rechazo cámara'', 3, ''N'', 0, NULL, 0, 0, 0, 0, 0, 45591, 0, 0, ''C45589'', 0, NULL)
------------------------------------
--NUEVOS CAMPOS VTA_TRANSFERENCIAS--
------------------------------------
UPDATE dbo.DICCIONARIO
SET LARGO = 3
	, OPCIONES = 0
	, TABLADEVALIDACION = 4557
WHERE NUMERODECAMPO = 34229
----
UPDATE dbo.DICCIONARIO
SET LARGO = 11
	, TIPODECAMPO = ''N''
WHERE NUMERODECAMPO = 34241
----
UPDATE dbo.DICCIONARIO
SET TABLADEVALIDACION = 64
WHERE NUMERODECAMPO = 34231
----
UPDATE dbo.OPCIONES
SET DESCRIPCION = ''No''
WHERE NUMERODECAMPO = 34243 AND IDIOMA = ''E'' AND OPCIONINTERNA = ''N''
--
UPDATE dbo.OPCIONES
SET DESCRIPCION = ''Si''
WHERE NUMERODECAMPO = 34243 AND IDIOMA = ''E'' AND OPCIONINTERNA = ''S''
----
INSERT INTO dbo.INDICES (NUMERODEARCHIVO, NUMERODEINDICE, DESCRIPCION, CLAVESREPETIDAS, CAMPO1, CAMPO2, CAMPO3, CAMPO4, CAMPO5, CAMPO6, CAMPO7, CAMPO8, CAMPO9, CAMPO10, CAMPO11, CAMPO12, CAMPO13, CAMPO14, CAMPO15, CAMPO16, CAMPO17, CAMPO18, CAMPO19, CAMPO20)
VALUES (3422, 1, ''índice trf. enviadas/recibidas'', 0, 34220, 34228, NULL, NULL, NULL, NULL, NULL, NULL, NULL, NULL, NULL, NULL, NULL, NULL, NULL, NULL, NULL, NULL, NULL, NULL)
----
INSERT INTO dbo.DICCIONARIO (NUMERODECAMPO, USODELCAMPO, REFERENCIA, DESCRIPCION, PROMPT, LARGO, TIPODECAMPO, DECIMALES, EDICION, CONTABILIZA, CONCEPTO, CALCULO, VALIDACION, TABLADEVALIDACION, TABLADEAYUDA, OPCIONES, TABLA, CAMPO, BASICO, MASCARA)
VALUES (45440, '' '', 0, ''Tipo documento ordenante'', ''Tipo documento'', 4, ''A'', 0, NULL, 0, 0, 0, 0, 0, 0, 0, 3422, ''ORD_TIPO_DOC'', 0, NULL)
--
INSERT INTO dbo.DICCIONARIO (NUMERODECAMPO, USODELCAMPO, REFERENCIA, DESCRIPCION, PROMPT, LARGO, TIPODECAMPO, DECIMALES, EDICION, CONTABILIZA, CONCEPTO, CALCULO, VALIDACION, TABLADEVALIDACION, TABLADEAYUDA, OPCIONES, TABLA, CAMPO, BASICO, MASCARA)
VALUES (45441, '' '', 0, ''Nro. documento ordenante'', ''Nro. documento'', 11, ''N'', 0, NULL, 0, 0, 0, 0, 0, 0, 0, 3422, ''ORD_NRO_DOC'', 0, NULL)
--
INSERT INTO dbo.DICCIONARIO (NUMERODECAMPO, USODELCAMPO, REFERENCIA, DESCRIPCION, PROMPT, LARGO, TIPODECAMPO, DECIMALES, EDICION, CONTABILIZA, CONCEPTO, CALCULO, VALIDACION, TABLADEVALIDACION, TABLADEAYUDA, OPCIONES, TABLA, CAMPO, BASICO, MASCARA)
VALUES (45442, '' '', 0, ''Nombre ordenante'', ''Nombre ordenante'', 70, ''A'', 0, NULL, 0, 0, 0, 0, 0, 0, 0, 3422, ''ORD_NOMBRE'', 0, NULL)
--
INSERT INTO dbo.DICCIONARIO (NUMERODECAMPO, USODELCAMPO, REFERENCIA, DESCRIPCION, PROMPT, LARGO, TIPODECAMPO, DECIMALES, EDICION, CONTABILIZA, CONCEPTO, CALCULO, VALIDACION, TABLADEVALIDACION, TABLADEAYUDA, OPCIONES, TABLA, CAMPO, BASICO, MASCARA)
VALUES (45443, '' '', 0, ''CBU Cuenta Ordenante'', ''CBU Cuenta Ordenante'', 22, ''A'', 0, NULL, 0, 0, 0, 0, 0, 0, 0, 3422, ''ORD_CBU'', 0, NULL)
--
INSERT INTO dbo.DICCIONARIO (NUMERODECAMPO, USODELCAMPO, REFERENCIA, DESCRIPCION, PROMPT, LARGO, TIPODECAMPO, DECIMALES, EDICION, CONTABILIZA, CONCEPTO, CALCULO, VALIDACION, TABLADEVALIDACION, TABLADEAYUDA, OPCIONES, TABLA, CAMPO, BASICO, MASCARA)
VALUES (45444, '' '', 0, ''JTS_OID Cuenta beneficiaria'', ''JTS_OID Cuenta beneficiaria'', 10, ''N'', 0, NULL, 0, 0, 0, 0, 0, 0, 0, 3422, ''BEN_JTS_OID_CUENTA'', 0, NULL)
--
INSERT INTO dbo.DICCIONARIO (NUMERODECAMPO, USODELCAMPO, REFERENCIA, DESCRIPCION, PROMPT, LARGO, TIPODECAMPO, DECIMALES, EDICION, CONTABILIZA, CONCEPTO, CALCULO, VALIDACION, TABLADEVALIDACION, TABLADEAYUDA, OPCIONES, TABLA, CAMPO, BASICO, MASCARA)
VALUES (45445, '' '', 0, ''Fecha de pago'', ''Fecha de pago'', 8, ''F'', 0, ''F'', 0, 0, 0, 0, 0, 0, 0, 3422, ''FECHA_PAGO'', 0, NULL)
--
INSERT INTO dbo.DICCIONARIO (NUMERODECAMPO, USODELCAMPO, REFERENCIA, DESCRIPCION, PROMPT, LARGO, TIPODECAMPO, DECIMALES, EDICION, CONTABILIZA, CONCEPTO, CALCULO, VALIDACION, TABLADEVALIDACION, TABLADEAYUDA, OPCIONES, TABLA, CAMPO, BASICO, MASCARA)
VALUES (45446, '' '', 0, ''Estado'', ''Estado'', 2, ''A'', 0, NULL, 0, 0, 0, 0, 0, 0, 1, 3422, ''ESTADO'', 0, NULL)
--
INSERT INTO dbo.DICCIONARIO (NUMERODECAMPO, USODELCAMPO, REFERENCIA, DESCRIPCION, PROMPT, LARGO, TIPODECAMPO, DECIMALES, EDICION, CONTABILIZA, CONCEPTO, CALCULO, VALIDACION, TABLADEVALIDACION, TABLADEAYUDA, OPCIONES, TABLA, CAMPO, BASICO, MASCARA)
VALUES (45447, '' '', 0, ''Motivo de rechazo'', ''Motivo de rechazo'', 3, ''N'', 0, NULL, 0, 0, 0, 0, 4558, 0, 0, 3422, ''MOTIVO_RECHAZO'', 0, NULL)
--
INSERT INTO dbo.DICCIONARIO (NUMERODECAMPO, USODELCAMPO, REFERENCIA, DESCRIPCION, PROMPT, LARGO, TIPODECAMPO, DECIMALES, EDICION, CONTABILIZA, CONCEPTO, CALCULO, VALIDACION, TABLADEVALIDACION, TABLADEAYUDA, OPCIONES, TABLA, CAMPO, BASICO, MASCARA)
VALUES (45448, '' '', 0, ''Fecha de estado'', ''Fecha de estado'', 8, ''F'', 0, ''F'', 0, 0, 0, 0, 0, 0, 0, 3422, ''FECHA_ESTADO'', 0, NULL)
--
INSERT INTO dbo.DICCIONARIO (NUMERODECAMPO, USODELCAMPO, REFERENCIA, DESCRIPCION, PROMPT, LARGO, TIPODECAMPO, DECIMALES, EDICION, CONTABILIZA, CONCEPTO, CALCULO, VALIDACION, TABLADEVALIDACION, TABLADEAYUDA, OPCIONES, TABLA, CAMPO, BASICO, MASCARA)
VALUES (45449, '' '', 0, ''Contabilizada'', ''Contabilizada'', 1, ''A'', 0, NULL, 0, 0, 0, 0, 0, 0, 1, 3422, ''CONTABILIZADA'', 0, NULL)
--
INSERT INTO dbo.DICCIONARIO (NUMERODECAMPO, USODELCAMPO, REFERENCIA, DESCRIPCION, PROMPT, LARGO, TIPODECAMPO, DECIMALES, EDICION, CONTABILIZA, CONCEPTO, CALCULO, VALIDACION, TABLADEVALIDACION, TABLADEAYUDA, OPCIONES, TABLA, CAMPO, BASICO, MASCARA)
VALUES (45566, '' '', 0, ''Nro. Asiento'', ''Nro. Asiento'', 10, ''N'', 0, NULL, 0, 0, 0, 0, 0, 0, 0, 3422, ''NUMERO_ASIENTO'', 0, NULL)
--
INSERT INTO dbo.DICCIONARIO (NUMERODECAMPO, USODELCAMPO, REFERENCIA, DESCRIPCION, PROMPT, LARGO, TIPODECAMPO, DECIMALES, EDICION, CONTABILIZA, CONCEPTO, CALCULO, VALIDACION, TABLADEVALIDACION, TABLADEAYUDA, OPCIONES, TABLA, CAMPO, BASICO, MASCARA)
VALUES (45567, '' '', 0, ''Sucursal asiento'', ''Sucursal asiento'', 5, ''N'', 0, NULL, 0, 0, 0, 0, 0, 0, 0, 3422, ''SUCURSAL_ASIENTO'', 0, NULL)
--
INSERT INTO dbo.DICCIONARIO (NUMERODECAMPO, USODELCAMPO, REFERENCIA, DESCRIPCION, PROMPT, LARGO, TIPODECAMPO, DECIMALES, EDICION, CONTABILIZA, CONCEPTO, CALCULO, VALIDACION, TABLADEVALIDACION, TABLADEAYUDA, OPCIONES, TABLA, CAMPO, BASICO, MASCARA)
VALUES (45568, '' '', 0, ''Fecha asiento'', ''Fecha asiento'', 8, ''F'', 0, ''F'', 0, 0, 0, 0, 0, 0, 0, 3422, ''FECHA_ASIENTO'', 0, NULL)
----
INSERT INTO dbo.OPCIONES (NUMERODECAMPO, IDIOMA, DESCRIPCION, OPCIONINTERNA, OPCIONDEPANTALLA)
VALUES (45446, ''E'', ''Anulada'', ''AN'', ''AN'')
--
INSERT INTO dbo.OPCIONES (NUMERODECAMPO, IDIOMA, DESCRIPCION, OPCIONINTERNA, OPCIONDEPANTALLA)
VALUES (45446, ''E'', ''Pendiente de Proceso'', ''PP'', ''PP'')
--
INSERT INTO dbo.OPCIONES (NUMERODECAMPO, IDIOMA, DESCRIPCION, OPCIONINTERNA, OPCIONDEPANTALLA)
VALUES (45446, ''E'', ''Procesada'', ''PR'', ''PR'')
--
INSERT INTO dbo.OPCIONES (NUMERODECAMPO, IDIOMA, DESCRIPCION, OPCIONINTERNA, OPCIONDEPANTALLA)
VALUES (45446, ''E'', ''Rechazada'', ''RC'', ''RC'')
--
INSERT INTO dbo.OPCIONES (NUMERODECAMPO, IDIOMA, DESCRIPCION, OPCIONINTERNA, OPCIONDEPANTALLA)
VALUES (45449, ''E'', ''No'', ''N'', ''N'')
--
INSERT INTO dbo.OPCIONES (NUMERODECAMPO, IDIOMA, DESCRIPCION, OPCIONINTERNA, OPCIONDEPANTALLA)
VALUES (45449, ''E'', ''Rechazo'', ''R'', ''R'')
--
INSERT INTO dbo.OPCIONES (NUMERODECAMPO, IDIOMA, DESCRIPCION, OPCIONINTERNA, OPCIONDEPANTALLA)
VALUES (45449, ''E'', ''Si'', ''S'', ''S'')
------------------------------------
--VISTA DE TRANSFERENCIAS ENVIADAS--
------------------------------------
INSERT INTO dbo.DESCRIPTORES (TITULO, IDENTIFICACION, TIPODEARCHIVO, DESCRIPCION, GRUPODELMAPA, NOMBREFISICO, TIPODEDBMS, LARGODELREGISTRO, INICIALIZACIONDELREGISTRO, BASE, SELECCION, ACEPTA_MOVS_DIFERIDO)
VALUES (24, 4560, NULL, ''Vista transferencias enviadas'', 0, ''VW_VTA_TRANSFERENCIAS_ENVIADAS'', ''D'', NULL, NULL, ''TOP/CLIENTES'', NULL, ''N'')
----
INSERT INTO dbo.DICCIONARIO (NUMERODECAMPO, USODELCAMPO, REFERENCIA, DESCRIPCION, PROMPT, LARGO, TIPODECAMPO, DECIMALES, EDICION, CONTABILIZA, CONCEPTO, CALCULO, VALIDACION, TABLADEVALIDACION, TABLADEAYUDA, OPCIONES, TABLA, CAMPO, BASICO, MASCARA)
VALUES (45597, '' '', 0, ''Nro. Transferencia'', ''Nro. Transferencia'', 12, ''N'', 0, NULL, 0, 0, 0, 0, 0, 0, 0, 4560, ''NRO_TRANSFERENCIA'', 0, NULL)
--
INSERT INTO dbo.DICCIONARIO (NUMERODECAMPO, USODELCAMPO, REFERENCIA, DESCRIPCION, PROMPT, LARGO, TIPODECAMPO, DECIMALES, EDICION, CONTABILIZA, CONCEPTO, CALCULO, VALIDACION, TABLADEVALIDACION, TABLADEAYUDA, OPCIONES, TABLA, CAMPO, BASICO, MASCARA)
VALUES (45598, '' '', 0, ''Fecha Presentación'', ''Fecha Presentación'', 8, ''F'', 0, ''F'', 0, 0, 0, 0, 0, 0, 0, 4560, ''FECHA_PRESENTACION'', 0, NULL)
--
INSERT INTO dbo.DICCIONARIO (NUMERODECAMPO, USODELCAMPO, REFERENCIA, DESCRIPCION, PROMPT, LARGO, TIPODECAMPO, DECIMALES, EDICION, CONTABILIZA, CONCEPTO, CALCULO, VALIDACION, TABLADEVALIDACION, TABLADEAYUDA, OPCIONES, TABLA, CAMPO, BASICO, MASCARA)
VALUES (45599, '' '', 0, ''Descripción Presentación'', ''Descripción Presentación'', 40, ''A'', 0, NULL, 0, 0, 0, 0, 0, 0, 0, 4560, ''DESCRIPCION_PRESENT'', 0, NULL)
--
INSERT INTO dbo.DICCIONARIO (NUMERODECAMPO, USODELCAMPO, REFERENCIA, DESCRIPCION, PROMPT, LARGO, TIPODECAMPO, DECIMALES, EDICION, CONTABILIZA, CONCEPTO, CALCULO, VALIDACION, TABLADEVALIDACION, TABLADEAYUDA, OPCIONES, TABLA, CAMPO, BASICO, MASCARA)
VALUES (45600, '' '', 0, ''Moneda'', ''Moneda'', 20, ''A'', 0, NULL, 0, 0, 0, 0, 0, 0, 0, 4560, ''MONEDA'', 0, NULL)
--
INSERT INTO dbo.DICCIONARIO (NUMERODECAMPO, USODELCAMPO, REFERENCIA, DESCRIPCION, PROMPT, LARGO, TIPODECAMPO, DECIMALES, EDICION, CONTABILIZA, CONCEPTO, CALCULO, VALIDACION, TABLADEVALIDACION, TABLADEAYUDA, OPCIONES, TABLA, CAMPO, BASICO, MASCARA)
VALUES (45601, '' '', 0, ''Importe'', ''Importe'', 15, ''N'', 2, ''I'', 0, 0, 0, 0, 0, 0, 0, 4560, ''IMPORTE'', 0, NULL)
--
INSERT INTO dbo.DICCIONARIO (NUMERODECAMPO, USODELCAMPO, REFERENCIA, DESCRIPCION, PROMPT, LARGO, TIPODECAMPO, DECIMALES, EDICION, CONTABILIZA, CONCEPTO, CALCULO, VALIDACION, TABLADEVALIDACION, TABLADEAYUDA, OPCIONES, TABLA, CAMPO, BASICO, MASCARA)
VALUES (45602, '' '', 0, ''Nombre Ordenante'', ''Nombre Ordenante'', 70, ''A'', 0, NULL, 0, 0, 0, 0, 0, 0, 0, 4560, ''NOMBRE_ORDENANTE'', 0, NULL)
--
INSERT INTO dbo.DICCIONARIO (NUMERODECAMPO, USODELCAMPO, REFERENCIA, DESCRIPCION, PROMPT, LARGO, TIPODECAMPO, DECIMALES, EDICION, CONTABILIZA, CONCEPTO, CALCULO, VALIDACION, TABLADEVALIDACION, TABLADEAYUDA, OPCIONES, TABLA, CAMPO, BASICO, MASCARA)
VALUES (45603, '' '', 0, ''Tipo cta. Ordenante'', ''Tipo cta. Ordenante'', 25, ''A'', 0, NULL, 0, 0, 0, 0, 0, 0, 0, 4560, ''TIPO_CUENTA_ORDENANTE'', 0, NULL)
--
INSERT INTO dbo.DICCIONARIO (NUMERODECAMPO, USODELCAMPO, REFERENCIA, DESCRIPCION, PROMPT, LARGO, TIPODECAMPO, DECIMALES, EDICION, CONTABILIZA, CONCEPTO, CALCULO, VALIDACION, TABLADEVALIDACION, TABLADEAYUDA, OPCIONES, TABLA, CAMPO, BASICO, MASCARA)
VALUES (45604, '' '', 0, ''Cuenta Ordenante'', ''Cuenta Ordenante'', 12, ''N'', 0, NULL, 0, 0, 0, 0, 0, 0, 0, 4560, ''CUENTA_ORDENANTE'', 0, NULL)
--
INSERT INTO dbo.DICCIONARIO (NUMERODECAMPO, USODELCAMPO, REFERENCIA, DESCRIPCION, PROMPT, LARGO, TIPODECAMPO, DECIMALES, EDICION, CONTABILIZA, CONCEPTO, CALCULO, VALIDACION, TABLADEVALIDACION, TABLADEAYUDA, OPCIONES, TABLA, CAMPO, BASICO, MASCARA)
VALUES (45605, '' '', 0, ''CBU Beneficiario'', ''CBU Beneficiario'', 22, ''A'', 0, NULL, 0, 0, 0, 0, 0, 0, 0, 4560, ''CBU_BENEFICIARIO'', 0, NULL)
--
INSERT INTO dbo.DICCIONARIO (NUMERODECAMPO, USODELCAMPO, REFERENCIA, DESCRIPCION, PROMPT, LARGO, TIPODECAMPO, DECIMALES, EDICION, CONTABILIZA, CONCEPTO, CALCULO, VALIDACION, TABLADEVALIDACION, TABLADEAYUDA, OPCIONES, TABLA, CAMPO, BASICO, MASCARA)
VALUES (45606, '' '', 0, ''Mismo Titular'', ''Mismo Titular'', 2, ''A'', 0, NULL, 0, 0, 0, 0, 0, 0, 0, 4560, ''MISMO_TITULAR'', 0, NULL)
--
INSERT INTO dbo.DICCIONARIO (NUMERODECAMPO, USODELCAMPO, REFERENCIA, DESCRIPCION, PROMPT, LARGO, TIPODECAMPO, DECIMALES, EDICION, CONTABILIZA, CONCEPTO, CALCULO, VALIDACION, TABLADEVALIDACION, TABLADEAYUDA, OPCIONES, TABLA, CAMPO, BASICO, MASCARA)
VALUES (45607, '' '', 0, ''Estado'', ''Estado'', 25, ''A'', 0, NULL, 0, 0, 0, 0, 0, 0, 0, 4560, ''ESTADO'', 0, NULL)
--
INSERT INTO dbo.DICCIONARIO (NUMERODECAMPO, USODELCAMPO, REFERENCIA, DESCRIPCION, PROMPT, LARGO, TIPODECAMPO, DECIMALES, EDICION, CONTABILIZA, CONCEPTO, CALCULO, VALIDACION, TABLADEVALIDACION, TABLADEAYUDA, OPCIONES, TABLA, CAMPO, BASICO, MASCARA)
VALUES (45608, '' '', 0, ''Fecha Estado'', ''Fecha Estado'', 8, ''F'', 0, ''F'', 0, 0, 0, 0, 0, 0, 0, 4560, ''FECHA_ESTADO'', 0, NULL)
--
INSERT INTO dbo.DICCIONARIO (NUMERODECAMPO, USODELCAMPO, REFERENCIA, DESCRIPCION, PROMPT, LARGO, TIPODECAMPO, DECIMALES, EDICION, CONTABILIZA, CONCEPTO, CALCULO, VALIDACION, TABLADEVALIDACION, TABLADEAYUDA, OPCIONES, TABLA, CAMPO, BASICO, MASCARA)
VALUES (45609, '' '', 0, ''Motivo Rechazo'', ''Motivo Rechazo'', 86, ''A'', 0, NULL, 0, 0, 0, 0, 0, 0, 0, 4560, ''MOTIVO_RECHAZO'', 0, NULL)
----
INSERT INTO dbo.INDICES (NUMERODEARCHIVO, NUMERODEINDICE, DESCRIPCION, CLAVESREPETIDAS, CAMPO1, CAMPO2, CAMPO3, CAMPO4, CAMPO5, CAMPO6, CAMPO7, CAMPO8, CAMPO9, CAMPO10, CAMPO11, CAMPO12, CAMPO13, CAMPO14, CAMPO15, CAMPO16, CAMPO17, CAMPO18, CAMPO19, CAMPO20)
VALUES (4560, 1, ''índice transferencias enviadas'', 0, 45597, NULL, NULL, NULL, NULL, NULL, NULL, NULL, NULL, NULL, NULL, NULL, NULL, NULL, NULL, NULL, NULL, NULL, NULL, NULL)
----
INSERT INTO dbo.AYUDAS (NUMERODEARCHIVO, NUMERODEAYUDA, DESCRIPCION, FILTRO, MOSTRARTODOS, CAMPOS, CAMPOSVISTA, BASEVISTA, NOMBREVISTA, AYUDAGRANDE)
VALUES (4560, 45601, ''listado de transf. enviadas'', '''', 0, ''45597ROA1;45598;45599;45600;45601;45602;45603;45604;45605;45606;45607;45608;45609;'', NULL, NULL, NULL, 0)
----
INSERT INTO dbo.DICCIONARIO (NUMERODECAMPO, USODELCAMPO, REFERENCIA, DESCRIPCION, PROMPT, LARGO, TIPODECAMPO, DECIMALES, EDICION, CONTABILIZA, CONCEPTO, CALCULO, VALIDACION, TABLADEVALIDACION, TABLADEAYUDA, OPCIONES, TABLA, CAMPO, BASICO, MASCARA)
VALUES (45578, '' '', 0, ''Listado de transferencias enviadas'', ''Listado de transferencias enviadas'', 12, ''N'', 0, NULL, 0, 0, 0, 0, 0, 45601, 0, 0, ''C45578'', 0, NULL)
-------------------------------------
--VISTA DE TRANSFERENCIAS RECIBIDAS--
-------------------------------------
INSERT INTO dbo.DESCRIPTORES (TITULO, IDENTIFICACION, TIPODEARCHIVO, DESCRIPCION, GRUPODELMAPA, NOMBREFISICO, TIPODEDBMS, LARGODELREGISTRO, INICIALIZACIONDELREGISTRO, BASE, SELECCION, ACEPTA_MOVS_DIFERIDO)
VALUES (24, 4561, NULL, ''Vista transferencias recibidas'', 0, ''VW_VTA_TRANSFERENCIAS_RECIBIDAS'', ''D'', NULL, NULL, ''TOP/CLIENTES'', NULL, ''N'')
----
INSERT INTO dbo.DICCIONARIO (NUMERODECAMPO, USODELCAMPO, REFERENCIA, DESCRIPCION, PROMPT, LARGO, TIPODECAMPO, DECIMALES, EDICION, CONTABILIZA, CONCEPTO, CALCULO, VALIDACION, TABLADEVALIDACION, TABLADEAYUDA, OPCIONES, TABLA, CAMPO, BASICO, MASCARA)
VALUES (45586, '' '', 0, ''Nro. Transferencia'', ''Nro. Transferencia'', 12, ''N'', 0, NULL, 0, 0, 0, 0, 0, 0, 0, 4561, ''NRO_TRANSFERENCIA'', 0, NULL)
--
INSERT INTO dbo.DICCIONARIO (NUMERODECAMPO, USODELCAMPO, REFERENCIA, DESCRIPCION, PROMPT, LARGO, TIPODECAMPO, DECIMALES, EDICION, CONTABILIZA, CONCEPTO, CALCULO, VALIDACION, TABLADEVALIDACION, TABLADEAYUDA, OPCIONES, TABLA, CAMPO, BASICO, MASCARA)
VALUES (45587, '' '', 0, ''Fecha Presentación'', ''Fecha Presentación'', 8, ''F'', 0, ''F'', 0, 0, 0, 0, 0, 0, 0, 4561, ''FECHA_PRESENTACION'', 0, NULL)
--
INSERT INTO dbo.DICCIONARIO (NUMERODECAMPO, USODELCAMPO, REFERENCIA, DESCRIPCION, PROMPT, LARGO, TIPODECAMPO, DECIMALES, EDICION, CONTABILIZA, CONCEPTO, CALCULO, VALIDACION, TABLADEVALIDACION, TABLADEAYUDA, OPCIONES, TABLA, CAMPO, BASICO, MASCARA)
VALUES (45588, '' '', 0, ''Descripción Presentación'', ''Descripción Presentación'', 40, ''A'', 0, NULL, 0, 0, 0, 0, 0, 0, 0, 4561, ''DESCRIPCION_PRESENT'', 0, NULL)
--
INSERT INTO dbo.DICCIONARIO (NUMERODECAMPO, USODELCAMPO, REFERENCIA, DESCRIPCION, PROMPT, LARGO, TIPODECAMPO, DECIMALES, EDICION, CONTABILIZA, CONCEPTO, CALCULO, VALIDACION, TABLADEVALIDACION, TABLADEAYUDA, OPCIONES, TABLA, CAMPO, BASICO, MASCARA)
VALUES (45610, '' '', 0, ''Moneda'', ''Moneda'', 20, ''A'', 0, NULL, 0, 0, 0, 0, 0, 0, 0, 4561, ''MONEDA'', 0, NULL)
--
INSERT INTO dbo.DICCIONARIO (NUMERODECAMPO, USODELCAMPO, REFERENCIA, DESCRIPCION, PROMPT, LARGO, TIPODECAMPO, DECIMALES, EDICION, CONTABILIZA, CONCEPTO, CALCULO, VALIDACION, TABLADEVALIDACION, TABLADEAYUDA, OPCIONES, TABLA, CAMPO, BASICO, MASCARA)
VALUES (45611, '' '', 0, ''Importe'', ''Importe'', 15, ''N'', 2, NULL, 0, 0, 0, 0, 0, 0, 0, 4561, ''IMPORTE'', 0, NULL)
--
INSERT INTO dbo.DICCIONARIO (NUMERODECAMPO, USODELCAMPO, REFERENCIA, DESCRIPCION, PROMPT, LARGO, TIPODECAMPO, DECIMALES, EDICION, CONTABILIZA, CONCEPTO, CALCULO, VALIDACION, TABLADEVALIDACION, TABLADEAYUDA, OPCIONES, TABLA, CAMPO, BASICO, MASCARA)
VALUES (45612, '' '', 0, ''Nombre Ordenante'', ''Nombre Ordenante'', 70, ''A'', 0, NULL, 0, 0, 0, 0, 0, 0, 0, 4561, ''NOMBRE_ORDENANTE'', 0, NULL)
--
INSERT INTO dbo.DICCIONARIO (NUMERODECAMPO, USODELCAMPO, REFERENCIA, DESCRIPCION, PROMPT, LARGO, TIPODECAMPO, DECIMALES, EDICION, CONTABILIZA, CONCEPTO, CALCULO, VALIDACION, TABLADEVALIDACION, TABLADEAYUDA, OPCIONES, TABLA, CAMPO, BASICO, MASCARA)
VALUES (45613, '' '', 0, ''CBU Ordenante'', ''CBU Ordenante'', 22, ''A'', 0, NULL, 0, 0, 0, 0, 0, 0, 0, 4561, ''CBU_ORDENANTE'', 0, NULL)
--
INSERT INTO dbo.DICCIONARIO (NUMERODECAMPO, USODELCAMPO, REFERENCIA, DESCRIPCION, PROMPT, LARGO, TIPODECAMPO, DECIMALES, EDICION, CONTABILIZA, CONCEPTO, CALCULO, VALIDACION, TABLADEVALIDACION, TABLADEAYUDA, OPCIONES, TABLA, CAMPO, BASICO, MASCARA)
VALUES (45614, '' '', 0, ''Tipo cta. beneficiario'', ''Tipo cta. beneficiario'', 25, ''A'', 0, NULL, 0, 0, 0, 0, 0, 0, 0, 4561, ''TIPO_CUENTA_BENEFICIARIO'', 0, NULL)
--
INSERT INTO dbo.DICCIONARIO (NUMERODECAMPO, USODELCAMPO, REFERENCIA, DESCRIPCION, PROMPT, LARGO, TIPODECAMPO, DECIMALES, EDICION, CONTABILIZA, CONCEPTO, CALCULO, VALIDACION, TABLADEVALIDACION, TABLADEAYUDA, OPCIONES, TABLA, CAMPO, BASICO, MASCARA)
VALUES (45615, '' '', 0, ''Cuenta beneficiario'', ''Cuenta beneficiario'', 12, ''N'', 0, NULL, 0, 0, 0, 0, 0, 0, 0, 4561, ''CUENTA_BENEFICIARIO'', 0, NULL)
--
INSERT INTO dbo.DICCIONARIO (NUMERODECAMPO, USODELCAMPO, REFERENCIA, DESCRIPCION, PROMPT, LARGO, TIPODECAMPO, DECIMALES, EDICION, CONTABILIZA, CONCEPTO, CALCULO, VALIDACION, TABLADEVALIDACION, TABLADEAYUDA, OPCIONES, TABLA, CAMPO, BASICO, MASCARA)
VALUES (45616, '' '', 0, ''Mismo titular'', ''Mismo titular'', 2, ''A'', 0, NULL, 0, 0, 0, 0, 0, 0, 0, 4561, ''MISMO_TITULAR'', 0, NULL)
--
INSERT INTO dbo.DICCIONARIO (NUMERODECAMPO, USODELCAMPO, REFERENCIA, DESCRIPCION, PROMPT, LARGO, TIPODECAMPO, DECIMALES, EDICION, CONTABILIZA, CONCEPTO, CALCULO, VALIDACION, TABLADEVALIDACION, TABLADEAYUDA, OPCIONES, TABLA, CAMPO, BASICO, MASCARA)
VALUES (45617, '' '', 0, ''Estado'', ''Estado'', 25, ''A'', 0, NULL, 0, 0, 0, 0, 0, 0, 0, 4561, ''ESTADO'', 0, NULL)
--
INSERT INTO dbo.DICCIONARIO (NUMERODECAMPO, USODELCAMPO, REFERENCIA, DESCRIPCION, PROMPT, LARGO, TIPODECAMPO, DECIMALES, EDICION, CONTABILIZA, CONCEPTO, CALCULO, VALIDACION, TABLADEVALIDACION, TABLADEAYUDA, OPCIONES, TABLA, CAMPO, BASICO, MASCARA)
VALUES (45618, '' '', 0, ''Fecha Estado'', ''Fecha Estado'', 8, ''F'', 0, ''F'', 0, 0, 0, 0, 0, 0, 0, 4561, ''FECHA_ESTADO'', 0, NULL)
--
INSERT INTO dbo.DICCIONARIO (NUMERODECAMPO, USODELCAMPO, REFERENCIA, DESCRIPCION, PROMPT, LARGO, TIPODECAMPO, DECIMALES, EDICION, CONTABILIZA, CONCEPTO, CALCULO, VALIDACION, TABLADEVALIDACION, TABLADEAYUDA, OPCIONES, TABLA, CAMPO, BASICO, MASCARA)
VALUES (45619, '' '', 0, ''Motivo Rechazo'', ''Motivo Rechazo'', 86, ''A'', 0, NULL, 0, 0, 0, 0, 0, 0, 0, 4561, ''MOTIVO_RECHAZO'', 0, NULL)
----
INSERT INTO dbo.INDICES (NUMERODEARCHIVO, NUMERODEINDICE, DESCRIPCION, CLAVESREPETIDAS, CAMPO1, CAMPO2, CAMPO3, CAMPO4, CAMPO5, CAMPO6, CAMPO7, CAMPO8, CAMPO9, CAMPO10, CAMPO11, CAMPO12, CAMPO13, CAMPO14, CAMPO15, CAMPO16, CAMPO17, CAMPO18, CAMPO19, CAMPO20)
VALUES (4561, 1, ''índice transfcias. recibidas'', 0, 45586, NULL, NULL, NULL, NULL, NULL, NULL, NULL, NULL, NULL, NULL, NULL, NULL, NULL, NULL, NULL, NULL, NULL, NULL, NULL)
----
INSERT INTO dbo.AYUDAS (NUMERODEARCHIVO, NUMERODEAYUDA, DESCRIPCION, FILTRO, MOSTRARTODOS, CAMPOS, CAMPOSVISTA, BASEVISTA, NOMBREVISTA, AYUDAGRANDE)
VALUES (4561, 45611, ''listado de transf. recibidas'', '''', 0, ''45586ROA1;45587;45588;45610;45611;45612;45613;45614;45615;45616;45617;45618;45619;'', NULL, NULL, NULL, 0)
--
INSERT INTO dbo.DICCIONARIO (NUMERODECAMPO, USODELCAMPO, REFERENCIA, DESCRIPCION, PROMPT, LARGO, TIPODECAMPO, DECIMALES, EDICION, CONTABILIZA, CONCEPTO, CALCULO, VALIDACION, TABLADEVALIDACION, TABLADEAYUDA, OPCIONES, TABLA, CAMPO, BASICO, MASCARA)
VALUES (45579, '' '', 0, ''Listado de transferencias recibidas'', ''Listado de transferencias recibidas'', 12, ''N'', 0, NULL, 0, 0, 0, 0, 0, 45611, 0, 0, ''C45579'', 0, NULL)
-----------------------------------
--CAMPO LIBRE PRODUCTOS DE CÁMARA--
-----------------------------------
INSERT INTO dbo.DICCIONARIO (NUMERODECAMPO, USODELCAMPO, REFERENCIA, DESCRIPCION, PROMPT, LARGO, TIPODECAMPO, DECIMALES, EDICION, CONTABILIZA, CONCEPTO, CALCULO, VALIDACION, TABLADEVALIDACION, TABLADEAYUDA, OPCIONES, TABLA, CAMPO, BASICO, MASCARA)
VALUES (45450, '' '', 0, ''Productos de cámara COELSA'', ''Productos de cámara'', 2, ''A'', 0, NULL, 0, 0, 0, 0, 0, 0, 1, 0, ''C45450'', 0, NULL)
----
INSERT INTO dbo.OPCIONES (NUMERODECAMPO, IDIOMA, DESCRIPCION, OPCIONINTERNA, OPCIONDEPANTALLA)
VALUES (45450, ''E'', ''Débitos directos'', ''DD'', ''DD'')
--
INSERT INTO dbo.OPCIONES (NUMERODECAMPO, IDIOMA, DESCRIPCION, OPCIONINTERNA, OPCIONDEPANTALLA)
VALUES (45450, ''E'', ''Transferencias'', ''TR'', ''TR'')
---------------
--NUMERADORES--
---------------
INSERT INTO dbo.NUMERATORDEFINITION (NUMERO, INIVAL, INCREMENTO, PERIODO, ULTIMAINIC, REUTILIZABLE, CENTRALIZADO, MAXIMO, DESCRIPCION, TIPO)
VALUES (45577, 12, 1, '' '', NULL, 1, 1, 0, ''Numerador tipos de transferencia'', ''T'')
--
INSERT INTO dbo.NUMERATORDEFINITION (NUMERO, INIVAL, INCREMENTO, PERIODO, ULTIMAINIC, REUTILIZABLE, CENTRALIZADO, MAXIMO, DESCRIPCION, TIPO)
VALUES (45585, 46, 1, '' '', NULL, 1, 1, 0, ''Numerador motivos de rechazo cámara'', ''T'')
----------------------
--NUEVAS OPERACIONES--
----------------------
UPDATE dbo.OPERACIONES
SET NOMBRE = ''Rechazo productos cámara por feriado de Sucursal''
	, DESCRIPCION = ''Rechazo productos cámara  por feriado de Sucursal''
WHERE TITULO = 2600 AND IDENTIFICACION = 2637
----
UPDATE dbo.OPERACIONES
SET SUBOPERACION = 1
	, PERMITEESTADODIFERIDO = ''N''
WHERE TITULO = 8600 AND IDENTIFICACION = 2680
--
UPDATE dbo.OPERACIONES
SET SUBOPERACION = 1
	, PERMITEESTADODIFERIDO = ''N''
WHERE TITULO = 8600 AND IDENTIFICACION = 2681
----
INSERT INTO dbo.OPERACIONES (TITULO, IDENTIFICACION, NOMBRE, DESCRIPCION, MNEMOTECNICO, AUTORIZACION, FORMULARIOPRINCIPAL, PROXOPERACION, ESTADO, TZ_LOCK, COPIAS, SUBOPERACION, PERMITEBAJA, COMPORTAMIENTOENCIERRE, REQUIERECONTRASENA, PERMITECONCURRENTE, PERMITEESTADODIFERIDO, ICONO_TITULO, ESTILO)
VALUES (3502, 3485, ''ABMC Tipos de Transferencias'', ''ABMC Tipos de Transferencias'', ''3485'', ''N'', NULL, NULL, ''P'', 0, NULL, 0, ''S'', ''N'', ''N'', ''N'', ''S'', NULL, 0)
--
INSERT INTO dbo.OPERACIONES (TITULO, IDENTIFICACION, NOMBRE, DESCRIPCION, MNEMOTECNICO, AUTORIZACION, FORMULARIOPRINCIPAL, PROXOPERACION, ESTADO, TZ_LOCK, COPIAS, SUBOPERACION, PERMITEBAJA, COMPORTAMIENTOENCIERRE, REQUIERECONTRASENA, PERMITECONCURRENTE, PERMITEESTADODIFERIDO, ICONO_TITULO, ESTILO)
VALUES (2600, 2682, ''ABMC motivos de rechazo cámara'', ''ABMC motivos de rechazo cámara'', ''2682'', ''N'', NULL, NULL, ''P'', 0, NULL, 0, ''S'', ''N'', ''N'', ''N'', ''S'', NULL, 0)
--
INSERT INTO dbo.OPERACIONES (TITULO, IDENTIFICACION, NOMBRE, DESCRIPCION, MNEMOTECNICO, AUTORIZACION, FORMULARIOPRINCIPAL, PROXOPERACION, ESTADO, TZ_LOCK, COPIAS, SUBOPERACION, PERMITEBAJA, COMPORTAMIENTOENCIERRE, REQUIERECONTRASENA, PERMITECONCURRENTE, PERMITEESTADODIFERIDO, ICONO_TITULO, ESTILO)
VALUES (3501, 3554, ''Gestión de transferencias emitidas rechazadas'', ''Gestión de transferencias emitidas rechazadas'', ''3554'', ''N'', 500, NULL, ''P'', 0, NULL, 0, ''S'', ''N'', ''N'', ''N'', ''N'', NULL, 0)
--
INSERT INTO dbo.OPERACIONES (TITULO, IDENTIFICACION, NOMBRE, DESCRIPCION, MNEMOTECNICO, AUTORIZACION, FORMULARIOPRINCIPAL, PROXOPERACION, ESTADO, TZ_LOCK, COPIAS, SUBOPERACION, PERMITEBAJA, COMPORTAMIENTOENCIERRE, REQUIERECONTRASENA, PERMITECONCURRENTE, PERMITEESTADODIFERIDO, ICONO_TITULO, ESTILO)
VALUES (8600, 2685, ''Proceso transferencias recibidas'', ''Proceso transferencias recibidas'', ''2685'', ''N'', NULL, NULL, ''P'', 0, NULL, 1, ''S'', ''N'', ''N'', ''N'', ''N'', NULL, 0)
--
INSERT INTO dbo.OPERACIONES (TITULO, IDENTIFICACION, NOMBRE, DESCRIPCION, MNEMOTECNICO, AUTORIZACION, FORMULARIOPRINCIPAL, PROXOPERACION, ESTADO, TZ_LOCK, COPIAS, SUBOPERACION, PERMITEBAJA, COMPORTAMIENTOENCIERRE, REQUIERECONTRASENA, PERMITECONCURRENTE, PERMITEESTADODIFERIDO, ICONO_TITULO, ESTILO)
VALUES (8600, 2686, ''Acreditación de transferencias recibidas'', ''Acreditación de transferencias recibidas'', ''2686'', ''N'', 500, NULL, ''P'', 0, NULL, 1, ''S'', ''N'', ''N'', ''N'', ''N'', NULL, 0)
------------------------------
--NUEVOS CONCEPTOS CONTABLES--
------------------------------
INSERT INTO dbo.PLANCTAS (TZ_LOCK, C6300, C6301, C6302, C6303, C6304, C6305, C6306, C6307, C6308, C6309, C6310, C6311, C6312, C6313, C6314, C6315, C6316, C6317, C6326, C6327, C6329, C6330, C6331, C6340, C6341, RUBRO_PERDIDA_VAL, RUBRO_GANANCIA_VAL, C6318, DEV_TASA_MORA, CALIFICA, DIADEVENGA, PREVISIONA, APERT_REFERENC, CENTRAL_RIESGOS, LCRED_CONTINGENCIA, TIPO_AJUSTE_VALUACION, EXPSOBREGIRO, ESTADO_ORG_CONTROL, DEVENGADO_POR_PLAZO, DISTRIBUYE_CENTROCOSTO, CONVIERTEA_MN, COD_INTERNO_IFRS, INVENTARIADO)
VALUES (0, ''MEP Transferencias'', 2310090008, ''N'', '' '', ''1'', ''D'', ''0'', ''  '', '' '', ''0'', ''  '', ''  '', ''  '', ''  '', ''  '', ''  '', '' '', '' '', 2310090008, ''N'', 0, 0, 0, 2310090008, 0, NULL, NULL, ''N'', ''N'', ''N'', '' '', 0, ''N'', ''N'', ''0'', 0, ''N'', ''N'', ''N'', ''N'', ''N'', ''231009'', ''N'')
--
INSERT INTO dbo.PLANCTAS (TZ_LOCK, C6300, C6301, C6302, C6303, C6304, C6305, C6306, C6307, C6308, C6309, C6310, C6311, C6312, C6313, C6314, C6315, C6316, C6317, C6326, C6327, C6329, C6330, C6331, C6340, C6341, RUBRO_PERDIDA_VAL, RUBRO_GANANCIA_VAL, C6318, DEV_TASA_MORA, CALIFICA, DIADEVENGA, PREVISIONA, APERT_REFERENC, CENTRAL_RIESGOS, LCRED_CONTINGENCIA, TIPO_AJUSTE_VALUACION, EXPSOBREGIRO, ESTADO_ORG_CONTROL, DEVENGADO_POR_PLAZO, DISTRIBUYE_CENTROCOSTO, CONVIERTEA_MN, COD_INTERNO_IFRS, INVENTARIADO)
VALUES (0, ''MEP Transferencias ME'', 2350090008, ''E'', '' '', ''1'', ''D'', ''0'', ''  '', '' '', ''0'', ''  '', ''  '', ''  '', ''  '', ''  '', ''  '', '' '', '' '', 2350090008, '' '', 0, 0, 0, 2350090008, 0, 5259100000, 5159100000, ''N'', ''N'', ''N'', '' '', 0, ''N'', ''N'', ''0'', 0, ''N'', ''N'', ''N'', ''N'', ''N'', ''235009'', ''N'')
----
INSERT INTO dbo.CONCEPCONT (TZ_LOCK, C6500, C6501, C6502, GRUPO_CONCEPTO, REFERENCIA)
VALUES (0, 235, ''MEP TRANSFERENCIAS $'', 2310090008, ''235'', 0)
--
INSERT INTO dbo.CONCEPCONT (TZ_LOCK, C6500, C6501, C6502, GRUPO_CONCEPTO, REFERENCIA)
VALUES (0, 236, ''MEP TRANSFERENCIAS USD'', 2350090008, ''235'', 0)
--ESQUEMAS--
UPDATE ESQUEMACONTABLE 
SET C_DC=''D'' WHERE CAMPO=34355
----------------------------
--CÓDIGOS DE TRANSACCIONES--
----------------------------
INSERT INTO dbo.CODIGO_TRANSACCIONES (CODIGO_OPERACION, CODIGO_INTERNO_MOV, CODIGO_TRANSACCION, TZ_LOCK)
VALUES (3554, 1, 22, 0)
--
INSERT INTO dbo.CODIGO_TRANSACCIONES (CODIGO_OPERACION, CODIGO_INTERNO_MOV, CODIGO_TRANSACCION, TZ_LOCK)
VALUES (3554, 2, 21, 0)
--
INSERT INTO dbo.CODIGO_TRANSACCIONES (CODIGO_OPERACION, CODIGO_INTERNO_MOV, CODIGO_TRANSACCION, TZ_LOCK)
VALUES (2686, 1, 34, 0)
--
INSERT INTO dbo.CODIGO_TRANSACCIONES (CODIGO_OPERACION, CODIGO_INTERNO_MOV, CODIGO_TRANSACCION, TZ_LOCK)
VALUES (2686, 2, 34, 0)
-----
')