EXECUTE('
INSERT INTO dbo.RRI_PARAMETROS_DEF (CODIGO, NOMBRE, ID1, ID1DESC, ID2, ID2DESC, ID3, ID3DESC, ID4, ID4DESC, ID5, ID5DESC, NUM1, NUM1DESC, NUM2, NUM2DESC, CHAR1, CHR1DESC, CHAR2, CHR2DESC, TZ_LOCK)
VALUES (507, ''TIPO_DOC_SELLOS'', ''N'', '''', ''N'', '''', ''N'', '''', ''S'', ''TIPO_DOCUMENTO'', ''N'', '''', ''S'', ''COD_DOCUMENTO'', ''N'', '''', ''N'', '''', ''N'', '''', 0)


INSERT INTO dbo.RRI_PARAMETROS_DEF (CODIGO, NOMBRE, ID1, ID1DESC, ID2, ID2DESC, ID3, ID3DESC, ID4, ID4DESC, ID5, ID5DESC, NUM1, NUM1DESC, NUM2, NUM2DESC, CHAR1, CHR1DESC, CHAR2, CHR2DESC, TZ_LOCK)
VALUES (504, ''SELLOS CARGO_CODPRD'', ''S'', ''ID_CARGO'', ''S'', ''OPERACION'', ''N'', '''', ''N'', '''', ''N'', '''', ''N'', '''', ''N'', '''', ''S'', ''COD_PROD'', ''N'', '''', 0)

INSERT INTO dbo.RRI_PARAMETROS_INF (CODIGO, ID1, ID2, ID3, ID4, ID5, NUM1, NUM2, CHAR1, CHAR2, TZ_LOCK)
VALUES (504, 0, 0, 0, '''', '''', 0, 0, '''', ''PR'', 0)


INSERT INTO dbo.RRI_PARAMETROS_INF (CODIGO, ID1, ID2, ID3, ID4, ID5, NUM1, NUM2, CHAR1, CHAR2, TZ_LOCK)
VALUES (504, 0, 6087, 0, '''', '''', 0, 0, '''', ''PP'', 0)


INSERT INTO dbo.RRI_PARAMETROS_INF (CODIGO, ID1, ID2, ID3, ID4, ID5, NUM1, NUM2, CHAR1, CHAR2, TZ_LOCK)
VALUES (504, 0, 6094, 0, '''', '''', 0, 0, '''', ''AH'', 0)


INSERT INTO dbo.RRI_PARAMETROS_INF (CODIGO, ID1, ID2, ID3, ID4, ID5, NUM1, NUM2, CHAR1, CHAR2, TZ_LOCK)
VALUES (504, 0, 6097, 0, '''', '''', 0, 0, '''', ''AH'', 0)


INSERT INTO dbo.RRI_PARAMETROS_INF (CODIGO, ID1, ID2, ID3, ID4, ID5, NUM1, NUM2, CHAR1, CHAR2, TZ_LOCK)
VALUES (504, 250, 0, 0, '''', '''', 0, 0, '''', ''CM'', 0)


INSERT INTO dbo.RRI_PARAMETROS_INF (CODIGO, ID1, ID2, ID3, ID4, ID5, NUM1, NUM2, CHAR1, CHAR2, TZ_LOCK)
VALUES (504, 251, 0, 0, '''', '''', 0, 0, '''', ''CM'', 0)


INSERT INTO dbo.RRI_PARAMETROS_INF (CODIGO, ID1, ID2, ID3, ID4, ID5, NUM1, NUM2, CHAR1, CHAR2, TZ_LOCK)
VALUES (504, 252, 0, 0, '''', '''', 0, 0, '''', ''CM'', 0)


INSERT INTO dbo.RRI_PARAMETROS_INF (CODIGO, ID1, ID2, ID3, ID4, ID5, NUM1, NUM2, CHAR1, CHAR2, TZ_LOCK)
VALUES (504, 260, 0, 0, '''', '''', 0, 0, '''', ''CV'', 0)


INSERT INTO dbo.RRI_PARAMETROS_INF (CODIGO, ID1, ID2, ID3, ID4, ID5, NUM1, NUM2, CHAR1, CHAR2, TZ_LOCK)
VALUES (504, 270, 0, 0, '''', '''', 0, 0, '''', ''CD'', 0)


INSERT INTO dbo.RRI_PARAMETROS_INF (CODIGO, ID1, ID2, ID3, ID4, ID5, NUM1, NUM2, CHAR1, CHAR2, TZ_LOCK)
VALUES (504, 271, 0, 0, '''', '''', 0, 0, '''', ''CD'', 0)


INSERT INTO dbo.RRI_PARAMETROS_INF (CODIGO, ID1, ID2, ID3, ID4, ID5, NUM1, NUM2, CHAR1, CHAR2, TZ_LOCK)
VALUES (504, 280, 0, 0, '''', '''', 0, 0, '''', ''CH'', 0)


INSERT INTO dbo.RRI_PARAMETROS_INF (CODIGO, ID1, ID2, ID3, ID4, ID5, NUM1, NUM2, CHAR1, CHAR2, TZ_LOCK)
VALUES (504, 285, 0, 0, '''', '''', 0, 0, '''', ''KS'', 0)


INSERT INTO dbo.RRI_PARAMETROS_INF (CODIGO, ID1, ID2, ID3, ID4, ID5, NUM1, NUM2, CHAR1, CHAR2, TZ_LOCK)
VALUES (507, 0, 0, 0, ''CUIT'', '''', 5, 0, '''', '''', 0)


INSERT INTO dbo.RRI_PARAMETROS_INF (CODIGO, ID1, ID2, ID3, ID4, ID5, NUM1, NUM2, CHAR1, CHAR2, TZ_LOCK)
VALUES (507, 0, 0, 0, ''DNI'', '''', 1, 0, '''', '''', 0)


INSERT INTO dbo.RRI_PARAMETROS_INF (CODIGO, ID1, ID2, ID3, ID4, ID5, NUM1, NUM2, CHAR1, CHAR2, TZ_LOCK)
VALUES (507, 0, 0, 0, ''LC'', '''', 2, 0, '''', '''', 0)


INSERT INTO dbo.RRI_PARAMETROS_INF (CODIGO, ID1, ID2, ID3, ID4, ID5, NUM1, NUM2, CHAR1, CHAR2, TZ_LOCK)
VALUES (507, 0, 0, 0, ''LE'', '''', 3, 0, '''', '''', 0)

')
EXECUTE('
IF OBJECT_ID (''dbo.CON_Sellos'') IS NOT NULL
	DROP TABLE dbo.CON_Sellos
')

EXECUTE('
CREATE TABLE dbo.CON_Sellos
	(
	COD_PROD    VARCHAR (5) DEFAULT ('' '') NOT NULL,
	DESCRIPCION VARCHAR (100) DEFAULT ('' ''),
	COD_NATURA  VARCHAR (15) DEFAULT ('' ''),
	T_EXENCION  NUMERIC (1) DEFAULT ((0)),
	CANT_FOJAS  NUMERIC (3) DEFAULT ((0)),
	TZ_LOCK     NUMERIC (15) DEFAULT ((0)) NOT NULL,
	CANTIDAD_UF NUMERIC (5),
	CONSTRAINT PK_CON_Sellos_01 PRIMARY KEY (COD_PROD)
	)
')
EXECUTE('

INSERT INTO dbo.CON_Sellos (COD_PROD, DESCRIPCION, COD_NATURA, T_EXENCION, CANT_FOJAS, TZ_LOCK, CANTIDAD_UF)
VALUES (''AAHH'', ''Adelanto de haberes'', ''ART.15.23'', 0, 1, 0, 0)

INSERT INTO dbo.CON_Sellos (COD_PROD, DESCRIPCION, COD_NATURA, T_EXENCION, CANT_FOJAS, TZ_LOCK, CANTIDAD_UF)
VALUES (''AH'', ''ADELANTO HABERES'', ''ART.15-23'', 0, 1, 0, 0)

INSERT INTO dbo.CON_Sellos (COD_PROD, DESCRIPCION, COD_NATURA, T_EXENCION, CANT_FOJAS, TZ_LOCK, CANTIDAD_UF)
VALUES (''CD'', ''CUENTAS CORRIENTES DEUDORAS - DESCUBIERTO'', ''ART.15-3'', 0, 1, 0, 0)

INSERT INTO dbo.CON_Sellos (COD_PROD, DESCRIPCION, COD_NATURA, T_EXENCION, CANT_FOJAS, TZ_LOCK, CANTIDAD_UF)
VALUES (''CH'', ''EMISION DE CHEQUERAS'', ''ART.15-14-A'', 0, 0, 0, 3)

INSERT INTO dbo.CON_Sellos (COD_PROD, DESCRIPCION, COD_NATURA, T_EXENCION, CANT_FOJAS, TZ_LOCK, CANTIDAD_UF)
VALUES (''CM'', ''CONTRATO MARCO PARA ADELANTO DE HABERES'', ''ART.14-B'', 1, 9, 0, 350)

INSERT INTO dbo.CON_Sellos (COD_PROD, DESCRIPCION, COD_NATURA, T_EXENCION, CANT_FOJAS, TZ_LOCK, CANTIDAD_UF)
VALUES (''CV'', ''VALORES EN GESTION'', ''ART.15.14-B'', 0, 1, 0, 0)

INSERT INTO dbo.CON_Sellos (COD_PROD, DESCRIPCION, COD_NATURA, T_EXENCION, CANT_FOJAS, TZ_LOCK, CANTIDAD_UF)
VALUES (''KS'', ''CONTRATO DE ALQUILER DE CAJA DE SEGURIDAD'', ''16.20'', 1, 7, 0, 0)

INSERT INTO dbo.CON_Sellos (COD_PROD, DESCRIPCION, COD_NATURA, T_EXENCION, CANT_FOJAS, TZ_LOCK, CANTIDAD_UF)
VALUES (''PP'', ''PRESTAMOS PERSONALES'', ''ART.15-23'', 0, 1, 0, 0)

INSERT INTO dbo.CON_Sellos (COD_PROD, DESCRIPCION, COD_NATURA, T_EXENCION, CANT_FOJAS, TZ_LOCK, CANTIDAD_UF)
VALUES (''PR'', ''PRESTAMOS'', ''ART.15-23'', 0, 1, 0, 0)

INSERT INTO dbo.CON_Sellos (COD_PROD, DESCRIPCION, COD_NATURA, T_EXENCION, CANT_FOJAS, TZ_LOCK, CANTIDAD_UF)
VALUES (''PRD'', ''PRESTAMOS EN DOLARES'', ''ART.15-23'', 0, 1, 0, 0)
')

EXECUTE('
IF OBJECT_ID (''dbo.RRII_SELLOS_CHACO'') IS NOT NULL
	DROP TABLE dbo.RRII_SELLOS_CHACO
')

EXECUTE('
CREATE TABLE dbo.RRII_SELLOS_CHACO
	(
	PERIODO_INFORMADO     VARCHAR (6) NOT NULL,
	CUIT_AG_RET           NUMERIC (11) NOT NULL,
	ID_SELLO              VARCHAR (20) NOT NULL,
	FECHA_SELLO           VARCHAR (8) NOT NULL,
	COD_NATURALEZA        VARCHAR (20) NOT NULL,
	TIPO_DOCUMENTO        NUMERIC (1) NOT NULL,
	NUMERO_DOCUMENTO      VARCHAR (11) NOT NULL,
	APELLIDO_NOMBRE       VARCHAR (25) DEFAULT ('' '') NOT NULL,
	MONTO_IMPONIBLE       NUMERIC (10, 2),
	TIPO_EXENCION         VARCHAR (1) NOT NULL,
	CANT_FOJAS            NUMERIC (4),
	NORMATIVA             VARCHAR (50),
	OBSERVACIONES         VARCHAR (50),
	IMPUESTO              NUMERIC (10, 2),
	IMPORTE_FOJAS         NUMERIC (6),
	TOTAL                 NUMERIC (10, 2),
	ASIENTO               NUMERIC (10),
	FECHA_PROCESO_ASIENTO DATETIME,
	SUCURSAL_ASIENTO      NUMERIC (5),
	OPERACION             NUMERIC (15),
	ID_CARGO              NUMERIC (4),
	CONSTRAINT PK_RRII_SELLOS_CHACO PRIMARY KEY (PERIODO_INFORMADO, ID_SELLO, FECHA_SELLO, COD_NATURALEZA, NUMERO_DOCUMENTO)
	)
')
