EXECUTE('
---------------------------------------------------------
--TABLA SOLICITUD APROBACION CHEQUES PROPIOS SIN FONDOS--
---------------------------------------------------------
INSERT INTO DESCRIPTORES (TITULO, IDENTIFICACION, TIPODEARCHIVO, DESCRIPCION, GRUPODELMAPA, NOMBREFISICO, TIPODEDBMS, LARGODELREGISTRO, INICIALIZACIONDELREGISTRO, BASE, SELECCION, ACEPTA_MOVS_DIFERIDO)
VALUES (35, 3501, NULL, ''Solic. aprob. Ch. s/fondos'', 0, ''CHE_SOLICITUD_CANJE_INTERNO'', ''D'', NULL, NULL, ''TOP/CLIENTES'', NULL, ''N'')
----
INSERT INTO DICCIONARIO (NUMERODECAMPO, USODELCAMPO, REFERENCIA, DESCRIPCION, PROMPT, LARGO, TIPODECAMPO, DECIMALES, EDICION, CONTABILIZA, CONCEPTO, CALCULO, VALIDACION, TABLADEVALIDACION, TABLADEAYUDA, OPCIONES, TABLA, CAMPO, BASICO, MASCARA)
VALUES (35010, '' '', 0, ''Número de Solicitud'', ''Nro. Solicitud'', 12, ''N'', 0, NULL, 0, 0, 0, 0, 0, 0, 0, 3501, ''NRO_SOLICITUD'', 0, NULL)
--
INSERT INTO DICCIONARIO (NUMERODECAMPO, USODELCAMPO, REFERENCIA, DESCRIPCION, PROMPT, LARGO, TIPODECAMPO, DECIMALES, EDICION, CONTABILIZA, CONCEPTO, CALCULO, VALIDACION, TABLADEVALIDACION, TABLADEAYUDA, OPCIONES, TABLA, CAMPO, BASICO, MASCARA)
VALUES (35011, '' '', 0, ''Número de Cheque'', ''Nro. Cheque'', 9, ''N'', 0, NULL, 0, 0, 0, 0, 0, 0, 0, 3501, ''NRO_CHEQUE'', 0, NULL)
--
INSERT INTO DICCIONARIO (NUMERODECAMPO, USODELCAMPO, REFERENCIA, DESCRIPCION, PROMPT, LARGO, TIPODECAMPO, DECIMALES, EDICION, CONTABILIZA, CONCEPTO, CALCULO, VALIDACION, TABLADEVALIDACION, TABLADEAYUDA, OPCIONES, TABLA, CAMPO, BASICO, MASCARA)
VALUES (35012, '' '', 0, ''Serie'', ''Serie'', 3, ''A'', 0, NULL, 0, 0, 0, 0, 0, 0, 0, 3501, ''SERIE'', 0, NULL)
--
INSERT INTO DICCIONARIO (NUMERODECAMPO, USODELCAMPO, REFERENCIA, DESCRIPCION, PROMPT, LARGO, TIPODECAMPO, DECIMALES, EDICION, CONTABILIZA, CONCEPTO, CALCULO, VALIDACION, TABLADEVALIDACION, TABLADEAYUDA, OPCIONES, TABLA, CAMPO, BASICO, MASCARA)
VALUES (35013, '' '', 0, ''JTS_OID Cuenta Cheque'', ''JTS_OID'', 10, ''N'', 0, NULL, 0, 0, 0, 0, 0, 0, 0, 3501, ''SALDO_JTS_OID'', 0, NULL)
--
INSERT INTO DICCIONARIO (NUMERODECAMPO, USODELCAMPO, REFERENCIA, DESCRIPCION, PROMPT, LARGO, TIPODECAMPO, DECIMALES, EDICION, CONTABILIZA, CONCEPTO, CALCULO, VALIDACION, TABLADEVALIDACION, TABLADEAYUDA, OPCIONES, TABLA, CAMPO, BASICO, MASCARA)
VALUES (35014, '' '', 0, ''Código Postal Cheque'', ''Código Postal'', 4, ''N'', 0, NULL, 0, 0, 0, 0, 0, 0, 0, 3501, ''COD_POSTAL'', 0, NULL)
--
INSERT INTO DICCIONARIO (NUMERODECAMPO, USODELCAMPO, REFERENCIA, DESCRIPCION, PROMPT, LARGO, TIPODECAMPO, DECIMALES, EDICION, CONTABILIZA, CONCEPTO, CALCULO, VALIDACION, TABLADEVALIDACION, TABLADEAYUDA, OPCIONES, TABLA, CAMPO, BASICO, MASCARA)
VALUES (35015, '' '', 0, ''Importe Cheque'', ''Importe'', 15, ''N'', 2, ''I'', 0, 0, 0, 0, 0, 0, 0, 3501, ''IMPORTE'', 0, NULL)
--
INSERT INTO DICCIONARIO (NUMERODECAMPO, USODELCAMPO, REFERENCIA, DESCRIPCION, PROMPT, LARGO, TIPODECAMPO, DECIMALES, EDICION, CONTABILIZA, CONCEPTO, CALCULO, VALIDACION, TABLADEVALIDACION, TABLADEAYUDA, OPCIONES, TABLA, CAMPO, BASICO, MASCARA)
VALUES (35016, '' '', 0, ''Fecha Estado Cheque'', ''Fecha Estado'', 8, ''F'', 0, ''F'', 0, 0, 0, 0, 0, 0, 0, 3501, ''FECHA_ESTADO'', 0, NULL)
--
INSERT INTO DICCIONARIO (NUMERODECAMPO, USODELCAMPO, REFERENCIA, DESCRIPCION, PROMPT, LARGO, TIPODECAMPO, DECIMALES, EDICION, CONTABILIZA, CONCEPTO, CALCULO, VALIDACION, TABLADEVALIDACION, TABLADEAYUDA, OPCIONES, TABLA, CAMPO, BASICO, MASCARA)
VALUES (35017, '' '', 0, ''Estado Solicitud'', ''Estado'', 1, ''A'', 0, NULL, 0, 0, 0, 0, 0, 0, 1, 3501, ''ESTADO'', 0, NULL)
--
INSERT INTO DICCIONARIO (NUMERODECAMPO, USODELCAMPO, REFERENCIA, DESCRIPCION, PROMPT, LARGO, TIPODECAMPO, DECIMALES, EDICION, CONTABILIZA, CONCEPTO, CALCULO, VALIDACION, TABLADEVALIDACION, TABLADEAYUDA, OPCIONES, TABLA, CAMPO, BASICO, MASCARA)
VALUES (35018, '' '', 0, ''Fecha Ingreso'', ''Fecha Ingreso'', 8, ''F'', 0, ''F'', 0, 0, 0, 0, 0, 0, 0, 3501, ''FECHA_INGRESO'', 0, NULL)
--
INSERT INTO DICCIONARIO (NUMERODECAMPO, USODELCAMPO, REFERENCIA, DESCRIPCION, PROMPT, LARGO, TIPODECAMPO, DECIMALES, EDICION, CONTABILIZA, CONCEPTO, CALCULO, VALIDACION, TABLADEVALIDACION, TABLADEAYUDA, OPCIONES, TABLA, CAMPO, BASICO, MASCARA)
VALUES (35019, '' '', 0, ''JTS_OID Depósito'', ''JTS_OID Depósito'', 10, ''N'', 0, NULL, 0, 0, 0, 0, 0, 0, 0, 3501, ''JTS_OID_DEPOSITO'', 0, NULL)
--
INSERT INTO DICCIONARIO (NUMERODECAMPO, USODELCAMPO, REFERENCIA, DESCRIPCION, PROMPT, LARGO, TIPODECAMPO, DECIMALES, EDICION, CONTABILIZA, CONCEPTO, CALCULO, VALIDACION, TABLADEVALIDACION, TABLADEAYUDA, OPCIONES, TABLA, CAMPO, BASICO, MASCARA)
VALUES (35024, '' '', 0, ''Operativa que la Origina'', ''Operativa Originaria'', 1, ''A'', 0, NULL, 0, 0, 0, 0, 0, 0, 1, 3501, ''OPERATIVA'', 0, NULL)
--
INSERT INTO DICCIONARIO (NUMERODECAMPO, USODELCAMPO, REFERENCIA, DESCRIPCION, PROMPT, LARGO, TIPODECAMPO, DECIMALES, EDICION, CONTABILIZA, CONCEPTO, CALCULO, VALIDACION, TABLADEVALIDACION, TABLADEAYUDA, OPCIONES, TABLA, CAMPO, BASICO, MASCARA)
VALUES (35026, '' '', 0, ''Usuario que recepciona'', ''Usuario'', 8, ''A'', 0, NULL, 0, 0, 0, 0, 0, 0, 0, 3501, ''USUARIO'', 0, NULL)
--
INSERT INTO DICCIONARIO (NUMERODECAMPO, USODELCAMPO, REFERENCIA, DESCRIPCION, PROMPT, LARGO, TIPODECAMPO, DECIMALES, EDICION, CONTABILIZA, CONCEPTO, CALCULO, VALIDACION, TABLADEVALIDACION, TABLADEAYUDA, OPCIONES, TABLA, CAMPO, BASICO, MASCARA)
VALUES (35504, '' '', 0, ''Asiento Cheque'', ''Asiento Cheque'', 10, ''N'', 0, NULL, 0, 0, 0, 0, 0, 0, 0, 3501, ''ASIENTO'', 0, NULL)
--
INSERT INTO DICCIONARIO (NUMERODECAMPO, USODELCAMPO, REFERENCIA, DESCRIPCION, PROMPT, LARGO, TIPODECAMPO, DECIMALES, EDICION, CONTABILIZA, CONCEPTO, CALCULO, VALIDACION, TABLADEVALIDACION, TABLADEAYUDA, OPCIONES, TABLA, CAMPO, BASICO, MASCARA)
VALUES (35505, '' '', 0, ''Fecha Asiento'', ''Fecha Asiento'', 8, ''F'', 0, ''F'', 0, 0, 0, 0, 0, 0, 0, 3501, ''FECHA_ASIENTO'', 0, NULL)
--
INSERT INTO DICCIONARIO (NUMERODECAMPO, USODELCAMPO, REFERENCIA, DESCRIPCION, PROMPT, LARGO, TIPODECAMPO, DECIMALES, EDICION, CONTABILIZA, CONCEPTO, CALCULO, VALIDACION, TABLADEVALIDACION, TABLADEAYUDA, OPCIONES, TABLA, CAMPO, BASICO, MASCARA)
VALUES (35506, '' '', 0, ''Sucursal Asiento'', ''Sucursal Asiento'', 5, ''N'', 0, NULL, 0, 0, 0, 0, 0, 0, 0, 3501, ''SUCURSAL_ASIENTO'', 0, NULL)
----
INSERT INTO INDICES (NUMERODEARCHIVO, NUMERODEINDICE, DESCRIPCION, CLAVESREPETIDAS, CAMPO1, CAMPO2, CAMPO3, CAMPO4, CAMPO5, CAMPO6, CAMPO7, CAMPO8, CAMPO9, CAMPO10, CAMPO11, CAMPO12, CAMPO13, CAMPO14, CAMPO15, CAMPO16, CAMPO17, CAMPO18, CAMPO19, CAMPO20)
VALUES (3501, 1, ''Índice Sollicitud Ch. s/fondos'', 0, 35010, 35011, 35012, 35013, NULL, NULL, NULL, NULL, NULL, NULL, NULL, NULL, NULL, NULL, NULL, NULL, NULL, NULL, NULL, NULL)
--
INSERT INTO INDICES (NUMERODEARCHIVO, NUMERODEINDICE, DESCRIPCION, CLAVESREPETIDAS, CAMPO1, CAMPO2, CAMPO3, CAMPO4, CAMPO5, CAMPO6, CAMPO7, CAMPO8, CAMPO9, CAMPO10, CAMPO11, CAMPO12, CAMPO13, CAMPO14, CAMPO15, CAMPO16, CAMPO17, CAMPO18, CAMPO19, CAMPO20)
VALUES (3501, 2, ''Índice Sollicitud Ch. s/fondos'', 0, 35010, NULL, NULL, NULL, NULL, NULL, NULL, NULL, NULL, NULL, NULL, NULL, NULL, NULL, NULL, NULL, NULL, NULL, NULL, NULL)
----
INSERT INTO OPCIONES (NUMERODECAMPO, IDIOMA, DESCRIPCION, OPCIONINTERNA, OPCIONDEPANTALLA)
VALUES (35017, ''E'', ''Aprobado Manual'', ''A'', ''A'')
--
INSERT INTO OPCIONES (NUMERODECAMPO, IDIOMA, DESCRIPCION, OPCIONINTERNA, OPCIONDEPANTALLA)
VALUES (35017, ''E'', ''Cobrado Automático'', ''C'', ''C'')
--
INSERT INTO OPCIONES (NUMERODECAMPO, IDIOMA, DESCRIPCION, OPCIONINTERNA, OPCIONDEPANTALLA)
VALUES (35017, ''E'', ''Ingresado'', ''I'', ''I'')
--
INSERT INTO OPCIONES (NUMERODECAMPO, IDIOMA, DESCRIPCION, OPCIONINTERNA, OPCIONDEPANTALLA)
VALUES (35017, ''E'', ''Rechazado Manual'', ''R'', ''R'')
--
INSERT INTO OPCIONES (NUMERODECAMPO, IDIOMA, DESCRIPCION, OPCIONINTERNA, OPCIONDEPANTALLA)
VALUES (35017, ''E'', ''Rechazado Automático'', ''T'', ''T'')
----
INSERT INTO OPCIONES (NUMERODECAMPO, IDIOMA, DESCRIPCION, OPCIONINTERNA, OPCIONDEPANTALLA)
VALUES (35024, ''E'', ''Cobranza por Caja'', ''C'', ''C'')
--
INSERT INTO OPCIONES (NUMERODECAMPO, IDIOMA, DESCRIPCION, OPCIONINTERNA, OPCIONDEPANTALLA)
VALUES (35024, ''E'', ''Depósito en Cuenta'', ''D'', ''D'')
---------------------------------------------------------
--VISTA SOLICITUD APROBACION CHEQUES PROPIOS SIN FONDOS--
---------------------------------------------------------
INSERT INTO DESCRIPTORES (TITULO, IDENTIFICACION, TIPODEARCHIVO, DESCRIPCION, GRUPODELMAPA, NOMBREFISICO, TIPODEDBMS, LARGODELREGISTRO, INICIALIZACIONDELREGISTRO, BASE, SELECCION, ACEPTA_MOVS_DIFERIDO)
VALUES (35, 3505, NULL, ''Vista Solicitud Ch. s/fondo'', 0, ''VW_CHE_SOLICITUD_CANJE_INTERNO'', ''D'', NULL, NULL, ''TOP/CLIENTES'', NULL, ''N'')
----
INSERT INTO DICCIONARIO (NUMERODECAMPO, USODELCAMPO, REFERENCIA, DESCRIPCION, PROMPT, LARGO, TIPODECAMPO, DECIMALES, EDICION, CONTABILIZA, CONCEPTO, CALCULO, VALIDACION, TABLADEVALIDACION, TABLADEAYUDA, OPCIONES, TABLA, CAMPO, BASICO, MASCARA)
VALUES (35050, '' '', 0, ''Nro. Solicitud'', ''Nro. Solicitud'', 12, ''N'', 0, NULL, 0, 0, 0, 0, 0, 0, 0, 3505, ''NRO_SOLICITUD'', 0, NULL)
--
INSERT INTO DICCIONARIO (NUMERODECAMPO, USODELCAMPO, REFERENCIA, DESCRIPCION, PROMPT, LARGO, TIPODECAMPO, DECIMALES, EDICION, CONTABILIZA, CONCEPTO, CALCULO, VALIDACION, TABLADEVALIDACION, TABLADEAYUDA, OPCIONES, TABLA, CAMPO, BASICO, MASCARA)
VALUES (35051, '' '', 0, ''Nro. Cheque'', ''Nro. Cheque'', 9, ''N'', 0, NULL, 0, 0, 0, 0, 0, 0, 0, 3505, ''NRO_CHEQUE'', 0, NULL)
--
INSERT INTO DICCIONARIO (NUMERODECAMPO, USODELCAMPO, REFERENCIA, DESCRIPCION, PROMPT, LARGO, TIPODECAMPO, DECIMALES, EDICION, CONTABILIZA, CONCEPTO, CALCULO, VALIDACION, TABLADEVALIDACION, TABLADEAYUDA, OPCIONES, TABLA, CAMPO, BASICO, MASCARA)
VALUES (35052, '' '', 0, ''Importe'', ''Importe'', 15, ''N'', 2, ''I'', 0, 0, 0, 0, 0, 0, 0, 3505, ''IMPORTE'', 0, NULL)
--
INSERT INTO DICCIONARIO (NUMERODECAMPO, USODELCAMPO, REFERENCIA, DESCRIPCION, PROMPT, LARGO, TIPODECAMPO, DECIMALES, EDICION, CONTABILIZA, CONCEPTO, CALCULO, VALIDACION, TABLADEVALIDACION, TABLADEAYUDA, OPCIONES, TABLA, CAMPO, BASICO, MASCARA)
VALUES (35053, '' '', 0, ''Estado'', ''Estado'', 10, ''A'', 0, NULL, 0, 0, 0, 0, 0, 0, 0, 3505, ''DESCRIPCION_ESTADO'', 0, NULL)
--
INSERT INTO DICCIONARIO (NUMERODECAMPO, USODELCAMPO, REFERENCIA, DESCRIPCION, PROMPT, LARGO, TIPODECAMPO, DECIMALES, EDICION, CONTABILIZA, CONCEPTO, CALCULO, VALIDACION, TABLADEVALIDACION, TABLADEAYUDA, OPCIONES, TABLA, CAMPO, BASICO, MASCARA)
VALUES (35054, '' '', 0, ''Fecha Estado'', ''Fecha Estado'', 8, ''F'', 0, ''F'', 0, 0, 0, 0, 0, 0, 0, 3505, ''FECHA_ESTADO'', 0, NULL)
--
INSERT INTO DICCIONARIO (NUMERODECAMPO, USODELCAMPO, REFERENCIA, DESCRIPCION, PROMPT, LARGO, TIPODECAMPO, DECIMALES, EDICION, CONTABILIZA, CONCEPTO, CALCULO, VALIDACION, TABLADEVALIDACION, TABLADEAYUDA, OPCIONES, TABLA, CAMPO, BASICO, MASCARA)
VALUES (35055, '' '', 0, ''Sucursal'', ''Sucursal'', 5, ''N'', 0, NULL, 0, 0, 0, 0, 0, 0, 0, 3505, ''SUCURSAL'', 0, NULL)
--
INSERT INTO DICCIONARIO (NUMERODECAMPO, USODELCAMPO, REFERENCIA, DESCRIPCION, PROMPT, LARGO, TIPODECAMPO, DECIMALES, EDICION, CONTABILIZA, CONCEPTO, CALCULO, VALIDACION, TABLADEVALIDACION, TABLADEAYUDA, OPCIONES, TABLA, CAMPO, BASICO, MASCARA)
VALUES (35056, '' '', 0, ''Cuenta'', ''Cuenta'', 12, ''N'', 0, NULL, 0, 0, 0, 0, 0, 0, 0, 3505, ''CUENTA'', 0, NULL)
--
INSERT INTO DICCIONARIO (NUMERODECAMPO, USODELCAMPO, REFERENCIA, DESCRIPCION, PROMPT, LARGO, TIPODECAMPO, DECIMALES, EDICION, CONTABILIZA, CONCEPTO, CALCULO, VALIDACION, TABLADEVALIDACION, TABLADEAYUDA, OPCIONES, TABLA, CAMPO, BASICO, MASCARA)
VALUES (35057, '' '', 0, ''Denominación'', ''Denominación Cuenta'', 100, ''A'', 0, NULL, 0, 0, 0, 0, 0, 0, 0, 3505, ''DENOMINACION_CUENTA'', 0, NULL)
--
INSERT INTO DICCIONARIO (NUMERODECAMPO, USODELCAMPO, REFERENCIA, DESCRIPCION, PROMPT, LARGO, TIPODECAMPO, DECIMALES, EDICION, CONTABILIZA, CONCEPTO, CALCULO, VALIDACION, TABLADEVALIDACION, TABLADEAYUDA, OPCIONES, TABLA, CAMPO, BASICO, MASCARA)
VALUES (35058, '' '', 0, ''Producto'', ''Producto'', 5, ''N'', 0, NULL, 0, 0, 0, 0, 0, 0, 0, 3505, ''PRODUCTO'', 0, NULL)
--
INSERT INTO DICCIONARIO (NUMERODECAMPO, USODELCAMPO, REFERENCIA, DESCRIPCION, PROMPT, LARGO, TIPODECAMPO, DECIMALES, EDICION, CONTABILIZA, CONCEPTO, CALCULO, VALIDACION, TABLADEVALIDACION, TABLADEAYUDA, OPCIONES, TABLA, CAMPO, BASICO, MASCARA)
VALUES (35059, '' '', 0, ''Descripción'', ''Descripción Producto'', 50, ''A'', 0, NULL, 0, 0, 0, 0, 0, 0, 0, 3505, ''DESCRIPCION_PRODUCTO'', 0, NULL)
--
INSERT INTO DICCIONARIO (NUMERODECAMPO, USODELCAMPO, REFERENCIA, DESCRIPCION, PROMPT, LARGO, TIPODECAMPO, DECIMALES, EDICION, CONTABILIZA, CONCEPTO, CALCULO, VALIDACION, TABLADEVALIDACION, TABLADEAYUDA, OPCIONES, TABLA, CAMPO, BASICO, MASCARA)
VALUES (35063, '' '', 0, ''Moneda'', ''Moneda'', 4, ''N'', 0, NULL, 0, 0, 0, 0, 0, 0, 0, 3505, ''MONEDA'', 0, NULL)
--
INSERT INTO DICCIONARIO (NUMERODECAMPO, USODELCAMPO, REFERENCIA, DESCRIPCION, PROMPT, LARGO, TIPODECAMPO, DECIMALES, EDICION, CONTABILIZA, CONCEPTO, CALCULO, VALIDACION, TABLADEVALIDACION, TABLADEAYUDA, OPCIONES, TABLA, CAMPO, BASICO, MASCARA)
VALUES (35064, '' '', 0, ''Denominación Cuenta Depositante'', ''Depositante'', 100, ''A'', 0, NULL, 0, 0, 0, 0, 0, 0, 0, 3505, ''DENOM_CTA_DEPOSITO'', 0, NULL)
--
INSERT INTO DICCIONARIO (NUMERODECAMPO, USODELCAMPO, REFERENCIA, DESCRIPCION, PROMPT, LARGO, TIPODECAMPO, DECIMALES, EDICION, CONTABILIZA, CONCEPTO, CALCULO, VALIDACION, TABLADEVALIDACION, TABLADEAYUDA, OPCIONES, TABLA, CAMPO, BASICO, MASCARA)
VALUES (35025, '' '', 0, ''Operativa que la Origina'', ''Operativa Originaria'', 20, ''A'', 0, NULL, 0, 0, 0, 0, 0, 0, 0, 3505, ''DESCRIPCION_OPERATIVA'', 0, NULL)
--
INSERT INTO DICCIONARIO (NUMERODECAMPO, USODELCAMPO, REFERENCIA, DESCRIPCION, PROMPT, LARGO, TIPODECAMPO, DECIMALES, EDICION, CONTABILIZA, CONCEPTO, CALCULO, VALIDACION, TABLADEVALIDACION, TABLADEAYUDA, OPCIONES, TABLA, CAMPO, BASICO, MASCARA)
VALUES (35331, '' '', 0, ''Asiento'', ''Asiento'', 10, ''N'', 0, NULL, 0, 0, 0, 0, 0, 0, 0, 3505, ''ASIENTO'', 0, NULL)
--
INSERT INTO DICCIONARIO (NUMERODECAMPO, USODELCAMPO, REFERENCIA, DESCRIPCION, PROMPT, LARGO, TIPODECAMPO, DECIMALES, EDICION, CONTABILIZA, CONCEPTO, CALCULO, VALIDACION, TABLADEVALIDACION, TABLADEAYUDA, OPCIONES, TABLA, CAMPO, BASICO, MASCARA)
VALUES (35332, '' '', 0, ''Fecha Asiento'', ''Fecha Asiento'', 8, ''F'', 0, ''F'', 0, 0, 0, 0, 0, 0, 0, 3505, ''FECHA_ASIENTO'', 0, NULL)
--
INSERT INTO DICCIONARIO (NUMERODECAMPO, USODELCAMPO, REFERENCIA, DESCRIPCION, PROMPT, LARGO, TIPODECAMPO, DECIMALES, EDICION, CONTABILIZA, CONCEPTO, CALCULO, VALIDACION, TABLADEVALIDACION, TABLADEAYUDA, OPCIONES, TABLA, CAMPO, BASICO, MASCARA)
VALUES (35333, '' '', 0, ''Sucursal Asiento'', ''Sucursal Asiento'', 5, ''N'', 0, NULL, 0, 0, 0, 0, 0, 0, 0, 3505, ''SUCURSAL_ASIENTO'', 0, NULL)
--
INSERT INTO DICCIONARIO (NUMERODECAMPO, USODELCAMPO, REFERENCIA, DESCRIPCION, PROMPT, LARGO, TIPODECAMPO, DECIMALES, EDICION, CONTABILIZA, CONCEPTO, CALCULO, VALIDACION, TABLADEVALIDACION, TABLADEAYUDA, OPCIONES, TABLA, CAMPO, BASICO, MASCARA)
VALUES (35334, '' '', 0, ''Estado'', ''Estado'', 1, ''A'', 0, NULL, 0, 0, 0, 0, 0, 0, 0, 3505, ''ESTADO'', 0, NULL)
--
INSERT INTO DICCIONARIO (NUMERODECAMPO, USODELCAMPO, REFERENCIA, DESCRIPCION, PROMPT, LARGO, TIPODECAMPO, DECIMALES, EDICION, CONTABILIZA, CONCEPTO, CALCULO, VALIDACION, TABLADEVALIDACION, TABLADEAYUDA, OPCIONES, TABLA, CAMPO, BASICO, MASCARA)
VALUES (35335, '' '', 0, ''Operativa'', ''Operativa'', 1, ''A'', 0, NULL, 0, 0, 0, 0, 0, 0, 0, 3505, ''OPERATIVA'', 0, NULL)
----
INSERT INTO INDICES (NUMERODEARCHIVO, NUMERODEINDICE, DESCRIPCION, CLAVESREPETIDAS, CAMPO1, CAMPO2, CAMPO3, CAMPO4, CAMPO5, CAMPO6, CAMPO7, CAMPO8, CAMPO9, CAMPO10, CAMPO11, CAMPO12, CAMPO13, CAMPO14, CAMPO15, CAMPO16, CAMPO17, CAMPO18, CAMPO19, CAMPO20)
VALUES (3505, 1, ''Índice Solicitud'', 0, 35050, NULL, NULL, NULL, NULL, NULL, NULL, NULL, NULL, NULL, NULL, NULL, NULL, NULL, NULL, NULL, NULL, NULL, NULL, NULL)
----
INSERT INTO AYUDAS (NUMERODEARCHIVO, NUMERODEAYUDA, DESCRIPCION, FILTRO, MOSTRARTODOS, CAMPOS, CAMPOSVISTA, BASEVISTA, NOMBREVISTA, AYUDAGRANDE)
VALUES (3505, 35051, ''Listado Solic. Ch. s/fondo'', '''', 0, ''35050ROA2;35025OA1;35051;35052;35053;35054;35055;35056;35057;35058;35059;35063;35064;'', NULL, NULL, NULL, 0)
----
INSERT INTO DICCIONARIO (NUMERODECAMPO, USODELCAMPO, REFERENCIA, DESCRIPCION, PROMPT, LARGO, TIPODECAMPO, DECIMALES, EDICION, CONTABILIZA, CONCEPTO, CALCULO, VALIDACION, TABLADEVALIDACION, TABLADEAYUDA, OPCIONES, TABLA, CAMPO, BASICO, MASCARA)
VALUES (35067, '' '', 0, ''Listado Solicitudes Canje Ch.'', ''Listado Solicitudes Canje Ch.'', 12, ''N'', 0, NULL, 0, 0, 0, 0, 0, 35051, 0, 0, NULL, 0, NULL)
----------------------------------------------------------
--NUMERADOR DE SOLICITUDES DE CANJES INTERNOS DE CHEQUES--
----------------------------------------------------------
INSERT INTO DICCIONARIO (NUMERODECAMPO, USODELCAMPO, REFERENCIA, DESCRIPCION, PROMPT, LARGO, TIPODECAMPO, DECIMALES, EDICION, CONTABILIZA, CONCEPTO, CALCULO, VALIDACION, TABLADEVALIDACION, TABLADEAYUDA, OPCIONES, TABLA, CAMPO, BASICO, MASCARA)
VALUES (35006, '' '', 0, ''Numerador Solic. Canje Interno Ch.'', ''Numerador Solic. Canje Interno Ch.'', 12, ''N'', 0, NULL, 0, 19, 0, 0, 0, 0, 0, 0, ''C35006'', 0, NULL)
----
INSERT INTO NUMERATORDEFINITION (NUMERO, INIVAL, INCREMENTO, PERIODO, ULTIMAINIC, REUTILIZABLE, CENTRALIZADO, MAXIMO, DESCRIPCION, TIPO)
VALUES (35006, 1, 1, '' '', NULL, 0, 0, 99999999, ''Numerador Solic. Canje Interno Ch.'', ''T'')
------------------------------------------------------------
--NUEVOS CAMPOS EN DESCRIPTOR DE CHEQUES CLEARING RECIBIDO--
------------------------------------------------------------
INSERT INTO DICCIONARIO (NUMERODECAMPO, USODELCAMPO, REFERENCIA, DESCRIPCION, PROMPT, LARGO, TIPODECAMPO, DECIMALES, EDICION, CONTABILIZA, CONCEPTO, CALCULO, VALIDACION, TABLADEVALIDACION, TABLADEAYUDA, OPCIONES, TABLA, CAMPO, BASICO, MASCARA)
VALUES (35169, '' '', 0, ''Cliente'', ''Cliente'', 12, ''N'', 0, NULL, 0, 0, 0, 0, 0, 0, 0, 154, ''CLIENTE'', 0, NULL)
--
--INSERT INTO DICCIONARIO (NUMERODECAMPO, USODELCAMPO, REFERENCIA, DESCRIPCION, PROMPT, LARGO, TIPODECAMPO, DECIMALES, EDICION, CONTABILIZA, CONCEPTO, CALCULO, VALIDACION, TABLADEVALIDACION, TABLADEAYUDA, OPCIONES, TABLA, CAMPO, BASICO, MASCARA)
--VALUES (35201, '' '', 0, ''Canje Interno S/N'', ''Canje Interno'', 1, ''A'', 0, NULL, 0, 0, 0, 0, 0, 0, 1, 154, ''CANJE_INTERNO'', 0, NULL)
----
--INSERT INTO OPCIONES (NUMERODECAMPO, IDIOMA, DESCRIPCION, OPCIONINTERNA, OPCIONDEPANTALLA)
--VALUES (35201, ''E'', ''No'', ''N'', ''N'')
--
--INSERT INTO OPCIONES (NUMERODECAMPO, IDIOMA, DESCRIPCION, OPCIONINTERNA, OPCIONDEPANTALLA)
--VALUES (35201, ''E'', ''Si'', ''S'', ''S'')
--------------------------------------
--NUEVA OPERACIÓN CHEQUES SIN FONDOS--
--------------------------------------
INSERT INTO OPERACIONES (TITULO, IDENTIFICACION, NOMBRE, DESCRIPCION, MNEMOTECNICO, AUTORIZACION, FORMULARIOPRINCIPAL, PROXOPERACION, ESTADO, TZ_LOCK, COPIAS, SUBOPERACION, PERMITEBAJA, COMPORTAMIENTOENCIERRE, REQUIERECONTRASENA, PERMITECONCURRENTE, PERMITEESTADODIFERIDO, ICONO_TITULO, ESTILO)
VALUES (3501, 3680, ''Cheques propios sin fondos presentados al cobro'', ''Cheques propios sin fondos presentados al cobro'', ''3680'', ''N'', 500, NULL, ''P'', 0, NULL, 0, ''S'', ''N'', ''N'', ''N'', ''N'', NULL, 0)
--------------------------------------------------
--NUEVA OPERACIÓN DESATENDIDA COBRO CH. S/FONDOS--
--------------------------------------------------
INSERT INTO OPERACIONES (TITULO, IDENTIFICACION, NOMBRE, DESCRIPCION, MNEMOTECNICO, AUTORIZACION, FORMULARIOPRINCIPAL, PROXOPERACION, ESTADO, TZ_LOCK, COPIAS, SUBOPERACION, PERMITEBAJA, COMPORTAMIENTOENCIERRE, REQUIERECONTRASENA, PERMITECONCURRENTE, PERMITEESTADODIFERIDO, ICONO_TITULO, ESTILO)
VALUES (3501, 3683, ''Cobrar Cheques sin fondos (DESATENDIDA)'', ''Cobrar Cheques sin fondos (DESATENDIDA)'', ''3683'', ''N'', NULL, NULL, ''P'', 0, NULL, 0, ''S'', ''N'', ''N'', ''N'', ''N'', NULL, 0)
------------------------------------------------------
--NUEVA OPERACIÓN PARA RECHAZO EN CADENA DE CLEARING--
------------------------------------------------------
INSERT INTO OPERACIONES (TITULO, IDENTIFICACION, NOMBRE, DESCRIPCION, MNEMOTECNICO, AUTORIZACION, FORMULARIOPRINCIPAL, PROXOPERACION, ESTADO, TZ_LOCK, COPIAS, SUBOPERACION, PERMITEBAJA, COMPORTAMIENTOENCIERRE, REQUIERECONTRASENA, PERMITECONCURRENTE, PERMITEESTADODIFERIDO, ICONO_TITULO, ESTILO)
VALUES (3501, 3684, ''Rechazo de Cheques sin fondos al cierre'', ''Rechazo de Cheques sin fondos al cierre'', ''3684'', ''N'', NULL, NULL, ''P'', 0, NULL, 0, ''S'', ''N'', ''N'', ''N'', ''N'', NULL, 0)
---------------------------------------
--NUEVOS EVENTOS DE CARGOS PARA OPERS--
---------------------------------------
--OPER 3680 DEPOSITO EN CUENTA--
DELETE FROM CI_EVENTO WHERE ID_EVENTO IN (530,531)
--
INSERT INTO CI_EVENTO (ID_EVENTO, DESCRIPCION, TZ_LOCK)
VALUES (530, ''DEPÓSITO DE CHEQUE DÉBITO'', 0)
--
INSERT INTO CI_EVENTO (ID_EVENTO, DESCRIPCION, TZ_LOCK)
VALUES (531, ''DEPÓSITO DE CHEQUE CRÉDITO'', 0)
----
DELETE FROM CI_CARGOS_X_EVENTO WHERE ID_EVENTO IN (530,531)
--
INSERT INTO CI_CARGOS_X_EVENTO (ID_CARGO, ID_EVENTO, TZ_LOCK, TIPO_RELACION, CAMPO_SEGMENTO, DESCRIPCION_SEGMENTO, PRIORIDAD)
VALUES (400, 530, 0, ''A'', 34096, ''CONDICIÓN CREDEB'', 1)
--
INSERT INTO CI_CARGOS_X_EVENTO (ID_CARGO, ID_EVENTO, TZ_LOCK, TIPO_RELACION, CAMPO_SEGMENTO, DESCRIPCION_SEGMENTO, PRIORIDAD)
VALUES (401, 531, 0, ''A'', 34096, ''CONDICIÓN CREDEB'', 1)
--
INSERT INTO CI_CARGOS_X_EVENTO (ID_CARGO, ID_EVENTO, TZ_LOCK, TIPO_RELACION, CAMPO_SEGMENTO, DESCRIPCION_SEGMENTO, PRIORIDAD)
VALUES (403, 531, 0, ''A'', 34096, ''CONDICIÓN CREDEB'', 2)
--
INSERT INTO CI_CARGOS_X_EVENTO (ID_CARGO, ID_EVENTO, TZ_LOCK, TIPO_RELACION, CAMPO_SEGMENTO, DESCRIPCION_SEGMENTO, PRIORIDAD)
VALUES (501, 531, 0, ''A'', 33991, ''CONDICIÓN SIRCREB'', 3)
--
INSERT INTO CI_CARGOS_X_EVENTO (ID_CARGO, ID_EVENTO, TZ_LOCK, TIPO_RELACION, CAMPO_SEGMENTO, DESCRIPCION_SEGMENTO, PRIORIDAD)
VALUES (555, 531, 0, ''A'', 0, '''', 4)
--------------------------------
--OPER 3683 DEPÓSITO EN CUENTA--
DELETE FROM CI_EVENTO WHERE ID_EVENTO IN (532,533)
--
INSERT INTO CI_EVENTO (ID_EVENTO, DESCRIPCION, TZ_LOCK)
VALUES (532, ''DEPÓSITO DE CHEQUE DÉBITO'', 0)
--
INSERT INTO CI_EVENTO (ID_EVENTO, DESCRIPCION, TZ_LOCK)
VALUES (533, ''DEPÓSITO DE CHEQUE CRÉDITO'', 0)
----
DELETE FROM CI_CARGOS_X_EVENTO WHERE ID_EVENTO IN (532,533)
--
INSERT INTO CI_CARGOS_X_EVENTO (ID_CARGO, ID_EVENTO, TZ_LOCK, TIPO_RELACION, CAMPO_SEGMENTO, DESCRIPCION_SEGMENTO, PRIORIDAD)
VALUES (400, 532, 0, ''A'', 34096, ''CONDICIÓN CREDEB'', 1)
--
INSERT INTO CI_CARGOS_X_EVENTO (ID_CARGO, ID_EVENTO, TZ_LOCK, TIPO_RELACION, CAMPO_SEGMENTO, DESCRIPCION_SEGMENTO, PRIORIDAD)
VALUES (401, 533, 0, ''A'', 34096, ''CONDICIÓN CREDEB'', 1)
--
INSERT INTO CI_CARGOS_X_EVENTO (ID_CARGO, ID_EVENTO, TZ_LOCK, TIPO_RELACION, CAMPO_SEGMENTO, DESCRIPCION_SEGMENTO, PRIORIDAD)
VALUES (403, 533, 0, ''A'', 34096, ''CONDICIÓN CREDEB'', 2)
--
INSERT INTO CI_CARGOS_X_EVENTO (ID_CARGO, ID_EVENTO, TZ_LOCK, TIPO_RELACION, CAMPO_SEGMENTO, DESCRIPCION_SEGMENTO, PRIORIDAD)
VALUES (501, 533, 0, ''A'', 33991, ''CONDICIÓN SIRCREB'', 3)
--
INSERT INTO CI_CARGOS_X_EVENTO (ID_CARGO, ID_EVENTO, TZ_LOCK, TIPO_RELACION, CAMPO_SEGMENTO, DESCRIPCION_SEGMENTO, PRIORIDAD)
VALUES (555, 533, 0, ''A'', 0, '''', 4)
---------------------------
--OPER 3680 PAGO POR CAJA--
DELETE FROM CI_EVENTO WHERE ID_EVENTO IN (534)
--
INSERT INTO CI_EVENTO (ID_EVENTO, DESCRIPCION, TZ_LOCK)
VALUES (534, ''PAGO DE CHEQUE POR CAJA'', 0)
----
DELETE FROM CI_CARGOS_X_EVENTO WHERE ID_EVENTO IN (534)
--
INSERT INTO CI_CARGOS_X_EVENTO (ID_CARGO, ID_EVENTO, TZ_LOCK, TIPO_RELACION, CAMPO_SEGMENTO, DESCRIPCION_SEGMENTO, PRIORIDAD)
VALUES (400, 534, 0, ''A'', 34096, ''CONDICIÓN CREDEB'', 1)
----------------------------
--CÓDIGOS DE TRANSACCIONES--
----------------------------
INSERT INTO CODIGO_TRANSACCIONES (CODIGO_OPERACION, CODIGO_INTERNO_MOV, CODIGO_TRANSACCION, TZ_LOCK)
VALUES (3680, 2, 5, 0)
--
INSERT INTO CODIGO_TRANSACCIONES (CODIGO_OPERACION, CODIGO_INTERNO_MOV, CODIGO_TRANSACCION, TZ_LOCK)
VALUES (3683, 2, 5, 0)
--
INSERT INTO CODIGO_TRANSACCIONES (CODIGO_OPERACION, CODIGO_INTERNO_MOV, CODIGO_TRANSACCION, TZ_LOCK)
VALUES (3680, 1, 11, 0)
--------------------------------
--NUEVO REPORTE LISTADO SOLIC.--
--------------------------------
INSERT INTO REPORTES (TITULO, IDENTIFICACION, DESCRIPCION, TIPO, BIGREPORT, TIPOSALIDA, GENERAREPORTE, GENERAONLINEREPORTE, GRUPO_REIMPRESION, EJ_DE_OPERACION)
VALUES (1800, 3464, ''Solicitudes de Canje Interno'', ''Q'', 0, NULL, 0, 0, 0, ''N'')
------------------------
--PARAMETROS GENERALES--
------------------------
INSERT INTO PARAMETROSGENERALES (CODIGO, DESCRIPCION, ALFA, NUMERICO, FECHA, IMPORTE, TASA, TZ_LOCK)
VALUES (726, ''Causal rechazo Cta. Embargada'', NULL, 1, NULL, 0, 0, 0)
--
INSERT INTO PARAMETROSGENERALES (CODIGO, DESCRIPCION, ALFA, NUMERICO, FECHA, IMPORTE, TASA, TZ_LOCK)
VALUES (727, ''Causal rechazo Falta de Fondos'', NULL, 15, NULL, 0, 0, 0)
-----------
')
