EXECUTE('
UPDATE CLI_CLIENTES SET Sit_MorExEnt = '' ''

UPDATE HISTORICO_CALIF_X_CLIENTE SET Sit_MorExEnt = '' ''

UPDATE CLI_CLIENTES SET SITUACION_JUDICIAL = '' ''

UPDATE HISTORICO_CALIF_X_CLIENTE SET SITUACION_JUDICIAL = '' ''

UPDATE CLI_CLIENTES SET DISCREPANCIA = 0

UPDATE CLI_CLIENTES SET OBJETIVA_REFINANCIADO = '' ''

DELETE FROM CLI_CLASUBJETIVA

INSERT INTO CLI_CLASUBJETIVA (TZ_LOCK, CATEGORIASUB, DESCRIP_NO_FINANC, DESCRIP_FINANC, PORCENTAJE_SNF, CODIGO_VALIDO, PORCENTAJE_SF, PONDERACION)
VALUES (0, '' '', ''sin clasificacion'', ''sin clasificacion'', 0, ''0'', 0, 0)

INSERT INTO CLI_CLASUBJETIVA (TZ_LOCK, CATEGORIASUB, DESCRIP_NO_FINANC, DESCRIP_FINANC, PORCENTAJE_SNF, CODIGO_VALIDO, PORCENTAJE_SF, PONDERACION)
VALUES (0, ''1'', ''En situación normal'', ''En situación normal'', 0, ''0'', 0, 1)

INSERT INTO CLI_CLASUBJETIVA (TZ_LOCK, CATEGORIASUB, DESCRIP_NO_FINANC, DESCRIP_FINANC, PORCENTAJE_SNF, CODIGO_VALIDO, PORCENTAJE_SF, PONDERACION)
VALUES (0, ''2'', ''En observación'', ''Riesgo Bajo'', 0, ''0'', 40, 2)

INSERT INTO CLI_CLASUBJETIVA (TZ_LOCK, CATEGORIASUB, DESCRIP_NO_FINANC, DESCRIP_FINANC, PORCENTAJE_SNF, CODIGO_VALIDO, PORCENTAJE_SF, PONDERACION)
VALUES (0, ''2b'', ''En negociación o con acuerdo de refinanciación'', NULL, 0, ''0'', 40, 0)

INSERT INTO CLI_CLASUBJETIVA (TZ_LOCK, CATEGORIASUB, DESCRIP_NO_FINANC, DESCRIP_FINANC, PORCENTAJE_SNF, CODIGO_VALIDO, PORCENTAJE_SF, PONDERACION)
VALUES (0, ''3'', ''Con problemas'', ''Riesgo Medio'', 0, ''0'', 30, 3)

INSERT INTO CLI_CLASUBJETIVA (TZ_LOCK, CATEGORIASUB, DESCRIP_NO_FINANC, DESCRIP_FINANC, PORCENTAJE_SNF, CODIGO_VALIDO, PORCENTAJE_SF, PONDERACION)
VALUES (0, ''4'', ''Con alto riesgo de insolvencia'', ''Riesgo Alto'', 0, ''0'', 20, 4)

INSERT INTO CLI_CLASUBJETIVA (TZ_LOCK, CATEGORIASUB, DESCRIP_NO_FINANC, DESCRIP_FINANC, PORCENTAJE_SNF, CODIGO_VALIDO, PORCENTAJE_SF, PONDERACION)
VALUES (0, ''5'', ''Irrecuperable'', ''Irrecuperable'', 0, ''0'', 10, 5)

INSERT INTO CLI_CLASUBJETIVA (TZ_LOCK, CATEGORIASUB, DESCRIP_NO_FINANC, DESCRIP_FINANC, PORCENTAJE_SNF, CODIGO_VALIDO, PORCENTAJE_SF, PONDERACION)
VALUES (0, ''6'', ''Irrecuperable por disposición técnica.'', ''Irrecuperable por disposición técnica.'', 0, ''0'', 0, 6)

DELETE FROM DESCRIPTORES WHERE IDENTIFICACION = 505

DELETE FROM DICCIONARIO WHERE TABLA = 505

INSERT INTO DESCRIPTORES (TITULO, IDENTIFICACION, TIPODEARCHIVO, DESCRIPCION, GRUPODELMAPA, NOMBREFISICO, TIPODEDBMS, LARGODELREGISTRO, INICIALIZACIONDELREGISTRO, BASE, SELECCION, ACEPTA_MOVS_DIFERIDO)
VALUES (550, 505, NULL, ''CRE_BCRA_CENDEU'', 3, ''CRE_BCRA_CENDEU'', ''D'', 0, 0, ''Top/Clientes'', NULL, ''N'')

INSERT INTO DICCIONARIO (NUMERODECAMPO, USODELCAMPO, REFERENCIA, DESCRIPCION, PROMPT, LARGO, TIPODECAMPO, DECIMALES, EDICION, CONTABILIZA, CONCEPTO, CALCULO, VALIDACION, TABLADEVALIDACION, TABLADEAYUDA, OPCIONES, TABLA, CAMPO, BASICO, MASCARA)
VALUES (47225, '' '', 0, ''FECHA_PROCESO'', ''FECHA_PROCESO'', 8, ''F'', 0, ''F'', 0, 0, 0, 0, 0, 0, 0, 505, ''FECHA_PROCESO'', 0, NULL)

INSERT INTO DICCIONARIO (NUMERODECAMPO, USODELCAMPO, REFERENCIA, DESCRIPCION, PROMPT, LARGO, TIPODECAMPO, DECIMALES, EDICION, CONTABILIZA, CONCEPTO, CALCULO, VALIDACION, TABLADEVALIDACION, TABLADEAYUDA, OPCIONES, TABLA, CAMPO, BASICO, MASCARA)
VALUES (47226, '' '', 0, ''COD_ENTIDAD'', ''COD_ENTIDAD'', 5, ''A'', 0, NULL, 0, 0, 0, 0, 0, 0, 0, 505, ''COD_ENTIDAD'', 0, NULL)

INSERT INTO DICCIONARIO (NUMERODECAMPO, USODELCAMPO, REFERENCIA, DESCRIPCION, PROMPT, LARGO, TIPODECAMPO, DECIMALES, EDICION, CONTABILIZA, CONCEPTO, CALCULO, VALIDACION, TABLADEVALIDACION, TABLADEAYUDA, OPCIONES, TABLA, CAMPO, BASICO, MASCARA)
VALUES (47227, '' '', 0, ''FECHA'', ''FECHA'', 6, ''A'', 0, NULL, 0, 0, 0, 0, 0, 0, 0, 505, ''FECHA'', 0, NULL)

INSERT INTO DICCIONARIO (NUMERODECAMPO, USODELCAMPO, REFERENCIA, DESCRIPCION, PROMPT, LARGO, TIPODECAMPO, DECIMALES, EDICION, CONTABILIZA, CONCEPTO, CALCULO, VALIDACION, TABLADEVALIDACION, TABLADEAYUDA, OPCIONES, TABLA, CAMPO, BASICO, MASCARA)
VALUES (47228, '' '', 0, ''CODIGOCLIENTE'', ''CODIGOCLIENTE'', 11, ''N'', 0, NULL, 0, 0, 0, 0, 0, 0, 0, 505, ''CODIGOCLIENTE'', 0, NULL)

INSERT INTO DICCIONARIO (NUMERODECAMPO, USODELCAMPO, REFERENCIA, DESCRIPCION, PROMPT, LARGO, TIPODECAMPO, DECIMALES, EDICION, CONTABILIZA, CONCEPTO, CALCULO, VALIDACION, TABLADEVALIDACION, TABLADEAYUDA, OPCIONES, TABLA, CAMPO, BASICO, MASCARA)
VALUES (47229, '' '', 0, ''TPO_IDENTIFICACION'', ''TPO_IDENTIFICACION'', 2, ''N'', 0, NULL, 0, 0, 0, 0, 0, 0, 0, 505, ''TPO_IDENTIFICACION'', 0, NULL)

INSERT INTO DICCIONARIO (NUMERODECAMPO, USODELCAMPO, REFERENCIA, DESCRIPCION, PROMPT, LARGO, TIPODECAMPO, DECIMALES, EDICION, CONTABILIZA, CONCEPTO, CALCULO, VALIDACION, TABLADEVALIDACION, TABLADEAYUDA, OPCIONES, TABLA, CAMPO, BASICO, MASCARA)
VALUES (47230, '' '', 0, ''NRO_IDENTIFICACION'', ''NRO_IDENTIFICACION'', 11, ''A'', 0, NULL, 0, 0, 0, 0, 0, 0, 0, 505, ''NRO_IDENTIFICACION'', 0, NULL)

INSERT INTO DICCIONARIO (NUMERODECAMPO, USODELCAMPO, REFERENCIA, DESCRIPCION, PROMPT, LARGO, TIPODECAMPO, DECIMALES, EDICION, CONTABILIZA, CONCEPTO, CALCULO, VALIDACION, TABLADEVALIDACION, TABLADEAYUDA, OPCIONES, TABLA, CAMPO, BASICO, MASCARA)
VALUES (47231, '' '', 0, ''ACTIVIDAD'', ''ACTIVIDAD'', 3, ''N'', 0, NULL, 0, 0, 0, 0, 0, 0, 0, 505, ''ACTIVIDAD'', 0, NULL)

INSERT INTO DICCIONARIO (NUMERODECAMPO, USODELCAMPO, REFERENCIA, DESCRIPCION, PROMPT, LARGO, TIPODECAMPO, DECIMALES, EDICION, CONTABILIZA, CONCEPTO, CALCULO, VALIDACION, TABLADEVALIDACION, TABLADEAYUDA, OPCIONES, TABLA, CAMPO, BASICO, MASCARA)
VALUES (47232, '' '', 0, ''SITUACION_BCRA'', ''SITUACION_BCRA'', 2, ''A'', 0, NULL, 0, 0, 0, 0, 0, 0, 0, 505, ''SITUACION_BCRA'', 0, NULL)

INSERT INTO DICCIONARIO (NUMERODECAMPO, USODELCAMPO, REFERENCIA, DESCRIPCION, PROMPT, LARGO, TIPODECAMPO, DECIMALES, EDICION, CONTABILIZA, CONCEPTO, CALCULO, VALIDACION, TABLADEVALIDACION, TABLADEAYUDA, OPCIONES, TABLA, CAMPO, BASICO, MASCARA)
VALUES (47233, '' '', 0, ''PRESTAMOS'', ''PRESTAMOS'', 15, ''N'', 2, NULL, 0, 0, 0, 0, 0, 0, 0, 505, ''PRESTAMOS'', 0, NULL)

INSERT INTO DICCIONARIO (NUMERODECAMPO, USODELCAMPO, REFERENCIA, DESCRIPCION, PROMPT, LARGO, TIPODECAMPO, DECIMALES, EDICION, CONTABILIZA, CONCEPTO, CALCULO, VALIDACION, TABLADEVALIDACION, TABLADEAYUDA, OPCIONES, TABLA, CAMPO, BASICO, MASCARA)
VALUES (47234, '' '', 0, ''PARTICIPACIONES'', ''PARTICIPACIONES'', 15, ''N'', 2, NULL, 0, 0, 0, 0, 0, 0, 0, 505, ''PARTICIPACIONES'', 0, NULL)

INSERT INTO DICCIONARIO (NUMERODECAMPO, USODELCAMPO, REFERENCIA, DESCRIPCION, PROMPT, LARGO, TIPODECAMPO, DECIMALES, EDICION, CONTABILIZA, CONCEPTO, CALCULO, VALIDACION, TABLADEVALIDACION, TABLADEAYUDA, OPCIONES, TABLA, CAMPO, BASICO, MASCARA)
VALUES (47235, '' '', 0, ''OTROS_CONCEPTOS'', ''OTROS_CONCEPTOS'', 15, ''N'', 2, NULL, 0, 0, 0, 0, 0, 0, 0, 505, ''OTROS_CONCEPTOS'', 0, NULL)

INSERT INTO DICCIONARIO (NUMERODECAMPO, USODELCAMPO, REFERENCIA, DESCRIPCION, PROMPT, LARGO, TIPODECAMPO, DECIMALES, EDICION, CONTABILIZA, CONCEPTO, CALCULO, VALIDACION, TABLADEVALIDACION, TABLADEAYUDA, OPCIONES, TABLA, CAMPO, BASICO, MASCARA)
VALUES (47236, '' '', 0, ''DEUDA_TOTAL'', ''DEUDA_TOTAL'', 15, ''N'', 2, NULL, 0, 0, 0, 0, 0, 0, 0, 505, ''DEUDA_TOTAL'', 0, NULL)

INSERT INTO DICCIONARIO (NUMERODECAMPO, USODELCAMPO, REFERENCIA, DESCRIPCION, PROMPT, LARGO, TIPODECAMPO, DECIMALES, EDICION, CONTABILIZA, CONCEPTO, CALCULO, VALIDACION, TABLADEVALIDACION, TABLADEAYUDA, OPCIONES, TABLA, CAMPO, BASICO, MASCARA)
VALUES (47237, '' '', 0, ''GARANTIA_A'', ''GARANTIA_A'', 15, ''N'', 2, NULL, 0, 0, 0, 0, 0, 0, 0, 505, ''GARANTIA_A'', 0, NULL)

INSERT INTO DICCIONARIO (NUMERODECAMPO, USODELCAMPO, REFERENCIA, DESCRIPCION, PROMPT, LARGO, TIPODECAMPO, DECIMALES, EDICION, CONTABILIZA, CONCEPTO, CALCULO, VALIDACION, TABLADEVALIDACION, TABLADEAYUDA, OPCIONES, TABLA, CAMPO, BASICO, MASCARA)
VALUES (47238, '' '', 0, ''GARANTIA_B'', ''GARANTIA_B'', 15, ''N'', 2, NULL, 0, 0, 0, 0, 0, 0, 0, 505, ''GARANTIA_B'', 0, NULL)

INSERT INTO DICCIONARIO (NUMERODECAMPO, USODELCAMPO, REFERENCIA, DESCRIPCION, PROMPT, LARGO, TIPODECAMPO, DECIMALES, EDICION, CONTABILIZA, CONCEPTO, CALCULO, VALIDACION, TABLADEVALIDACION, TABLADEAYUDA, OPCIONES, TABLA, CAMPO, BASICO, MASCARA)
VALUES (47239, '' '', 0, ''SIN_GARANTIAS'', ''SIN_GARANTIAS'', 15, ''N'', 2, NULL, 0, 0, 0, 0, 0, 0, 0, 505, ''SIN_GARANTIAS'', 0, NULL)

INSERT INTO DICCIONARIO (NUMERODECAMPO, USODELCAMPO, REFERENCIA, DESCRIPCION, PROMPT, LARGO, TIPODECAMPO, DECIMALES, EDICION, CONTABILIZA, CONCEPTO, CALCULO, VALIDACION, TABLADEVALIDACION, TABLADEAYUDA, OPCIONES, TABLA, CAMPO, BASICO, MASCARA)
VALUES (47240, '' '', 0, ''CONTRA_GARANTIA_A'', ''CONTRA_GARANTIA_A'', 15, ''N'', 2, NULL, 0, 0, 0, 0, 0, 0, 0, 505, ''CONTRA_GARANTIA_A'', 0, NULL)

INSERT INTO DICCIONARIO (NUMERODECAMPO, USODELCAMPO, REFERENCIA, DESCRIPCION, PROMPT, LARGO, TIPODECAMPO, DECIMALES, EDICION, CONTABILIZA, CONCEPTO, CALCULO, VALIDACION, TABLADEVALIDACION, TABLADEAYUDA, OPCIONES, TABLA, CAMPO, BASICO, MASCARA)
VALUES (47241, '' '', 0, ''CONTRA_GARANTIA_B'', ''CONTRA_GARANTIA_B'', 15, ''N'', 2, NULL, 0, 0, 0, 0, 0, 0, 0, 505, ''CONTRA_GARANTIA_B'', 0, NULL)

INSERT INTO DICCIONARIO (NUMERODECAMPO, USODELCAMPO, REFERENCIA, DESCRIPCION, PROMPT, LARGO, TIPODECAMPO, DECIMALES, EDICION, CONTABILIZA, CONCEPTO, CALCULO, VALIDACION, TABLADEVALIDACION, TABLADEAYUDA, OPCIONES, TABLA, CAMPO, BASICO, MASCARA)
VALUES (47242, '' '', 0, ''SIN_CONTRA_GARANTIA'', ''SIN_CONTRA_GARANTIA'', 15, ''N'', 2, NULL, 0, 0, 0, 0, 0, 0, 0, 505, ''SIN_CONTRA_GARANTIA'', 0, NULL)

INSERT INTO DICCIONARIO (NUMERODECAMPO, USODELCAMPO, REFERENCIA, DESCRIPCION, PROMPT, LARGO, TIPODECAMPO, DECIMALES, EDICION, CONTABILIZA, CONCEPTO, CALCULO, VALIDACION, TABLADEVALIDACION, TABLADEAYUDA, OPCIONES, TABLA, CAMPO, BASICO, MASCARA)
VALUES (47243, '' '', 0, ''PREVISIONES'', ''PREVISIONES'', 15, ''N'', 2, NULL, 0, 0, 0, 0, 0, 0, 0, 505, ''PREVISIONES'', 0, NULL)

INSERT INTO DICCIONARIO (NUMERODECAMPO, USODELCAMPO, REFERENCIA, DESCRIPCION, PROMPT, LARGO, TIPODECAMPO, DECIMALES, EDICION, CONTABILIZA, CONCEPTO, CALCULO, VALIDACION, TABLADEVALIDACION, TABLADEAYUDA, OPCIONES, TABLA, CAMPO, BASICO, MASCARA)
VALUES (47244, '' '', 0, ''DEUDA_CUBIERTA'', ''DEUDA_CUBIERTA'', 1, ''N'', 0, NULL, 0, 0, 0, 0, 0, 0, 0, 505, ''DEUDA_CUBIERTA'', 0, NULL)

INSERT INTO DICCIONARIO (NUMERODECAMPO, USODELCAMPO, REFERENCIA, DESCRIPCION, PROMPT, LARGO, TIPODECAMPO, DECIMALES, EDICION, CONTABILIZA, CONCEPTO, CALCULO, VALIDACION, TABLADEVALIDACION, TABLADEAYUDA, OPCIONES, TABLA, CAMPO, BASICO, MASCARA)
VALUES (47245, '' '', 0, ''PROCESO_JUDICIAL'', ''PROCESO_JUDICIAL'', 1, ''N'', 0, NULL, 0, 0, 0, 0, 0, 0, 0, 505, ''PROCESO_JUDICIAL'', 0, NULL)

INSERT INTO DICCIONARIO (NUMERODECAMPO, USODELCAMPO, REFERENCIA, DESCRIPCION, PROMPT, LARGO, TIPODECAMPO, DECIMALES, EDICION, CONTABILIZA, CONCEPTO, CALCULO, VALIDACION, TABLADEVALIDACION, TABLADEAYUDA, OPCIONES, TABLA, CAMPO, BASICO, MASCARA)
VALUES (47246, '' '', 0, ''REFINANCIACIONES'', ''REFINANCIACIONES'', 1, ''N'', 0, NULL, 0, 0, 0, 0, 0, 0, 0, 505, ''REFINANCIACIONES'', 0, NULL)

INSERT INTO DICCIONARIO (NUMERODECAMPO, USODELCAMPO, REFERENCIA, DESCRIPCION, PROMPT, LARGO, TIPODECAMPO, DECIMALES, EDICION, CONTABILIZA, CONCEPTO, CALCULO, VALIDACION, TABLADEVALIDACION, TABLADEAYUDA, OPCIONES, TABLA, CAMPO, BASICO, MASCARA)
VALUES (47247, '' '', 0, ''RECATEGORIZACION'', ''RECATEGORIZACION'', 1, ''N'', 0, NULL, 0, 0, 0, 0, 0, 0, 0, 505, ''RECATEGORIZACION'', 0, NULL)

INSERT INTO DICCIONARIO (NUMERODECAMPO, USODELCAMPO, REFERENCIA, DESCRIPCION, PROMPT, LARGO, TIPODECAMPO, DECIMALES, EDICION, CONTABILIZA, CONCEPTO, CALCULO, VALIDACION, TABLADEVALIDACION, TABLADEAYUDA, OPCIONES, TABLA, CAMPO, BASICO, MASCARA)
VALUES (47248, '' '', 0, ''SIT_JURIDICA'', ''SIT_JURIDICA'', 1, ''N'', 0, NULL, 0, 0, 0, 0, 0, 0, 0, 505, ''SIT_JURIDICA'', 0, NULL)

INSERT INTO DICCIONARIO (NUMERODECAMPO, USODELCAMPO, REFERENCIA, DESCRIPCION, PROMPT, LARGO, TIPODECAMPO, DECIMALES, EDICION, CONTABILIZA, CONCEPTO, CALCULO, VALIDACION, TABLADEVALIDACION, TABLADEAYUDA, OPCIONES, TABLA, CAMPO, BASICO, MASCARA)
VALUES (47249, '' '', 0, ''IRR_DISP_TECNICA'', ''IRR_DISP_TECNICA'', 1, ''N'', 0, NULL, 0, 0, 0, 0, 0, 0, 0, 505, ''IRR_DISP_TECNICA'', 0, NULL)

INSERT INTO DICCIONARIO (NUMERODECAMPO, USODELCAMPO, REFERENCIA, DESCRIPCION, PROMPT, LARGO, TIPODECAMPO, DECIMALES, EDICION, CONTABILIZA, CONCEPTO, CALCULO, VALIDACION, TABLADEVALIDACION, TABLADEAYUDA, OPCIONES, TABLA, CAMPO, BASICO, MASCARA)
VALUES (47250, '' '', 0, ''DIAS_ATRASO'', ''DIAS_ATRASO'', 4, ''N'', 0, NULL, 0, 0, 0, 0, 0, 0, 0, 505, ''DIAS_ATRASO'', 0, NULL)

INSERT INTO DICCIONARIO (NUMERODECAMPO, USODELCAMPO, REFERENCIA, DESCRIPCION, PROMPT, LARGO, TIPODECAMPO, DECIMALES, EDICION, CONTABILIZA, CONCEPTO, CALCULO, VALIDACION, TABLADEVALIDACION, TABLADEAYUDA, OPCIONES, TABLA, CAMPO, BASICO, MASCARA)
VALUES (47251, '' '', 0, ''SITUACION_ENTIDAD'', ''SITUACION_ENTIDAD'', 1, ''N'', 0, NULL, 0, 0, 0, 0, 0, 0, 0, 505, ''SITUACION_ENTIDAD'', 0, NULL)

DELETE FROM DESCRIPTORES WHERE IDENTIFICACION = 4355

INSERT INTO DESCRIPTORES (TITULO, IDENTIFICACION, TIPODEARCHIVO, DESCRIPCION, GRUPODELMAPA, NOMBREFISICO, TIPODEDBMS, LARGODELREGISTRO, INICIALIZACIONDELREGISTRO, BASE, SELECCION, ACEPTA_MOVS_DIFERIDO)
VALUES (550, 4355, NULL, ''Entidades Exentas de Discrepan'', 0, ''CRE_EXCEP_ENT_DISCREPANCIA'', ''D'', NULL, NULL, ''Top/Clientes'', NULL, ''N'')

DELETE FROM DICCIONARIO WHERE TABLA = 4355

INSERT INTO DICCIONARIO (NUMERODECAMPO, USODELCAMPO, REFERENCIA, DESCRIPCION, PROMPT, LARGO, TIPODECAMPO, DECIMALES, EDICION, CONTABILIZA, CONCEPTO, CALCULO, VALIDACION, TABLADEVALIDACION, TABLADEAYUDA, OPCIONES, TABLA, CAMPO, BASICO, MASCARA)
VALUES (43922, '' '', 0, ''Entidad'', ''Entidad'', 5, ''N'', 0, NULL, 0, 0, 0, 144, 0, 99954, 0, 4355, ''ENTIDAD'', 0, NULL)

INSERT INTO DICCIONARIO (NUMERODECAMPO, USODELCAMPO, REFERENCIA, DESCRIPCION, PROMPT, LARGO, TIPODECAMPO, DECIMALES, EDICION, CONTABILIZA, CONCEPTO, CALCULO, VALIDACION, TABLADEVALIDACION, TABLADEAYUDA, OPCIONES, TABLA, CAMPO, BASICO, MASCARA)
VALUES (43923, '' '', 0, ''Descripcion'', ''Descripción'', 50, ''A'', 0, NULL, 0, 0, 0, 0, 0, 0, 0, 4355, ''DESCRIPCION'', 0, NULL)

INSERT INTO DICCIONARIO (NUMERODECAMPO, USODELCAMPO, REFERENCIA, DESCRIPCION, PROMPT, LARGO, TIPODECAMPO, DECIMALES, EDICION, CONTABILIZA, CONCEPTO, CALCULO, VALIDACION, TABLADEVALIDACION, TABLADEAYUDA, OPCIONES, TABLA, CAMPO, BASICO, MASCARA)
VALUES (43929, '' '', 0, ''Cartera'', ''Cartera'', 1, ''A'', 0, NULL, 0, 0, 0, 0, 0, 0, 1, 4355, ''CARTERA'', 0, NULL)

DELETE FROM OPCIONES WHERE NUMERODECAMPO = 43929

INSERT INTO OPCIONES (NUMERODECAMPO, IDIOMA, DESCRIPCION, OPCIONINTERNA, OPCIONDEPANTALLA)
VALUES (43929, ''E'', ''Consumo o Asimilable'', ''C'', ''C'')

INSERT INTO OPCIONES (NUMERODECAMPO, IDIOMA, DESCRIPCION, OPCIONINTERNA, OPCIONDEPANTALLA)
VALUES (43929, ''E'', ''Comercial'', ''M'', ''M'')

INSERT INTO OPCIONES (NUMERODECAMPO, IDIOMA, DESCRIPCION, OPCIONINTERNA, OPCIONDEPANTALLA)
VALUES (43929, ''E'', ''Todas'', ''T'', ''T'')

DELETE FROM INDICES WHERE NUMERODEARCHIVO = 4355

INSERT INTO INDICES (NUMERODEARCHIVO, NUMERODEINDICE, DESCRIPCION, CLAVESREPETIDAS, CAMPO1, CAMPO2, CAMPO3, CAMPO4, CAMPO5, CAMPO6, CAMPO7, CAMPO8, CAMPO9, CAMPO10, CAMPO11, CAMPO12, CAMPO13, CAMPO14, CAMPO15, CAMPO16, CAMPO17, CAMPO18, CAMPO19, CAMPO20)
VALUES (4355, 1, ''PK'', 0, 43922, NULL, NULL, NULL, NULL, NULL, NULL, NULL, NULL, NULL, NULL, NULL, NULL, NULL, NULL, NULL, NULL, NULL, NULL, NULL)

DELETE FROM AYUDAS WHERE NUMERODEARCHIVO = 4355

INSERT INTO AYUDAS (NUMERODEARCHIVO, NUMERODEAYUDA, DESCRIPCION, FILTRO, MOSTRARTODOS, CAMPOS, CAMPOSVISTA, BASEVISTA, NOMBREVISTA, AYUDAGRANDE)
VALUES (4355, 99954, ''Principal'', '''', 0, ''43922R;43923;43929;'', NULL, NULL, NULL, 0)

DELETE FROM OPERACIONES WHERE IDENTIFICACION = 6114

INSERT INTO OPERACIONES (TITULO, IDENTIFICACION, NOMBRE, DESCRIPCION, MNEMOTECNICO, AUTORIZACION, FORMULARIOPRINCIPAL, PROXOPERACION, ESTADO, TZ_LOCK, COPIAS, SUBOPERACION, PERMITEBAJA, COMPORTAMIENTOENCIERRE, REQUIERECONTRASENA, PERMITECONCURRENTE, PERMITEESTADODIFERIDO, ICONO_TITULO, ESTILO)
VALUES (6100, 6114, ''Entidades Excentas para Discrepancia'', ''Entidades Excentas para Discrepancia'', ''6114'', ''A'', NULL, NULL, ''P'', 0, NULL, 0, ''S'', ''N'', ''N'', ''N'', ''N'', NULL, 0)

INSERT INTO RESTRICCIONES (IDENTIFICACION, GRUPO, TIPO, DESCRIPCION, PERMITE, FECHA_HABILITACION)
VALUES (''61000000'', ''ACTIVAS'', ''O'', NULL, 1, NULL)

INSERT INTO RESTRICCIONES (IDENTIFICACION, GRUPO, TIPO, DESCRIPCION, PERMITE, FECHA_HABILITACION)
VALUES (''61000000'', ''BASE'', ''O'', NULL, 1, NULL)

UPDATE PRODUCTOS SET C6271 = 130041 WHERE C6250 IN(22401,22402,22403,22413)

DELETE FROM OPERACIONES WHERE IDENTIFICACION = 6116

INSERT INTO OPERACIONES (TITULO, IDENTIFICACION, NOMBRE, DESCRIPCION, MNEMOTECNICO, AUTORIZACION, FORMULARIOPRINCIPAL, PROXOPERACION, ESTADO, TZ_LOCK, COPIAS, SUBOPERACION, PERMITEBAJA, COMPORTAMIENTOENCIERRE, REQUIERECONTRASENA, PERMITECONCURRENTE, PERMITEESTADODIFERIDO, ICONO_TITULO, ESTILO)
VALUES (6810, 6116, ''Baja Automatica de Solicitudes'', ''Baja Automatica de Solicitudes'', ''6116'', ''N'', 500, NULL, ''P'', 0, NULL, 1, ''S'', ''N'', ''N'', ''S'', ''S'', NULL, NULL)

DELETE FROM DESCRIPTORES WHERE IDENTIFICACION = 630

INSERT INTO DESCRIPTORES (TITULO, IDENTIFICACION, TIPODEARCHIVO, DESCRIPCION, GRUPODELMAPA, NOMBREFISICO, TIPODEDBMS, LARGODELREGISTRO, INICIALIZACIONDELREGISTRO, BASE, SELECCION, ACEPTA_MOVS_DIFERIDO)
VALUES (550, 630, NULL, ''Vista Solictud Leasing-WF'', 0, ''VW_JMPM_PROCESS_INSTANCE_LEASING'', ''D'', NULL, NULL, ''top/clientes'', NULL, ''N'')

DELETE FROM DICCIONARIO WHERE TABLA = 630

INSERT INTO DICCIONARIO (NUMERODECAMPO, USODELCAMPO, REFERENCIA, DESCRIPCION, PROMPT, LARGO, TIPODECAMPO, DECIMALES, EDICION, CONTABILIZA, CONCEPTO, CALCULO, VALIDACION, TABLADEVALIDACION, TABLADEAYUDA, OPCIONES, TABLA, CAMPO, BASICO, MASCARA)
VALUES (43924, NULL, 0, ''Tipo'', ''Tipo'', 1, ''A'', 0, NULL, 0, 0, 0, 0, 0, 0, 0, 630, ''TIPO'', 0, NULL)

INSERT INTO DICCIONARIO (NUMERODECAMPO, USODELCAMPO, REFERENCIA, DESCRIPCION, PROMPT, LARGO, TIPODECAMPO, DECIMALES, EDICION, CONTABILIZA, CONCEPTO, CALCULO, VALIDACION, TABLADEVALIDACION, TABLADEAYUDA, OPCIONES, TABLA, CAMPO, BASICO, MASCARA)
VALUES (43925, NULL, 0, ''Número de Solicitud'', ''Nro. Solicitud'', 12, ''N'', 0, NULL, 0, 0, 0, 0, 0, 0, 0, 630, ''NROSOLICITUD'', 0, NULL)

INSERT INTO DICCIONARIO (NUMERODECAMPO, USODELCAMPO, REFERENCIA, DESCRIPCION, PROMPT, LARGO, TIPODECAMPO, DECIMALES, EDICION, CONTABILIZA, CONCEPTO, CALCULO, VALIDACION, TABLADEVALIDACION, TABLADEAYUDA, OPCIONES, TABLA, CAMPO, BASICO, MASCARA)
VALUES (43926, NULL, 0, ''Process Instance'', ''ProcessInstance'', 19, ''N'', 0, NULL, 0, 0, 0, 0, 0, 0, 0, 630, ''PROCESS_INSTANCE'', 0, NULL)

DELETE FROM INDICES WHERE NUMERODEARCHIVO = 630

INSERT INTO INDICES (NUMERODEARCHIVO, NUMERODEINDICE, DESCRIPCION, CLAVESREPETIDAS, CAMPO1, CAMPO2, CAMPO3, CAMPO4, CAMPO5, CAMPO6, CAMPO7, CAMPO8, CAMPO9, CAMPO10, CAMPO11, CAMPO12, CAMPO13, CAMPO14, CAMPO15, CAMPO16, CAMPO17, CAMPO18, CAMPO19, CAMPO20)
VALUES (630, 1, ''Indice Clave Principal'', 0, 43925, 43924, NULL, NULL, NULL, NULL, NULL, NULL, NULL, NULL, NULL, NULL, NULL, NULL, NULL, NULL, NULL, NULL, NULL, NULL)

UPDATE OPERACIONES SET AUTORIZACION = ''A'' WHERE IDENTIFICACION IN (
159,5930,8001,8012,8026,8052,8054,8059,8069,8073,8074,8075,9202,9216)

DELETE FROM OPCIONES WHERE NUMERODECAMPO = 1695 AND OPCIONINTERNA = ''D''

INSERT INTO OPCIONES (NUMERODECAMPO, IDIOMA, DESCRIPCION, OPCIONINTERNA, OPCIONDEPANTALLA)
VALUES (1695, ''E'', ''Desestima'', ''D'', ''D'')

DELETE FROM CRE_PARAMETROS WHERE CODIGO IN(165,166,167,168,169,170,171)

INSERT INTO CRE_PARAMETROS (TZ_LOCK, CODIGO, DESCRIPCION, UTILIZADO, IMPORTE, DIASINMOVILIZADA, DIAS_OPEVENCIDAS, MONEDA, FECHA_CONTROL, SUCURSAL_CALL_CENTER, PARAMETRO_ALFA)
VALUES (0, 167, ''Dias Desestimar Credito Adicional'', ''S'', 0, 30, 0, 0, ''20120620'', 0, NULL)

INSERT INTO CRE_PARAMETROS (TZ_LOCK, CODIGO, DESCRIPCION, UTILIZADO, IMPORTE, DIASINMOVILIZADA, DIAS_OPEVENCIDAS, MONEDA, FECHA_CONTROL, SUCURSAL_CALL_CENTER, PARAMETRO_ALFA)
VALUES (0, 168, ''Porcentaje Deuda Discrepancia'', ''S'', 40, 0, 0, 0, ''20120620'', 0, NULL)

INSERT INTO CRE_PARAMETROS (TZ_LOCK, CODIGO, DESCRIPCION, UTILIZADO, IMPORTE, DIASINMOVILIZADA, DIAS_OPEVENCIDAS, MONEDA, FECHA_CONTROL, SUCURSAL_CALL_CENTER, PARAMETRO_ALFA)
VALUES (0, 169, ''Minimo de Entidades'', ''S'', 0, 2, 0, 0, ''20120620'', 0, NULL)

INSERT INTO CRE_PARAMETROS (TZ_LOCK, CODIGO, DESCRIPCION, UTILIZADO, IMPORTE, DIASINMOVILIZADA, DIAS_OPEVENCIDAS, MONEDA, FECHA_CONTROL, SUCURSAL_CALL_CENTER, PARAMETRO_ALFA)
VALUES (0, 170, ''Cantidad de niveles mayor a'', ''S'', 0, 1, 0, 0, ''20120620'', 0, NULL)

INSERT INTO CRE_PARAMETROS (TZ_LOCK, CODIGO, DESCRIPCION, UTILIZADO, IMPORTE, DIASINMOVILIZADA, DIAS_OPEVENCIDAS, MONEDA, FECHA_CONTROL, SUCURSAL_CALL_CENTER, PARAMETRO_ALFA)
VALUES (0, 171, ''Niveles a mejorar'', ''S'', 0, 1, 0, 0, ''20120620'', 0, NULL)

INSERT INTO CRE_PARAMETROS (TZ_LOCK, CODIGO, DESCRIPCION, UTILIZADO, IMPORTE, DIASINMOVILIZADA, DIAS_OPEVENCIDAS, MONEDA, FECHA_CONTROL, SUCURSAL_CALL_CENTER, PARAMETRO_ALFA)
VALUES (0, 166, ''Dias para Situacion Judicial'', ''S'', 0, 540, 0, 0, ''20120620'', 0, NULL)

INSERT INTO CRE_PARAMETROS (TZ_LOCK, CODIGO, DESCRIPCION, UTILIZADO, IMPORTE, DIASINMOVILIZADA, DIAS_OPEVENCIDAS, MONEDA, FECHA_CONTROL, SUCURSAL_CALL_CENTER, PARAMETRO_ALFA)
VALUES (0, 165, ''Dias para cancelar Canal Venta'', ''S'', 0, 10, 0, 0, ''20120620'', 0, NULL)

DELETE FROM OPERACIONES WHERE IDENTIFICACION = 6115

INSERT INTO OPERACIONES (TITULO, IDENTIFICACION, NOMBRE, DESCRIPCION, MNEMOTECNICO, AUTORIZACION, FORMULARIOPRINCIPAL, PROXOPERACION, ESTADO, TZ_LOCK, COPIAS, SUBOPERACION, PERMITEBAJA, COMPORTAMIENTOENCIERRE, REQUIERECONTRASENA, PERMITECONCURRENTE, PERMITEESTADODIFERIDO, ICONO_TITULO, ESTILO)
VALUES (6100, 6115, ''Cancelación de Prenda por Canal Venta'', ''Cancelación de Prenda por Canal Venta'', ''6115'', ''N'', 500, NULL, ''P'', 0, NULL, 1, ''S'', ''N'', ''N'', ''S'', ''S'', NULL, NULL)

DELETE FROM DICCIONARIO WHERE NUMERODECAMPO IN (43899,43900,43901,43898)

INSERT INTO dbo.DICCIONARIO (NUMERODECAMPO, USODELCAMPO, REFERENCIA, DESCRIPCION, PROMPT, LARGO, TIPODECAMPO, DECIMALES, EDICION, CONTABILIZA, CONCEPTO, CALCULO, VALIDACION, TABLADEVALIDACION, TABLADEAYUDA, OPCIONES, TABLA, CAMPO, BASICO, MASCARA)
VALUES (43901, NULL, 0, ''Objetiva Refinanciado'', ''Objetiva Refinanciado'', 2, ''A'', 0, NULL, 0, 0, 0, 0, 0, 0, 0, 11, ''OBJETIVA_REFINANCIADO'', 0, NULL)

INSERT INTO dbo.DICCIONARIO (NUMERODECAMPO, USODELCAMPO, REFERENCIA, DESCRIPCION, PROMPT, LARGO, TIPODECAMPO, DECIMALES, EDICION, CONTABILIZA, CONCEPTO, CALCULO, VALIDACION, TABLADEVALIDACION, TABLADEAYUDA, OPCIONES, TABLA, CAMPO, BASICO, MASCARA)
VALUES (43898, NULL, 0, ''Situacion Judicial'', ''Situacion Judicial'', 2, ''A'', 0, NULL, 0, 0, 0, 0, 0, 0, 0, 11, ''SITUACION_JUDICIAL'', 0, NULL)

INSERT INTO DICCIONARIO (NUMERODECAMPO, USODELCAMPO, REFERENCIA, DESCRIPCION, PROMPT, LARGO, TIPODECAMPO, DECIMALES, EDICION, CONTABILIZA, CONCEPTO, CALCULO, VALIDACION, TABLADEVALIDACION, TABLADEAYUDA, OPCIONES, TABLA, CAMPO, BASICO, MASCARA)
VALUES (43899, NULL, 0, ''Situacion Morosos'', ''Situacion Morosos'', 2, ''A'', 0, NULL, 0, 0, 0, 0, 0, 0, 0, 11, ''Sit_MorExEnt'', 0, NULL)

INSERT INTO DICCIONARIO (NUMERODECAMPO, USODELCAMPO, REFERENCIA, DESCRIPCION, PROMPT, LARGO, TIPODECAMPO, DECIMALES, EDICION, CONTABILIZA, CONCEPTO, CALCULO, VALIDACION, TABLADEVALIDACION, TABLADEAYUDA, OPCIONES, TABLA, CAMPO, BASICO, MASCARA)
VALUES (43900, NULL, 0, ''Discrepancia'', ''Discrepancia'', 2, ''A'', 0, NULL, 0, 0, 0, 0, 0, 0, 0, 11, ''DISCREPANCIA'', 0, NULL)


DELETE FROM DESCRIPTORES WHERE IDENTIFICACION =4353

INSERT INTO dbo.DESCRIPTORES (TITULO, IDENTIFICACION, TIPODEARCHIVO, DESCRIPCION, GRUPODELMAPA, NOMBREFISICO, TIPODEDBMS, LARGODELREGISTRO, INICIALIZACIONDELREGISTRO, BASE, SELECCION, ACEPTA_MOVS_DIFERIDO)
VALUES (550, 4353, NULL, ''Calificacion de Clientes'', 0, ''HISTORICO_CALIF_X_CLIENTE'', ''D'', NULL, NULL, ''top/clientes'', NULL, ''N'')

DELETE FROM OPERACIONES WHERE IDENTIFICACION IN(6113)

DELETE FROM OPERACIONES WHERE TITULO = 6100 AND IDENTIFICACION = 0

INSERT INTO OPERACIONES (TITULO, IDENTIFICACION, NOMBRE, DESCRIPCION, MNEMOTECNICO, AUTORIZACION, FORMULARIOPRINCIPAL, PROXOPERACION, ESTADO, TZ_LOCK, COPIAS, SUBOPERACION, PERMITEBAJA, COMPORTAMIENTOENCIERRE, REQUIERECONTRASENA, PERMITECONCURRENTE, PERMITEESTADODIFERIDO, ICONO_TITULO, ESTILO)
VALUES (6100, 0, ''- CLASIFICACIÓN'', NULL, ''0'', NULL, NULL, NULL, NULL, 0, NULL, NULL, NULL, NULL, NULL, ''N'', ''N'', NULL, 1)

INSERT INTO OPERACIONES (TITULO, IDENTIFICACION, NOMBRE, DESCRIPCION, MNEMOTECNICO, AUTORIZACION, FORMULARIOPRINCIPAL, PROXOPERACION, ESTADO, TZ_LOCK, COPIAS, SUBOPERACION, PERMITEBAJA, COMPORTAMIENTOENCIERRE, REQUIERECONTRASENA, PERMITECONCURRENTE, PERMITEESTADODIFERIDO, ICONO_TITULO, ESTILO)
VALUES (6100, 6113, ''Actualización de Situacion Manual'', ''Actualización de Situacion Manual'', ''6113'', ''N'', NULL, NULL, ''P'', 0, NULL, 0, ''S'', ''N'', ''N'', ''N'', ''N'', NULL, 0)

DELETE FROM DICCIONARIO WHERE TABLA IN(4353) 

INSERT INTO DICCIONARIO (NUMERODECAMPO, USODELCAMPO, REFERENCIA, DESCRIPCION, PROMPT, LARGO, TIPODECAMPO, DECIMALES, EDICION, CONTABILIZA, CONCEPTO, CALCULO, VALIDACION, TABLADEVALIDACION, TABLADEAYUDA, OPCIONES, TABLA, CAMPO, BASICO, MASCARA)
VALUES (43905, '' '', 0, ''Cliente'', ''Cliente'', 12, ''N'', 0, NULL, 0, 0, 0, 0, 0, 0, 0, 4353, ''CLIENTE'', 0, NULL)

INSERT INTO DICCIONARIO (NUMERODECAMPO, USODELCAMPO, REFERENCIA, DESCRIPCION, PROMPT, LARGO, TIPODECAMPO, DECIMALES, EDICION, CONTABILIZA, CONCEPTO, CALCULO, VALIDACION, TABLADEVALIDACION, TABLADEAYUDA, OPCIONES, TABLA, CAMPO, BASICO, MASCARA)
VALUES (43906, NULL, 0, ''Fecha'', ''Fecha'', 8, ''F'', 0, ''F'', 0, 0, 0, 0, 0, 0, 0, 4353, ''FECHA'', 0, NULL)

INSERT INTO DICCIONARIO (NUMERODECAMPO, USODELCAMPO, REFERENCIA, DESCRIPCION, PROMPT, LARGO, TIPODECAMPO, DECIMALES, EDICION, CONTABILIZA, CONCEPTO, CALCULO, VALIDACION, TABLADEVALIDACION, TABLADEAYUDA, OPCIONES, TABLA, CAMPO, BASICO, MASCARA)
VALUES (43907, NULL, 0, ''Calificacion Objetiva'', ''Calificación Objetiva'', 2, ''A'', 0, NULL, 0, 0, 0, 0, 0, 0, 0, 4353, ''CALIFICACION_OBJETIVA'', 0, NULL)

INSERT INTO DICCIONARIO (NUMERODECAMPO, USODELCAMPO, REFERENCIA, DESCRIPCION, PROMPT, LARGO, TIPODECAMPO, DECIMALES, EDICION, CONTABILIZA, CONCEPTO, CALCULO, VALIDACION, TABLADEVALIDACION, TABLADEAYUDA, OPCIONES, TABLA, CAMPO, BASICO, MASCARA)
VALUES (43908, NULL, 0, ''Calificacion Reestructura'', ''Calificación Reestructura'', 2, ''A'', 0, NULL, 0, 0, 0, 0, 0, 0, 0, 4353, ''CALIFICACION_REESTRUCTURA'', 0, NULL)

INSERT INTO DICCIONARIO (NUMERODECAMPO, USODELCAMPO, REFERENCIA, DESCRIPCION, PROMPT, LARGO, TIPODECAMPO, DECIMALES, EDICION, CONTABILIZA, CONCEPTO, CALCULO, VALIDACION, TABLADEVALIDACION, TABLADEAYUDA, OPCIONES, TABLA, CAMPO, BASICO, MASCARA)
VALUES (43909, NULL, 0, ''Calificacion Subjetiva'', ''Calificación Subjetiva'', 2, ''A'', 0, NULL, 0, 0, 0, 0, 0, 0, 0, 4353, ''CALIFICACION_SUBJETIVA'', 0, NULL)

INSERT INTO DICCIONARIO (NUMERODECAMPO, USODELCAMPO, REFERENCIA, DESCRIPCION, PROMPT, LARGO, TIPODECAMPO, DECIMALES, EDICION, CONTABILIZA, CONCEPTO, CALCULO, VALIDACION, TABLADEVALIDACION, TABLADEAYUDA, OPCIONES, TABLA, CAMPO, BASICO, MASCARA)
VALUES (43910, NULL, 0, ''Categoría Oficial'', ''Categoría Oficial'', 2, ''A'', 0, NULL, 0, 0, 0, 0, 0, 0, 0, 4353, ''CALIFICACION_SF'', 0, NULL)

INSERT INTO DICCIONARIO (NUMERODECAMPO, USODELCAMPO, REFERENCIA, DESCRIPCION, PROMPT, LARGO, TIPODECAMPO, DECIMALES, EDICION, CONTABILIZA, CONCEPTO, CALCULO, VALIDACION, TABLADEVALIDACION, TABLADEAYUDA, OPCIONES, TABLA, CAMPO, BASICO, MASCARA)
VALUES (43911, NULL, 0, ''Categoría Resultante'', ''Calificación Resultante'', 2, ''A'', 0, NULL, 0, 0, 0, 0, 0, 0, 0, 4353, ''CALIFICACION_RESULTANTE'', 0, NULL)

INSERT INTO DICCIONARIO (NUMERODECAMPO, USODELCAMPO, REFERENCIA, DESCRIPCION, PROMPT, LARGO, TIPODECAMPO, DECIMALES, EDICION, CONTABILIZA, CONCEPTO, CALCULO, VALIDACION, TABLADEVALIDACION, TABLADEAYUDA, OPCIONES, TABLA, CAMPO, BASICO, MASCARA)
VALUES (43912, NULL, 0, ''Categorización Comercial'', ''Categorización Comercial'', 2, ''A'', 0, NULL, 0, 0, 0, 0, 0, 0, 1, 4353, ''TIPO_RIESGO'', 0, NULL)

INSERT INTO DICCIONARIO (NUMERODECAMPO, USODELCAMPO, REFERENCIA, DESCRIPCION, PROMPT, LARGO, TIPODECAMPO, DECIMALES, EDICION, CONTABILIZA, CONCEPTO, CALCULO, VALIDACION, TABLADEVALIDACION, TABLADEAYUDA, OPCIONES, TABLA, CAMPO, BASICO, MASCARA)
VALUES (43913, NULL, 0, ''Dias Atraso'', ''Dias Atraso'', 6, ''N'', 0, NULL, 0, 0, 0, 0, 0, 0, 0, 4353, ''DIAS_ATRASO'', 0, NULL)

INSERT INTO DICCIONARIO (NUMERODECAMPO, USODELCAMPO, REFERENCIA, DESCRIPCION, PROMPT, LARGO, TIPODECAMPO, DECIMALES, EDICION, CONTABILIZA, CONCEPTO, CALCULO, VALIDACION, TABLADEVALIDACION, TABLADEAYUDA, OPCIONES, TABLA, CAMPO, BASICO, MASCARA)
VALUES (43914, NULL, 0, ''Situacion Judicial'', ''Situacion Judicial'', 2, ''A'', 0, NULL, 0, 0, 0, 0, 0, 0, 0, 4353, ''SITUACION_JUDICIAL'', 0, NULL)

INSERT INTO DICCIONARIO (NUMERODECAMPO, USODELCAMPO, REFERENCIA, DESCRIPCION, PROMPT, LARGO, TIPODECAMPO, DECIMALES, EDICION, CONTABILIZA, CONCEPTO, CALCULO, VALIDACION, TABLADEVALIDACION, TABLADEAYUDA, OPCIONES, TABLA, CAMPO, BASICO, MASCARA)
VALUES (43915, NULL, 0, ''Situacion Morosos'', ''Situacion Morosos'', 2, ''A'', 0, NULL, 0, 0, 0, 0, 0, 0, 0, 4353, ''Sit_MorExEnt'', 0, NULL)

INSERT INTO DICCIONARIO (NUMERODECAMPO, USODELCAMPO, REFERENCIA, DESCRIPCION, PROMPT, LARGO, TIPODECAMPO, DECIMALES, EDICION, CONTABILIZA, CONCEPTO, CALCULO, VALIDACION, TABLADEVALIDACION, TABLADEAYUDA, OPCIONES, TABLA, CAMPO, BASICO, MASCARA)
VALUES (43916, NULL, 0, ''Discrepancia'', ''Discrepancia'', 2, ''A'', 0, NULL, 0, 0, 0, 0, 0, 0, 0, 4353, ''DISCREPANCIA'', 0, NULL)

INSERT INTO DICCIONARIO (NUMERODECAMPO, USODELCAMPO, REFERENCIA, DESCRIPCION, PROMPT, LARGO, TIPODECAMPO, DECIMALES, EDICION, CONTABILIZA, CONCEPTO, CALCULO, VALIDACION, TABLADEVALIDACION, TABLADEAYUDA, OPCIONES, TABLA, CAMPO, BASICO, MASCARA)
VALUES (43917, NULL, 0, ''Tipo Calificación'', ''Tipo Calificación'', 1, ''A'', 0, NULL, 0, 0, 0, 0, 0, 0, 1, 4353, ''TIPO_CALIFICACION'', 0, NULL)

DELETE FROM OPCIONES WHERE NUMERODECAMPO IN(43912,43917)

INSERT INTO OPCIONES (NUMERODECAMPO, IDIOMA, DESCRIPCION, OPCIONINTERNA, OPCIONDEPANTALLA)
VALUES (43912, ''E'', ''SIN CATEGORIA'', '' '', '' '')

INSERT INTO OPCIONES (NUMERODECAMPO, IDIOMA, DESCRIPCION, OPCIONINTERNA, OPCIONDEPANTALLA)
VALUES (43912, ''E'', ''CONSUMO'', ''C'', ''C'')

INSERT INTO OPCIONES (NUMERODECAMPO, IDIOMA, DESCRIPCION, OPCIONINTERNA, OPCIONDEPANTALLA)
VALUES (43912, ''E'', ''COMERCIAL'', ''M'', ''M'')

INSERT INTO OPCIONES (NUMERODECAMPO, IDIOMA, DESCRIPCION, OPCIONINTERNA, OPCIONDEPANTALLA)
VALUES (43912, ''E'', ''ASIMILABLE'', ''S'', ''S'')

INSERT INTO OPCIONES (NUMERODECAMPO, IDIOMA, DESCRIPCION, OPCIONINTERNA, OPCIONDEPANTALLA)
VALUES (43917, ''E'', ''Por Análisis'', ''1'', ''1'')

INSERT INTO OPCIONES (NUMERODECAMPO, IDIOMA, DESCRIPCION, OPCIONINTERNA, OPCIONDEPANTALLA)
VALUES (43917, ''E'', ''Morosos Ex Entidades'', ''2'', ''2'')

INSERT INTO OPCIONES (NUMERODECAMPO, IDIOMA, DESCRIPCION, OPCIONINTERNA, OPCIONDEPANTALLA)
VALUES (43917, ''E'', ''Situación Jurídica'', ''3'', ''3'')

INSERT INTO OPCIONES (NUMERODECAMPO, IDIOMA, DESCRIPCION, OPCIONINTERNA, OPCIONDEPANTALLA)
VALUES (43917, ''E'', ''Discrepancia'', ''4'', ''4'')

INSERT INTO OPCIONES (NUMERODECAMPO, IDIOMA, DESCRIPCION, OPCIONINTERNA, OPCIONDEPANTALLA)
VALUES (43917, ''E'', ''Refinanciación'', ''5'', ''5'')

INSERT INTO OPCIONES (NUMERODECAMPO, IDIOMA, DESCRIPCION, OPCIONINTERNA, OPCIONDEPANTALLA)
VALUES (43917, ''E'', ''Atraso'', ''6'', ''6'')

DELETE FROM INDICES WHERE NUMERODEARCHIVO = 4353

INSERT INTO dbo.INDICES (NUMERODEARCHIVO, NUMERODEINDICE, DESCRIPCION, CLAVESREPETIDAS, CAMPO1, CAMPO2, CAMPO3, CAMPO4, CAMPO5, CAMPO6, CAMPO7, CAMPO8, CAMPO9, CAMPO10, CAMPO11, CAMPO12, CAMPO13, CAMPO14, CAMPO15, CAMPO16, CAMPO17, CAMPO18, CAMPO19, CAMPO20)
VALUES (4353, 1, ''Clave Principal'', 0, 43905, 43906, NULL, NULL, NULL, NULL, NULL, NULL, NULL, NULL, NULL, NULL, NULL, NULL, NULL, NULL, NULL, NULL, NULL, NULL)

DELETE FROM DESCRIPTORES WHERE IDENTIFICACION = 4354

INSERT INTO dbo.DESCRIPTORES (TITULO, IDENTIFICACION, TIPODEARCHIVO, DESCRIPCION, GRUPODELMAPA, NOMBREFISICO, TIPODEDBMS, LARGODELREGISTRO, INICIALIZACIONDELREGISTRO, BASE, SELECCION, ACEPTA_MOVS_DIFERIDO)
VALUES (550, 4354, NULL, ''Bitacora Calificacion Manual'', 0, ''CRE_BITACORA_CALIF_SUBJETIVA'', ''D'', NULL, NULL, ''top/clientes'', NULL, ''N'')

DELETE FROM DICCIONARIO WHERE TABLA = 4354

INSERT INTO DICCIONARIO (NUMERODECAMPO, USODELCAMPO, REFERENCIA, DESCRIPCION, PROMPT, LARGO, TIPODECAMPO, DECIMALES, EDICION, CONTABILIZA, CONCEPTO, CALCULO, VALIDACION, TABLADEVALIDACION, TABLADEAYUDA, OPCIONES, TABLA, CAMPO, BASICO, MASCARA)
VALUES (43918, '' '', 0, ''Cliente'', ''Cliente'', 12, ''N'', 0, NULL, 0, 0, 0, 0, 0, 0, 0, 4354, ''CLIENTE'', 0, NULL)

INSERT INTO DICCIONARIO (NUMERODECAMPO, USODELCAMPO, REFERENCIA, DESCRIPCION, PROMPT, LARGO, TIPODECAMPO, DECIMALES, EDICION, CONTABILIZA, CONCEPTO, CALCULO, VALIDACION, TABLADEVALIDACION, TABLADEAYUDA, OPCIONES, TABLA, CAMPO, BASICO, MASCARA)
VALUES (43919, NULL, 0, ''Fecha'', ''Fecha'', 8, ''F'', 0, ''F'', 0, 0, 0, 0, 0, 0, 0, 4354, ''FECHA'', 0, NULL)

INSERT INTO DICCIONARIO (NUMERODECAMPO, USODELCAMPO, REFERENCIA, DESCRIPCION, PROMPT, LARGO, TIPODECAMPO, DECIMALES, EDICION, CONTABILIZA, CONCEPTO, CALCULO, VALIDACION, TABLADEVALIDACION, TABLADEAYUDA, OPCIONES, TABLA, CAMPO, BASICO, MASCARA)
VALUES (43920, NULL, 0, ''Calificacion Subjetiva'', ''Calificación Subjetiva'', 2, ''A'', 0, NULL, 0, 0, 0, 0, 0, 0, 0, 4354, ''CALIFICACION_SUBJETIVA'', 0, NULL)

INSERT INTO DICCIONARIO (NUMERODECAMPO, USODELCAMPO, REFERENCIA, DESCRIPCION, PROMPT, LARGO, TIPODECAMPO, DECIMALES, EDICION, CONTABILIZA, CONCEPTO, CALCULO, VALIDACION, TABLADEVALIDACION, TABLADEAYUDA, OPCIONES, TABLA, CAMPO, BASICO, MASCARA)
VALUES (43921, NULL, 0, ''Justificación'', ''Justificación'', 200, ''A'', 0, NULL, 0, 0, 0, 0, 0, 0, 0, 4354, ''JUSTIFICACION'', 0, NULL)

DELETE FROM INDICES WHERE NUMERODEARCHIVO = 4354

INSERT INTO INDICES (NUMERODEARCHIVO, NUMERODEINDICE, DESCRIPCION, CLAVESREPETIDAS, CAMPO1, CAMPO2, CAMPO3, CAMPO4, CAMPO5, CAMPO6, CAMPO7, CAMPO8, CAMPO9, CAMPO10, CAMPO11, CAMPO12, CAMPO13, CAMPO14, CAMPO15, CAMPO16, CAMPO17, CAMPO18, CAMPO19, CAMPO20)
VALUES (4354, 1, ''Clave Principal'', 0, 43918, 43919, NULL, NULL, NULL, NULL, NULL, NULL, NULL, NULL, NULL, NULL, NULL, NULL, NULL, NULL, NULL, NULL, NULL, NULL)

UPDATE PLANCTAS SET CALIFICA = ''S'' WHERE C6340 = 400001
')