execute('
delete FROM CI_CARGOS WHERE ID_CARGO IN(1450, 1451, 1452, 1453)
DELETE FROM CI_CARGOS_TARIFAS WHERE ID_CARGO IN(1450, 1451, 1452, 1453)
delete FROM CI_IMPUESTOS WHERE ID_IMPUESTO=10
DELETE FROM CI_IMPUESTOS_TARIFAS WHERE ID_IMPUESTO=10
DELETE FROM CI_IMPUESTOS_X_CARGO WHERE ID_CARGO IN(1450, 1451, 1452, 1453)
DELETE FROM CI_CARGOS_X_EVENTO WHERE ID_EVENTO IN(1450, 1451, 1452)
DELETE FROM CI_FORMULAS WHERE ID_FORMULA IN(405, 1450, 1451, 1452, 1453)
delete FROM DICCIONARIO WHERE NUMERODECAMPO IN(3115, 3289, 58365, 58407, 58700)

INSERT INTO CI_CARGOS (ID_CARGO, DESCRIPCION, ENQUEUE, EXONERABLE, ID_FORMULA, ACTUALIZABLE, CONDICION, PIVOT_, MONEDA_IMPORTE, IMPORTE_MINIMO, IMPORTE_MAXIMO, TRATAMIENTO_MINIMO, TZ_LOCK, CAMPO_MONTO_IMPONIBLE, CAMPO_RANGO_TARIFA, NETEAR, CANTIDAD_REINTENTOS, CONCEPTO, PIVOT_ENCOLA, CONTABILIZA, SOBREGIRO, BLOQUEO, CONTROL_MAX_MIN, TIPO_FECHA_VIGENCIA, TIPO_DOCUMENTO, ACEPTAPAGOPARCIAL, FECHAHASTA, FECHADESDE, MONEDA_RANGO, BUSCA_MONEDA_RANGO, CODIGO_TRANSACCION, REGENERA_AL_PAGAR, CARGO_O_IMPUESTO, INCLUIRENCUOTA, CUOTASNOCONSIDERARALFINAL, COBRARHASTADIAS, PORCENTAJE_MINIMO, PORCENTAJE_MAXIMO, CAMPO_DIA_COBRO, GENERA_RESERVA, DIAS_COBRO_HASTA_INMOVILIZADA, DESCRIPCION_1, DESCRIPCION_2, DESCRIPCION_3, GENERA_FACTURA_EN_CERO, TIPO_CARGO_IMPOSITIVO)
VALUES (1450, ''COMISION POR GESTION DE CHEQUES OTRO BCO'', ''N'', ''N'', 1, ''N'', 1450, 34355, 1, 0, 9999999999999.99, ''C'', 0, 0, 0, ''N'', 9999, 0, NULL, ''N'', ''E'', ''C'', ''N'', 2, ''F'', ''N'', NULL, ''20100210'', 0, ''N'', 77, ''N'', ''C'', ''N'', 0, 0, 0, 0, 0, ''S'', 0, NULL, NULL, NULL, ''N'', 0)
INSERT INTO CI_CARGOS (ID_CARGO, DESCRIPCION, ENQUEUE, EXONERABLE, ID_FORMULA, ACTUALIZABLE, CONDICION, PIVOT_, MONEDA_IMPORTE, IMPORTE_MINIMO, IMPORTE_MAXIMO, TRATAMIENTO_MINIMO, TZ_LOCK, CAMPO_MONTO_IMPONIBLE, CAMPO_RANGO_TARIFA, NETEAR, CANTIDAD_REINTENTOS, CONCEPTO, PIVOT_ENCOLA, CONTABILIZA, SOBREGIRO, BLOQUEO, CONTROL_MAX_MIN, TIPO_FECHA_VIGENCIA, TIPO_DOCUMENTO, ACEPTAPAGOPARCIAL, FECHAHASTA, FECHADESDE, MONEDA_RANGO, BUSCA_MONEDA_RANGO, CODIGO_TRANSACCION, REGENERA_AL_PAGAR, CARGO_O_IMPUESTO, INCLUIRENCUOTA, CUOTASNOCONSIDERARALFINAL, COBRARHASTADIAS, PORCENTAJE_MINIMO, PORCENTAJE_MAXIMO, CAMPO_DIA_COBRO, GENERA_RESERVA, DIAS_COBRO_HASTA_INMOVILIZADA, DESCRIPCION_1, DESCRIPCION_2, DESCRIPCION_3, GENERA_FACTURA_EN_CERO, TIPO_CARGO_IMPOSITIVO)
VALUES (1451, ''COMISION RECHAZO CHEQUE OTRO BCO'', ''N'', ''N'', 1, ''N'', 1451, 34355, 1, 0, 9999999999999.99, ''C'', 0, 0, 0, ''N'', 9999, 0, NULL, ''N'', ''E'', ''C'', ''N'', 2, ''F'', ''N'', NULL, ''20100210'', 0, ''N'', 77, ''N'', ''C'', ''N'', 0, 0, 0, 0, 0, ''S'', 0, NULL, NULL, NULL, ''N'', 0)
INSERT INTO CI_CARGOS (ID_CARGO, DESCRIPCION, ENQUEUE, EXONERABLE, ID_FORMULA, ACTUALIZABLE, CONDICION, PIVOT_, MONEDA_IMPORTE, IMPORTE_MINIMO, IMPORTE_MAXIMO, TRATAMIENTO_MINIMO, TZ_LOCK, CAMPO_MONTO_IMPONIBLE, CAMPO_RANGO_TARIFA, NETEAR, CANTIDAD_REINTENTOS, CONCEPTO, PIVOT_ENCOLA, CONTABILIZA, SOBREGIRO, BLOQUEO, CONTROL_MAX_MIN, TIPO_FECHA_VIGENCIA, TIPO_DOCUMENTO, ACEPTAPAGOPARCIAL, FECHAHASTA, FECHADESDE, MONEDA_RANGO, BUSCA_MONEDA_RANGO, CODIGO_TRANSACCION, REGENERA_AL_PAGAR, CARGO_O_IMPUESTO, INCLUIRENCUOTA, CUOTASNOCONSIDERARALFINAL, COBRARHASTADIAS, PORCENTAJE_MINIMO, PORCENTAJE_MAXIMO, CAMPO_DIA_COBRO, GENERA_RESERVA, DIAS_COBRO_HASTA_INMOVILIZADA, DESCRIPCION_1, DESCRIPCION_2, DESCRIPCION_3, GENERA_FACTURA_EN_CERO, TIPO_CARGO_IMPOSITIVO)
VALUES (1452, ''COMISION POR GESTION DE DPF OTRO BCO'', ''N'', ''N'', 1, ''N'', 1452, 34355, 1, 0, 9999999999999.99, ''C'', 0, 0, 0, ''N'', 9999, 0, NULL, ''N'', ''E'', ''C'', ''N'', 2, ''F'', ''N'', NULL, ''20100210'', 0, ''N'', 77, ''N'', ''C'', ''N'', 0, 0, 0, 0, 0, ''S'', 0, NULL, NULL, NULL, ''N'', 0)
INSERT INTO CI_CARGOS (ID_CARGO, DESCRIPCION, ENQUEUE, EXONERABLE, ID_FORMULA, ACTUALIZABLE, CONDICION, PIVOT_, MONEDA_IMPORTE, IMPORTE_MINIMO, IMPORTE_MAXIMO, TRATAMIENTO_MINIMO, TZ_LOCK, CAMPO_MONTO_IMPONIBLE, CAMPO_RANGO_TARIFA, NETEAR, CANTIDAD_REINTENTOS, CONCEPTO, PIVOT_ENCOLA, CONTABILIZA, SOBREGIRO, BLOQUEO, CONTROL_MAX_MIN, TIPO_FECHA_VIGENCIA, TIPO_DOCUMENTO, ACEPTAPAGOPARCIAL, FECHAHASTA, FECHADESDE, MONEDA_RANGO, BUSCA_MONEDA_RANGO, CODIGO_TRANSACCION, REGENERA_AL_PAGAR, CARGO_O_IMPUESTO, INCLUIRENCUOTA, CUOTASNOCONSIDERARALFINAL, COBRARHASTADIAS, PORCENTAJE_MINIMO, PORCENTAJE_MAXIMO, CAMPO_DIA_COBRO, GENERA_RESERVA, DIAS_COBRO_HASTA_INMOVILIZADA, DESCRIPCION_1, DESCRIPCION_2, DESCRIPCION_3, GENERA_FACTURA_EN_CERO, TIPO_CARGO_IMPOSITIVO)
VALUES (1453, ''COMISION RECHAZO DPF OTRO BCO'', ''N'', ''N'', 1, ''N'', 1453, 34355, 1, 0, 9999999999999.99, ''C'', 0, 0, 0, ''N'', 9999, 0, NULL, ''N'', ''E'', ''C'', ''N'', 2, ''F'', ''N'', NULL, ''20100210'', 0, ''N'', 77, ''N'', ''C'', ''N'', 0, 0, 0, 0, 0, ''S'', 0, NULL, NULL, NULL, ''N'', 0)

INSERT INTO CI_CARGOS_TARIFAS (ID_CARGO, MONEDA, RANGO_HASTA, TASA, IMPORTE_APLICAR, MONEDA_IMPORTE, TZ_LOCK, ID_CLIENTE, SEGMENTO, APLICA_MIN_MAX, IMPORTE_MINIMO, IMPORTE_MAXIMO, FECHA_DESDE, FECHA_HASTA, EMPRESA)
VALUES (1450, 1, 9999999999999, 0, 194, 1, 0, 0, ''0'', ''N'', 0, 0, ''20100210'', ''20990101'', 0)
INSERT INTO CI_CARGOS_TARIFAS (ID_CARGO, MONEDA, RANGO_HASTA, TASA, IMPORTE_APLICAR, MONEDA_IMPORTE, TZ_LOCK, ID_CLIENTE, SEGMENTO, APLICA_MIN_MAX, IMPORTE_MINIMO, IMPORTE_MAXIMO, FECHA_DESDE, FECHA_HASTA, EMPRESA)
VALUES (1451, 1, 9999999999999, 0, 500, 1, 0, 0, ''0'', ''N'', 0, 0, ''20100210'', ''20990101'', 0)
INSERT INTO CI_CARGOS_TARIFAS (ID_CARGO, MONEDA, RANGO_HASTA, TASA, IMPORTE_APLICAR, MONEDA_IMPORTE, TZ_LOCK, ID_CLIENTE, SEGMENTO, APLICA_MIN_MAX, IMPORTE_MINIMO, IMPORTE_MAXIMO, FECHA_DESDE, FECHA_HASTA, EMPRESA)
VALUES (1452, 1, 9999999999999, 0, 600, 1, 0, 0, ''0'', ''N'', 0, 0, ''20100210'', ''20990101'', 0)
INSERT INTO CI_CARGOS_TARIFAS (ID_CARGO, MONEDA, RANGO_HASTA, TASA, IMPORTE_APLICAR, MONEDA_IMPORTE, TZ_LOCK, ID_CLIENTE, SEGMENTO, APLICA_MIN_MAX, IMPORTE_MINIMO, IMPORTE_MAXIMO, FECHA_DESDE, FECHA_HASTA, EMPRESA)
VALUES (1452, 2, 9999999999999, 0, 600, 1, 0, 0, ''0'', ''N'', 0, 0, ''20100210'', ''20990101'', 0)
INSERT INTO CI_CARGOS_TARIFAS (ID_CARGO, MONEDA, RANGO_HASTA, TASA, IMPORTE_APLICAR, MONEDA_IMPORTE, TZ_LOCK, ID_CLIENTE, SEGMENTO, APLICA_MIN_MAX, IMPORTE_MINIMO, IMPORTE_MAXIMO, FECHA_DESDE, FECHA_HASTA, EMPRESA)
VALUES (1453, 1, 9999999999999, 0, 700, 1, 0, 0, ''0'', ''N'', 0, 0, ''20100210'', ''20990101'', 0)
INSERT INTO CI_CARGOS_TARIFAS (ID_CARGO, MONEDA, RANGO_HASTA, TASA, IMPORTE_APLICAR, MONEDA_IMPORTE, TZ_LOCK, ID_CLIENTE, SEGMENTO, APLICA_MIN_MAX, IMPORTE_MINIMO, IMPORTE_MAXIMO, FECHA_DESDE, FECHA_HASTA, EMPRESA)
VALUES (1453, 2, 9999999999999, 0, 700, 1, 0, 0, ''0'', ''N'', 0, 0, ''20100210'', ''20990101'', 0)

INSERT INTO CI_IMPUESTOS (ID_IMPUESTO, DESCRIPCION, CONDICION, TZ_LOCK, PIVOT_, ID_FORMULA, CONCEPTO, MONTO_DEDUCIBLE, IMPORTE_MAXIMO, IMPORTE_MINIMO, MONEDA_IMPORTE, TRATAMIENTO_MINIMO, TIPO_FECHA_VIGENCIA, FECHADESDE, FECHAHASTA, MONEDA_RANGO, BUSCA_MONEDA_RANGO, COBRO_PROPORCIONAL, CAMPO_RANGO_TARIFA, GENERA_FACTURA_EN_CERO, TIPO_IMPUESTO, CODIGO_TRANSACCION)
VALUES (10, ''Impuesto al Débito Ley 25413'', 405, 0, 58365, 2, 0, 0, 9999999999999, 0, 1, ''C'', 0, ''20000101'', NULL, 0, ''N'', ''N'', 0, ''N'', 6, 212)

INSERT INTO CI_IMPUESTOS_TARIFAS (ID_IMPUESTO, MONEDA, RANGO_HASTA, TASA, IMPORTE_APLICAR, MONEDA_IMPORTE, TZ_LOCK, FECHA_HASTA, FECHA_DESDE, ID_CLIENTE, SEGMENTO, EMPRESA)
VALUES (10, 1, 9999999999999, 0.0025, 0, 1, 0, NULL, ''20000101'', 0, ''1'', 0)
INSERT INTO CI_IMPUESTOS_TARIFAS (ID_IMPUESTO, MONEDA, RANGO_HASTA, TASA, IMPORTE_APLICAR, MONEDA_IMPORTE, TZ_LOCK, FECHA_HASTA, FECHA_DESDE, ID_CLIENTE, SEGMENTO, EMPRESA)
VALUES (10, 1, 9999999999999, 0.006, 0, 1, 0, NULL, ''20000101'', 0, ''0'', 0)
INSERT INTO CI_IMPUESTOS_TARIFAS (ID_IMPUESTO, MONEDA, RANGO_HASTA, TASA, IMPORTE_APLICAR, MONEDA_IMPORTE, TZ_LOCK, FECHA_HASTA, FECHA_DESDE, ID_CLIENTE, SEGMENTO, EMPRESA)
VALUES (10, 1, 9999999999999, 0.00075, 0, 1, 0, NULL, ''20000101'', 0, ''2'', 0)
INSERT INTO CI_IMPUESTOS_TARIFAS (ID_IMPUESTO, MONEDA, RANGO_HASTA, TASA, IMPORTE_APLICAR, MONEDA_IMPORTE, TZ_LOCK, FECHA_HASTA, FECHA_DESDE, ID_CLIENTE, SEGMENTO, EMPRESA)
VALUES (10, 1, 9999999999999, 0, 0, 1, 0, NULL, ''20000101'', 0, ''3'', 0)
INSERT INTO CI_IMPUESTOS_TARIFAS (ID_IMPUESTO, MONEDA, RANGO_HASTA, TASA, IMPORTE_APLICAR, MONEDA_IMPORTE, TZ_LOCK, FECHA_HASTA, FECHA_DESDE, ID_CLIENTE, SEGMENTO, EMPRESA)
VALUES (10, 2, 9999999999999, 0.0025, 0, 1, 0, NULL, ''20000101'', 0, ''1'', 0)
INSERT INTO CI_IMPUESTOS_TARIFAS (ID_IMPUESTO, MONEDA, RANGO_HASTA, TASA, IMPORTE_APLICAR, MONEDA_IMPORTE, TZ_LOCK, FECHA_HASTA, FECHA_DESDE, ID_CLIENTE, SEGMENTO, EMPRESA)
VALUES (10, 2, 9999999999999, 0.006, 0, 1, 0, NULL, ''20000101'', 0, ''0'', 0)
INSERT INTO CI_IMPUESTOS_TARIFAS (ID_IMPUESTO, MONEDA, RANGO_HASTA, TASA, IMPORTE_APLICAR, MONEDA_IMPORTE, TZ_LOCK, FECHA_HASTA, FECHA_DESDE, ID_CLIENTE, SEGMENTO, EMPRESA)
VALUES (10, 2, 9999999999999, 0.00075, 0, 1, 0, NULL, ''20000101'', 0, ''2'', 0)
INSERT INTO CI_IMPUESTOS_TARIFAS (ID_IMPUESTO, MONEDA, RANGO_HASTA, TASA, IMPORTE_APLICAR, MONEDA_IMPORTE, TZ_LOCK, FECHA_HASTA, FECHA_DESDE, ID_CLIENTE, SEGMENTO, EMPRESA)
VALUES (10, 2, 9999999999999, 0, 0, 1, 0, NULL, ''20000101'', 0, ''3'', 0)
INSERT INTO CI_IMPUESTOS_TARIFAS (ID_IMPUESTO, MONEDA, RANGO_HASTA, TASA, IMPORTE_APLICAR, MONEDA_IMPORTE, TZ_LOCK, FECHA_HASTA, FECHA_DESDE, ID_CLIENTE, SEGMENTO, EMPRESA)
VALUES (10, 5, 9999999999999, 0.0025, 0, 1, 0, NULL, ''20000101'', 0, ''1'', 0)
INSERT INTO CI_IMPUESTOS_TARIFAS (ID_IMPUESTO, MONEDA, RANGO_HASTA, TASA, IMPORTE_APLICAR, MONEDA_IMPORTE, TZ_LOCK, FECHA_HASTA, FECHA_DESDE, ID_CLIENTE, SEGMENTO, EMPRESA)
VALUES (10, 5, 9999999999999, 0.006, 0, 1, 0, NULL, ''20000101'', 0, ''0'', 0)
INSERT INTO CI_IMPUESTOS_TARIFAS (ID_IMPUESTO, MONEDA, RANGO_HASTA, TASA, IMPORTE_APLICAR, MONEDA_IMPORTE, TZ_LOCK, FECHA_HASTA, FECHA_DESDE, ID_CLIENTE, SEGMENTO, EMPRESA)
VALUES (10, 5, 9999999999999, 0, 0, 1, 0, NULL, ''20000101'', 0, ''3'', 0)
INSERT INTO CI_IMPUESTOS_TARIFAS (ID_IMPUESTO, MONEDA, RANGO_HASTA, TASA, IMPORTE_APLICAR, MONEDA_IMPORTE, TZ_LOCK, FECHA_HASTA, FECHA_DESDE, ID_CLIENTE, SEGMENTO, EMPRESA)
VALUES (10, 5, 9999999999999, 0.00075, 0, 1, 0, NULL, ''20000101'', 0, ''2'', 0)

INSERT INTO CI_IMPUESTOS_X_CARGO (ID_IMPUESTO, ID_CARGO, LECTURA_TOPAZ, TZ_LOCK, CAMPO_SEGMENTO, DESCRIPCION_SEGMENTO)
VALUES (3, 1450, ''A'', 0, 0, NULL)
INSERT INTO CI_IMPUESTOS_X_CARGO (ID_IMPUESTO, ID_CARGO, LECTURA_TOPAZ, TZ_LOCK, CAMPO_SEGMENTO, DESCRIPCION_SEGMENTO)
VALUES (3, 1451, ''A'', 0, 0, NULL)
INSERT INTO CI_IMPUESTOS_X_CARGO (ID_IMPUESTO, ID_CARGO, LECTURA_TOPAZ, TZ_LOCK, CAMPO_SEGMENTO, DESCRIPCION_SEGMENTO)
VALUES (3, 1452, ''A'', 0, 0, NULL)
INSERT INTO CI_IMPUESTOS_X_CARGO (ID_IMPUESTO, ID_CARGO, LECTURA_TOPAZ, TZ_LOCK, CAMPO_SEGMENTO, DESCRIPCION_SEGMENTO)
VALUES (3, 1453, ''A'', 0, 0, NULL)
INSERT INTO CI_IMPUESTOS_X_CARGO (ID_IMPUESTO, ID_CARGO, LECTURA_TOPAZ, TZ_LOCK, CAMPO_SEGMENTO, DESCRIPCION_SEGMENTO)
VALUES (4, 1450, ''A'', 0, 1357, ''Cond Percep IVA'')
INSERT INTO CI_IMPUESTOS_X_CARGO (ID_IMPUESTO, ID_CARGO, LECTURA_TOPAZ, TZ_LOCK, CAMPO_SEGMENTO, DESCRIPCION_SEGMENTO)
VALUES (4, 1451, ''A'', 0, 1357, ''Cond Percep IVA'')
INSERT INTO CI_IMPUESTOS_X_CARGO (ID_IMPUESTO, ID_CARGO, LECTURA_TOPAZ, TZ_LOCK, CAMPO_SEGMENTO, DESCRIPCION_SEGMENTO)
VALUES (4, 1452, ''A'', 0, 1357, ''Cond Percep IVA'')
INSERT INTO CI_IMPUESTOS_X_CARGO (ID_IMPUESTO, ID_CARGO, LECTURA_TOPAZ, TZ_LOCK, CAMPO_SEGMENTO, DESCRIPCION_SEGMENTO)
VALUES (4, 1453, ''A'', 0, 1357, ''Cond Percep IVA'')
INSERT INTO CI_IMPUESTOS_X_CARGO (ID_IMPUESTO, ID_CARGO, LECTURA_TOPAZ, TZ_LOCK, CAMPO_SEGMENTO, DESCRIPCION_SEGMENTO)
VALUES (10, 1450, ''A'', 0, 34096, ''Cond CREDEB'')
INSERT INTO CI_IMPUESTOS_X_CARGO (ID_IMPUESTO, ID_CARGO, LECTURA_TOPAZ, TZ_LOCK, CAMPO_SEGMENTO, DESCRIPCION_SEGMENTO)
VALUES (10, 1451, ''A'', 0, 34096, ''Cond CREDEB'')
INSERT INTO CI_IMPUESTOS_X_CARGO (ID_IMPUESTO, ID_CARGO, LECTURA_TOPAZ, TZ_LOCK, CAMPO_SEGMENTO, DESCRIPCION_SEGMENTO)
VALUES (10, 1452, ''A'', 0, 34096, ''Cond CREDEB'')
INSERT INTO CI_IMPUESTOS_X_CARGO (ID_IMPUESTO, ID_CARGO, LECTURA_TOPAZ, TZ_LOCK, CAMPO_SEGMENTO, DESCRIPCION_SEGMENTO)
VALUES (10, 1453, ''A'', 0, 34096, ''Cond CREDEB'')

INSERT INTO CI_CARGOS_X_EVENTO (ID_CARGO, ID_EVENTO, TZ_LOCK, TIPO_RELACION, CAMPO_SEGMENTO, DESCRIPCION_SEGMENTO, PRIORIDAD)
VALUES (401, 1450, 0, ''A'', 34096, ''CONDICIÓN CREDEB'', 1)
INSERT INTO CI_CARGOS_X_EVENTO (ID_CARGO, ID_EVENTO, TZ_LOCK, TIPO_RELACION, CAMPO_SEGMENTO, DESCRIPCION_SEGMENTO, PRIORIDAD)
VALUES (401, 1452, 0, ''A'', 34096, ''CONDICIÓN CREDEB'', 1)
INSERT INTO CI_CARGOS_X_EVENTO (ID_CARGO, ID_EVENTO, TZ_LOCK, TIPO_RELACION, CAMPO_SEGMENTO, DESCRIPCION_SEGMENTO, PRIORIDAD)
VALUES (403, 1450, 0, ''A'', 34096, ''CONDICIÓN CREDEB'', 2)
INSERT INTO CI_CARGOS_X_EVENTO (ID_CARGO, ID_EVENTO, TZ_LOCK, TIPO_RELACION, CAMPO_SEGMENTO, DESCRIPCION_SEGMENTO, PRIORIDAD)
VALUES (403, 1452, 0, ''A'', 34096, ''CONDICIÓN CREDEB'', 2)
INSERT INTO CI_CARGOS_X_EVENTO (ID_CARGO, ID_EVENTO, TZ_LOCK, TIPO_RELACION, CAMPO_SEGMENTO, DESCRIPCION_SEGMENTO, PRIORIDAD)
VALUES (501, 1450, 0, ''A'', 33991, ''CONDICIÓN SIRCREB'', 3)
INSERT INTO CI_CARGOS_X_EVENTO (ID_CARGO, ID_EVENTO, TZ_LOCK, TIPO_RELACION, CAMPO_SEGMENTO, DESCRIPCION_SEGMENTO, PRIORIDAD)
VALUES (501, 1452, 0, ''A'', 33991, ''CONDICIÓN SIRCREB'', 3)
INSERT INTO CI_CARGOS_X_EVENTO (ID_CARGO, ID_EVENTO, TZ_LOCK, TIPO_RELACION, CAMPO_SEGMENTO, DESCRIPCION_SEGMENTO, PRIORIDAD)
VALUES (555, 1450, 0, ''A'', 0, '''', 4)
INSERT INTO CI_CARGOS_X_EVENTO (ID_CARGO, ID_EVENTO, TZ_LOCK, TIPO_RELACION, CAMPO_SEGMENTO, DESCRIPCION_SEGMENTO, PRIORIDAD)
VALUES (555, 1452, 0, ''A'', 0, '''', 4)
INSERT INTO CI_CARGOS_X_EVENTO (ID_CARGO, ID_EVENTO, TZ_LOCK, TIPO_RELACION, CAMPO_SEGMENTO, DESCRIPCION_SEGMENTO, PRIORIDAD)
VALUES (1450, 1450, 0, ''A'', 0, '''', 5)
INSERT INTO CI_CARGOS_X_EVENTO (ID_CARGO, ID_EVENTO, TZ_LOCK, TIPO_RELACION, CAMPO_SEGMENTO, DESCRIPCION_SEGMENTO, PRIORIDAD)
VALUES (1451, 1450, 0, ''A'', 0, '''', 6)
INSERT INTO CI_CARGOS_X_EVENTO (ID_CARGO, ID_EVENTO, TZ_LOCK, TIPO_RELACION, CAMPO_SEGMENTO, DESCRIPCION_SEGMENTO, PRIORIDAD)
VALUES (1452, 1451, 0, ''A'', 0, '''', 1)
INSERT INTO CI_CARGOS_X_EVENTO (ID_CARGO, ID_EVENTO, TZ_LOCK, TIPO_RELACION, CAMPO_SEGMENTO, DESCRIPCION_SEGMENTO, PRIORIDAD)
VALUES (1453, 1451, 0, ''A'', 0, '''', 2)

INSERT INTO CI_FORMULAS (ID_FORMULA, DESCRIPCION, FORMULA, TZ_LOCK, ES_CONDICION)
VALUES (405, ''CONDICIÓN CREDEB COMISIONES INDEP'', ''(C34095=''''AC'''')Y(C58407#''''S'''')'', 0, 1)
INSERT INTO CI_FORMULAS (ID_FORMULA, DESCRIPCION, FORMULA, TZ_LOCK, ES_CONDICION)
VALUES (1450, ''CONDICIÓN COMISION CHEQUES ACEPTADOS'', ''(C58700#''''70'''')'', 0, 1)
INSERT INTO CI_FORMULAS (ID_FORMULA, DESCRIPCION, FORMULA, TZ_LOCK, ES_CONDICION)
VALUES (1451, ''CONDICIÓN COMISION CHQ RECHAZADOS OTRO BCO'', ''(C3289#12)Y(C3289#34)Y(C3289#39)Y(C3289#46)Y(C3289#48)Y(C3289#49)Y(C3289#81)Y(C3289#82)Y(C3289#93)Y(C3289#96)Y(C3289#97)'', 0, 1)
INSERT INTO CI_FORMULAS (ID_FORMULA, DESCRIPCION, FORMULA, TZ_LOCK, ES_CONDICION)
VALUES (1452, ''CONDICIÓN COMISION DPF ACEPTADOS'', ''(C3115=0)'', 0, 1)
INSERT INTO CI_FORMULAS (ID_FORMULA, DESCRIPCION, FORMULA, TZ_LOCK, ES_CONDICION)
VALUES (1453, ''CONDICIÓN COMISION DPF RECHAZADOS OTRO BCO'', ''(C3115#12)Y(C3115#34)Y(C3115#39)Y(C3115#46)Y(C3115#48)Y(C3115#49)Y(C3115#81)Y(C3115#82)Y(C3115#93)Y(C3115#96)Y(C3115#97)Y(C3115#0)'', 0, 1)

INSERT INTO DICCIONARIO (NUMERODECAMPO, USODELCAMPO, REFERENCIA, DESCRIPCION, PROMPT, LARGO, TIPODECAMPO, DECIMALES, EDICION, CONTABILIZA, CONCEPTO, CALCULO, VALIDACION, TABLADEVALIDACION, TABLADEAYUDA, OPCIONES, TABLA, CAMPO, BASICO, MASCARA)
VALUES (3115, NULL, 0, ''Código rechazo DPF'', ''Código rechazo DPF'', 3, ''N'', 0, NULL, 0, 0, 0, 0, 0, 0, 0, 0, ''C3115'', 0, NULL)
INSERT INTO DICCIONARIO (NUMERODECAMPO, USODELCAMPO, REFERENCIA, DESCRIPCION, PROMPT, LARGO, TIPODECAMPO, DECIMALES, EDICION, CONTABILIZA, CONCEPTO, CALCULO, VALIDACION, TABLADEVALIDACION, TABLADEAYUDA, OPCIONES, TABLA, CAMPO, BASICO, MASCARA)
VALUES (3289, NULL, 0, ''Código rechazo'', ''Código rechazo'', 3, ''N'', 0, NULL, 0, 0, 0, 0, 0, 0, 0, 230, ''CODIGO_RECHAZO'', 0, NULL)
INSERT INTO DICCIONARIO (NUMERODECAMPO, USODELCAMPO, REFERENCIA, DESCRIPCION, PROMPT, LARGO, TIPODECAMPO, DECIMALES, EDICION, CONTABILIZA, CONCEPTO, CALCULO, VALIDACION, TABLADEVALIDACION, TABLADEAYUDA, OPCIONES, TABLA, CAMPO, BASICO, MASCARA)
VALUES (58365, '' '', 0, ''Pivot CREDEB'', ''Pivot CREDEB'', 15, ''N'', 2, ''I'', 0, 0, 0, 0, 0, 0, 0, 0, NULL, 0, NULL)
INSERT INTO DICCIONARIO (NUMERODECAMPO, USODELCAMPO, REFERENCIA, DESCRIPCION, PROMPT, LARGO, TIPODECAMPO, DECIMALES, EDICION, CONTABILIZA, CONCEPTO, CALCULO, VALIDACION, TABLADEVALIDACION, TABLADEAYUDA, OPCIONES, TABLA, CAMPO, BASICO, MASCARA)
VALUES (58407, '' '', 0, ''Cond CREDEB MULTA BCRA'', ''Cond CREDEB MULTA BCRA'', 1, ''A'', 0, NULL, 0, 0, 0, 0, 0, 0, 0, 0, NULL, 0, NULL)
INSERT INTO DICCIONARIO (NUMERODECAMPO, USODELCAMPO, REFERENCIA, DESCRIPCION, PROMPT, LARGO, TIPODECAMPO, DECIMALES, EDICION, CONTABILIZA, CONCEPTO, CALCULO, VALIDACION, TABLADEVALIDACION, TABLADEAYUDA, OPCIONES, TABLA, CAMPO, BASICO, MASCARA)
VALUES (58700, '' '', 0, ''Marca rechazo cheq'', ''Marca rechazo cheq'', 15, ''A'', 0, NULL, 0, 0, 0, 0, 0, 0, 0, 0, NULL, 0, NULL)
')