EXECUTE('
INSERT INTO CI_FORMULAS (ID_FORMULA, DESCRIPCION, FORMULA, TZ_LOCK, ES_CONDICION)
VALUES (1480, ''COMISION CHEQUERA CONTINUA'', ''(C1072#''''C'''')'', 0, 1)

INSERT INTO CI_FORMULAS (ID_FORMULA, DESCRIPCION, FORMULA, TZ_LOCK, ES_CONDICION)
VALUES (1481, ''COMISION CHEQUERA CONTINUA'', ''(C1072=''''C'''')'', 0, 1)
')


EXECUTE('
INSERT INTO CI_CARGOS (ID_CARGO, DESCRIPCION, ENQUEUE, EXONERABLE, ID_FORMULA, ACTUALIZABLE, CONDICION, PIVOT_, MONEDA_IMPORTE, IMPORTE_MINIMO, IMPORTE_MAXIMO, TRATAMIENTO_MINIMO, TZ_LOCK, CAMPO_MONTO_IMPONIBLE, CAMPO_RANGO_TARIFA, NETEAR, CANTIDAD_REINTENTOS, CONCEPTO, PIVOT_ENCOLA, CONTABILIZA, SOBREGIRO, BLOQUEO, CONTROL_MAX_MIN, TIPO_FECHA_VIGENCIA, TIPO_DOCUMENTO, ACEPTAPAGOPARCIAL, FECHAHASTA, FECHADESDE, MONEDA_RANGO, BUSCA_MONEDA_RANGO, CODIGO_TRANSACCION, REGENERA_AL_PAGAR, CARGO_O_IMPUESTO, INCLUIRENCUOTA, CUOTASNOCONSIDERARALFINAL, COBRARHASTADIAS, PORCENTAJE_MINIMO, PORCENTAJE_MAXIMO, CAMPO_DIA_COBRO, GENERA_RESERVA, DIAS_COBRO_HASTA_INMOVILIZADA, DESCRIPCION_1, DESCRIPCION_2, DESCRIPCION_3, GENERA_FACTURA_EN_CERO, TIPO_CARGO_IMPOSITIVO)
VALUES (1480, ''COMISION CHEQUERAS RECIBIDAS'', ''N'', ''N'', 1, ''N'', 1480, 34355, 1, 0, 9999999999999.99, ''C'', 0, 0, 0, ''N'', 9999, 0, NULL, ''N'', ''R'', ''R'', ''N'', 2, ''F'', ''N'', NULL, ''2010-10-02'', 0, ''N'', 98, ''N'', ''C'', ''N'', 0, 0, 0, 0, 0, ''S'', 0, NULL, NULL, NULL, ''N'', 0)

INSERT INTO CI_CARGOS (ID_CARGO, DESCRIPCION, ENQUEUE, EXONERABLE, ID_FORMULA, ACTUALIZABLE, CONDICION, PIVOT_, MONEDA_IMPORTE, IMPORTE_MINIMO, IMPORTE_MAXIMO, TRATAMIENTO_MINIMO, TZ_LOCK, CAMPO_MONTO_IMPONIBLE, CAMPO_RANGO_TARIFA, NETEAR, CANTIDAD_REINTENTOS, CONCEPTO, PIVOT_ENCOLA, CONTABILIZA, SOBREGIRO, BLOQUEO, CONTROL_MAX_MIN, TIPO_FECHA_VIGENCIA, TIPO_DOCUMENTO, ACEPTAPAGOPARCIAL, FECHAHASTA, FECHADESDE, MONEDA_RANGO, BUSCA_MONEDA_RANGO, CODIGO_TRANSACCION, REGENERA_AL_PAGAR, CARGO_O_IMPUESTO, INCLUIRENCUOTA, CUOTASNOCONSIDERARALFINAL, COBRARHASTADIAS, PORCENTAJE_MINIMO, PORCENTAJE_MAXIMO, CAMPO_DIA_COBRO, GENERA_RESERVA, DIAS_COBRO_HASTA_INMOVILIZADA, DESCRIPCION_1, DESCRIPCION_2, DESCRIPCION_3, GENERA_FACTURA_EN_CERO, TIPO_CARGO_IMPOSITIVO)
VALUES (1481, ''COMISION CHEQUERAS CONTINUAS RECIBIDAS'', ''N'', ''N'', 12, ''N'', 1481, 34355, 1, 0, 9999999999999.99, ''C'', 0, 0, 0, ''N'', 9999, 0, NULL, ''N'', ''R'', ''R'', ''N'', 2, ''F'', ''N'', NULL, ''2010-10-02'', 0, ''N'', 98, ''N'', ''C'', ''N'', 0, 0, 0, 0, 0, ''S'', 0, NULL, NULL, NULL, ''N'', 0)

INSERT INTO CI_EVENTO (ID_EVENTO, DESCRIPCION, TZ_LOCK)
VALUES (1460, ''CHEQUERAS RECIBIDAS'', 0)
')


EXECUTE('
INSERT INTO CI_CARGOS_X_EVENTO (ID_CARGO, ID_EVENTO, TZ_LOCK, TIPO_RELACION, CAMPO_SEGMENTO, DESCRIPCION_SEGMENTO, PRIORIDAD)
VALUES (1480, 1460, 0, ''A'', 924, '''', 3)

INSERT INTO CI_CARGOS_X_EVENTO (ID_CARGO, ID_EVENTO, TZ_LOCK, TIPO_RELACION, CAMPO_SEGMENTO, DESCRIPCION_SEGMENTO, PRIORIDAD)
VALUES (1481, 1460, 0, ''A'', 0, '''', 3)
')

EXECUTE('
INSERT INTO CI_CARGOS_TARIFAS (ID_CARGO, MONEDA, RANGO_HASTA, TASA, IMPORTE_APLICAR, MONEDA_IMPORTE, TZ_LOCK, ID_CLIENTE, SEGMENTO, APLICA_MIN_MAX, IMPORTE_MINIMO, IMPORTE_MAXIMO, FECHA_DESDE, FECHA_HASTA, EMPRESA)
VALUES (1480, 1, 999999999999, 0, 1572.37, 1, 0, 0, ''30'', ''N'', 0, 0, ''2000-01-01'', ''2099-01-01'', 0)

INSERT INTO CI_CARGOS_TARIFAS (ID_CARGO, MONEDA, RANGO_HASTA, TASA, IMPORTE_APLICAR, MONEDA_IMPORTE, TZ_LOCK, ID_CLIENTE, SEGMENTO, APLICA_MIN_MAX, IMPORTE_MINIMO, IMPORTE_MAXIMO, FECHA_DESDE, FECHA_HASTA, EMPRESA)
VALUES (1480, 1, 999999999999, 0, 3067.35, 1, 0, 0, ''50'', ''N'', 0, 0, ''2000-01-01'', ''2099-01-01'', 0)

INSERT INTO CI_CARGOS_TARIFAS (ID_CARGO, MONEDA, RANGO_HASTA, TASA, IMPORTE_APLICAR, MONEDA_IMPORTE, TZ_LOCK, ID_CLIENTE, SEGMENTO, APLICA_MIN_MAX, IMPORTE_MINIMO, IMPORTE_MAXIMO, FECHA_DESDE, FECHA_HASTA, EMPRESA)
VALUES (1481, 1, 999999999999, 0, 68.27, 1, 0, 0, ''0'', ''N'', 0, 0, ''2000-01-01'', ''2099-01-01'', 0)
')

EXECUTE('
INSERT INTO CI_IMPUESTOS_X_CARGO (ID_IMPUESTO, ID_CARGO, LECTURA_TOPAZ, TZ_LOCK, CAMPO_SEGMENTO, DESCRIPCION_SEGMENTO)
VALUES (3, 1480, ''A'', 0, 0, NULL)

INSERT INTO CI_IMPUESTOS_X_CARGO (ID_IMPUESTO, ID_CARGO, LECTURA_TOPAZ, TZ_LOCK, CAMPO_SEGMENTO, DESCRIPCION_SEGMENTO)
VALUES (3, 1481, ''A'', 0, 0, NULL)

INSERT INTO CI_IMPUESTOS_X_CARGO (ID_IMPUESTO, ID_CARGO, LECTURA_TOPAZ, TZ_LOCK, CAMPO_SEGMENTO, DESCRIPCION_SEGMENTO)
VALUES (4, 1480, ''A'', 0, 1357, ''Cond Percep IVA'')

INSERT INTO CI_IMPUESTOS_X_CARGO (ID_IMPUESTO, ID_CARGO, LECTURA_TOPAZ, TZ_LOCK, CAMPO_SEGMENTO, DESCRIPCION_SEGMENTO)
VALUES (4, 1481, ''A'', 0, 1357, ''Cond Percep IVA'')

INSERT INTO CI_IMPUESTOS_X_CARGO (ID_IMPUESTO, ID_CARGO, LECTURA_TOPAZ, TZ_LOCK, CAMPO_SEGMENTO, DESCRIPCION_SEGMENTO)
VALUES (10, 1480, ''A'', 0, 34096, ''Cond CREDEB'')

INSERT INTO dbo.CI_IMPUESTOS_X_CARGO (ID_IMPUESTO, ID_CARGO, LECTURA_TOPAZ, TZ_LOCK, CAMPO_SEGMENTO, DESCRIPCION_SEGMENTO)
VALUES (10, 1481, ''A'', 0, 34096, ''Cond CREDEB'')
')