EXECUTE('
--RRII_SIRCREB_TIPO_CUENTAS
IF OBJECT_ID (''dbo.RRII_SIRCREB_TIPO_CUENTAS'') IS NOT NULL
	DROP TABLE dbo.RRII_SIRCREB_TIPO_CUENTAS


CREATE TABLE dbo.RRII_SIRCREB_TIPO_CUENTAS
	(
	TIPO_CUENTA_VISTA   NUMERIC (5) DEFAULT ((0)) NOT NULL,
	MONEDA              NUMERIC (4) DEFAULT ((0)) NOT NULL,
	TIPO_CUENTA_SIRCREB NUMERIC (1) DEFAULT ((0)) NOT NULL,
	DESCRIPCION         VARCHAR (30) DEFAULT ('' ''),
	CONSTRAINT PK_RRII_SIRCREB_TIPO_CUENTAS PRIMARY KEY (TIPO_CUENTA_VISTA, MONEDA)
	)



--RRII_IMP_DEVOLUCIONES

IF OBJECT_ID (''dbo.RRII_IMP_DEVOLUCIONES'') IS NOT NULL
	DROP TABLE dbo.RRII_IMP_DEVOLUCIONES


CREATE TABLE dbo.RRII_IMP_DEVOLUCIONES
	(
	FECHA_DEVOLUCION      DATETIME NOT NULL,
	MONEDA                NUMERIC (4) NOT NULL,
	BASE_IMPONIBLE        NUMERIC (15, 2) NOT NULL,
	CANTIDAD_MOVIMIENTOS  NUMERIC (10),
	ID_CARGO              NUMERIC (5),
	FECHA_PROCESO_ASIENTO DATETIME NOT NULL,
	SUCURSAL_ASIENTO      NUMERIC (5) DEFAULT ((0)) NOT NULL,
	ASIENTO               NUMERIC (10) NOT NULL,
	MODALIDAD_MOVIMIENTOS NUMERIC (1),
	CODIGO_REGIMEN        NUMERIC (4),
	CONSTRAINT PK_RRII_IMP_DEVOLUCIONES PRIMARY KEY (FECHA_PROCESO_ASIENTO, SUCURSAL_ASIENTO, ASIENTO)
	)


--RRII_SIRCREB

IF OBJECT_ID (''dbo.RRII_SIRCREB'') IS NOT NULL
	DROP TABLE dbo.RRII_SIRCREB


CREATE TABLE dbo.RRII_SIRCREB
	(
	ANIO_RECAUDACIONES   NUMERIC (4) DEFAULT ((0)) NOT NULL,
	MES_RECAUDACIONES    NUMERIC (2) DEFAULT ((0)) NOT NULL,
	DECENA_RECAUDACIONES NUMERIC (1) DEFAULT ((0)) NOT NULL,
	NUMERO_DOCUMENTO     NUMERIC (11) DEFAULT ((0)) NOT NULL,
	CBU_CUENTA           VARCHAR (22) DEFAULT ((0)) NOT NULL,
	TOTAL_BASE_IMPONIBLE NUMERIC (18, 2) DEFAULT ((0)) NOT NULL,
	TOTAL_RECAUDACIONES  NUMERIC (18, 2) DEFAULT ((0)) NOT NULL,
	TIPO_CUENTA_SIRCREB  NUMERIC (1) DEFAULT ((0)) NOT NULL,
	TIPO_MONEDA          NUMERIC (1) DEFAULT ((0)) NOT NULL,
	CANTIDAD_MOVIMIENTOS NUMERIC (6) DEFAULT ((0)) NOT NULL,
	CRC_CONTRIBUYENTE    NUMERIC (2) DEFAULT ((0)) NOT NULL,
	ID_DEVOLUCION        NUMERIC (8) DEFAULT ((0)) NOT NULL,
	TIPO_REGISTRO        NUMERIC (1) DEFAULT ((0)) NOT NULL,
	COD_OPE_EXCEPTUADA   NUMERIC (2) DEFAULT ((0)) NOT NULL,
	CONSTRAINT PK_RRII_SIRCREB PRIMARY KEY (ANIO_RECAUDACIONES, MES_RECAUDACIONES, DECENA_RECAUDACIONES, NUMERO_DOCUMENTO, CBU_CUENTA, TIPO_REGISTRO, COD_OPE_EXCEPTUADA)
	)


-- Inserts RRII_SIRCREB_TIPO_CUENTAS

INSERT INTO dbo.RRII_SIRCREB_TIPO_CUENTAS (TIPO_CUENTA_VISTA, MONEDA, TIPO_CUENTA_SIRCREB, DESCRIPCION)
VALUES (2, 1, 2, ''Cuenta Corriente'')


INSERT INTO dbo.RRII_SIRCREB_TIPO_CUENTAS (TIPO_CUENTA_VISTA, MONEDA, TIPO_CUENTA_SIRCREB, DESCRIPCION)
VALUES (2, 2, 5, ''Cuenta Corriente en Dolares'')


INSERT INTO dbo.RRII_SIRCREB_TIPO_CUENTAS (TIPO_CUENTA_VISTA, MONEDA, TIPO_CUENTA_SIRCREB, DESCRIPCION)
VALUES (3, 1, 1, ''Caja de Ahorro'')


INSERT INTO dbo.RRII_SIRCREB_TIPO_CUENTAS (TIPO_CUENTA_VISTA, MONEDA, TIPO_CUENTA_SIRCREB, DESCRIPCION)
VALUES (3, 2, 4, ''Caja de Ahorro en Dolares'')


--SELECT * FROM RRI_PARAMETROS_DEF WHERE codigo=500

INSERT INTO dbo.RRI_PARAMETROS_DEF (CODIGO, NOMBRE, ID1, ID1DESC, ID2, ID2DESC, ID3, ID3DESC, ID4, ID4DESC, ID5, ID5DESC, NUM1, NUM1DESC, NUM2, NUM2DESC, CHAR1, CHR1DESC, CHAR2, CHR2DESC, TZ_LOCK)
VALUES (500, ''SIRCREB Exentos'', ''N'', '''', ''N'', '''', ''N'', '''', ''S'', ''Codigo de concepto'', ''S'', ''Descripcion'', ''S'', ''Codigo Exento'', ''N'', '''', ''N'', '''', ''N'', '''', 0)


--SELECT * FROM RRI_PARAMETROS_INF WHERE codigo=500

INSERT INTO dbo.RRI_PARAMETROS_INF (CODIGO, ID1, ID2, ID3, ID4, ID5, NUM1, NUM2, CHAR1, CHAR2, TZ_LOCK)
VALUES (500, 0, 0, 0, ''APC'', ''Aportes de Capital'', 6, 0, '' '', '' '', 0)


INSERT INTO dbo.RRI_PARAMETROS_INF (CODIGO, ID1, ID2, ID3, ID4, ID5, NUM1, NUM2, CHAR1, CHAR2, TZ_LOCK)
VALUES (500, 0, 0, 0, ''BRN'', ''Bienes Reg No Habit'', 3, 0, '' '', '' '', 0)


INSERT INTO dbo.RRI_PARAMETROS_INF (CODIGO, ID1, ID2, ID3, ID4, ID5, NUM1, NUM2, CHAR1, CHAR2, TZ_LOCK)
VALUES (500, 0, 0, 0, ''OIN'', ''Ope Inmo No Habitua'', 2, 0, '' '', '' '', 0)


INSERT INTO dbo.RRI_PARAMETROS_INF (CODIGO, ID1, ID2, ID3, ID4, ID5, NUM1, NUM2, CHAR1, CHAR2, TZ_LOCK)
VALUES (500, 0, 0, 0, ''SON'', ''Suscrip ON'', 5, 0, '' '', '' '', 0)


--CREDEB
--RRII_BITACORA_CREDEB

IF OBJECT_ID (''dbo.RRII_BITACORA_CREDEB'') IS NOT NULL
	DROP TABLE dbo.RRII_BITACORA_CREDEB


CREATE TABLE dbo.RRII_BITACORA_CREDEB
	(
	TZ_LOCK               NUMERIC (15),
	JTS_OID_SALDOS        NUMERIC (10) NOT NULL,
	FECHA                 DATETIME NOT NULL,
	SEGMENTO              NUMERIC (1),
	TIPO_CARGO_IMPOSITIVO NUMERIC (2) NOT NULL,
	PADRON_BENEF_FISCAL   VARCHAR (1),
	PADRON_MiPyme         VARCHAR (1),
	CONSTRAINT PK_RRII_BITACORA_CREDEB PRIMARY KEY (JTS_OID_SALDOS, FECHA, TIPO_CARGO_IMPOSITIVO)
	)


--RRII_CREDEB
IF OBJECT_ID (''dbo.RRII_CREDEB'') IS NOT NULL
	DROP TABLE dbo.RRII_CREDEB


CREATE TABLE dbo.RRII_CREDEB
	(
	CODIGO_REGIMEN       NUMERIC (3) DEFAULT ((0)) NOT NULL,
	TIPO_DOCUMENTO       NUMERIC (2) DEFAULT ((0)) NOT NULL,
	NUMERO_DOCUMENTO     NUMERIC (13) DEFAULT ('' '') NOT NULL,
	CBU                  VARCHAR (22) DEFAULT ('' '') NOT NULL,
	IMPORTE_IMPUESTO     NUMERIC (15, 2) DEFAULT ((0)) NOT NULL,
	BASE_IMPONIBLE       NUMERIC (15, 2) DEFAULT ((0)) NOT NULL,
	MODALIDAD_MOVIMIENTO NUMERIC (2) DEFAULT ((0)) NOT NULL,
	CODIGO_BENEF         NUMERIC (2) DEFAULT ((0)) NOT NULL,
	FECHA_GENERACION     VARCHAR (10) NOT NULL,
	PERIODO_GENERADO     VARCHAR (8) NOT NULL,
	CONSTRAINT PK_RRII_CREDEB PRIMARY KEY (CODIGO_REGIMEN, TIPO_DOCUMENTO, NUMERO_DOCUMENTO, CBU, MODALIDAD_MOVIMIENTO, CODIGO_BENEF)
	)



--RRII_CREDEB_XLS

IF OBJECT_ID (''dbo.RRII_CREDEB_XLS'') IS NOT NULL
	DROP TABLE dbo.RRII_CREDEB_XLS


CREATE TABLE dbo.RRII_CREDEB_XLS
	(
	ANIO_RECAUDACIONES   NUMERIC (4) DEFAULT ((0)) NOT NULL,
	MES_RECAUDACIONES    NUMERIC (2) DEFAULT ((0)) NOT NULL,
	CUOTA_RECAUDACIONES  NUMERIC (1) DEFAULT ((0)) NOT NULL,
	CODIGO_REGIMEN       NUMERIC (3) DEFAULT ((0)) NOT NULL,
	TIPO_DOCUMENTO       NUMERIC (2) DEFAULT ((0)) NOT NULL,
	NUMERO_DOCUMENTO     NUMERIC (13) DEFAULT ('' '') NOT NULL,
	CBU                  VARCHAR (22) DEFAULT ('' ''),
	IMPORTE_IMPUESTO     NUMERIC (15, 2) DEFAULT ((0)) NOT NULL,
	BASE_IMPONIBLE       NUMERIC (15, 2) DEFAULT ((0)) NOT NULL,
	MODALIDAD_MOVIMIENTO NUMERIC (2) DEFAULT ((0)) NOT NULL,
	CODIGO_BENEFICIO     NUMERIC (2) DEFAULT ((0)),
	FECHA_MOVIMIENTO     VARCHAR (10),
	SUCURSAL             NUMERIC (5),
	NRO_ASIENTO          NUMERIC (10),
	CONSTRAINT PK_RRII_CREDEB_XLS PRIMARY KEY (ANIO_RECAUDACIONES, MES_RECAUDACIONES, CUOTA_RECAUDACIONES, CODIGO_REGIMEN, TIPO_DOCUMENTO, NUMERO_DOCUMENTO, CBU, MODALIDAD_MOVIMIENTO, CODIGO_BENEFICIO)
	)


--SELECT * FROM RRI_PARAMETROS_DEF WHERE CODIGO=502

INSERT INTO dbo.RRI_PARAMETROS_DEF (CODIGO, NOMBRE, ID1, ID1DESC, ID2, ID2DESC, ID3, ID3DESC, ID4, ID4DESC, ID5, ID5DESC, NUM1, NUM1DESC, NUM2, NUM2DESC, CHAR1, CHR1DESC, CHAR2, CHR2DESC, TZ_LOCK)
VALUES (502, ''CREDEB Gravados'', ''S'', ''Segmento'', ''S'', ''ID_CARGO'', ''N'', '''', ''S'', ''Tipo de movimiento'', ''S'', ''Padron'', ''S'', ''Codigo Regimen'', ''N'', '''', ''N'', '''', ''N'', '''', 0)


--SELECT * FROM RRI_PARAMETROS_INF WHERE CODIGO=502

INSERT INTO dbo.RRI_PARAMETROS_INF (CODIGO, ID1, ID2, ID3, ID4, ID5, NUM1, NUM2, CHAR1, CHAR2, TZ_LOCK)
VALUES (502, 0, 10, 0, ''C'', ''X'', 417, 0, '' '', '' '', 0)


INSERT INTO dbo.RRI_PARAMETROS_INF (CODIGO, ID1, ID2, ID3, ID4, ID5, NUM1, NUM2, CHAR1, CHAR2, TZ_LOCK)
VALUES (502, 0, 398, 0, ''D'', ''X'', 416, 0, '' '', '' '', 0)


INSERT INTO dbo.RRI_PARAMETROS_INF (CODIGO, ID1, ID2, ID3, ID4, ID5, NUM1, NUM2, CHAR1, CHAR2, TZ_LOCK)
VALUES (502, 0, 400, 0, ''D'', ''X'', 416, 0, '' '', '' '', 0)


INSERT INTO dbo.RRI_PARAMETROS_INF (CODIGO, ID1, ID2, ID3, ID4, ID5, NUM1, NUM2, CHAR1, CHAR2, TZ_LOCK)
VALUES (502, 0, 401, 0, ''C'', ''X'', 417, 0, '' '', '' '', 0)


INSERT INTO dbo.RRI_PARAMETROS_INF (CODIGO, ID1, ID2, ID3, ID4, ID5, NUM1, NUM2, CHAR1, CHAR2, TZ_LOCK)
VALUES (502, 0, 402, 0, ''D'', ''X'', 416, 0, '' '', '' '', 0)


INSERT INTO dbo.RRI_PARAMETROS_INF (CODIGO, ID1, ID2, ID3, ID4, ID5, NUM1, NUM2, CHAR1, CHAR2, TZ_LOCK)
VALUES (502, 0, 403, 0, ''C'', ''X'', 417, 0, '' '', '' '', 0)


INSERT INTO dbo.RRI_PARAMETROS_INF (CODIGO, ID1, ID2, ID3, ID4, ID5, NUM1, NUM2, CHAR1, CHAR2, TZ_LOCK)
VALUES (502, 0, 410, 0, ''D'', ''X'', 416, 0, '' '', '' '', 0)


INSERT INTO dbo.RRI_PARAMETROS_INF (CODIGO, ID1, ID2, ID3, ID4, ID5, NUM1, NUM2, CHAR1, CHAR2, TZ_LOCK)
VALUES (502, 0, 411, 0, ''D'', ''X'', 416, 0, '' '', '' '', 0)


INSERT INTO dbo.RRI_PARAMETROS_INF (CODIGO, ID1, ID2, ID3, ID4, ID5, NUM1, NUM2, CHAR1, CHAR2, TZ_LOCK)
VALUES (502, 1, 10, 0, ''C'', ''BF'', 414, 0, '' '', '' '', 0)


INSERT INTO dbo.RRI_PARAMETROS_INF (CODIGO, ID1, ID2, ID3, ID4, ID5, NUM1, NUM2, CHAR1, CHAR2, TZ_LOCK)
VALUES (502, 1, 398, 0, ''D'', ''BF'', 413, 0, '' '', '' '', 0)


INSERT INTO dbo.RRI_PARAMETROS_INF (CODIGO, ID1, ID2, ID3, ID4, ID5, NUM1, NUM2, CHAR1, CHAR2, TZ_LOCK)
VALUES (502, 1, 400, 0, ''D'', ''BF'', 413, 0, '' '', '' '', 0)


INSERT INTO dbo.RRI_PARAMETROS_INF (CODIGO, ID1, ID2, ID3, ID4, ID5, NUM1, NUM2, CHAR1, CHAR2, TZ_LOCK)
VALUES (502, 1, 401, 0, ''C'', ''BF'', 414, 0, '' '', '' '', 0)


INSERT INTO dbo.RRI_PARAMETROS_INF (CODIGO, ID1, ID2, ID3, ID4, ID5, NUM1, NUM2, CHAR1, CHAR2, TZ_LOCK)
VALUES (502, 1, 402, 0, ''D'', ''BF'', 413, 0, '' '', '' '', 0)


INSERT INTO dbo.RRI_PARAMETROS_INF (CODIGO, ID1, ID2, ID3, ID4, ID5, NUM1, NUM2, CHAR1, CHAR2, TZ_LOCK)
VALUES (502, 1, 403, 0, ''C'', ''BF'', 414, 0, '' '', '' '', 0)


INSERT INTO dbo.RRI_PARAMETROS_INF (CODIGO, ID1, ID2, ID3, ID4, ID5, NUM1, NUM2, CHAR1, CHAR2, TZ_LOCK)
VALUES (502, 1, 410, 0, ''D'', ''BF'', 413, 0, '' '', '' '', 0)


INSERT INTO dbo.RRI_PARAMETROS_INF (CODIGO, ID1, ID2, ID3, ID4, ID5, NUM1, NUM2, CHAR1, CHAR2, TZ_LOCK)
VALUES (502, 1, 411, 0, ''D'', ''BF'', 413, 0, '' '', '' '', 0)


INSERT INTO dbo.RRI_PARAMETROS_INF (CODIGO, ID1, ID2, ID3, ID4, ID5, NUM1, NUM2, CHAR1, CHAR2, TZ_LOCK)
VALUES (502, 3, 10, 0, ''C'', ''BF'', 194, 0, '' '', '' '', 0)


INSERT INTO dbo.RRI_PARAMETROS_INF (CODIGO, ID1, ID2, ID3, ID4, ID5, NUM1, NUM2, CHAR1, CHAR2, TZ_LOCK)
VALUES (502, 3, 398, 0, ''D'', ''BF'', 161, 0, '' '', '' '', 0)


INSERT INTO dbo.RRI_PARAMETROS_INF (CODIGO, ID1, ID2, ID3, ID4, ID5, NUM1, NUM2, CHAR1, CHAR2, TZ_LOCK)
VALUES (502, 3, 400, 0, ''D'', ''BF'', 161, 0, '' '', '' '', 0)


INSERT INTO dbo.RRI_PARAMETROS_INF (CODIGO, ID1, ID2, ID3, ID4, ID5, NUM1, NUM2, CHAR1, CHAR2, TZ_LOCK)
VALUES (502, 3, 401, 0, ''C'', ''BF'', 194, 0, '' '', '' '', 0)


INSERT INTO dbo.RRI_PARAMETROS_INF (CODIGO, ID1, ID2, ID3, ID4, ID5, NUM1, NUM2, CHAR1, CHAR2, TZ_LOCK)
VALUES (502, 3, 402, 0, ''D'', ''BF'', 161, 0, '' '', '' '', 0)


INSERT INTO dbo.RRI_PARAMETROS_INF (CODIGO, ID1, ID2, ID3, ID4, ID5, NUM1, NUM2, CHAR1, CHAR2, TZ_LOCK)
VALUES (502, 3, 403, 0, ''C'', ''BF'', 194, 0, '' '', '' '', 0)


INSERT INTO dbo.RRI_PARAMETROS_INF (CODIGO, ID1, ID2, ID3, ID4, ID5, NUM1, NUM2, CHAR1, CHAR2, TZ_LOCK)
VALUES (502, 3, 410, 0, ''D'', ''BF'', 161, 0, '' '', '' '', 0)


INSERT INTO dbo.RRI_PARAMETROS_INF (CODIGO, ID1, ID2, ID3, ID4, ID5, NUM1, NUM2, CHAR1, CHAR2, TZ_LOCK)
VALUES (502, 3, 411, 0, ''D'', ''BF'', 161, 0, '' '', '' '', 0)


INSERT INTO dbo.RRI_PARAMETROS_INF (CODIGO, ID1, ID2, ID3, ID4, ID5, NUM1, NUM2, CHAR1, CHAR2, TZ_LOCK)
VALUES (502, 5, 10, 0, ''C'', ''BF'', 236, 0, '' '', '' '', 0)


INSERT INTO dbo.RRI_PARAMETROS_INF (CODIGO, ID1, ID2, ID3, ID4, ID5, NUM1, NUM2, CHAR1, CHAR2, TZ_LOCK)
VALUES (502, 5, 398, 0, ''D'', ''BF'', 227, 0, '' '', '' '', 0)


INSERT INTO dbo.RRI_PARAMETROS_INF (CODIGO, ID1, ID2, ID3, ID4, ID5, NUM1, NUM2, CHAR1, CHAR2, TZ_LOCK)
VALUES (502, 5, 400, 0, ''D'', ''BF'', 227, 0, '' '', '' '', 0)


INSERT INTO dbo.RRI_PARAMETROS_INF (CODIGO, ID1, ID2, ID3, ID4, ID5, NUM1, NUM2, CHAR1, CHAR2, TZ_LOCK)
VALUES (502, 5, 401, 0, ''C'', ''BF'', 236, 0, '' '', '' '', 0)


INSERT INTO dbo.RRI_PARAMETROS_INF (CODIGO, ID1, ID2, ID3, ID4, ID5, NUM1, NUM2, CHAR1, CHAR2, TZ_LOCK)
VALUES (502, 5, 402, 0, ''D'', ''BF'', 227, 0, '' '', '' '', 0)


INSERT INTO dbo.RRI_PARAMETROS_INF (CODIGO, ID1, ID2, ID3, ID4, ID5, NUM1, NUM2, CHAR1, CHAR2, TZ_LOCK)
VALUES (502, 5, 403, 0, ''C'', ''BF'', 236, 0, '' '', '' '', 0)


INSERT INTO dbo.RRI_PARAMETROS_INF (CODIGO, ID1, ID2, ID3, ID4, ID5, NUM1, NUM2, CHAR1, CHAR2, TZ_LOCK)
VALUES (502, 5, 410, 0, ''D'', ''BF'', 227, 0, '' '', '' '', 0)


INSERT INTO dbo.RRI_PARAMETROS_INF (CODIGO, ID1, ID2, ID3, ID4, ID5, NUM1, NUM2, CHAR1, CHAR2, TZ_LOCK)
VALUES (502, 5, 411, 0, ''D'', ''BF'', 227, 0, '' '', '' '', 0)

')







