

EXECUTE('

---ajuste tabla plazos


DELETE PLAZOS
INSERT INTO dbo.PLAZOS (TZ_LOCK, PRODUCTO, DIAS, CODPLAZO)
VALUES (0, 0, 99999, ''0'')


---actualizo diccionario

DELETE DICCIONARIO WHERE NUMERODECAMPO IN (58494,58495,58496)

INSERT INTO dbo.DICCIONARIO (NUMERODECAMPO, USODELCAMPO, REFERENCIA, DESCRIPCION, PROMPT, LARGO, TIPODECAMPO, DECIMALES, EDICION, CONTABILIZA, CONCEPTO, CALCULO, VALIDACION, TABLADEVALIDACION, TABLADEAYUDA, OPCIONES, TABLA, CAMPO, BASICO, MASCARA)
VALUES (58494, '' '', 0, ''Pivot Dev Sobreg 59'', ''Pivot Dev Sobreg 59'', 15, ''N'', 2, ''I'', 0, 0, 0, 0, 0, 0, 0, 0, NULL, 0, NULL)


INSERT INTO dbo.DICCIONARIO (NUMERODECAMPO, USODELCAMPO, REFERENCIA, DESCRIPCION, PROMPT, LARGO, TIPODECAMPO, DECIMALES, EDICION, CONTABILIZA, CONCEPTO, CALCULO, VALIDACION, TABLADEVALIDACION, TABLADEAYUDA, OPCIONES, TABLA, CAMPO, BASICO, MASCARA)
VALUES (58495, '' '', 0, ''Pivot Dev a c Sobreg'', ''Pivot Dev a c Sobreg'', 15, ''N'', 2, ''I'', 0, 0, 0, 0, 0, 0, 0, 0, NULL, 0, NULL)


INSERT INTO dbo.DICCIONARIO (NUMERODECAMPO, USODELCAMPO, REFERENCIA, DESCRIPCION, PROMPT, LARGO, TIPODECAMPO, DECIMALES, EDICION, CONTABILIZA, CONCEPTO, CALCULO, VALIDACION, TABLADEVALIDACION, TABLADEAYUDA, OPCIONES, TABLA, CAMPO, BASICO, MASCARA)
VALUES (58496, '' '', 0, ''Pivot Importe a c Sobreg'', ''Pivot Importe a cob Sobreg'', 15, ''N'', 2, ''I'', 0, 0, 0, 0, 0, 0, 0, 0, NULL, 0, NULL)



--actualizo parametros_jts

UPDATE dbo.PARAMETROS_JTS
SET VALOR = ''58494''
WHERE FUNCIONALIDAD = ''COBRO_INTERESES_DEUDORES_NACUERDOS'' AND PARAMETRO = ''PIVOT_DEVENGADO_59_DIAS''


UPDATE dbo.PARAMETROS_JTS
SET VALOR = ''58495''
WHERE FUNCIONALIDAD = ''COBRO_INTERESES_DEUDORES_NACUERDOS'' AND PARAMETRO = ''PIVOT_DEVENGADO_COBRAR''


UPDATE dbo.PARAMETROS_JTS
SET VALOR = ''58496''
WHERE FUNCIONALIDAD = ''COBRO_INTERESES_DEUDORES_NACUERDOS'' AND PARAMETRO = ''PIVOT_IMPORTE_COBRAR''



SELECT * FROM PARAMETROS_JTS WHERE FUNCIONALIDAD LIKE ''%EXPOSICI%''

---c esquemas

INSERT INTO ESQUEMACONTABLE (PROCESO, RUBRO, MONEDA, LINEA, ORDINAL, DESCRIPCION, CAMPO, RUBROSALIDA, CD, D_DC, C_DC, TRANSACCION, CONDICION, USAR_CAMPOS_MOVIMIENTOS)
VALUES (0, 400001, -1, 37, NULL, ''Dev Sobreg 59'', 58494, 121000, NULL, ''D'', ''C'', 7, ''1=1'', ''S'')



INSERT INTO ESQUEMACONTABLE (PROCESO, RUBRO, MONEDA, LINEA, ORDINAL, DESCRIPCION, CAMPO, RUBROSALIDA, CD, D_DC, C_DC, TRANSACCION, CONDICION, USAR_CAMPOS_MOVIMIENTOS)
VALUES (0, 400001, -1, 38, NULL, ''Dev Sobreg 59'', 58494, 520000, NULL, ''C'', ''D'', 7, ''1=1'', ''S'')



INSERT INTO ESQUEMACONTABLE (PROCESO, RUBRO, MONEDA, LINEA, ORDINAL, DESCRIPCION, CAMPO, RUBROSALIDA, CD, D_DC, C_DC, TRANSACCION, CONDICION, USAR_CAMPOS_MOVIMIENTOS)
VALUES (0, 400001, -1, 39, NULL, ''Dev a c Sobreg'', 58495, 121000, NULL, ''D'', ''C'', 7, ''1=1'', ''S'')



INSERT INTO ESQUEMACONTABLE (PROCESO, RUBRO, MONEDA, LINEA, ORDINAL, DESCRIPCION, CAMPO, RUBROSALIDA, CD, D_DC, C_DC, TRANSACCION, CONDICION, USAR_CAMPOS_MOVIMIENTOS)
VALUES (0, 400001, -1, 40, NULL, ''Dev a c Sobreg'', 58495, 520000, NULL, ''C'', ''D'', 7, ''1=1'', ''S'')



INSERT INTO ESQUEMACONTABLE (PROCESO, RUBRO, MONEDA, LINEA, ORDINAL, DESCRIPCION, CAMPO, RUBROSALIDA, CD, D_DC, C_DC, TRANSACCION, CONDICION, USAR_CAMPOS_MOVIMIENTOS)
VALUES (0, 400001, -1, 41, NULL, ''Importe a c Sobreg'', 58496, 520000, NULL, ''C'', ''D'', 7, ''1=1'', ''S'')



INSERT INTO ESQUEMACONTABLE (PROCESO, RUBRO, MONEDA, LINEA, ORDINAL, DESCRIPCION, CAMPO, RUBROSALIDA, CD, D_DC, C_DC, TRANSACCION, CONDICION, USAR_CAMPOS_MOVIMIENTOS)
VALUES (0, 400012, -1, 37, NULL, ''Dev Sobreg 59'', 58494, 121000, NULL, ''D'', ''C'', 7, ''1=1'', ''S'')



INSERT INTO ESQUEMACONTABLE (PROCESO, RUBRO, MONEDA, LINEA, ORDINAL, DESCRIPCION, CAMPO, RUBROSALIDA, CD, D_DC, C_DC, TRANSACCION, CONDICION, USAR_CAMPOS_MOVIMIENTOS)
VALUES (0, 400012, -1, 38, NULL, ''Dev Sobreg 59'', 58494, 520000, NULL, ''C'', ''D'', 7, ''1=1'', ''S'')



INSERT INTO ESQUEMACONTABLE (PROCESO, RUBRO, MONEDA, LINEA, ORDINAL, DESCRIPCION, CAMPO, RUBROSALIDA, CD, D_DC, C_DC, TRANSACCION, CONDICION, USAR_CAMPOS_MOVIMIENTOS)
VALUES (0, 400012, -1, 39, NULL, ''Dev a c Sobreg'', 58495, 121000, NULL, ''D'', ''C'', 7, ''1=1'', ''S'')



INSERT INTO ESQUEMACONTABLE (PROCESO, RUBRO, MONEDA, LINEA, ORDINAL, DESCRIPCION, CAMPO, RUBROSALIDA, CD, D_DC, C_DC, TRANSACCION, CONDICION, USAR_CAMPOS_MOVIMIENTOS)
VALUES (0, 400012, -1, 40, NULL, ''Dev a c Sobreg'', 58495, 520000, NULL, ''C'', ''D'', 7, ''1=1'', ''S'')



INSERT INTO ESQUEMACONTABLE (PROCESO, RUBRO, MONEDA, LINEA, ORDINAL, DESCRIPCION, CAMPO, RUBROSALIDA, CD, D_DC, C_DC, TRANSACCION, CONDICION, USAR_CAMPOS_MOVIMIENTOS)
VALUES (0, 400012, -1, 41, NULL, ''Importe a c Sobreg'', 58496, 520000, NULL, ''C'', ''D'', 7, ''1=1'', ''S'')



INSERT INTO ESQUEMACAMPO (PROCESO, RUBRO, MONEDA, LINEA, ORDINAL, CP, NUMERO, FORMULA)
VALUES (0, 400001, -1, 37, 101, ''C'', 2, ''0'')



INSERT INTO ESQUEMACAMPO (PROCESO, RUBRO, MONEDA, LINEA, ORDINAL, CP, NUMERO, FORMULA)
VALUES (0, 400001, -1, 37, 102, ''C'', 5, ''C6326'')



INSERT INTO ESQUEMACAMPO (PROCESO, RUBRO, MONEDA, LINEA, ORDINAL, CP, NUMERO, FORMULA)
VALUES (0, 400001, -1, 37, 103, ''C'', 6, ''0'')



INSERT INTO ESQUEMACAMPO (PROCESO, RUBRO, MONEDA, LINEA, ORDINAL, CP, NUMERO, FORMULA)
VALUES (0, 400001, -1, 37, 104, ''C'', 7, ''0'')



INSERT INTO ESQUEMACAMPO (PROCESO, RUBRO, MONEDA, LINEA, ORDINAL, CP, NUMERO, FORMULA)
VALUES (0, 400001, -1, 37, 105, ''C'', 8, ''0'')



INSERT INTO ESQUEMACAMPO (PROCESO, RUBRO, MONEDA, LINEA, ORDINAL, CP, NUMERO, FORMULA)
VALUES (0, 400001, -1, 38, 101, ''C'', 2, ''0'')



INSERT INTO ESQUEMACAMPO (PROCESO, RUBRO, MONEDA, LINEA, ORDINAL, CP, NUMERO, FORMULA)
VALUES (0, 400001, -1, 38, 102, ''C'', 5, ''C6326'')



INSERT INTO ESQUEMACAMPO (PROCESO, RUBRO, MONEDA, LINEA, ORDINAL, CP, NUMERO, FORMULA)
VALUES (0, 400001, -1, 38, 103, ''C'', 6, ''0'')



INSERT INTO ESQUEMACAMPO (PROCESO, RUBRO, MONEDA, LINEA, ORDINAL, CP, NUMERO, FORMULA)
VALUES (0, 400001, -1, 38, 104, ''C'', 7, ''0'')



INSERT INTO ESQUEMACAMPO (PROCESO, RUBRO, MONEDA, LINEA, ORDINAL, CP, NUMERO, FORMULA)
VALUES (0, 400001, -1, 38, 105, ''C'', 8, ''0'')



INSERT INTO ESQUEMACAMPO (PROCESO, RUBRO, MONEDA, LINEA, ORDINAL, CP, NUMERO, FORMULA)
VALUES (0, 400001, -1, 39, 101, ''C'', 2, ''0'')



INSERT INTO ESQUEMACAMPO (PROCESO, RUBRO, MONEDA, LINEA, ORDINAL, CP, NUMERO, FORMULA)
VALUES (0, 400001, -1, 39, 102, ''C'', 5, ''C6326'')



INSERT INTO ESQUEMACAMPO (PROCESO, RUBRO, MONEDA, LINEA, ORDINAL, CP, NUMERO, FORMULA)
VALUES (0, 400001, -1, 39, 103, ''C'', 6, ''0'')



INSERT INTO ESQUEMACAMPO (PROCESO, RUBRO, MONEDA, LINEA, ORDINAL, CP, NUMERO, FORMULA)
VALUES (0, 400001, -1, 39, 104, ''C'', 7, ''0'')



INSERT INTO ESQUEMACAMPO (PROCESO, RUBRO, MONEDA, LINEA, ORDINAL, CP, NUMERO, FORMULA)
VALUES (0, 400001, -1, 39, 105, ''C'', 8, ''0'')



INSERT INTO ESQUEMACAMPO (PROCESO, RUBRO, MONEDA, LINEA, ORDINAL, CP, NUMERO, FORMULA)
VALUES (0, 400001, -1, 40, 101, ''C'', 2, ''0'')



INSERT INTO ESQUEMACAMPO (PROCESO, RUBRO, MONEDA, LINEA, ORDINAL, CP, NUMERO, FORMULA)
VALUES (0, 400001, -1, 40, 102, ''C'', 5, ''C6326'')



INSERT INTO ESQUEMACAMPO (PROCESO, RUBRO, MONEDA, LINEA, ORDINAL, CP, NUMERO, FORMULA)
VALUES (0, 400001, -1, 40, 103, ''C'', 6, ''0'')



INSERT INTO ESQUEMACAMPO (PROCESO, RUBRO, MONEDA, LINEA, ORDINAL, CP, NUMERO, FORMULA)
VALUES (0, 400001, -1, 40, 104, ''C'', 7, ''0'')



INSERT INTO ESQUEMACAMPO (PROCESO, RUBRO, MONEDA, LINEA, ORDINAL, CP, NUMERO, FORMULA)
VALUES (0, 400001, -1, 40, 105, ''C'', 8, ''0'')



INSERT INTO ESQUEMACAMPO (PROCESO, RUBRO, MONEDA, LINEA, ORDINAL, CP, NUMERO, FORMULA)
VALUES (0, 400001, -1, 41, 101, ''C'', 2, ''0'')



INSERT INTO ESQUEMACAMPO (PROCESO, RUBRO, MONEDA, LINEA, ORDINAL, CP, NUMERO, FORMULA)
VALUES (0, 400001, -1, 41, 102, ''C'', 5, ''C6326'')



INSERT INTO ESQUEMACAMPO (PROCESO, RUBRO, MONEDA, LINEA, ORDINAL, CP, NUMERO, FORMULA)
VALUES (0, 400001, -1, 41, 103, ''C'', 6, ''0'')



INSERT INTO ESQUEMACAMPO (PROCESO, RUBRO, MONEDA, LINEA, ORDINAL, CP, NUMERO, FORMULA)
VALUES (0, 400001, -1, 41, 104, ''C'', 7, ''0'')



INSERT INTO ESQUEMACAMPO (PROCESO, RUBRO, MONEDA, LINEA, ORDINAL, CP, NUMERO, FORMULA)
VALUES (0, 400001, -1, 41, 105, ''C'', 8, ''0'')



INSERT INTO ESQUEMACAMPO (PROCESO, RUBRO, MONEDA, LINEA, ORDINAL, CP, NUMERO, FORMULA)
VALUES (0, 400012, -1, 37, 101, ''C'', 2, ''0'')



INSERT INTO ESQUEMACAMPO (PROCESO, RUBRO, MONEDA, LINEA, ORDINAL, CP, NUMERO, FORMULA)
VALUES (0, 400012, -1, 37, 102, ''C'', 5, ''C6326'')



INSERT INTO ESQUEMACAMPO (PROCESO, RUBRO, MONEDA, LINEA, ORDINAL, CP, NUMERO, FORMULA)
VALUES (0, 400012, -1, 37, 103, ''C'', 6, ''0'')



INSERT INTO ESQUEMACAMPO (PROCESO, RUBRO, MONEDA, LINEA, ORDINAL, CP, NUMERO, FORMULA)
VALUES (0, 400012, -1, 37, 104, ''C'', 7, ''0'')



INSERT INTO ESQUEMACAMPO (PROCESO, RUBRO, MONEDA, LINEA, ORDINAL, CP, NUMERO, FORMULA)
VALUES (0, 400012, -1, 37, 105, ''C'', 8, ''0'')



INSERT INTO ESQUEMACAMPO (PROCESO, RUBRO, MONEDA, LINEA, ORDINAL, CP, NUMERO, FORMULA)
VALUES (0, 400012, -1, 38, 101, ''C'', 2, ''0'')



INSERT INTO ESQUEMACAMPO (PROCESO, RUBRO, MONEDA, LINEA, ORDINAL, CP, NUMERO, FORMULA)
VALUES (0, 400012, -1, 38, 102, ''C'', 5, ''C6326'')



INSERT INTO ESQUEMACAMPO (PROCESO, RUBRO, MONEDA, LINEA, ORDINAL, CP, NUMERO, FORMULA)
VALUES (0, 400012, -1, 38, 103, ''C'', 6, ''0'')



INSERT INTO ESQUEMACAMPO (PROCESO, RUBRO, MONEDA, LINEA, ORDINAL, CP, NUMERO, FORMULA)
VALUES (0, 400012, -1, 38, 104, ''C'', 7, ''0'')



INSERT INTO ESQUEMACAMPO (PROCESO, RUBRO, MONEDA, LINEA, ORDINAL, CP, NUMERO, FORMULA)
VALUES (0, 400012, -1, 38, 105, ''C'', 8, ''0'')



INSERT INTO ESQUEMACAMPO (PROCESO, RUBRO, MONEDA, LINEA, ORDINAL, CP, NUMERO, FORMULA)
VALUES (0, 400012, -1, 39, 101, ''C'', 2, ''0'')



INSERT INTO ESQUEMACAMPO (PROCESO, RUBRO, MONEDA, LINEA, ORDINAL, CP, NUMERO, FORMULA)
VALUES (0, 400012, -1, 39, 102, ''C'', 5, ''C6326'')



INSERT INTO ESQUEMACAMPO (PROCESO, RUBRO, MONEDA, LINEA, ORDINAL, CP, NUMERO, FORMULA)
VALUES (0, 400012, -1, 39, 103, ''C'', 6, ''0'')



INSERT INTO ESQUEMACAMPO (PROCESO, RUBRO, MONEDA, LINEA, ORDINAL, CP, NUMERO, FORMULA)
VALUES (0, 400012, -1, 39, 104, ''C'', 7, ''0'')



INSERT INTO ESQUEMACAMPO (PROCESO, RUBRO, MONEDA, LINEA, ORDINAL, CP, NUMERO, FORMULA)
VALUES (0, 400012, -1, 39, 105, ''C'', 8, ''0'')



INSERT INTO ESQUEMACAMPO (PROCESO, RUBRO, MONEDA, LINEA, ORDINAL, CP, NUMERO, FORMULA)
VALUES (0, 400012, -1, 40, 101, ''C'', 2, ''0'')



INSERT INTO ESQUEMACAMPO (PROCESO, RUBRO, MONEDA, LINEA, ORDINAL, CP, NUMERO, FORMULA)
VALUES (0, 400012, -1, 40, 102, ''C'', 5, ''C6326'')



INSERT INTO ESQUEMACAMPO (PROCESO, RUBRO, MONEDA, LINEA, ORDINAL, CP, NUMERO, FORMULA)
VALUES (0, 400012, -1, 40, 103, ''C'', 6, ''0'')



INSERT INTO ESQUEMACAMPO (PROCESO, RUBRO, MONEDA, LINEA, ORDINAL, CP, NUMERO, FORMULA)
VALUES (0, 400012, -1, 40, 104, ''C'', 7, ''0'')



INSERT INTO ESQUEMACAMPO (PROCESO, RUBRO, MONEDA, LINEA, ORDINAL, CP, NUMERO, FORMULA)
VALUES (0, 400012, -1, 40, 105, ''C'', 8, ''0'')



INSERT INTO ESQUEMACAMPO (PROCESO, RUBRO, MONEDA, LINEA, ORDINAL, CP, NUMERO, FORMULA)
VALUES (0, 400012, -1, 41, 101, ''C'', 2, ''0'')



INSERT INTO ESQUEMACAMPO (PROCESO, RUBRO, MONEDA, LINEA, ORDINAL, CP, NUMERO, FORMULA)
VALUES (0, 400012, -1, 41, 102, ''C'', 5, ''C6326'')



INSERT INTO ESQUEMACAMPO (PROCESO, RUBRO, MONEDA, LINEA, ORDINAL, CP, NUMERO, FORMULA)
VALUES (0, 400012, -1, 41, 103, ''C'', 6, ''0'')



INSERT INTO ESQUEMACAMPO (PROCESO, RUBRO, MONEDA, LINEA, ORDINAL, CP, NUMERO, FORMULA)
VALUES (0, 400012, -1, 41, 104, ''C'', 7, ''0'')



INSERT INTO ESQUEMACAMPO (PROCESO, RUBRO, MONEDA, LINEA, ORDINAL, CP, NUMERO, FORMULA)
VALUES (0, 400012, -1, 41, 105, ''C'', 8, ''0'')




UPDATE dbo.DICCIONARIO
SET DESCRIPCION = ''Devolucion multa''
	, PROMPT = ''Devolucíon multa''
WHERE NUMERODECAMPO = 58497


UPDATE dbo.ESQUEMACONTABLE
SET ORDINAL = 1
WHERE PROCESO = 0 AND RUBRO = 400001 AND MONEDA = -1 AND LINEA = 37


UPDATE dbo.ESQUEMACONTABLE
SET ORDINAL = 1
WHERE PROCESO = 0 AND RUBRO = 400001 AND MONEDA = -1 AND LINEA = 38


UPDATE dbo.ESQUEMACONTABLE
SET ORDINAL = 1
WHERE PROCESO = 0 AND RUBRO = 400001 AND MONEDA = -1 AND LINEA = 39


UPDATE dbo.ESQUEMACONTABLE
SET ORDINAL = 1
WHERE PROCESO = 0 AND RUBRO = 400001 AND MONEDA = -1 AND LINEA = 40


UPDATE dbo.ESQUEMACONTABLE
SET ORDINAL = 1
WHERE PROCESO = 0 AND RUBRO = 400001 AND MONEDA = -1 AND LINEA = 41


UPDATE dbo.ESQUEMACONTABLE
SET ORDINAL = 1
WHERE PROCESO = 0 AND RUBRO = 400012 AND MONEDA = -1 AND LINEA = 37


UPDATE dbo.ESQUEMACONTABLE
SET ORDINAL = 1
WHERE PROCESO = 0 AND RUBRO = 400012 AND MONEDA = -1 AND LINEA = 38


UPDATE dbo.ESQUEMACONTABLE
SET ORDINAL = 1
WHERE PROCESO = 0 AND RUBRO = 400012 AND MONEDA = -1 AND LINEA = 39


UPDATE dbo.ESQUEMACONTABLE
SET ORDINAL = 1
WHERE PROCESO = 0 AND RUBRO = 400012 AND MONEDA = -1 AND LINEA = 40


UPDATE dbo.ESQUEMACONTABLE
SET ORDINAL = 1
WHERE PROCESO = 0 AND RUBRO = 400012 AND MONEDA = -1 AND LINEA = 41



INSERT INTO ESQUEMACONTABLE (PROCESO, RUBRO, MONEDA, LINEA, ORDINAL, DESCRIPCION, CAMPO, RUBROSALIDA, CD, D_DC, C_DC, TRANSACCION, CONDICION, USAR_CAMPOS_MOVIMIENTOS)
VALUES (0, 400001, -1, 42, 1, ''CARS 58497'', 58497, 5410030000, NULL, ''D'', ''D'', 7, ''1=1'', ''S'')



INSERT INTO ESQUEMACONTABLE (PROCESO, RUBRO, MONEDA, LINEA, ORDINAL, DESCRIPCION, CAMPO, RUBROSALIDA, CD, D_DC, C_DC, TRANSACCION, CONDICION, USAR_CAMPOS_MOVIMIENTOS)
VALUES (0, 400012, -1, 42, 1, ''CARS 58497'', 58497, 5410030000, NULL, ''D'', ''D'', 7, ''1=1'', ''S'')



INSERT INTO ESQUEMACAMPO (PROCESO, RUBRO, MONEDA, LINEA, ORDINAL, CP, NUMERO, FORMULA)
VALUES (0, 400012, -1, 42, 101, ''C'', 2, ''0'')



INSERT INTO ESQUEMACAMPO (PROCESO, RUBRO, MONEDA, LINEA, ORDINAL, CP, NUMERO, FORMULA)
VALUES (0, 400012, -1, 42, 102, ''C'', 5, ''C6326'')



INSERT INTO ESQUEMACAMPO (PROCESO, RUBRO, MONEDA, LINEA, ORDINAL, CP, NUMERO, FORMULA)
VALUES (0, 400012, -1, 42, 103, ''C'', 6, ''0'')



INSERT INTO ESQUEMACAMPO (PROCESO, RUBRO, MONEDA, LINEA, ORDINAL, CP, NUMERO, FORMULA)
VALUES (0, 400012, -1, 42, 104, ''C'', 7, ''0'')



INSERT INTO ESQUEMACAMPO (PROCESO, RUBRO, MONEDA, LINEA, ORDINAL, CP, NUMERO, FORMULA)
VALUES (0, 400012, -1, 42, 105, ''C'', 8, ''0'')



INSERT INTO ESQUEMACAMPO (PROCESO, RUBRO, MONEDA, LINEA, ORDINAL, CP, NUMERO, FORMULA)
VALUES (0, 400001, -1, 42, 101, ''C'', 2, ''0'')



INSERT INTO ESQUEMACAMPO (PROCESO, RUBRO, MONEDA, LINEA, ORDINAL, CP, NUMERO, FORMULA)
VALUES (0, 400001, -1, 42, 102, ''C'', 5, ''C6326'')



INSERT INTO ESQUEMACAMPO (PROCESO, RUBRO, MONEDA, LINEA, ORDINAL, CP, NUMERO, FORMULA)
VALUES (0, 400001, -1, 42, 103, ''C'', 6, ''0'')



INSERT INTO ESQUEMACAMPO (PROCESO, RUBRO, MONEDA, LINEA, ORDINAL, CP, NUMERO, FORMULA)
VALUES (0, 400001, -1, 42, 104, ''C'', 7, ''0'')



INSERT INTO ESQUEMACAMPO (PROCESO, RUBRO, MONEDA, LINEA, ORDINAL, CP, NUMERO, FORMULA)
VALUES (0, 400001, -1, 42, 105, ''C'', 8, ''0'')



UPDATE dbo.PLANCTAS
SET C6308 = ''2''
WHERE C6326 = 1512100000


UPDATE dbo.PLANCTAS
SET C6308 = ''2''
WHERE C6326 = 1552100000



UPDATE dbo.PLANCTAS
SET C6308 = ''2''
WHERE C6326 = 1712010000


UPDATE dbo.PLANCTAS
SET C6308 = ''2''
WHERE C6326 = 1713010000


UPDATE dbo.PLANCTAS
SET C6310 = ''01''
WHERE C6326 = 1712010000


UPDATE dbo.PLANCTAS
SET C6310 = ''01''
WHERE C6326 = 1713010000
  ')

