CREATE VIEW dbo.VW_DIRECCIONES_PERSONAS  (
	TIPODOCUMENTO,
	NUMERODOCUMENTO,
	TIPO_DOC_FISICO,
 	NUM_DOC_FISICO,
 	NOMBRE,
 	ID,
	FORMATO,
	DESC_FORMATO,
	TIPODIRECCION,
	DESC_TIPODIRECCION,
	ORDINAL_DIR,
	PAIS,
	NOMBREPAIS,
	PROVINCIA,
	NOMBREPROVINCIA,
	DEPARTAMENTO,
	NOMBREDEPARTAMENTO,
	LOCALIDAD,
	NOMBRELOCALIDAD,
	CPA_NUEVO,
	BARRIO,
	CALLE,
	NUMERO,
	PROVINCIA_EXTERIOR,
	DEPARTAMENTO_EXTERIOR,
	LOCALIDAD_EXTERIOR
)
AS
 SELECT 
 	  v.TIPODOCUMENTO,
 	  v.NUMERODOCUMENTO,
 	  v.TIPO_DOC_FISICO,
 	  v.NUM_DOC_FISICO,
 	  concat(u.APELLIDOPATERNO,' ',u.PRIMERNOMBRE) AS NOMBRE,
 	  a.ID,
   	  a.FORMATO,
   	  (SELECT DESCRIPCION FROM OPCIONES O WHERE O.IDIOMA = 'E' AND O.NUMERODECAMPO = 33051 AND O.OPCIONINTERNA= a.FORMATO) AS DESC_FORMATO,
   	  a.TIPODIRECCION,
   	  (SELECT DESCRIPCION FROM OPCIONES O WHERE O.IDIOMA = 'E' AND O.NUMERODECAMPO = 33052 AND O.OPCIONINTERNA= a.TIPODIRECCION) AS DESC_TIPODIRECCION,
   	  a.ORDINAL_DIR,
   	  a.PAIS,
   	  p.NOMBREPAIS,
   	  a.PROVINCIA,
   	  PP.DESCRIPCION AS NOMBREPROVINCIA,
   	  a.DEPARTAMENTO,
   	  D.NOMBREDEP AS NOMBREDEPARTAMENTO,
   	  a.LOCALIDAD,
      L.DESCRIPCION_DIM3 AS NOMBRELOCALIDAD,
      a.CPA_NUEVO,
      A.BARRIO,
      A.CALLE,
      A.NUMERO,
      A.PROVINCIA_EXTERIOR,
      A.DEPARTAMENTO_EXTERIOR,
      A.LOCALIDAD_EXTERIOR
         
   FROM  
      dbo.CLI_DIRECCIONES AS A
      LEFT JOIN dbo.CLI_PAISES AS P ON P.CODIGOPAIS = A.PAIS
      LEFT JOIN dbo.CLI_PROVINCIAS AS PP ON PP.DIM1 = A.PROVINCIA
      LEFT JOIN dbo.CLI_DEPARTAMENTOS AS D ON (a.DEPARTAMENTO=d.DEPARTAMENTO) AND (PP.DIM1=d.PROVINCIA)
      LEFT JOIN dbo.CLI_LOCALIDADES AS l ON (a.LOCALIDAD=l.DIM3) AND (l.DIM1=PP.DIM1) AND (l.DIM2=d.DEPARTAMENTO), 
      dbo.CLI_PERSONASFISICAS  AS U, 
      dbo.CLI_DOCUMENTOSPFPJ  AS V

   WHERE 
	  (U.NUMEROPERSONAFISICA = a.ID AND U.NUMEROPERSONAFISICA = V.NUMEROPERSONAFJ) AND 
      ((A.TZ_LOCK < 300000000000000 OR A.TZ_LOCK >= 400000000000000) AND (A.TZ_LOCK < 100000000000000 OR A.TZ_LOCK >= 200000000000000)) AND 
      ((U.TZ_LOCK < 300000000000000 OR U.TZ_LOCK >= 400000000000000) AND (U.TZ_LOCK < 100000000000000 OR U.TZ_LOCK >= 200000000000000)) AND 
      ((V.TZ_LOCK < 300000000000000 OR V.TZ_LOCK >= 400000000000000) AND (V.TZ_LOCK < 100000000000000 OR V.TZ_LOCK >= 200000000000000)) 
      
UNION ALL


   SELECT 
 	  v.TIPODOCUMENTO,
 	  v.NUMERODOCUMENTO,
 	  v.TIPO_DOC_FISICO,
 	  v.NUM_DOC_FISICO,
 	  j.RAZONSOCIAL AS NOMBRE,
 	  a.ID,
   	  a.FORMATO,
   	  (SELECT DESCRIPCION FROM OPCIONES O WHERE O.IDIOMA = 'E' AND O.NUMERODECAMPO = 33051 AND O.OPCIONINTERNA= a.FORMATO) AS DESC_FORMATO,
   	  a.TIPODIRECCION,
   	  (SELECT DESCRIPCION FROM OPCIONES O WHERE O.IDIOMA = 'E' AND O.NUMERODECAMPO = 33052 AND O.OPCIONINTERNA= a.TIPODIRECCION) AS DESC_TIPODIRECCION,
   	  a.ORDINAL_DIR,
   	  a.PAIS,
   	  p.NOMBREPAIS,
   	  a.PROVINCIA,
   	  PP.DESCRIPCION AS NOMBREPROVINCIA,
   	  a.DEPARTAMENTO,
   	  D.NOMBREDEP AS NOMBREDEPARTAMENTO,
   	  a.LOCALIDAD,
      L.DESCRIPCION_DIM3 AS NOMBRELOCALIDAD,
      a.CPA_NUEVO,
      A.BARRIO,
      A.CALLE,
      A.NUMERO,
      A.PROVINCIA_EXTERIOR,
      A.DEPARTAMENTO_EXTERIOR,
      A.LOCALIDAD_EXTERIOR
         
   FROM  
      dbo.CLI_DIRECCIONES AS A
      LEFT JOIN dbo.CLI_PAISES AS P ON P.CODIGOPAIS = A.PAIS
      LEFT JOIN dbo.CLI_PROVINCIAS AS PP ON PP.DIM1 = A.PROVINCIA
      LEFT JOIN dbo.CLI_DEPARTAMENTOS AS D ON (a.DEPARTAMENTO=d.DEPARTAMENTO) AND (PP.DIM1=d.PROVINCIA)
      LEFT JOIN dbo.CLI_LOCALIDADES AS l ON (a.LOCALIDAD=l.DIM3) AND (l.DIM1=PP.DIM1) AND (l.DIM2=d.DEPARTAMENTO), 
      dbo.CLI_PERSONASJURIDICAS  AS J, 
      dbo.CLI_DOCUMENTOSPFPJ  AS V

   WHERE 
	  (J.NUMEROPERSONAJURIDICA = a.ID AND J.NUMEROPERSONAJURIDICA = V.NUMEROPERSONAFJ) AND 
      ((A.TZ_LOCK < 300000000000000 OR A.TZ_LOCK >= 400000000000000) AND (A.TZ_LOCK < 100000000000000 OR A.TZ_LOCK >= 200000000000000)) AND 
      ((J.TZ_LOCK < 300000000000000 OR J.TZ_LOCK >= 400000000000000) AND (J.TZ_LOCK < 100000000000000 OR J.TZ_LOCK >= 200000000000000)) AND 
      ((V.TZ_LOCK < 300000000000000 OR V.TZ_LOCK >= 400000000000000) AND (V.TZ_LOCK < 100000000000000 OR V.TZ_LOCK >= 200000000000000))
GO



INSERT INTO dbo.DESCRIPTORES (TITULO, IDENTIFICACION, TIPODEARCHIVO, DESCRIPCION, GRUPODELMAPA, NOMBREFISICO, TIPODEDBMS, LARGODELREGISTRO, INICIALIZACIONDELREGISTRO, BASE, SELECCION, ACEPTA_MOVS_DIFERIDO)
VALUES (10, 3347, NULL, 'Vista Direcciones Personas', 0, 'VW_DIRECCIONES_PERSONAS', 'D', NULL, NULL, 'TOP/CLIENTES', NULL, 'N')
GO

INSERT INTO dbo.INDICES (NUMERODEARCHIVO, NUMERODEINDICE, DESCRIPCION, CLAVESREPETIDAS, CAMPO1, CAMPO2, CAMPO3, CAMPO4, CAMPO5, CAMPO6, CAMPO7, CAMPO8, CAMPO9, CAMPO10, CAMPO11, CAMPO12, CAMPO13, CAMPO14, CAMPO15, CAMPO16, CAMPO17, CAMPO18, CAMPO19, CAMPO20)
VALUES (3347, 1, 'Indice Vista Dir. Personas', 0, 37129, 37130, 37132, 37134, NULL, NULL, NULL, NULL, NULL, NULL, NULL, NULL, NULL, NULL, NULL, NULL, NULL, NULL, NULL, NULL)
GO

INSERT INTO dbo.AYUDAS (NUMERODEARCHIVO, NUMERODEAYUDA, DESCRIPCION, FILTRO, MOSTRARTODOS, CAMPOS, CAMPOSVISTA, BASEVISTA, NOMBREVISTA, AYUDAGRANDE)
VALUES (3347, 33471, NULL, '', 0, '37124;37125;37126;37127;37128;37129R;37130R;37131;37132R;37133;37134R;37135;37136;37137;37138;37139;37140;37141;37142;37143;37144;37145;37146;37147;37148;37149;', NULL, NULL, NULL, 0)
GO

INSERT INTO dbo.DICCIONARIO (NUMERODECAMPO, USODELCAMPO, REFERENCIA, DESCRIPCION, PROMPT, LARGO, TIPODECAMPO, DECIMALES, EDICION, CONTABILIZA, CONCEPTO, CALCULO, VALIDACION, TABLADEVALIDACION, TABLADEAYUDA, OPCIONES, TABLA, CAMPO, BASICO, MASCARA)
VALUES (37124, ' ', 0, 'Tipo de Documento', 'Tipo de Documento', 4, 'A', 0, NULL, 0, 0, 0, 0, 0, 0, 0, 3347, 'TIPODOCUMENTO', 0, NULL)
GO

INSERT INTO dbo.DICCIONARIO (NUMERODECAMPO, USODELCAMPO, REFERENCIA, DESCRIPCION, PROMPT, LARGO, TIPODECAMPO, DECIMALES, EDICION, CONTABILIZA, CONCEPTO, CALCULO, VALIDACION, TABLADEVALIDACION, TABLADEAYUDA, OPCIONES, TABLA, CAMPO, BASICO, MASCARA)
VALUES (37125, ' ', 0, 'Número de Documento', 'Número de Documento', 20, 'A', 0, NULL, 0, 0, 0, 0, 0, 0, 0, 3347, 'NUMERODOCUMENTO', 0, NULL)
GO

INSERT INTO dbo.DICCIONARIO (NUMERODECAMPO, USODELCAMPO, REFERENCIA, DESCRIPCION, PROMPT, LARGO, TIPODECAMPO, DECIMALES, EDICION, CONTABILIZA, CONCEPTO, CALCULO, VALIDACION, TABLADEVALIDACION, TABLADEAYUDA, OPCIONES, TABLA, CAMPO, BASICO, MASCARA)
VALUES (37126, ' ', 0, 'Tipo de Documento Físico', 'Tipo de Documento Físico', 4, 'A', 0, NULL, 0, 0, 0, 0, 0, 0, 0, 3347, 'TIPO_DOC_FISICO', 0, NULL)
GO

INSERT INTO dbo.DICCIONARIO (NUMERODECAMPO, USODELCAMPO, REFERENCIA, DESCRIPCION, PROMPT, LARGO, TIPODECAMPO, DECIMALES, EDICION, CONTABILIZA, CONCEPTO, CALCULO, VALIDACION, TABLADEVALIDACION, TABLADEAYUDA, OPCIONES, TABLA, CAMPO, BASICO, MASCARA)
VALUES (37127, ' ', 0, 'Número de Documento Físico', 'Número de Documento Físico', 20, 'A', 0, NULL, 0, 0, 0, 0, 0, 0, 0, 3347, 'NUM_DOC_FISICO', 0, NULL)
GO

INSERT INTO dbo.DICCIONARIO (NUMERODECAMPO, USODELCAMPO, REFERENCIA, DESCRIPCION, PROMPT, LARGO, TIPODECAMPO, DECIMALES, EDICION, CONTABILIZA, CONCEPTO, CALCULO, VALIDACION, TABLADEVALIDACION, TABLADEAYUDA, OPCIONES, TABLA, CAMPO, BASICO, MASCARA)
VALUES (37128, ' ', 0, 'Nombres y Apellidos / Razón Social', 'Nombres y Apellidos / Razón Social', 70, 'A', 0, NULL, 0, 0, 0, 0, 0, 0, 0, 3347, 'NOMBRE', 0, NULL)
GO

INSERT INTO dbo.DICCIONARIO (NUMERODECAMPO, USODELCAMPO, REFERENCIA, DESCRIPCION, PROMPT, LARGO, TIPODECAMPO, DECIMALES, EDICION, CONTABILIZA, CONCEPTO, CALCULO, VALIDACION, TABLADEVALIDACION, TABLADEAYUDA, OPCIONES, TABLA, CAMPO, BASICO, MASCARA)
VALUES (37129, ' ', 0, 'Id', 'Id', 12, 'N', 0, NULL, 0, 0, 0, 0, 0, 33471, 0, 3347, 'ID', 0, NULL)
GO

INSERT INTO dbo.DICCIONARIO (NUMERODECAMPO, USODELCAMPO, REFERENCIA, DESCRIPCION, PROMPT, LARGO, TIPODECAMPO, DECIMALES, EDICION, CONTABILIZA, CONCEPTO, CALCULO, VALIDACION, TABLADEVALIDACION, TABLADEAYUDA, OPCIONES, TABLA, CAMPO, BASICO, MASCARA)
VALUES (37130, ' ', 0, 'Formato', 'Formato', 2, 'A', 0, NULL, 0, 0, 0, 0, 0, 0, 0, 3347, 'FORMATO', 0, NULL)
GO

INSERT INTO dbo.DICCIONARIO (NUMERODECAMPO, USODELCAMPO, REFERENCIA, DESCRIPCION, PROMPT, LARGO, TIPODECAMPO, DECIMALES, EDICION, CONTABILIZA, CONCEPTO, CALCULO, VALIDACION, TABLADEVALIDACION, TABLADEAYUDA, OPCIONES, TABLA, CAMPO, BASICO, MASCARA)
VALUES (37131, ' ', 0, 'Descripción Formato', 'Descripción Formato', 40, 'A', 0, NULL, 0, 0, 0, 0, 0, 0, 0, 3347, 'DESC_FORMATO', 0, NULL)
GO

INSERT INTO dbo.DICCIONARIO (NUMERODECAMPO, USODELCAMPO, REFERENCIA, DESCRIPCION, PROMPT, LARGO, TIPODECAMPO, DECIMALES, EDICION, CONTABILIZA, CONCEPTO, CALCULO, VALIDACION, TABLADEVALIDACION, TABLADEAYUDA, OPCIONES, TABLA, CAMPO, BASICO, MASCARA)
VALUES (37132, ' ', 0, 'Tipo de Dirección', 'Tipo de Dirección', 2, 'A', 0, NULL, 0, 0, 0, 0, 0, 0, 0, 3347, 'TIPODIRECCION', 0, NULL)
GO

INSERT INTO dbo.DICCIONARIO (NUMERODECAMPO, USODELCAMPO, REFERENCIA, DESCRIPCION, PROMPT, LARGO, TIPODECAMPO, DECIMALES, EDICION, CONTABILIZA, CONCEPTO, CALCULO, VALIDACION, TABLADEVALIDACION, TABLADEAYUDA, OPCIONES, TABLA, CAMPO, BASICO, MASCARA)
VALUES (37133, ' ', 0, 'Descripción del Tipo de Dirección', 'Descripción del Tipo de Dirección', 40, 'A', 0, NULL, 0, 0, 0, 0, 0, 0, 0, 3347, 'DESC_TIPODIRECCION', 0, NULL)
GO

INSERT INTO dbo.DICCIONARIO (NUMERODECAMPO, USODELCAMPO, REFERENCIA, DESCRIPCION, PROMPT, LARGO, TIPODECAMPO, DECIMALES, EDICION, CONTABILIZA, CONCEPTO, CALCULO, VALIDACION, TABLADEVALIDACION, TABLADEAYUDA, OPCIONES, TABLA, CAMPO, BASICO, MASCARA)
VALUES (37134, ' ', 0, 'Ordinal', 'Ordinal', 3, 'N', 0, NULL, 0, 0, 0, 0, 0, 0, 0, 3347, 'ORDINAL_DIR', 0, NULL)
GO

INSERT INTO dbo.DICCIONARIO (NUMERODECAMPO, USODELCAMPO, REFERENCIA, DESCRIPCION, PROMPT, LARGO, TIPODECAMPO, DECIMALES, EDICION, CONTABILIZA, CONCEPTO, CALCULO, VALIDACION, TABLADEVALIDACION, TABLADEAYUDA, OPCIONES, TABLA, CAMPO, BASICO, MASCARA)
VALUES (37135, ' ', 0, 'País', 'País', 5, 'N', 0, NULL, 0, 0, 0, 0, 0, 0, 0, 3347, 'PAIS', 0, NULL)
GO

INSERT INTO dbo.DICCIONARIO (NUMERODECAMPO, USODELCAMPO, REFERENCIA, DESCRIPCION, PROMPT, LARGO, TIPODECAMPO, DECIMALES, EDICION, CONTABILIZA, CONCEPTO, CALCULO, VALIDACION, TABLADEVALIDACION, TABLADEAYUDA, OPCIONES, TABLA, CAMPO, BASICO, MASCARA)
VALUES (37136, ' ', 0, 'Nombre del País', 'Nombre del País', 20, 'A', 0, NULL, 0, 0, 0, 0, 0, 0, 0, 3347, 'NOMBREPAIS', 0, NULL)
GO

INSERT INTO dbo.DICCIONARIO (NUMERODECAMPO, USODELCAMPO, REFERENCIA, DESCRIPCION, PROMPT, LARGO, TIPODECAMPO, DECIMALES, EDICION, CONTABILIZA, CONCEPTO, CALCULO, VALIDACION, TABLADEVALIDACION, TABLADEAYUDA, OPCIONES, TABLA, CAMPO, BASICO, MASCARA)
VALUES (37137, ' ', 0, 'Provincia', 'Provincia', 2, 'A', 0, NULL, 0, 0, 0, 0, 0, 0, 0, 3347, 'PROVINCIA', 0, NULL)
GO

INSERT INTO dbo.DICCIONARIO (NUMERODECAMPO, USODELCAMPO, REFERENCIA, DESCRIPCION, PROMPT, LARGO, TIPODECAMPO, DECIMALES, EDICION, CONTABILIZA, CONCEPTO, CALCULO, VALIDACION, TABLADEVALIDACION, TABLADEAYUDA, OPCIONES, TABLA, CAMPO, BASICO, MASCARA)
VALUES (37138, ' ', 0, 'Descripción Provincia', 'Descripción Provincia', 60, 'A', 0, NULL, 0, 0, 0, 0, 0, 0, 0, 3347, 'NOMBREPROVINCIA', 0, NULL)
GO

INSERT INTO dbo.DICCIONARIO (NUMERODECAMPO, USODELCAMPO, REFERENCIA, DESCRIPCION, PROMPT, LARGO, TIPODECAMPO, DECIMALES, EDICION, CONTABILIZA, CONCEPTO, CALCULO, VALIDACION, TABLADEVALIDACION, TABLADEAYUDA, OPCIONES, TABLA, CAMPO, BASICO, MASCARA)
VALUES (37139, ' ', 0, 'Departamento', 'Departamento', 3, 'N', 0, NULL, 0, 0, 0, 0, 0, 0, 0, 3347, 'DEPARTAMENTO', 0, NULL)
GO

INSERT INTO dbo.DICCIONARIO (NUMERODECAMPO, USODELCAMPO, REFERENCIA, DESCRIPCION, PROMPT, LARGO, TIPODECAMPO, DECIMALES, EDICION, CONTABILIZA, CONCEPTO, CALCULO, VALIDACION, TABLADEVALIDACION, TABLADEAYUDA, OPCIONES, TABLA, CAMPO, BASICO, MASCARA)
VALUES (37140, ' ', 0, 'Descripción Departamento', 'Descripción Departamento', 35, 'A', 0, NULL, 0, 0, 0, 0, 0, 0, 0, 3347, 'NOMBREDEPARTAMENTO', 0, NULL)
GO

INSERT INTO dbo.DICCIONARIO (NUMERODECAMPO, USODELCAMPO, REFERENCIA, DESCRIPCION, PROMPT, LARGO, TIPODECAMPO, DECIMALES, EDICION, CONTABILIZA, CONCEPTO, CALCULO, VALIDACION, TABLADEVALIDACION, TABLADEAYUDA, OPCIONES, TABLA, CAMPO, BASICO, MASCARA)
VALUES (37141, ' ', 0, 'Localidad', 'Localidad', 3, 'N', 0, NULL, 0, 0, 0, 0, 0, 0, 0, 3347, 'LOCALIDAD', 0, NULL)
GO

INSERT INTO dbo.DICCIONARIO (NUMERODECAMPO, USODELCAMPO, REFERENCIA, DESCRIPCION, PROMPT, LARGO, TIPODECAMPO, DECIMALES, EDICION, CONTABILIZA, CONCEPTO, CALCULO, VALIDACION, TABLADEVALIDACION, TABLADEAYUDA, OPCIONES, TABLA, CAMPO, BASICO, MASCARA)
VALUES (37142, ' ', 0, 'Descripción Localidad', 'Descripción Localidad', 60, 'A', 0, NULL, 0, 0, 0, 0, 0, 0, 0, 3347, 'NOMBRELOCALIDAD', 0, NULL)
GO

INSERT INTO dbo.DICCIONARIO (NUMERODECAMPO, USODELCAMPO, REFERENCIA, DESCRIPCION, PROMPT, LARGO, TIPODECAMPO, DECIMALES, EDICION, CONTABILIZA, CONCEPTO, CALCULO, VALIDACION, TABLADEVALIDACION, TABLADEAYUDA, OPCIONES, TABLA, CAMPO, BASICO, MASCARA)
VALUES (37143, ' ', 0, 'CPA Nuevo', 'CPA Nuevo', 15, 'A', 0, NULL, 0, 0, 0, 0, 0, 0, 0, 3347, 'CPA_NUEVO', 0, NULL)
GO

INSERT INTO dbo.DICCIONARIO (NUMERODECAMPO, USODELCAMPO, REFERENCIA, DESCRIPCION, PROMPT, LARGO, TIPODECAMPO, DECIMALES, EDICION, CONTABILIZA, CONCEPTO, CALCULO, VALIDACION, TABLADEVALIDACION, TABLADEAYUDA, OPCIONES, TABLA, CAMPO, BASICO, MASCARA)
VALUES (37144, ' ', 0, 'Barrio', 'Barrio', 100, 'A', 0, NULL, 0, 0, 0, 0, 0, 0, 0, 3347, 'BARRIO', 0, NULL)
GO

INSERT INTO dbo.DICCIONARIO (NUMERODECAMPO, USODELCAMPO, REFERENCIA, DESCRIPCION, PROMPT, LARGO, TIPODECAMPO, DECIMALES, EDICION, CONTABILIZA, CONCEPTO, CALCULO, VALIDACION, TABLADEVALIDACION, TABLADEAYUDA, OPCIONES, TABLA, CAMPO, BASICO, MASCARA)
VALUES (37145, ' ', 0, 'Calle', 'Calle', 50, 'A', 0, NULL, 0, 0, 0, 0, 0, 0, 0, 3347, 'CALLE', 0, NULL)
GO

INSERT INTO dbo.DICCIONARIO (NUMERODECAMPO, USODELCAMPO, REFERENCIA, DESCRIPCION, PROMPT, LARGO, TIPODECAMPO, DECIMALES, EDICION, CONTABILIZA, CONCEPTO, CALCULO, VALIDACION, TABLADEVALIDACION, TABLADEAYUDA, OPCIONES, TABLA, CAMPO, BASICO, MASCARA)
VALUES (37146, ' ', 0, 'Número de Puerta', 'Número de Puerta', 8, 'N', 0, NULL, 0, 0, 0, 0, 0, 0, 0, 3347, 'NUMERO', 0, NULL)
GO

INSERT INTO dbo.DICCIONARIO (NUMERODECAMPO, USODELCAMPO, REFERENCIA, DESCRIPCION, PROMPT, LARGO, TIPODECAMPO, DECIMALES, EDICION, CONTABILIZA, CONCEPTO, CALCULO, VALIDACION, TABLADEVALIDACION, TABLADEAYUDA, OPCIONES, TABLA, CAMPO, BASICO, MASCARA)
VALUES (37147, ' ', 0, 'Provincia Exterior', 'Provincia Exterior', 100, 'A', 0, NULL, 0, 0, 0, 0, 0, 0, 0, 3347, 'PROVINCIA_EXTERIOR', 0, NULL)
GO

INSERT INTO dbo.DICCIONARIO (NUMERODECAMPO, USODELCAMPO, REFERENCIA, DESCRIPCION, PROMPT, LARGO, TIPODECAMPO, DECIMALES, EDICION, CONTABILIZA, CONCEPTO, CALCULO, VALIDACION, TABLADEVALIDACION, TABLADEAYUDA, OPCIONES, TABLA, CAMPO, BASICO, MASCARA)
VALUES (37148, ' ', 0, 'Departamento Exterior', 'Departamento Exterior', 100, 'A', 0, NULL, 0, 0, 0, 0, 0, 0, 0, 3347, 'DEPARTAMENTO_EXTERIOR', 0, NULL)
GO

INSERT INTO dbo.DICCIONARIO (NUMERODECAMPO, USODELCAMPO, REFERENCIA, DESCRIPCION, PROMPT, LARGO, TIPODECAMPO, DECIMALES, EDICION, CONTABILIZA, CONCEPTO, CALCULO, VALIDACION, TABLADEVALIDACION, TABLADEAYUDA, OPCIONES, TABLA, CAMPO, BASICO, MASCARA)
VALUES (37149, ' ', 0, 'Localidad Exterior', 'Localidad Exterior', 100, 'A', 0, NULL, 0, 0, 0, 0, 0, 0, 0, 3347, 'LOCALIDAD_EXTERIOR', 0, NULL)
GO

-------------------------------------------------------------------------------------------------------------------------------------------------------------------

CREATE VIEW dbo.VW_TELEFONOS  (
	TIPODOCUMENTO,
	NUMERODOCUMENTO,
	TIPO_DOC_FISICO,
	NUM_DOC_FISICO,
	NOMBRE		 ,
	ID           ,
	FORMATO      ,
	DESC_FORMATO ,
	TIPO         ,
	DESC_TIPO    ,
	ORDINAL      ,
	TIPO_CEL_TEL ,
	DESC_TIPO_CEL_TEL,
	NUMERO       
)
AS
 SELECT 
    v.TIPODOCUMENTO,
    v.NUMERODOCUMENTO,
    v.TIPO_DOC_FISICO,
    v.NUM_DOC_FISICO,
 	concat(u.APELLIDOPATERNO,' ',u.PRIMERNOMBRE) AS NOMBRE,
    t.ID,
   	t.FORMATO,
   	(SELECT DESCRIPCION FROM OPCIONES O WHERE O.IDIOMA = 'E' AND O.NUMERODECAMPO = 33426 AND O.OPCIONINTERNA= t.FORMATO) AS DESC_FORMATO,
   	t.TIPO,
   	(SELECT DESCRIPCION FROM OPCIONES O WHERE O.IDIOMA = 'E' AND O.NUMERODECAMPO = 33427 AND O.OPCIONINTERNA= t.TIPO) AS DESC_TIPO,
   	t.ORDINAL,
   	t.TIPO_CEL_TEL,
   	(SELECT DESCRIPCION FROM OPCIONES O WHERE O.IDIOMA = 'E' AND O.NUMERODECAMPO = 33435 AND O.OPCIONINTERNA= t.TIPO_CEL_TEL) AS DESC_TIPO_CEL_TEL,
	t.NUMERO
    
         
   FROM  
      dbo.CLI_TELEFONOS AS T,
      dbo.CLI_PERSONASFISICAS  AS U, 
      dbo.CLI_DOCUMENTOSPFPJ  AS V
      
   WHERE 
      (U.NUMEROPERSONAFISICA = t.ID AND U.NUMEROPERSONAFISICA = V.NUMEROPERSONAFJ) AND 
      ((U.TZ_LOCK < 300000000000000 OR U.TZ_LOCK >= 400000000000000) AND (U.TZ_LOCK < 100000000000000 OR U.TZ_LOCK >= 200000000000000)) AND 
      ((V.TZ_LOCK < 300000000000000 OR V.TZ_LOCK >= 400000000000000) AND (V.TZ_LOCK < 100000000000000 OR V.TZ_LOCK >= 200000000000000)) AND
      ((T.TZ_LOCK < 300000000000000 OR T.TZ_LOCK >= 400000000000000) AND (T.TZ_LOCK < 100000000000000 OR T.TZ_LOCK >= 200000000000000))
UNION ALL
  SELECT 
    v.TIPODOCUMENTO,
    v.NUMERODOCUMENTO,
    v.TIPO_DOC_FISICO,
    v.NUM_DOC_FISICO,
 	j.RAZONSOCIAL AS NOMBRE,
    t.ID,
   	t.FORMATO,
   	(SELECT DESCRIPCION FROM OPCIONES O WHERE O.IDIOMA = 'E' AND O.NUMERODECAMPO = 33426 AND O.OPCIONINTERNA= t.FORMATO) AS DESC_FORMATO,
   	t.TIPO,
   	(SELECT DESCRIPCION FROM OPCIONES O WHERE O.IDIOMA = 'E' AND O.NUMERODECAMPO = 33427 AND O.OPCIONINTERNA= t.TIPO) AS DESC_TIPO,
   	t.ORDINAL,
   	t.TIPO_CEL_TEL,
   	(SELECT DESCRIPCION FROM OPCIONES O WHERE O.IDIOMA = 'E' AND O.NUMERODECAMPO = 33435 AND O.OPCIONINTERNA= t.TIPO_CEL_TEL) AS DESC_TIPO_CEL_TEL,
	t.NUMERO
    
         
   FROM  
      dbo.CLI_TELEFONOS AS T,
      dbo.CLI_PERSONASJURIDICAS  AS J, 
      dbo.CLI_DOCUMENTOSPFPJ  AS V
      
   WHERE 
      (J.NUMEROPERSONAJURIDICA = t.ID AND J.NUMEROPERSONAJURIDICA = V.NUMEROPERSONAFJ) AND 
      ((J.TZ_LOCK < 300000000000000 OR J.TZ_LOCK >= 400000000000000) AND (J.TZ_LOCK < 100000000000000 OR J.TZ_LOCK >= 200000000000000)) AND 
      ((V.TZ_LOCK < 300000000000000 OR V.TZ_LOCK >= 400000000000000) AND (V.TZ_LOCK < 100000000000000 OR V.TZ_LOCK >= 200000000000000)) AND
      ((T.TZ_LOCK < 300000000000000 OR T.TZ_LOCK >= 400000000000000) AND (T.TZ_LOCK < 100000000000000 OR T.TZ_LOCK >= 200000000000000))
GO


INSERT INTO dbo.DESCRIPTORES (TITULO, IDENTIFICACION, TIPODEARCHIVO, DESCRIPCION, GRUPODELMAPA, NOMBREFISICO, TIPODEDBMS, LARGODELREGISTRO, INICIALIZACIONDELREGISTRO, BASE, SELECCION, ACEPTA_MOVS_DIFERIDO)
VALUES (10, 3348, NULL, 'Vista Teléfonos Personas', 0, 'VW_TELEFONOS', 'D', NULL, NULL, 'TOP/CLIENTES', NULL, 'N')
GO

INSERT INTO dbo.INDICES (NUMERODEARCHIVO, NUMERODEINDICE, DESCRIPCION, CLAVESREPETIDAS, CAMPO1, CAMPO2, CAMPO3, CAMPO4, CAMPO5, CAMPO6, CAMPO7, CAMPO8, CAMPO9, CAMPO10, CAMPO11, CAMPO12, CAMPO13, CAMPO14, CAMPO15, CAMPO16, CAMPO17, CAMPO18, CAMPO19, CAMPO20)
VALUES (3348, 1, 'Indice Vista Teléfonos', 0, 37155, 37156, 37158, 37160, NULL, NULL, NULL, NULL, NULL, NULL, NULL, NULL, NULL, NULL, NULL, NULL, NULL, NULL, NULL, NULL)
GO


INSERT INTO dbo.AYUDAS (NUMERODEARCHIVO, NUMERODEAYUDA, DESCRIPCION, FILTRO, MOSTRARTODOS, CAMPOS, CAMPOSVISTA, BASEVISTA, NOMBREVISTA, AYUDAGRANDE)
VALUES (3348, 33481, 'Ayuda Vista Teléfonos Personas', '', 0, '37150;37151;37152;37153;37154;37155R;37156R;37157;37158R;37159;37160R;37161;37162;37163;', NULL, NULL, NULL, 0)
GO

INSERT INTO dbo.DICCIONARIO (NUMERODECAMPO, USODELCAMPO, REFERENCIA, DESCRIPCION, PROMPT, LARGO, TIPODECAMPO, DECIMALES, EDICION, CONTABILIZA, CONCEPTO, CALCULO, VALIDACION, TABLADEVALIDACION, TABLADEAYUDA, OPCIONES, TABLA, CAMPO, BASICO, MASCARA)
VALUES (37150, ' ', 0, 'Tipo de Documento', 'Tipo de Documento', 4, 'A', 0, NULL, 0, 0, 0, 0, 0, 0, 0, 3348, 'TIPODOCUMENTO', 0, NULL)
GO

INSERT INTO dbo.DICCIONARIO (NUMERODECAMPO, USODELCAMPO, REFERENCIA, DESCRIPCION, PROMPT, LARGO, TIPODECAMPO, DECIMALES, EDICION, CONTABILIZA, CONCEPTO, CALCULO, VALIDACION, TABLADEVALIDACION, TABLADEAYUDA, OPCIONES, TABLA, CAMPO, BASICO, MASCARA)
VALUES (37151, ' ', 0, 'Número de Documento', 'Número de Documento', 20, 'A', 0, NULL, 0, 0, 0, 0, 0, 0, 0, 3348, 'NUMERODOCUMENTO', 0, NULL)
GO

INSERT INTO dbo.DICCIONARIO (NUMERODECAMPO, USODELCAMPO, REFERENCIA, DESCRIPCION, PROMPT, LARGO, TIPODECAMPO, DECIMALES, EDICION, CONTABILIZA, CONCEPTO, CALCULO, VALIDACION, TABLADEVALIDACION, TABLADEAYUDA, OPCIONES, TABLA, CAMPO, BASICO, MASCARA)
VALUES (37152, ' ', 0, 'Tipo de Documento Físico', 'Tipo de Documento Físico', 4, 'A', 0, NULL, 0, 0, 0, 0, 0, 0, 0, 3348, 'TIPO_DOC_FISICO', 0, NULL)
GO

INSERT INTO dbo.DICCIONARIO (NUMERODECAMPO, USODELCAMPO, REFERENCIA, DESCRIPCION, PROMPT, LARGO, TIPODECAMPO, DECIMALES, EDICION, CONTABILIZA, CONCEPTO, CALCULO, VALIDACION, TABLADEVALIDACION, TABLADEAYUDA, OPCIONES, TABLA, CAMPO, BASICO, MASCARA)
VALUES (37153, ' ', 0, 'Número de Documento Físico', 'Número de Documento Físico', 20, 'A', 0, NULL, 0, 0, 0, 0, 0, 0, 0, 3348, 'NUM_DOC_FISICO', 0, NULL)
GO

INSERT INTO dbo.DICCIONARIO (NUMERODECAMPO, USODELCAMPO, REFERENCIA, DESCRIPCION, PROMPT, LARGO, TIPODECAMPO, DECIMALES, EDICION, CONTABILIZA, CONCEPTO, CALCULO, VALIDACION, TABLADEVALIDACION, TABLADEAYUDA, OPCIONES, TABLA, CAMPO, BASICO, MASCARA)
VALUES (37154, ' ', 0, 'Nombres y Apellidos / Razón Social', 'Nombres y Apellidos / Razón Social', 70, 'A', 0, NULL, 0, 0, 0, 0, 0, 0, 0, 3348, 'NOMBRE', 0, NULL)
GO

INSERT INTO dbo.DICCIONARIO (NUMERODECAMPO, USODELCAMPO, REFERENCIA, DESCRIPCION, PROMPT, LARGO, TIPODECAMPO, DECIMALES, EDICION, CONTABILIZA, CONCEPTO, CALCULO, VALIDACION, TABLADEVALIDACION, TABLADEAYUDA, OPCIONES, TABLA, CAMPO, BASICO, MASCARA)
VALUES (37155, ' ', 0, 'Id', 'Id', 12, 'N', 0, NULL, 0, 0, 0, 0, 0, 33481, 0, 3348, 'ID', 0, NULL)
GO

INSERT INTO dbo.DICCIONARIO (NUMERODECAMPO, USODELCAMPO, REFERENCIA, DESCRIPCION, PROMPT, LARGO, TIPODECAMPO, DECIMALES, EDICION, CONTABILIZA, CONCEPTO, CALCULO, VALIDACION, TABLADEVALIDACION, TABLADEAYUDA, OPCIONES, TABLA, CAMPO, BASICO, MASCARA)
VALUES (37156, ' ', 0, 'Formato', 'Formato', 2, 'A', 0, NULL, 0, 0, 0, 0, 0, 0, 0, 3348, 'FORMATO', 0, NULL)
GO

INSERT INTO dbo.DICCIONARIO (NUMERODECAMPO, USODELCAMPO, REFERENCIA, DESCRIPCION, PROMPT, LARGO, TIPODECAMPO, DECIMALES, EDICION, CONTABILIZA, CONCEPTO, CALCULO, VALIDACION, TABLADEVALIDACION, TABLADEAYUDA, OPCIONES, TABLA, CAMPO, BASICO, MASCARA)
VALUES (37157, ' ', 0, 'Descripción Formato', 'Descripción Formato', 40, 'A', 0, NULL, 0, 0, 0, 0, 0, 0, 0, 3348, 'DESC_FORMATO', 0, NULL)
GO

INSERT INTO dbo.DICCIONARIO (NUMERODECAMPO, USODELCAMPO, REFERENCIA, DESCRIPCION, PROMPT, LARGO, TIPODECAMPO, DECIMALES, EDICION, CONTABILIZA, CONCEPTO, CALCULO, VALIDACION, TABLADEVALIDACION, TABLADEAYUDA, OPCIONES, TABLA, CAMPO, BASICO, MASCARA)
VALUES (37158, ' ', 0, 'Tipo de Teléfono', 'Tipo de Teléfono', 2, 'A', 0, NULL, 0, 0, 0, 0, 0, 0, 0, 3348, 'TIPO', 0, NULL)
GO

INSERT INTO dbo.DICCIONARIO (NUMERODECAMPO, USODELCAMPO, REFERENCIA, DESCRIPCION, PROMPT, LARGO, TIPODECAMPO, DECIMALES, EDICION, CONTABILIZA, CONCEPTO, CALCULO, VALIDACION, TABLADEVALIDACION, TABLADEAYUDA, OPCIONES, TABLA, CAMPO, BASICO, MASCARA)
VALUES (37159, ' ', 0, 'Descripción del Tipo de Teléfono', 'Descripción del Tipo de Teléfono', 40, 'A', 0, NULL, 0, 0, 0, 0, 0, 0, 0, 3348, 'DESC_TIPO', 0, NULL)
GO

INSERT INTO dbo.DICCIONARIO (NUMERODECAMPO, USODELCAMPO, REFERENCIA, DESCRIPCION, PROMPT, LARGO, TIPODECAMPO, DECIMALES, EDICION, CONTABILIZA, CONCEPTO, CALCULO, VALIDACION, TABLADEVALIDACION, TABLADEAYUDA, OPCIONES, TABLA, CAMPO, BASICO, MASCARA)
VALUES (37160, ' ', 0, 'Ordinal', 'Ordinal', 3, 'N', 0, NULL, 0, 0, 0, 0, 0, 0, 0, 3348, 'ORDINAL', 0, NULL)
GO

INSERT INTO dbo.DICCIONARIO (NUMERODECAMPO, USODELCAMPO, REFERENCIA, DESCRIPCION, PROMPT, LARGO, TIPODECAMPO, DECIMALES, EDICION, CONTABILIZA, CONCEPTO, CALCULO, VALIDACION, TABLADEVALIDACION, TABLADEAYUDA, OPCIONES, TABLA, CAMPO, BASICO, MASCARA)
VALUES (37161, ' ', 0, 'Fijo / Celular', 'Fijo / Celular', 1, 'A', 0, NULL, 0, 0, 0, 0, 0, 0, 0, 3348, 'TIPO_CEL_TEL', 0, NULL)
GO

INSERT INTO dbo.DICCIONARIO (NUMERODECAMPO, USODELCAMPO, REFERENCIA, DESCRIPCION, PROMPT, LARGO, TIPODECAMPO, DECIMALES, EDICION, CONTABILIZA, CONCEPTO, CALCULO, VALIDACION, TABLADEVALIDACION, TABLADEAYUDA, OPCIONES, TABLA, CAMPO, BASICO, MASCARA)
VALUES (37162, ' ', 0, 'Descripción', 'Descripción', 40, 'A', 0, NULL, 0, 0, 0, 0, 0, 0, 0, 3348, 'DESC_TIPO_CEL_TEL', 0, NULL)
GO

INSERT INTO dbo.DICCIONARIO (NUMERODECAMPO, USODELCAMPO, REFERENCIA, DESCRIPCION, PROMPT, LARGO, TIPODECAMPO, DECIMALES, EDICION, CONTABILIZA, CONCEPTO, CALCULO, VALIDACION, TABLADEVALIDACION, TABLADEAYUDA, OPCIONES, TABLA, CAMPO, BASICO, MASCARA)
VALUES (37163, ' ', 0, 'Número', 'Número', 17, 'A', 0, NULL, 0, 0, 0, 0, 0, 0, 0, 3348, 'NUMERO', 0, NULL)
GO

-------------------------------------------------------------------------------------------------------------------------------------------------------------------

CREATE VIEW dbo.VW_EMAILS  (
	TIPODOCUMENTO,
	NUMERODOCUMENTO,
	TIPO_DOC_FISICO,
	NUM_DOC_FISICO,
	NOMBRE		 ,
	ID           ,
	FORMATO      ,
	DESC_FORMATO ,
	TIPO         ,
	DESC_TIPO    ,
	ORDINAL      ,
	EMAIL       
)
AS
 SELECT 
    v.TIPODOCUMENTO,
    v.NUMERODOCUMENTO,
    v.TIPO_DOC_FISICO,
    v.NUM_DOC_FISICO,
 	concat(u.APELLIDOPATERNO,' ',u.PRIMERNOMBRE) AS NOMBRE,
    e.ID,
   	e.FORMATO,
   	(SELECT DESCRIPCION FROM OPCIONES O WHERE O.IDIOMA = 'E' AND O.NUMERODECAMPO = 33460 AND O.OPCIONINTERNA= e.FORMATO) AS DESC_FORMATO,
   	e.TIPO,
   	(SELECT DESCRIPCION FROM OPCIONES O WHERE O.IDIOMA = 'E' AND O.NUMERODECAMPO = 33494 AND O.OPCIONINTERNA= e.TIPO) AS DESC_TIPO,
   	e.ORDINAL,
	e.EMAIL
    
         
   FROM  
      dbo.CLI_EMAILS AS E,
      dbo.CLI_PERSONASFISICAS  AS U, 
      dbo.CLI_DOCUMENTOSPFPJ  AS V
      
   WHERE 
      (U.NUMEROPERSONAFISICA = E.ID AND U.NUMEROPERSONAFISICA = V.NUMEROPERSONAFJ) AND 
      ((U.TZ_LOCK < 300000000000000 OR U.TZ_LOCK >= 400000000000000) AND (U.TZ_LOCK < 100000000000000 OR U.TZ_LOCK >= 200000000000000)) AND 
      ((V.TZ_LOCK < 300000000000000 OR V.TZ_LOCK >= 400000000000000) AND (V.TZ_LOCK < 100000000000000 OR V.TZ_LOCK >= 200000000000000)) AND
      ((E.TZ_LOCK < 300000000000000 OR E.TZ_LOCK >= 400000000000000) AND (E.TZ_LOCK < 100000000000000 OR E.TZ_LOCK >= 200000000000000))
UNION ALL
  SELECT 
    v.TIPODOCUMENTO,
    v.NUMERODOCUMENTO,
    v.TIPO_DOC_FISICO,
    v.NUM_DOC_FISICO,
 	j.RAZONSOCIAL AS NOMBRE,
    e.ID,
   	e.FORMATO,
   	(SELECT DESCRIPCION FROM OPCIONES O WHERE O.IDIOMA = 'E' AND O.NUMERODECAMPO = 33460 AND O.OPCIONINTERNA= e.FORMATO) AS DESC_FORMATO,
   	e.TIPO,
   	(SELECT DESCRIPCION FROM OPCIONES O WHERE O.IDIOMA = 'E' AND O.NUMERODECAMPO = 33494 AND O.OPCIONINTERNA= e.TIPO) AS DESC_TIPO,
   	e.ORDINAL,
	e.EMAIL
    
         
   FROM  
      dbo.CLI_EMAILS AS E,
      dbo.CLI_PERSONASJURIDICAS  AS J, 
      dbo.CLI_DOCUMENTOSPFPJ  AS V
      
   WHERE 
      (J.NUMEROPERSONAJURIDICA = E.ID AND J.NUMEROPERSONAJURIDICA = V.NUMEROPERSONAFJ) AND 
      ((J.TZ_LOCK < 300000000000000 OR J.TZ_LOCK >= 400000000000000) AND (J.TZ_LOCK < 100000000000000 OR J.TZ_LOCK >= 200000000000000)) AND 
      ((V.TZ_LOCK < 300000000000000 OR V.TZ_LOCK >= 400000000000000) AND (V.TZ_LOCK < 100000000000000 OR V.TZ_LOCK >= 200000000000000)) AND
      ((E.TZ_LOCK < 300000000000000 OR E.TZ_LOCK >= 400000000000000) AND (E.TZ_LOCK < 100000000000000 OR E.TZ_LOCK >= 200000000000000))
GO



INSERT INTO dbo.DESCRIPTORES (TITULO, IDENTIFICACION, TIPODEARCHIVO, DESCRIPCION, GRUPODELMAPA, NOMBREFISICO, TIPODEDBMS, LARGODELREGISTRO, INICIALIZACIONDELREGISTRO, BASE, SELECCION, ACEPTA_MOVS_DIFERIDO)
VALUES (10, 3349, NULL, 'Vista Emails Personas', 0, 'VW_EMAILS', 'D', NULL, NULL, 'TOP/CLIENTES', NULL, 'N')
GO


INSERT INTO dbo.INDICES (NUMERODEARCHIVO, NUMERODEINDICE, DESCRIPCION, CLAVESREPETIDAS, CAMPO1, CAMPO2, CAMPO3, CAMPO4, CAMPO5, CAMPO6, CAMPO7, CAMPO8, CAMPO9, CAMPO10, CAMPO11, CAMPO12, CAMPO13, CAMPO14, CAMPO15, CAMPO16, CAMPO17, CAMPO18, CAMPO19, CAMPO20)
VALUES (3349, 1, 'Indice Emails Personas', 0, 37169, 37170, 37172, 37174, NULL, NULL, NULL, NULL, NULL, NULL, NULL, NULL, NULL, NULL, NULL, NULL, NULL, NULL, NULL, NULL)
GO



INSERT INTO dbo.AYUDAS (NUMERODEARCHIVO, NUMERODEAYUDA, DESCRIPCION, FILTRO, MOSTRARTODOS, CAMPOS, CAMPOSVISTA, BASEVISTA, NOMBREVISTA, AYUDAGRANDE)
VALUES (3349, 33491, 'Ayuda Vista Emails Personas', '', 0, '37164;37165;37166;37167;37168;37169R;37170R;37171;37172R;37173;37174R;37175;', NULL, NULL, NULL, 0)
GO

INSERT INTO dbo.DICCIONARIO (NUMERODECAMPO, USODELCAMPO, REFERENCIA, DESCRIPCION, PROMPT, LARGO, TIPODECAMPO, DECIMALES, EDICION, CONTABILIZA, CONCEPTO, CALCULO, VALIDACION, TABLADEVALIDACION, TABLADEAYUDA, OPCIONES, TABLA, CAMPO, BASICO, MASCARA)
VALUES (37164, ' ', 0, 'Tipo de Documento', 'Tipo de Documento', 4, 'A', 0, NULL, 0, 0, 0, 0, 0, 0, 0, 3349, 'TIPODOCUMENTO', 0, NULL)
GO

INSERT INTO dbo.DICCIONARIO (NUMERODECAMPO, USODELCAMPO, REFERENCIA, DESCRIPCION, PROMPT, LARGO, TIPODECAMPO, DECIMALES, EDICION, CONTABILIZA, CONCEPTO, CALCULO, VALIDACION, TABLADEVALIDACION, TABLADEAYUDA, OPCIONES, TABLA, CAMPO, BASICO, MASCARA)
VALUES (37165, ' ', 0, 'Número de Documento', 'Número de Documento', 20, 'A', 0, NULL, 0, 0, 0, 0, 0, 0, 0, 3349, 'NUMERODOCUMENTO', 0, NULL)
GO

INSERT INTO dbo.DICCIONARIO (NUMERODECAMPO, USODELCAMPO, REFERENCIA, DESCRIPCION, PROMPT, LARGO, TIPODECAMPO, DECIMALES, EDICION, CONTABILIZA, CONCEPTO, CALCULO, VALIDACION, TABLADEVALIDACION, TABLADEAYUDA, OPCIONES, TABLA, CAMPO, BASICO, MASCARA)
VALUES (37166, ' ', 0, 'Tipo de Documento Físico', 'Tipo de Documento Físico', 4, 'A', 0, NULL, 0, 0, 0, 0, 0, 0, 0, 3349, 'TIPO_DOC_FISICO', 0, NULL)
GO

INSERT INTO dbo.DICCIONARIO (NUMERODECAMPO, USODELCAMPO, REFERENCIA, DESCRIPCION, PROMPT, LARGO, TIPODECAMPO, DECIMALES, EDICION, CONTABILIZA, CONCEPTO, CALCULO, VALIDACION, TABLADEVALIDACION, TABLADEAYUDA, OPCIONES, TABLA, CAMPO, BASICO, MASCARA)
VALUES (37167, ' ', 0, 'Número de Documento Físico', 'Número de Documento Físico', 20, 'A', 0, NULL, 0, 0, 0, 0, 0, 0, 0, 3349, 'NUM_DOC_FISICO', 0, NULL)
GO

INSERT INTO dbo.DICCIONARIO (NUMERODECAMPO, USODELCAMPO, REFERENCIA, DESCRIPCION, PROMPT, LARGO, TIPODECAMPO, DECIMALES, EDICION, CONTABILIZA, CONCEPTO, CALCULO, VALIDACION, TABLADEVALIDACION, TABLADEAYUDA, OPCIONES, TABLA, CAMPO, BASICO, MASCARA)
VALUES (37168, ' ', 0, 'Nombres y Apellidos / Razón Social', 'Nombres y Apellidos / Razón Social', 70, 'A', 0, NULL, 0, 0, 0, 0, 0, 0, 0, 3349, 'NOMBRE', 0, NULL)
GO

INSERT INTO dbo.DICCIONARIO (NUMERODECAMPO, USODELCAMPO, REFERENCIA, DESCRIPCION, PROMPT, LARGO, TIPODECAMPO, DECIMALES, EDICION, CONTABILIZA, CONCEPTO, CALCULO, VALIDACION, TABLADEVALIDACION, TABLADEAYUDA, OPCIONES, TABLA, CAMPO, BASICO, MASCARA)
VALUES (37169, ' ', 0, 'Id', 'Id', 12, 'N', 0, NULL, 0, 0, 0, 0, 0, 33491, 0, 3349, 'ID', 0, NULL)
GO

INSERT INTO dbo.DICCIONARIO (NUMERODECAMPO, USODELCAMPO, REFERENCIA, DESCRIPCION, PROMPT, LARGO, TIPODECAMPO, DECIMALES, EDICION, CONTABILIZA, CONCEPTO, CALCULO, VALIDACION, TABLADEVALIDACION, TABLADEAYUDA, OPCIONES, TABLA, CAMPO, BASICO, MASCARA)
VALUES (37170, ' ', 0, 'Formato', 'Formato', 2, 'A', 0, NULL, 0, 0, 0, 0, 0, 0, 0, 3349, 'FORMATO', 0, NULL)
GO

INSERT INTO dbo.DICCIONARIO (NUMERODECAMPO, USODELCAMPO, REFERENCIA, DESCRIPCION, PROMPT, LARGO, TIPODECAMPO, DECIMALES, EDICION, CONTABILIZA, CONCEPTO, CALCULO, VALIDACION, TABLADEVALIDACION, TABLADEAYUDA, OPCIONES, TABLA, CAMPO, BASICO, MASCARA)
VALUES (37171, ' ', 0, 'Descripción Formato', 'Descripción Formato', 40, 'A', 0, NULL, 0, 0, 0, 0, 0, 0, 0, 3349, 'DESC_FORMATO', 0, NULL)
GO

INSERT INTO dbo.DICCIONARIO (NUMERODECAMPO, USODELCAMPO, REFERENCIA, DESCRIPCION, PROMPT, LARGO, TIPODECAMPO, DECIMALES, EDICION, CONTABILIZA, CONCEPTO, CALCULO, VALIDACION, TABLADEVALIDACION, TABLADEAYUDA, OPCIONES, TABLA, CAMPO, BASICO, MASCARA)
VALUES (37172, ' ', 0, 'Tipo de Email', 'Tipo de Email', 2, 'A', 0, NULL, 0, 0, 0, 0, 0, 0, 0, 3349, 'TIPO', 0, NULL)
GO

INSERT INTO dbo.DICCIONARIO (NUMERODECAMPO, USODELCAMPO, REFERENCIA, DESCRIPCION, PROMPT, LARGO, TIPODECAMPO, DECIMALES, EDICION, CONTABILIZA, CONCEPTO, CALCULO, VALIDACION, TABLADEVALIDACION, TABLADEAYUDA, OPCIONES, TABLA, CAMPO, BASICO, MASCARA)
VALUES (37173, ' ', 0, 'Descripción del Tipo de Email', 'Descripción del Tipo de Email', 40, 'A', 0, NULL, 0, 0, 0, 0, 0, 0, 0, 3349, 'DESC_TIPO', 0, NULL)
GO

INSERT INTO dbo.DICCIONARIO (NUMERODECAMPO, USODELCAMPO, REFERENCIA, DESCRIPCION, PROMPT, LARGO, TIPODECAMPO, DECIMALES, EDICION, CONTABILIZA, CONCEPTO, CALCULO, VALIDACION, TABLADEVALIDACION, TABLADEAYUDA, OPCIONES, TABLA, CAMPO, BASICO, MASCARA)
VALUES (37174, ' ', 0, 'Ordinal', 'Ordinal', 3, 'N', 0, NULL, 0, 0, 0, 0, 0, 0, 0, 3349, 'ORDINAL', 0, NULL)
GO

INSERT INTO dbo.DICCIONARIO (NUMERODECAMPO, USODELCAMPO, REFERENCIA, DESCRIPCION, PROMPT, LARGO, TIPODECAMPO, DECIMALES, EDICION, CONTABILIZA, CONCEPTO, CALCULO, VALIDACION, TABLADEVALIDACION, TABLADEAYUDA, OPCIONES, TABLA, CAMPO, BASICO, MASCARA)
VALUES (37175, ' ', 0, 'Email', 'Email', 250, 'A', 0, NULL, 0, 0, 0, 0, 0, 0, 0, 3349, 'EMAIL', 0, NULL)
GO
