--------------------------------------------------------------------------------------------------------------------------------
-- Diccionario                                                                                                                --
--------------------------------------------------------------------------------------------------------------------------------

-- Tablas ----------------------------------------------------------------------------------------------------------------------

-- CLI_Vinculos_Primarios
insert into DESCRIPTORES (TITULO, IDENTIFICACION, DESCRIPCION, NOMBREFISICO, TIPODEDBMS, BASE)
values                   (10, 3601, 'Vínculos primarios', 'CLI_VINCULOS_PRIMARIOS', 'D', 'Top/Clientes');
insert into DICCIONARIO  (NUMERODECAMPO, USODELCAMPO, REFERENCIA, DESCRIPCION, PROMPT, TIPODECAMPO, LARGO, DECIMALES, EDICION, CONTABILIZA, CONCEPTO, CALCULO, VALIDACION, TABLADEVALIDACION, TABLADEAYUDA, OPCIONES, TABLA, CAMPO, BASICO, MASCARA)
values                   (36001, ' ', 0, 'Vínculo primario', 'Id', 'N', 3, 0, NULL, 0, 0, 0, 0, 0, 0, 0, 3601, 'ID', 0, NULL);
insert into DICCIONARIO  (NUMERODECAMPO, USODELCAMPO, REFERENCIA, DESCRIPCION, PROMPT, TIPODECAMPO, LARGO, DECIMALES, EDICION, CONTABILIZA, CONCEPTO, CALCULO, VALIDACION, TABLADEVALIDACION, TABLADEAYUDA, OPCIONES, TABLA, CAMPO, BASICO, MASCARA)
values                   (36002, ' ', 0, 'Descripción', 'Descripción', 'A', 80, 0, NULL, 0, 0, 0, 0, 0, 0, 0, 3601, 'DESCRIPCION', 0, NULL);
insert into DICCIONARIO  (NUMERODECAMPO, USODELCAMPO, REFERENCIA, DESCRIPCION, PROMPT, TIPODECAMPO, LARGO, DECIMALES, EDICION, CONTABILIZA, CONCEPTO, CALCULO, VALIDACION, TABLADEVALIDACION, TABLADEAYUDA, OPCIONES, TABLA, CAMPO, BASICO, MASCARA)
values                   (36003, ' ', 0, 'Tipo de vínculo', 'Tipo', 'A', 1, 0, NULL, 0, 0, 0, 0, 0, 0, 1, 3601, 'TIPO', 0, '>');
insert into OPCIONES     (NUMERODECAMPO, IDIOMA, DESCRIPCION, OPCIONINTERNA, OPCIONDEPANTALLA)
values                   (36003, 'E', 'Directo', 'D', 'D');
insert into OPCIONES     (NUMERODECAMPO, IDIOMA, DESCRIPCION, OPCIONINTERNA, OPCIONDEPANTALLA)
values                   (36003, 'E', 'Indirecto', 'I', 'I');
insert into OPCIONES     (NUMERODECAMPO, IDIOMA, DESCRIPCION, OPCIONINTERNA, OPCIONDEPANTALLA)
values                   (36003, 'E', 'Común', 'C', 'C');
insert into INDICES      (NUMERODEARCHIVO, NUMERODEINDICE, DESCRIPCION, CLAVESREPETIDAS, CAMPO1)
values                   (3601, 1, 'PK_CLI_VINCULOS_PRIMARIOS', 0, 36001);
insert into AYUDAS       (NUMERODEARCHIVO, NUMERODEAYUDA, DESCRIPCION, FILTRO, MOSTRARTODOS, CAMPOS, CAMPOSVISTA, BASEVISTA, NOMBREVISTA, AYUDAGRANDE)
values                   (3601, 36011, 'Vínculos primarios', NULL, 0, '36001R;36002;36003;', NULL, NULL, NULL, 0);
update DICCIONARIO       set TABLADEAYUDA = 36011 where NUMERODECAMPO = 36001;
go

-- CLI_Vinculos_Secundarios
insert into DESCRIPTORES (TITULO, IDENTIFICACION, DESCRIPCION, NOMBREFISICO, TIPODEDBMS, BASE)
values                   (10, 3602, 'Vínculos Secundarios', 'CLI_VINCULOS_SECUNDARIOS', 'D', 'Top/Clientes');
insert into DICCIONARIO  (NUMERODECAMPO, USODELCAMPO, REFERENCIA, DESCRIPCION, PROMPT, TIPODECAMPO, LARGO, DECIMALES, EDICION, CONTABILIZA, CONCEPTO, CALCULO, VALIDACION, TABLADEVALIDACION, TABLADEAYUDA, OPCIONES, TABLA, CAMPO, BASICO, MASCARA)
values                   (36004, ' ', 0, 'Vínculo secundario', 'Id', 'N', 3, 0, NULL, 0, 0, 0, 0, 0, 0, 0, 3602, 'ID', 0, NULL);
insert into DICCIONARIO  (NUMERODECAMPO, USODELCAMPO, REFERENCIA, DESCRIPCION, PROMPT, TIPODECAMPO, LARGO, DECIMALES, EDICION, CONTABILIZA, CONCEPTO, CALCULO, VALIDACION, TABLADEVALIDACION, TABLADEAYUDA, OPCIONES, TABLA, CAMPO, BASICO, MASCARA)
values                   (36005, ' ', 0, 'Descripción', 'Descripción', 'A', 80, 0, NULL, 0, 0, 0, 0, 0, 0, 0, 3602, 'DESCRIPCION', 0, NULL);
insert into DICCIONARIO  (NUMERODECAMPO, USODELCAMPO, REFERENCIA, DESCRIPCION, PROMPT, TIPODECAMPO, LARGO, DECIMALES, EDICION, CONTABILIZA, CONCEPTO, CALCULO, VALIDACION, TABLADEVALIDACION, TABLADEAYUDA, OPCIONES, TABLA, CAMPO, BASICO, MASCARA)
values                   (36006, ' ', 0, 'Tipo de vínculo', 'Tipo', 'A', 1, 0, NULL, 0, 0, 0, 0, 0, 0, 1, 3602, 'TIPO', 0, '>');
insert into OPCIONES     (NUMERODECAMPO, IDIOMA, DESCRIPCION, OPCIONINTERNA, OPCIONDEPANTALLA)
values                   (36006, 'E', 'Directo', 'D', 'D');
insert into OPCIONES     (NUMERODECAMPO, IDIOMA, DESCRIPCION, OPCIONINTERNA, OPCIONDEPANTALLA)
values                   (36006, 'E', 'Indirecto', 'I', 'I');
insert into OPCIONES     (NUMERODECAMPO, IDIOMA, DESCRIPCION, OPCIONINTERNA, OPCIONDEPANTALLA)
values                   (36006, 'E', 'Común', 'C', 'C');
insert into DICCIONARIO  (NUMERODECAMPO, USODELCAMPO, REFERENCIA, DESCRIPCION, PROMPT, TIPODECAMPO, LARGO, DECIMALES, EDICION, CONTABILIZA, CONCEPTO, CALCULO, VALIDACION, TABLADEVALIDACION, TABLADEAYUDA, OPCIONES, TABLA, CAMPO, BASICO, MASCARA)
values                   (36007, ' ', 0, 'Modalidad', 'Modalidad', 'A', 1, 0, NULL, 0, 0, 0, 0, 0, 0, 1, 3602, 'MODALIDAD', 0, '>');
insert into OPCIONES     (NUMERODECAMPO, IDIOMA, DESCRIPCION, OPCIONINTERNA, OPCIONDEPANTALLA)
values                   (36007, 'E', 'Interna', 'I', 'I');
insert into OPCIONES     (NUMERODECAMPO, IDIOMA, DESCRIPCION, OPCIONINTERNA, OPCIONDEPANTALLA)
values                   (36007, 'E', 'Externa', 'E', 'E');
insert into OPCIONES     (NUMERODECAMPO, IDIOMA, DESCRIPCION, OPCIONINTERNA, OPCIONDEPANTALLA)
values                   (36007, 'E', 'Mixta', 'M', 'M');
insert into DICCIONARIO  (NUMERODECAMPO, USODELCAMPO, REFERENCIA, DESCRIPCION, PROMPT, TIPODECAMPO, LARGO, DECIMALES, EDICION, CONTABILIZA, CONCEPTO, CALCULO, VALIDACION, TABLADEVALIDACION, TABLADEAYUDA, OPCIONES, TABLA, CAMPO, BASICO, MASCARA)
values                   (36008, ' ', 0, 'Vigencia desde desvinculación', 'Vigencia', 'N', 2, 0, NULL, 0, 0, 0, 0, 0, 0, 0, 3602, 'VIGENCIA', 0, NULL);
insert into INDICES      (NUMERODEARCHIVO, NUMERODEINDICE, DESCRIPCION, CLAVESREPETIDAS, CAMPO1)
values                   (3602, 1, 'PK_CLI_VIN_SECUNDARIOS', 0, 36004);
insert into AYUDAS       (NUMERODEARCHIVO, NUMERODEAYUDA, DESCRIPCION, FILTRO, MOSTRARTODOS, CAMPOS, CAMPOSVISTA, BASEVISTA, NOMBREVISTA, AYUDAGRANDE)
values                   (3602, 36021, 'Vínculos secundarios', NULL, 0, '36004R;36005;36006;36007;36008;', NULL, NULL, NULL, 0);
update DICCIONARIO       set TABLADEAYUDA = 36021 where NUMERODECAMPO = 36004;
go

-- CLI_Roles
insert into DESCRIPTORES (TITULO, IDENTIFICACION, DESCRIPCION, NOMBREFISICO, TIPODEDBMS, BASE)
values                   (10, 3603, 'Roles', 'CLI_ROLES', 'D', 'Top/Clientes');
insert into DICCIONARIO  (NUMERODECAMPO, USODELCAMPO, REFERENCIA, DESCRIPCION, PROMPT, TIPODECAMPO, LARGO, DECIMALES, EDICION, CONTABILIZA, CONCEPTO, CALCULO, VALIDACION, TABLADEVALIDACION, TABLADEAYUDA, OPCIONES, TABLA, CAMPO, BASICO, MASCARA)
values                   (36009, ' ', 0, 'Rol', 'Id', 'N', 3, 0, NULL, 0, 0, 0, 0, 0, 0, 0, 3603, 'ID', 0, NULL);
insert into DICCIONARIO  (NUMERODECAMPO, USODELCAMPO, REFERENCIA, DESCRIPCION, PROMPT, TIPODECAMPO, LARGO, DECIMALES, EDICION, CONTABILIZA, CONCEPTO, CALCULO, VALIDACION, TABLADEVALIDACION, TABLADEAYUDA, OPCIONES, TABLA, CAMPO, BASICO, MASCARA)
values                   (36010, ' ', 0, 'Descripción', 'Descripción', 'A', 80, 0, NULL, 0, 0, 0, 0, 0, 0, 0, 3603, 'DESCRIPCION', 0, NULL);
insert into DICCIONARIO  (NUMERODECAMPO, USODELCAMPO, REFERENCIA, DESCRIPCION, PROMPT, TIPODECAMPO, LARGO, DECIMALES, EDICION, CONTABILIZA, CONCEPTO, CALCULO, VALIDACION, TABLADEVALIDACION, TABLADEAYUDA, OPCIONES, TABLA, CAMPO, BASICO, MASCARA)
values                   (36011, ' ', 0, 'Tipo de rol', 'Tipo rol', 'N', 2, 0, NULL, 0, 0, 0, 0, 0, 0, 1, 3603, 'TIPO_ROL', 0, NULL);
insert into OPCIONES     (NUMERODECAMPO, IDIOMA, DESCRIPCION, OPCIONINTERNA, OPCIONDEPANTALLA)
values                   (36011, 'E', 'Control', '1', '1');
insert into OPCIONES     (NUMERODECAMPO, IDIOMA, DESCRIPCION, OPCIONINTERNA, OPCIONDEPANTALLA)
values                   (36011, 'E', 'Funcional directivo', '2', '2');
insert into OPCIONES     (NUMERODECAMPO, IDIOMA, DESCRIPCION, OPCIONINTERNA, OPCIONDEPANTALLA)
values                   (36011, 'E', 'Funcional gerencial', '3', '3');
insert into OPCIONES     (NUMERODECAMPO, IDIOMA, DESCRIPCION, OPCIONINTERNA, OPCIONDEPANTALLA)
values                   (36011, 'E', 'Consanguinidad', '4', '4');
insert into OPCIONES     (NUMERODECAMPO, IDIOMA, DESCRIPCION, OPCIONINTERNA, OPCIONDEPANTALLA)
values                   (36011, 'E', 'Afinidad', '5', '5');
insert into DICCIONARIO  (NUMERODECAMPO, USODELCAMPO, REFERENCIA, DESCRIPCION, PROMPT, TIPODECAMPO, LARGO, DECIMALES, EDICION, CONTABILIZA, CONCEPTO, CALCULO, VALIDACION, TABLADEVALIDACION, TABLADEAYUDA, OPCIONES, TABLA, CAMPO, BASICO, MASCARA)
values                   (36012, ' ', 0, 'Tipo de persona', 'Tipo persona', 'A', 1, 0, NULL, 0, 0, 0, 0, 0, 0, 1, 3603, 'TIPO_PERSONA', 0, '>');
insert into OPCIONES     (NUMERODECAMPO, IDIOMA, DESCRIPCION, OPCIONINTERNA, OPCIONDEPANTALLA)
values                   (36012, 'E', 'Física', 'F', 'F');
insert into OPCIONES     (NUMERODECAMPO, IDIOMA, DESCRIPCION, OPCIONINTERNA, OPCIONDEPANTALLA)
values                   (36012, 'E', 'Jurídica', 'J', 'J');
insert into OPCIONES     (NUMERODECAMPO, IDIOMA, DESCRIPCION, OPCIONINTERNA, OPCIONDEPANTALLA)
values                   (36012, 'E', 'Institución Financiera', 'I', 'I');
insert into DICCIONARIO  (NUMERODECAMPO, USODELCAMPO, REFERENCIA, DESCRIPCION, PROMPT, TIPODECAMPO, LARGO, DECIMALES, EDICION, CONTABILIZA, CONCEPTO, CALCULO, VALIDACION, TABLADEVALIDACION, TABLADEAYUDA, OPCIONES, TABLA, CAMPO, BASICO, MASCARA)
values                   (36013, ' ', 0, 'Grado', 'Grado', 'N', 1, 0, NULL, 0, 0, 0, 0, 0, 0, 0, 3603, 'GRADO', 0, NULL);
insert into DICCIONARIO  (NUMERODECAMPO, USODELCAMPO, REFERENCIA, DESCRIPCION, PROMPT, TIPODECAMPO, LARGO, DECIMALES, EDICION, CONTABILIZA, CONCEPTO, CALCULO, VALIDACION, TABLADEVALIDACION, TABLADEAYUDA, OPCIONES, TABLA, CAMPO, BASICO, MASCARA)
values                   (36014, ' ', 0, 'Grupo primario', 'Grupo primario', 'A', 1, 0, NULL, 0, 0, 0, 0, 0, 0, 1, 3603, 'GRUPO_PRIMARIO', 0, '>');
insert into OPCIONES     (NUMERODECAMPO, IDIOMA, DESCRIPCION, OPCIONINTERNA, OPCIONDEPANTALLA)
values                   (36014, 'E', 'Si', 'S', 'S');
insert into OPCIONES     (NUMERODECAMPO, IDIOMA, DESCRIPCION, OPCIONINTERNA, OPCIONDEPANTALLA)
values                   (36014, 'E', 'No', 'N', 'N');
insert into DICCIONARIO  (NUMERODECAMPO, USODELCAMPO, REFERENCIA, DESCRIPCION, PROMPT, TIPODECAMPO, LARGO, DECIMALES, EDICION, CONTABILIZA, CONCEPTO, CALCULO, VALIDACION, TABLADEVALIDACION, TABLADEAYUDA, OPCIONES, TABLA, CAMPO, BASICO, MASCARA)
values                   (36015, ' ', 0, 'Cantidad de asignaciones posibles', 'Cantidad', 'N', 2, 0, NULL, 0, 0, 0, 0, 0, 0, 0, 3603, 'CANTIDAD', 0, NULL);
insert into INDICES      (NUMERODEARCHIVO, NUMERODEINDICE, DESCRIPCION, CLAVESREPETIDAS, CAMPO1)
values                   (3603, 1, 'PK_CLI_ROLES', 0, 36009);
insert into AYUDAS       (NUMERODEARCHIVO, NUMERODEAYUDA, DESCRIPCION, FILTRO, MOSTRARTODOS, CAMPOS, CAMPOSVISTA, BASEVISTA, NOMBREVISTA, AYUDAGRANDE)
values                   (3603, 36031, 'Roles', NULL, 0, '36009R;36010;36011;36012;36013;36014;36015;', NULL, NULL, NULL, 0);
update DICCIONARIO       set TABLADEAYUDA = 36031 where NUMERODECAMPO = 36009;
go

-- CLI_Vinculos
insert into DESCRIPTORES (TITULO, IDENTIFICACION, DESCRIPCION, NOMBREFISICO, TIPODEDBMS, BASE)
values                   (10, 3604, 'Vínculos', 'CLI_VINCULOS', 'D', 'Top/Clientes');
insert into DICCIONARIO  (NUMERODECAMPO, USODELCAMPO, REFERENCIA, DESCRIPCION, PROMPT, TIPODECAMPO, LARGO, DECIMALES, EDICION, CONTABILIZA, CONCEPTO, CALCULO, VALIDACION, TABLADEVALIDACION, TABLADEAYUDA, OPCIONES, TABLA, CAMPO, BASICO, MASCARA)
values                   (36016, ' ', 0, 'Vínculo', 'Id', 'A', 2, 0, NULL, 0, 0, 0, 0, 0, 0, 0, 3604, 'ID', 0, '>');
insert into DICCIONARIO  (NUMERODECAMPO, USODELCAMPO, REFERENCIA, DESCRIPCION, PROMPT, TIPODECAMPO, LARGO, DECIMALES, EDICION, CONTABILIZA, CONCEPTO, CALCULO, VALIDACION, TABLADEVALIDACION, TABLADEAYUDA, OPCIONES, TABLA, CAMPO, BASICO, MASCARA)
values                   (36017, ' ', 0, 'Descripción', 'Descripción', 'A', 80, 0, NULL, 0, 0, 0, 0, 0, 0, 0, 3604, 'DESCRIPCION', 0, NULL);
insert into DICCIONARIO  (NUMERODECAMPO, USODELCAMPO, REFERENCIA, DESCRIPCION, PROMPT, TIPODECAMPO, LARGO, DECIMALES, EDICION, CONTABILIZA, CONCEPTO, CALCULO, VALIDACION, TABLADEVALIDACION, TABLADEAYUDA, OPCIONES, TABLA, CAMPO, BASICO, MASCARA)
values                   (36018, ' ', 0, 'Vínculo primario', 'V. Primario', 'N', 3, 0, NULL, 0, 0, 0, 0, 0, 0, 0, 3604, 'VINCULO_PRIMARIO', 0, NULL);
insert into DICCIONARIO  (NUMERODECAMPO, USODELCAMPO, REFERENCIA, DESCRIPCION, PROMPT, TIPODECAMPO, LARGO, DECIMALES, EDICION, CONTABILIZA, CONCEPTO, CALCULO, VALIDACION, TABLADEVALIDACION, TABLADEAYUDA, OPCIONES, TABLA, CAMPO, BASICO, MASCARA)
values                   (36019, ' ', 0, 'Vínculo secundario', 'V. Secundario', 'N', 3, 0, NULL, 0, 0, 0, 0, 0, 0, 0, 3604, 'VINCULO_SECUNDARIO', 0, NULL);
insert into DICCIONARIO  (NUMERODECAMPO, USODELCAMPO, REFERENCIA, DESCRIPCION, PROMPT, TIPODECAMPO, LARGO, DECIMALES, EDICION, CONTABILIZA, CONCEPTO, CALCULO, VALIDACION, TABLADEVALIDACION, TABLADEAYUDA, OPCIONES, TABLA, CAMPO, BASICO, MASCARA)
values                   (36020, ' ', 0, 'Tipo de rol', 'Tipo rol', 'N', 2, 0, NULL, 0, 0, 0, 0, 0, 0, 1, 3604, 'TIPO_ROL', 0, NULL);
insert into OPCIONES     (NUMERODECAMPO, IDIOMA, DESCRIPCION, OPCIONINTERNA, OPCIONDEPANTALLA)
values                   (36020, 'E', 'Control', '1', '1');
insert into OPCIONES     (NUMERODECAMPO, IDIOMA, DESCRIPCION, OPCIONINTERNA, OPCIONDEPANTALLA)
values                   (36020, 'E', 'Funcional directivo', '2', '2');
insert into OPCIONES     (NUMERODECAMPO, IDIOMA, DESCRIPCION, OPCIONINTERNA, OPCIONDEPANTALLA)
values                   (36020, 'E', 'Funcional gerencial', '3', '3');
insert into OPCIONES     (NUMERODECAMPO, IDIOMA, DESCRIPCION, OPCIONINTERNA, OPCIONDEPANTALLA)
values                   (36020, 'E', 'Consanguinidad', '4', '4');
insert into OPCIONES     (NUMERODECAMPO, IDIOMA, DESCRIPCION, OPCIONINTERNA, OPCIONDEPANTALLA)
values                   (36020, 'E', 'Afinidad', '5', '5');
insert into DICCIONARIO  (NUMERODECAMPO, USODELCAMPO, REFERENCIA, DESCRIPCION, PROMPT, TIPODECAMPO, LARGO, DECIMALES, EDICION, CONTABILIZA, CONCEPTO, CALCULO, VALIDACION, TABLADEVALIDACION, TABLADEAYUDA, OPCIONES, TABLA, CAMPO, BASICO, MASCARA)
values                   (36021, ' ', 0, 'Nivel mínimo de apertura', 'Nivel apertura', 'N', 1, 0, NULL, 0, 0, 0, 0, 0, 0, 1, 3604, 'NIVEL_MINIMO_APERTURA', 0, NULL);
insert into OPCIONES     (NUMERODECAMPO, IDIOMA, DESCRIPCION, OPCIONINTERNA, OPCIONDEPANTALLA)
values                   (36021, 'E', 'Nivel registro', '0', '0');
insert into OPCIONES     (NUMERODECAMPO, IDIOMA, DESCRIPCION, OPCIONINTERNA, OPCIONDEPANTALLA)
values                   (36021, 'E', 'No nivel registro', '1', '1');
insert into INDICES      (NUMERODEARCHIVO, NUMERODEINDICE, DESCRIPCION, CLAVESREPETIDAS, CAMPO1)
values                   (3604, 1, 'PK_CLI_VINCULOS', 0, 36016);
insert into AYUDAS       (NUMERODEARCHIVO, NUMERODEAYUDA, DESCRIPCION, FILTRO, MOSTRARTODOS, CAMPOS, CAMPOSVISTA, BASEVISTA, NOMBREVISTA, AYUDAGRANDE)
values                   (3604, 36041, 'Vínculos', NULL, 0, '36016R;36017;36018;36019;36020;36021;', NULL, NULL, NULL, 0);
update DICCIONARIO       set TABLADEAYUDA = 36041 where NUMERODECAMPO = 36016;
go

-- CLI_Vinculaciones
insert into DESCRIPTORES (TITULO, IDENTIFICACION, DESCRIPCION, NOMBREFISICO, TIPODEDBMS, BASE)
values                   (10, 3605, 'Vinculaciones', 'CLI_VINCULACIONES', 'D', 'Top/Clientes');
insert into DICCIONARIO  (NUMERODECAMPO, USODELCAMPO, REFERENCIA, DESCRIPCION, PROMPT, TIPODECAMPO, LARGO, DECIMALES, EDICION, CONTABILIZA, CONCEPTO, CALCULO, VALIDACION, TABLADEVALIDACION, TABLADEAYUDA, OPCIONES, TABLA, CAMPO, BASICO, MASCARA)
values                   (36022, ' ', 0, 'Numerador vinculaciones', 'Id', 'N', 12, 0, NULL, 0, 19, 0, 0, 0, 0, 0, 0, NULL, 0, NULL);
insert into DICCIONARIO  (NUMERODECAMPO, USODELCAMPO, REFERENCIA, DESCRIPCION, PROMPT, TIPODECAMPO, LARGO, DECIMALES, EDICION, CONTABILIZA, CONCEPTO, CALCULO, VALIDACION, TABLADEVALIDACION, TABLADEAYUDA, OPCIONES, TABLA, CAMPO, BASICO, MASCARA)
values                   (36023, ' ', 0, 'Vínculación', 'Id', 'N', 16, 0, NULL, 0, 0, 0, 0, 0, 0, 0, 3605, 'ID', 0, NULL);
insert into DICCIONARIO  (NUMERODECAMPO, USODELCAMPO, REFERENCIA, DESCRIPCION, PROMPT, TIPODECAMPO, LARGO, DECIMALES, EDICION, CONTABILIZA, CONCEPTO, CALCULO, VALIDACION, TABLADEVALIDACION, TABLADEAYUDA, OPCIONES, TABLA, CAMPO, BASICO, MASCARA)
values                   (36024, ' ', 0, 'Tipo de persona vinculante', 'Tipo persona', 'A', 1, 0, NULL, 0, 0, 0, 0, 0, 0, 1, 3605, 'TIPO_PERSONA_VINCULANTE', 0, NULL);
insert into OPCIONES     (NUMERODECAMPO, IDIOMA, DESCRIPCION, OPCIONINTERNA, OPCIONDEPANTALLA)
values                   (36024, 'E', 'Física', 'F', 'F');
insert into OPCIONES     (NUMERODECAMPO, IDIOMA, DESCRIPCION, OPCIONINTERNA, OPCIONDEPANTALLA)
values                   (36024, 'E', 'Jurídica', 'J', 'J');
insert into OPCIONES     (NUMERODECAMPO, IDIOMA, DESCRIPCION, OPCIONINTERNA, OPCIONDEPANTALLA)
values                   (36024, 'E', 'Institución Financiera', 'I', 'I');
insert into DICCIONARIO  (NUMERODECAMPO, USODELCAMPO, REFERENCIA, DESCRIPCION, PROMPT, TIPODECAMPO, LARGO, DECIMALES, EDICION, CONTABILIZA, CONCEPTO, CALCULO, VALIDACION, TABLADEVALIDACION, TABLADEAYUDA, OPCIONES, TABLA, CAMPO, BASICO, MASCARA)
values                   (36025, ' ', 0, 'Persona vinculante', 'P. Vinculante', 'N', 12, 0, NULL, 0, 0, 0, 0, 0, 0, 0, 3605, 'PERSONA_VINCULANTE', 0, NULL);
insert into DICCIONARIO  (NUMERODECAMPO, USODELCAMPO, REFERENCIA, DESCRIPCION, PROMPT, TIPODECAMPO, LARGO, DECIMALES, EDICION, CONTABILIZA, CONCEPTO, CALCULO, VALIDACION, TABLADEVALIDACION, TABLADEAYUDA, OPCIONES, TABLA, CAMPO, BASICO, MASCARA)
values                   (36026, ' ', 0, 'Tipo de persona vinculada', 'Tipo persona', 'A', 1, 0, NULL, 0, 0, 0, 0, 0, 0, 1, 3605, 'TIPO_PERSONA_VINCULADA', 0, NULL);
insert into OPCIONES     (NUMERODECAMPO, IDIOMA, DESCRIPCION, OPCIONINTERNA, OPCIONDEPANTALLA)
values                   (36026, 'E', 'Física', 'F', 'F');
insert into OPCIONES     (NUMERODECAMPO, IDIOMA, DESCRIPCION, OPCIONINTERNA, OPCIONDEPANTALLA)
values                   (36026, 'E', 'Jurídica', 'J', 'J');
insert into OPCIONES     (NUMERODECAMPO, IDIOMA, DESCRIPCION, OPCIONINTERNA, OPCIONDEPANTALLA)
values                   (36026, 'E', 'Institución Financiera', 'I', 'I');
insert into DICCIONARIO  (NUMERODECAMPO, USODELCAMPO, REFERENCIA, DESCRIPCION, PROMPT, TIPODECAMPO, LARGO, DECIMALES, EDICION, CONTABILIZA, CONCEPTO, CALCULO, VALIDACION, TABLADEVALIDACION, TABLADEAYUDA, OPCIONES, TABLA, CAMPO, BASICO, MASCARA)
values                   (36027, ' ', 0, 'Persona vinculada', 'P. Vinculada', 'N', 12, 0, NULL, 0, 0, 0, 0, 0, 0, 0, 3605, 'PERSONA_VINCULADA', 0, NULL);
insert into DICCIONARIO  (NUMERODECAMPO, USODELCAMPO, REFERENCIA, DESCRIPCION, PROMPT, TIPODECAMPO, LARGO, DECIMALES, EDICION, CONTABILIZA, CONCEPTO, CALCULO, VALIDACION, TABLADEVALIDACION, TABLADEAYUDA, OPCIONES, TABLA, CAMPO, BASICO, MASCARA)
values                   (36028, ' ', 0, 'Rol', 'Rol', 'N', 3, 0, NULL, 0, 0, 0, 0, 0, 0, 0, 3605, 'ROL', 0, NULL);
insert into DICCIONARIO  (NUMERODECAMPO, USODELCAMPO, REFERENCIA, DESCRIPCION, PROMPT, TIPODECAMPO, LARGO, DECIMALES, EDICION, CONTABILIZA, CONCEPTO, CALCULO, VALIDACION, TABLADEVALIDACION, TABLADEAYUDA, OPCIONES, TABLA, CAMPO, BASICO, MASCARA)
values                   (36029, ' ', 0, 'Vínculo', 'Vínculo', 'A', 2, 0, NULL, 0, 0, 0, 0, 0, 0, 0, 3605, 'VINCULO', 0, NULL);
insert into DICCIONARIO  (NUMERODECAMPO, USODELCAMPO, REFERENCIA, DESCRIPCION, PROMPT, TIPODECAMPO, LARGO, DECIMALES, EDICION, CONTABILIZA, CONCEPTO, CALCULO, VALIDACION, TABLADEVALIDACION, TABLADEAYUDA, OPCIONES, TABLA, CAMPO, BASICO, MASCARA)
values                   (36030, ' ', 0, 'Grupo primario', 'Grupo primario', 'A', 1, 0, NULL, 0, 0, 0, 0, 0, 0, 1, 3605, 'GRUPO_PRIMARIO', 0, '>');
insert into OPCIONES     (NUMERODECAMPO, IDIOMA, DESCRIPCION, OPCIONINTERNA, OPCIONDEPANTALLA)
values                   (36030, 'E', 'Si', 'S', 'S');
insert into OPCIONES     (NUMERODECAMPO, IDIOMA, DESCRIPCION, OPCIONINTERNA, OPCIONDEPANTALLA)
values                   (36030, 'E', 'No', 'N', 'N');
insert into DICCIONARIO  (NUMERODECAMPO, USODELCAMPO, REFERENCIA, DESCRIPCION, PROMPT, TIPODECAMPO, LARGO, DECIMALES, EDICION, CONTABILIZA, CONCEPTO, CALCULO, VALIDACION, TABLADEVALIDACION, TABLADEAYUDA, OPCIONES, TABLA, CAMPO, BASICO, MASCARA)
values                   (36031, ' ', 0, 'Fecha de inicio', 'Fecha inicio', 'F', 8, 0, 'F', 0, 0, 0, 0, 0, 0, 0, 3605, 'FECHA_INICIO', 0, NULL);
insert into DICCIONARIO  (NUMERODECAMPO, USODELCAMPO, REFERENCIA, DESCRIPCION, PROMPT, TIPODECAMPO, LARGO, DECIMALES, EDICION, CONTABILIZA, CONCEPTO, CALCULO, VALIDACION, TABLADEVALIDACION, TABLADEAYUDA, OPCIONES, TABLA, CAMPO, BASICO, MASCARA)
values                   (36032, ' ', 0, 'Fecha de fin', 'Fecha fin', 'F', 8, 0, 'F', 0, 0, 0, 0, 0, 0, 0, 3605, 'FECHA_FIN', 0, NULL);
insert into DICCIONARIO  (NUMERODECAMPO, USODELCAMPO, REFERENCIA, DESCRIPCION, PROMPT, TIPODECAMPO, LARGO, DECIMALES, EDICION, CONTABILIZA, CONCEPTO, CALCULO, VALIDACION, TABLADEVALIDACION, TABLADEAYUDA, OPCIONES, TABLA, CAMPO, BASICO, MASCARA)
values                   (36033, ' ', 0, 'Registro', 'Registro', 'A', 1, 0, NULL, 0, 0, 0, 0, 0, 0, 1, 3605, 'REGISTRO', 0, '>');
insert into OPCIONES     (NUMERODECAMPO, IDIOMA, DESCRIPCION, OPCIONINTERNA, OPCIONDEPANTALLA)
values                   (36033, 'E', 'Clientes', 'C', 'C');
insert into OPCIONES     (NUMERODECAMPO, IDIOMA, DESCRIPCION, OPCIONINTERNA, OPCIONDEPANTALLA)
values                   (36033, 'E', 'Vinculados', 'V', 'V');
insert into INDICES      (NUMERODEARCHIVO, NUMERODEINDICE, DESCRIPCION, CLAVESREPETIDAS, CAMPO1)
values                   (3605, 1, 'PK_CLI_VINCULACIONES', 0, 36023);
insert into INDICES      (NUMERODEARCHIVO, NUMERODEINDICE, DESCRIPCION, CLAVESREPETIDAS, CAMPO1, CAMPO2)
values                   (3605, 2, 'IX_VINCULANTE_ROL', 0, 36025, 36028);
insert into INDICES      (NUMERODEARCHIVO, NUMERODEINDICE, DESCRIPCION, CLAVESREPETIDAS, CAMPO1, CAMPO2)
values                   (3605, 3, 'IX_VINCULANTE_VINCULADO', 0, 36025, 36027);
insert into AYUDAS       (NUMERODEARCHIVO, NUMERODEAYUDA, DESCRIPCION, FILTRO, MOSTRARTODOS, CAMPOS, CAMPOSVISTA, BASEVISTA, NOMBREVISTA, AYUDAGRANDE)
values                   (3605, 36051, 'Vinculaciones', NULL, 0, '36023R;36024;36025;36026;36027;36028;36029;36030;36031;36032;', NULL, NULL, NULL, 0);
update DICCIONARIO       set TABLADEAYUDA = 36051 where NUMERODECAMPO = 36023;
update NUMERATORVALUES   set VALOR = (select isnull(max(ID),0) + 1 from CLI_VINCULACIONES) where NUMERO = 36022;
go

-- CLI_Riesgos_Crediticios
insert into DESCRIPTORES (TITULO, IDENTIFICACION, DESCRIPCION, NOMBREFISICO, TIPODEDBMS, BASE)
values                   (10, 3606, 'Riesgos crediticios', 'CLI_RIESGOS_CREDITICIOS', 'D', 'Top/Clientes');
insert into DICCIONARIO  (NUMERODECAMPO, USODELCAMPO, REFERENCIA, DESCRIPCION, PROMPT, TIPODECAMPO, LARGO, DECIMALES, EDICION, CONTABILIZA, CONCEPTO, CALCULO, VALIDACION, TABLADEVALIDACION, TABLADEAYUDA, OPCIONES, TABLA, CAMPO, BASICO, MASCARA)
values                   (36034, ' ', 0, 'Vínculación', 'Id', 'N', 16, 0, NULL, 0, 0, 0, 0, 0, 0, 0, 3606, 'ID', 0, NULL);
insert into DICCIONARIO  (NUMERODECAMPO, USODELCAMPO, REFERENCIA, DESCRIPCION, PROMPT, TIPODECAMPO, LARGO, DECIMALES, EDICION, CONTABILIZA, CONCEPTO, CALCULO, VALIDACION, TABLADEVALIDACION, TABLADEAYUDA, OPCIONES, TABLA, CAMPO, BASICO, MASCARA)
values                   (36035, ' ', 0, 'Deuda', 'Deuda', 'N', 15, 2, NULL, 0, 0, 0, 0, 0, 0, 0, 3606, 'DEUDA', 0, NULL);
insert into DICCIONARIO  (NUMERODECAMPO, USODELCAMPO, REFERENCIA, DESCRIPCION, PROMPT, TIPODECAMPO, LARGO, DECIMALES, EDICION, CONTABILIZA, CONCEPTO, CALCULO, VALIDACION, TABLADEVALIDACION, TABLADEAYUDA, OPCIONES, TABLA, CAMPO, BASICO, MASCARA)
values                   (36036, ' ', 0, 'Fecha de inicio', 'Fecha inicio', 'F', 8, 0, 'F', 0, 0, 0, 0, 0, 0, 0, 3606, 'FECHA_INICIO', 0, NULL);
insert into DICCIONARIO  (NUMERODECAMPO, USODELCAMPO, REFERENCIA, DESCRIPCION, PROMPT, TIPODECAMPO, LARGO, DECIMALES, EDICION, CONTABILIZA, CONCEPTO, CALCULO, VALIDACION, TABLADEVALIDACION, TABLADEAYUDA, OPCIONES, TABLA, CAMPO, BASICO, MASCARA)
values                   (36037, ' ', 0, 'Fecha de fin', 'Fecha fin', 'F', 8, 0, 'F', 0, 0, 0, 0, 0, 0, 0, 3606, 'FECHA_FIN', 0, NULL);
insert into DICCIONARIO  (NUMERODECAMPO, USODELCAMPO, REFERENCIA, DESCRIPCION, PROMPT, TIPODECAMPO, LARGO, DECIMALES, EDICION, CONTABILIZA, CONCEPTO, CALCULO, VALIDACION, TABLADEVALIDACION, TABLADEAYUDA, OPCIONES, TABLA, CAMPO, BASICO, MASCARA)
values                   (36038, ' ', 0, 'Fecha de desvinculación final', 'Fecha desv', 'F', 8, 0, 'F', 0, 0, 0, 0, 0, 0, 0, 3606, 'FECHA_DESVINCULACION', 0, NULL);
insert into DICCIONARIO  (NUMERODECAMPO, USODELCAMPO, REFERENCIA, DESCRIPCION, PROMPT, TIPODECAMPO, LARGO, DECIMALES, EDICION, CONTABILIZA, CONCEPTO, CALCULO, VALIDACION, TABLADEVALIDACION, TABLADEAYUDA, OPCIONES, TABLA, CAMPO, BASICO, MASCARA)
values                   (36039, ' ', 0, 'Actualización', 'Actualización', 'A', 1, 0, NULL, 0, 0, 0, 0, 0, 0, 1, 3606, 'ACTUALIZACION', 0, NULL);
insert into OPCIONES     (NUMERODECAMPO, IDIOMA, DESCRIPCION, OPCIONINTERNA, OPCIONDEPANTALLA)
values                   (36039, 'E', 'Automática', 'A', 'A');
insert into OPCIONES     (NUMERODECAMPO, IDIOMA, DESCRIPCION, OPCIONINTERNA, OPCIONDEPANTALLA)
values                   (36039, 'E', 'Manual', 'M', 'M');
insert into INDICES      (NUMERODEARCHIVO, NUMERODEINDICE, DESCRIPCION, CLAVESREPETIDAS, CAMPO1)
values                   (3606, 1, 'PK_CLI_RIESGOS_CREDITICIOS', 0, 36034);
insert into AYUDAS       (NUMERODEARCHIVO, NUMERODEAYUDA, DESCRIPCION, FILTRO, MOSTRARTODOS, CAMPOS, CAMPOSVISTA, BASEVISTA, NOMBREVISTA, AYUDAGRANDE)
values                   (3606, 36061, 'Riesgos crediticios', NULL, 0, '36034R;36035;36036;36037;36038;36039;', NULL, NULL, NULL, 0);
update DICCIONARIO       set TABLADEAYUDA = 36061 where NUMERODECAMPO = 36034;
go

-- CLI_Vinculados_Juridicos
insert into DESCRIPTORES (TITULO, IDENTIFICACION, DESCRIPCION, NOMBREFISICO, TIPODEDBMS, BASE)
values                   (10, 3610, 'Vinculados jurídicos', 'CLI_VINCULADOSJURIDICOS', 'D', 'Top/Clientes');
insert into DICCIONARIO  (NUMERODECAMPO, USODELCAMPO, REFERENCIA, DESCRIPCION, PROMPT, TIPODECAMPO, LARGO, DECIMALES, EDICION, CONTABILIZA, CONCEPTO, CALCULO, VALIDACION, TABLADEVALIDACION, TABLADEAYUDA, OPCIONES, TABLA, CAMPO, BASICO, MASCARA)
values                   (36065, ' ', 0, 'Numerador vinculados juridicos', 'Id', 'N', 12, 0, NULL, 0, 19, 0, 0, 0, 0, 0, 0, NULL, 0, NULL);
insert into DICCIONARIO  (NUMERODECAMPO, USODELCAMPO, REFERENCIA, DESCRIPCION, PROMPT, TIPODECAMPO, LARGO, DECIMALES, EDICION, CONTABILIZA, CONCEPTO, CALCULO, VALIDACION, TABLADEVALIDACION, TABLADEAYUDA, OPCIONES, TABLA, CAMPO, BASICO, MASCARA)
values                   (36066, ' ', 0, 'Número persona', 'Número persona jurídica', 'N', 12, 0, NULL, 0, 0, 0, 0, 0, 0, 0, 3610, 'NUMEROPERSONAJURIDICA', 0, '>');
insert into DICCIONARIO  (NUMERODECAMPO, USODELCAMPO, REFERENCIA, DESCRIPCION, PROMPT, TIPODECAMPO, LARGO, DECIMALES, EDICION, CONTABILIZA, CONCEPTO, CALCULO, VALIDACION, TABLADEVALIDACION, TABLADEAYUDA, OPCIONES, TABLA, CAMPO, BASICO, MASCARA)
values                   (36067, ' ', 0, 'Tipo de documento', 'Tipo documento', 'A', 4, 0, NULL, 0, 0, 0, 0, 0, 0, 0, 3610, 'TIPODOCUMENTO', 0, NULL);
insert into DICCIONARIO  (NUMERODECAMPO, USODELCAMPO, REFERENCIA, DESCRIPCION, PROMPT, TIPODECAMPO, LARGO, DECIMALES, EDICION, CONTABILIZA, CONCEPTO, CALCULO, VALIDACION, TABLADEVALIDACION, TABLADEAYUDA, OPCIONES, TABLA, CAMPO, BASICO, MASCARA)
values                   (36068, ' ', 0, 'Número de documento', 'Número documento', 'A', 20, 0, NULL, 0, 0, 0, 0, 0, 0, 0, 3610, 'NUMERODOCUMENTO', 0, NULL);
insert into DICCIONARIO  (NUMERODECAMPO, USODELCAMPO, REFERENCIA, DESCRIPCION, PROMPT, TIPODECAMPO, LARGO, DECIMALES, EDICION, CONTABILIZA, CONCEPTO, CALCULO, VALIDACION, TABLADEVALIDACION, TABLADEAYUDA, OPCIONES, TABLA, CAMPO, BASICO, MASCARA)
values                   (36069, ' ', 0, 'Razón social', 'Razón social', 'A', 70, 0, NULL, 0, 0, 0, 0, 0, 0, 0, 3610, 'RAZONSOCIAL', 0, NULL);
insert into DICCIONARIO  (NUMERODECAMPO, USODELCAMPO, REFERENCIA, DESCRIPCION, PROMPT, TIPODECAMPO, LARGO, DECIMALES, EDICION, CONTABILIZA, CONCEPTO, CALCULO, VALIDACION, TABLADEVALIDACION, TABLADEAYUDA, OPCIONES, TABLA, CAMPO, BASICO, MASCARA)
values                   (36070, ' ', 0, 'Tipo de persona', 'Tipo persona', 'A', 1, 0, NULL, 0, 0, 0, 0, 0, 0, 1, 3610, 'TIPO_PERSONA', 0, '>');
insert into OPCIONES     (NUMERODECAMPO, IDIOMA, DESCRIPCION, OPCIONINTERNA, OPCIONDEPANTALLA)
values                   (36070, 'E', 'Jurídica', 'J', 'J');
insert into OPCIONES     (NUMERODECAMPO, IDIOMA, DESCRIPCION, OPCIONINTERNA, OPCIONDEPANTALLA)
values                   (36070, 'E', 'Institución Financiera', 'I', 'I');
insert into INDICES      (NUMERODEARCHIVO, NUMERODEINDICE, DESCRIPCION, CLAVESREPETIDAS, CAMPO1)
values                   (3610, 1, 'PK_CLI_VINCULADOSJURIDICOS', 0, 36066);
insert into AYUDAS       (NUMERODEARCHIVO, NUMERODEAYUDA, DESCRIPCION, FILTRO, MOSTRARTODOS, CAMPOS, CAMPOSVISTA, BASEVISTA, NOMBREVISTA, AYUDAGRANDE)
values                   (3610, 36101, 'Vinculados jurídicos', NULL, 0, '36066R;36067;36068;36069;', NULL, NULL, NULL, 0);
update DICCIONARIO       set TABLADEAYUDA = 36101 where NUMERODECAMPO = 36066;
update NUMERATORVALUES   set VALOR = (select isnull(max(NUMEROPERSONAJURIDICA),0) + 1 from CLI_VINCULADOSJURIDICOS) where NUMERO = 36065;
go

-- Vistas ----------------------------------------------------------------------------------------------------------------------

-- VW_Vinculaciones
insert into DESCRIPTORES (TITULO, IDENTIFICACION, DESCRIPCION, NOMBREFISICO, TIPODEDBMS, BASE)
values                   (10, 3607, 'VW Vinculaciones', 'VW_VINCULACIONES', 'D', 'Top/Clientes');
insert into DICCIONARIO  (NUMERODECAMPO, USODELCAMPO, REFERENCIA, DESCRIPCION, PROMPT, TIPODECAMPO, LARGO, DECIMALES, EDICION, CONTABILIZA, CONCEPTO, CALCULO, VALIDACION, TABLADEVALIDACION, TABLADEAYUDA, OPCIONES, TABLA, CAMPO, BASICO, MASCARA)
values                   (36040, ' ', 0, 'Vínculación', 'Id', 'N', 16, 0, NULL, 0, 0, 0, 0, 0, 0, 0, 3607, 'ID', 0, NULL);
insert into DICCIONARIO  (NUMERODECAMPO, USODELCAMPO, REFERENCIA, DESCRIPCION, PROMPT, TIPODECAMPO, LARGO, DECIMALES, EDICION, CONTABILIZA, CONCEPTO, CALCULO, VALIDACION, TABLADEVALIDACION, TABLADEAYUDA, OPCIONES, TABLA, CAMPO, BASICO, MASCARA)
values                   (36041, ' ', 0, 'Tipo de persona vinculante', 'TP Vinculante', 'A', 1, 0, NULL, 0, 0, 0, 0, 0, 0, 1, 3607, 'TP_VINCULANTE', 0, NULL);
insert into OPCIONES     (NUMERODECAMPO, IDIOMA, DESCRIPCION, OPCIONINTERNA, OPCIONDEPANTALLA)
values                   (36041, 'E', 'Física', 'F', 'F');
insert into OPCIONES     (NUMERODECAMPO, IDIOMA, DESCRIPCION, OPCIONINTERNA, OPCIONDEPANTALLA)
values                   (36041, 'E', 'Jurídica', 'J', 'J');
insert into OPCIONES     (NUMERODECAMPO, IDIOMA, DESCRIPCION, OPCIONINTERNA, OPCIONDEPANTALLA)
values                   (36041, 'E', 'Institución Financiera', 'I', 'I');
insert into DICCIONARIO  (NUMERODECAMPO, USODELCAMPO, REFERENCIA, DESCRIPCION, PROMPT, TIPODECAMPO, LARGO, DECIMALES, EDICION, CONTABILIZA, CONCEPTO, CALCULO, VALIDACION, TABLADEVALIDACION, TABLADEAYUDA, OPCIONES, TABLA, CAMPO, BASICO, MASCARA)
values                   (36042, ' ', 0, 'Tipo de documento vinculante', 'TD Vinculante', 'A', 4, 0, NULL, 0, 0, 0, 0, 0, 0, 0, 3607, 'TD_VINCULANTE', 0, NULL);
insert into DICCIONARIO  (NUMERODECAMPO, USODELCAMPO, REFERENCIA, DESCRIPCION, PROMPT, TIPODECAMPO, LARGO, DECIMALES, EDICION, CONTABILIZA, CONCEPTO, CALCULO, VALIDACION, TABLADEVALIDACION, TABLADEAYUDA, OPCIONES, TABLA, CAMPO, BASICO, MASCARA)
values                   (36043, ' ', 0, 'Número de documento vinculante', 'DOC Vinculante', 'A', 20, 0, NULL, 0, 0, 0, 0, 0, 0, 0, 3607, 'DOC_VINCULANTE', 0, NULL);
insert into DICCIONARIO  (NUMERODECAMPO, USODELCAMPO, REFERENCIA, DESCRIPCION, PROMPT, TIPODECAMPO, LARGO, DECIMALES, EDICION, CONTABILIZA, CONCEPTO, CALCULO, VALIDACION, TABLADEVALIDACION, TABLADEAYUDA, OPCIONES, TABLA, CAMPO, BASICO, MASCARA)
values                   (36044, ' ', 0, 'Persona vinculante', 'Vinculante', 'A', 70, 0, NULL, 0, 0, 0, 0, 0, 0, 0, 3607, 'VINCULANTE', 0, NULL);
insert into DICCIONARIO  (NUMERODECAMPO, USODELCAMPO, REFERENCIA, DESCRIPCION, PROMPT, TIPODECAMPO, LARGO, DECIMALES, EDICION, CONTABILIZA, CONCEPTO, CALCULO, VALIDACION, TABLADEVALIDACION, TABLADEAYUDA, OPCIONES, TABLA, CAMPO, BASICO, MASCARA)
values                   (36045, ' ', 0, 'Tipo de persona vinculada', 'TP Vinculado', 'A', 1, 0, NULL, 0, 0, 0, 0, 0, 0, 1, 3607, 'TP_VINCULADO', 0, NULL);
insert into OPCIONES     (NUMERODECAMPO, IDIOMA, DESCRIPCION, OPCIONINTERNA, OPCIONDEPANTALLA)
values                   (36045, 'E', 'Física', 'F', 'F');
insert into OPCIONES     (NUMERODECAMPO, IDIOMA, DESCRIPCION, OPCIONINTERNA, OPCIONDEPANTALLA)
values                   (36045, 'E', 'Jurídica', 'J', 'J');
insert into OPCIONES     (NUMERODECAMPO, IDIOMA, DESCRIPCION, OPCIONINTERNA, OPCIONDEPANTALLA)
values                   (36045, 'E', 'Institución Financiera', 'I', 'I');
insert into DICCIONARIO  (NUMERODECAMPO, USODELCAMPO, REFERENCIA, DESCRIPCION, PROMPT, TIPODECAMPO, LARGO, DECIMALES, EDICION, CONTABILIZA, CONCEPTO, CALCULO, VALIDACION, TABLADEVALIDACION, TABLADEAYUDA, OPCIONES, TABLA, CAMPO, BASICO, MASCARA)
values                   (36046, ' ', 0, 'Tipo de documento vinculado', 'TD Vinculado', 'A', 4, 0, NULL, 0, 0, 0, 0, 0, 0, 0, 3607, 'TD_VINCULADO', 0, NULL);
insert into DICCIONARIO  (NUMERODECAMPO, USODELCAMPO, REFERENCIA, DESCRIPCION, PROMPT, TIPODECAMPO, LARGO, DECIMALES, EDICION, CONTABILIZA, CONCEPTO, CALCULO, VALIDACION, TABLADEVALIDACION, TABLADEAYUDA, OPCIONES, TABLA, CAMPO, BASICO, MASCARA)
values                   (36047, ' ', 0, 'Número de documento vinculado', 'DOC Vinculado', 'A', 20, 0, NULL, 0, 0, 0, 0, 0, 0, 0, 3607, 'DOC_VINCULADO', 0, NULL);
insert into DICCIONARIO  (NUMERODECAMPO, USODELCAMPO, REFERENCIA, DESCRIPCION, PROMPT, TIPODECAMPO, LARGO, DECIMALES, EDICION, CONTABILIZA, CONCEPTO, CALCULO, VALIDACION, TABLADEVALIDACION, TABLADEAYUDA, OPCIONES, TABLA, CAMPO, BASICO, MASCARA)
values                   (36048, ' ', 0, 'Persona vinculada', 'Vinculado', 'A', 70, 0, NULL, 0, 0, 0, 0, 0, 0, 0, 3607, 'VINCULADO', 0, NULL);
insert into DICCIONARIO  (NUMERODECAMPO, USODELCAMPO, REFERENCIA, DESCRIPCION, PROMPT, TIPODECAMPO, LARGO, DECIMALES, EDICION, CONTABILIZA, CONCEPTO, CALCULO, VALIDACION, TABLADEVALIDACION, TABLADEAYUDA, OPCIONES, TABLA, CAMPO, BASICO, MASCARA)
values                   (36049, ' ', 0, 'Rol', 'Rol', 'N', 3, 0, NULL, 0, 0, 0, 0, 0, 0, 0, 3607, 'ROL', 0, NULL);
insert into DICCIONARIO  (NUMERODECAMPO, USODELCAMPO, REFERENCIA, DESCRIPCION, PROMPT, TIPODECAMPO, LARGO, DECIMALES, EDICION, CONTABILIZA, CONCEPTO, CALCULO, VALIDACION, TABLADEVALIDACION, TABLADEAYUDA, OPCIONES, TABLA, CAMPO, BASICO, MASCARA)
values                   (36050, ' ', 0, 'Vínculo', 'Vínculo', 'A', 2, 0, NULL, 0, 0, 0, 0, 0, 0, 0, 3607, 'VINCULO', 0, NULL);
insert into DICCIONARIO  (NUMERODECAMPO, USODELCAMPO, REFERENCIA, DESCRIPCION, PROMPT, TIPODECAMPO, LARGO, DECIMALES, EDICION, CONTABILIZA, CONCEPTO, CALCULO, VALIDACION, TABLADEVALIDACION, TABLADEAYUDA, OPCIONES, TABLA, CAMPO, BASICO, MASCARA)
values                   (36051, ' ', 0, 'Modalidad', 'Modalidad', 'A', 1, 0, NULL, 0, 0, 0, 0, 0, 0, 1, 3607, 'MODALIDAD', 0, '>');
insert into OPCIONES     (NUMERODECAMPO, IDIOMA, DESCRIPCION, OPCIONINTERNA, OPCIONDEPANTALLA)
values                   (36051, 'E', 'Intena', 'I', 'I');
insert into OPCIONES     (NUMERODECAMPO, IDIOMA, DESCRIPCION, OPCIONINTERNA, OPCIONDEPANTALLA)
values                   (36051, 'E', 'Externa', 'E', 'E');
insert into OPCIONES     (NUMERODECAMPO, IDIOMA, DESCRIPCION, OPCIONINTERNA, OPCIONDEPANTALLA)
values                   (36051, 'E', 'Mixta', 'M', 'M');
insert into DICCIONARIO  (NUMERODECAMPO, USODELCAMPO, REFERENCIA, DESCRIPCION, PROMPT, TIPODECAMPO, LARGO, DECIMALES, EDICION, CONTABILIZA, CONCEPTO, CALCULO, VALIDACION, TABLADEVALIDACION, TABLADEAYUDA, OPCIONES, TABLA, CAMPO, BASICO, MASCARA)
values                   (36052, ' ', 0, 'Grupo primario', 'Grupo primario', 'A', 1, 0, NULL, 0, 0, 0, 0, 0, 0, 1, 3607, 'GRUPO_PRIMARIO', 0, '>');
insert into OPCIONES     (NUMERODECAMPO, IDIOMA, DESCRIPCION, OPCIONINTERNA, OPCIONDEPANTALLA)
values                   (36052, 'E', 'Si', 'S', 'S');
insert into OPCIONES     (NUMERODECAMPO, IDIOMA, DESCRIPCION, OPCIONINTERNA, OPCIONDEPANTALLA)
values                   (36052, 'E', 'No', 'N', 'N');
insert into INDICES      (NUMERODEARCHIVO, NUMERODEINDICE, DESCRIPCION, CLAVESREPETIDAS, CAMPO1)
values                   (3607, 1, 'PK_VW_VINCULACIONES', 0, 36040);
insert into AYUDAS       (NUMERODEARCHIVO, NUMERODEAYUDA, DESCRIPCION, FILTRO, MOSTRARTODOS, CAMPOS, CAMPOSVISTA, BASEVISTA, NOMBREVISTA, AYUDAGRANDE)
values                   (3607, 36071, 'Vinculaciones', NULL, 0, '36041;36042;36043;36044;36045;36046;36047;36048;36049;36050;36051I;36052;36040R;', NULL, NULL, NULL, 0);
update DICCIONARIO       set TABLADEAYUDA = 36071 where NUMERODECAMPO = 36040;
go

-- VW_Vinculados
insert into DESCRIPTORES (TITULO, IDENTIFICACION, DESCRIPCION, NOMBREFISICO, TIPODEDBMS, BASE)
values                   (10, 3608, 'VW Vinculados', 'VW_VINCULADOS', 'D', 'Top/Clientes');
insert into DICCIONARIO  (NUMERODECAMPO, USODELCAMPO, REFERENCIA, DESCRIPCION, PROMPT, TIPODECAMPO, LARGO, DECIMALES, EDICION, CONTABILIZA, CONCEPTO, CALCULO, VALIDACION, TABLADEVALIDACION, TABLADEAYUDA, OPCIONES, TABLA, CAMPO, BASICO, MASCARA)
values                   (36053, ' ', 0, 'Persona vinculada', 'P. Vinculada', 'N', 12, 0, NULL, 0, 0, 0, 0, 0, 0, 0, 3608, 'PERSONA_VINCULADA', 0, NULL);
insert into DICCIONARIO  (NUMERODECAMPO, USODELCAMPO, REFERENCIA, DESCRIPCION, PROMPT, TIPODECAMPO, LARGO, DECIMALES, EDICION, CONTABILIZA, CONCEPTO, CALCULO, VALIDACION, TABLADEVALIDACION, TABLADEAYUDA, OPCIONES, TABLA, CAMPO, BASICO, MASCARA)
values                   (36054, ' ', 0, 'Tipo de vínculo', 'Tipo', 'A', 1, 0, NULL, 0, 0, 0, 0, 0, 0, 1, 3608, 'TIPO', 0, '>');
insert into OPCIONES     (NUMERODECAMPO, IDIOMA, DESCRIPCION, OPCIONINTERNA, OPCIONDEPANTALLA)
values                   (36054, 'E', 'Directo', 'D', 'D');
insert into OPCIONES     (NUMERODECAMPO, IDIOMA, DESCRIPCION, OPCIONINTERNA, OPCIONDEPANTALLA)
values                   (36054, 'E', 'Indirecto', 'I', 'I');
insert into DICCIONARIO  (NUMERODECAMPO, USODELCAMPO, REFERENCIA, DESCRIPCION, PROMPT, TIPODECAMPO, LARGO, DECIMALES, EDICION, CONTABILIZA, CONCEPTO, CALCULO, VALIDACION, TABLADEVALIDACION, TABLADEAYUDA, OPCIONES, TABLA, CAMPO, BASICO, MASCARA)
values                   (36055, ' ', 0, 'Tipo de rol', 'Tipo rol', 'N', 2, 0, NULL, 0, 0, 0, 0, 0, 0, 1, 3608, 'TIPO_ROL', 0, NULL);
insert into OPCIONES     (NUMERODECAMPO, IDIOMA, DESCRIPCION, OPCIONINTERNA, OPCIONDEPANTALLA)
values                   (36055, 'E', 'Control', '1', '1');
insert into OPCIONES     (NUMERODECAMPO, IDIOMA, DESCRIPCION, OPCIONINTERNA, OPCIONDEPANTALLA)
values                   (36055, 'E', 'Funcional directivo', '2', '2');
insert into OPCIONES     (NUMERODECAMPO, IDIOMA, DESCRIPCION, OPCIONINTERNA, OPCIONDEPANTALLA)
values                   (36055, 'E', 'Funcional gerencial', '3', '3');
insert into OPCIONES     (NUMERODECAMPO, IDIOMA, DESCRIPCION, OPCIONINTERNA, OPCIONDEPANTALLA)
values                   (36055, 'E', 'Consanguinidad', '4', '4');
insert into OPCIONES     (NUMERODECAMPO, IDIOMA, DESCRIPCION, OPCIONINTERNA, OPCIONDEPANTALLA)
values                   (36055, 'E', 'Afinidad', '5', '5');
insert into DICCIONARIO  (NUMERODECAMPO, USODELCAMPO, REFERENCIA, DESCRIPCION, PROMPT, TIPODECAMPO, LARGO, DECIMALES, EDICION, CONTABILIZA, CONCEPTO, CALCULO, VALIDACION, TABLADEVALIDACION, TABLADEAYUDA, OPCIONES, TABLA, CAMPO, BASICO, MASCARA)
values                   (36056, ' ', 0, 'Fecha de inicio', 'Fecha inicio', 'F', 8, 0, 'F', 0, 0, 0, 0, 0, 0, 0, 3608, 'FECHA_INICIO', 0, NULL);
insert into DICCIONARIO  (NUMERODECAMPO, USODELCAMPO, REFERENCIA, DESCRIPCION, PROMPT, TIPODECAMPO, LARGO, DECIMALES, EDICION, CONTABILIZA, CONCEPTO, CALCULO, VALIDACION, TABLADEVALIDACION, TABLADEAYUDA, OPCIONES, TABLA, CAMPO, BASICO, MASCARA)
values                   (36057, ' ', 0, 'Fecha de fin', 'Fecha fin', 'F', 8, 0, 'F', 0, 0, 0, 0, 0, 0, 0, 3608, 'FECHA_FIN', 0, NULL);
insert into INDICES      (NUMERODEARCHIVO, NUMERODEINDICE, DESCRIPCION, CLAVESREPETIDAS, CAMPO1)
values                   (3608, 1, 'PK_VW_VINCULADOS', 0, 36053);
insert into AYUDAS       (NUMERODEARCHIVO, NUMERODEAYUDA, DESCRIPCION, FILTRO, MOSTRARTODOS, CAMPOS, CAMPOSVISTA, BASEVISTA, NOMBREVISTA, AYUDAGRANDE)
values                   (3608, 36081, 'Vinculados', NULL, 0, '36053R;36054;36055;36056;36057;', NULL, NULL, NULL, 0);
update DICCIONARIO       set TABLADEAYUDA = 36081 where NUMERODECAMPO = 36053;
go

-- VW_Vinculos
insert into DESCRIPTORES (TITULO, IDENTIFICACION, DESCRIPCION, NOMBREFISICO, TIPODEDBMS, BASE)
values                   (10, 3609, 'VW Vínculos', 'VW_VINCULOS', 'D', 'Top/Clientes');
insert into DICCIONARIO  (NUMERODECAMPO, USODELCAMPO, REFERENCIA, DESCRIPCION, PROMPT, TIPODECAMPO, LARGO, DECIMALES, EDICION, CONTABILIZA, CONCEPTO, CALCULO, VALIDACION, TABLADEVALIDACION, TABLADEAYUDA, OPCIONES, TABLA, CAMPO, BASICO, MASCARA)
values                   (36058, ' ', 0, 'Vínculo', 'Id', 'A', 2, 0, NULL, 0, 0, 0, 0, 0, 0, 0, 3609, 'ID', 0, '>');
insert into DICCIONARIO  (NUMERODECAMPO, USODELCAMPO, REFERENCIA, DESCRIPCION, PROMPT, TIPODECAMPO, LARGO, DECIMALES, EDICION, CONTABILIZA, CONCEPTO, CALCULO, VALIDACION, TABLADEVALIDACION, TABLADEAYUDA, OPCIONES, TABLA, CAMPO, BASICO, MASCARA)
values                   (36059, ' ', 0, 'Descripción', 'Descripción', 'A', 80, 0, NULL, 0, 0, 0, 0, 0, 0, 0, 3609, 'DESCRIPCION', 0, NULL);
insert into DICCIONARIO  (NUMERODECAMPO, USODELCAMPO, REFERENCIA, DESCRIPCION, PROMPT, TIPODECAMPO, LARGO, DECIMALES, EDICION, CONTABILIZA, CONCEPTO, CALCULO, VALIDACION, TABLADEVALIDACION, TABLADEAYUDA, OPCIONES, TABLA, CAMPO, BASICO, MASCARA)
values                   (36060, ' ', 0, 'Tipo', 'Tipo', 'A', 1, 0, NULL, 0, 0, 0, 0, 0, 0, 1, 3609, 'TIPO', 0, NULL);
insert into OPCIONES     (NUMERODECAMPO, IDIOMA, DESCRIPCION, OPCIONINTERNA, OPCIONDEPANTALLA)
values                   (36060, 'E', 'Directo', 'D', 'D');
insert into OPCIONES     (NUMERODECAMPO, IDIOMA, DESCRIPCION, OPCIONINTERNA, OPCIONDEPANTALLA)
values                   (36060, 'E', 'Indirecto', 'I', 'I');
insert into DICCIONARIO  (NUMERODECAMPO, USODELCAMPO, REFERENCIA, DESCRIPCION, PROMPT, TIPODECAMPO, LARGO, DECIMALES, EDICION, CONTABILIZA, CONCEPTO, CALCULO, VALIDACION, TABLADEVALIDACION, TABLADEAYUDA, OPCIONES, TABLA, CAMPO, BASICO, MASCARA)
values                   (36061, ' ', 0, 'Tipo de rol', 'Tipo rol', 'N', 2, 0, NULL, 0, 0, 0, 0, 0, 0, 1, 3609, 'TIPO_ROL', 0, NULL);
insert into OPCIONES     (NUMERODECAMPO, IDIOMA, DESCRIPCION, OPCIONINTERNA, OPCIONDEPANTALLA)
values                   (36061, 'E', 'Control', '1', '1');
insert into OPCIONES     (NUMERODECAMPO, IDIOMA, DESCRIPCION, OPCIONINTERNA, OPCIONDEPANTALLA)
values                   (36061, 'E', 'Funcional directivo', '2', '2');
insert into OPCIONES     (NUMERODECAMPO, IDIOMA, DESCRIPCION, OPCIONINTERNA, OPCIONDEPANTALLA)
values                   (36061, 'E', 'Funcional gerencial', '3', '3');
insert into OPCIONES     (NUMERODECAMPO, IDIOMA, DESCRIPCION, OPCIONINTERNA, OPCIONDEPANTALLA)
values                   (36061, 'E', 'Consanguinidad', '4', '4');
insert into OPCIONES     (NUMERODECAMPO, IDIOMA, DESCRIPCION, OPCIONINTERNA, OPCIONDEPANTALLA)
values                   (36061, 'E', 'Afinidad', '5', '5');
insert into DICCIONARIO  (NUMERODECAMPO, USODELCAMPO, REFERENCIA, DESCRIPCION, PROMPT, TIPODECAMPO, LARGO, DECIMALES, EDICION, CONTABILIZA, CONCEPTO, CALCULO, VALIDACION, TABLADEVALIDACION, TABLADEAYUDA, OPCIONES, TABLA, CAMPO, BASICO, MASCARA)
values                   (36062, ' ', 0, 'Nivel mínimo de apertura', 'Nivel apertura', 'N', 1, 0, NULL, 0, 0, 0, 0, 0, 0, 1, 3609, 'NIVEL_MINIMO_APERTURA', 0, NULL);
insert into OPCIONES     (NUMERODECAMPO, IDIOMA, DESCRIPCION, OPCIONINTERNA, OPCIONDEPANTALLA)
values                   (36062, 'E', 'Nivel registro', '0', '0');
insert into OPCIONES     (NUMERODECAMPO, IDIOMA, DESCRIPCION, OPCIONINTERNA, OPCIONDEPANTALLA)
values                   (36062, 'E', 'No nivel registro', '1', '1');
insert into DICCIONARIO  (NUMERODECAMPO, USODELCAMPO, REFERENCIA, DESCRIPCION, PROMPT, TIPODECAMPO, LARGO, DECIMALES, EDICION, CONTABILIZA, CONCEPTO, CALCULO, VALIDACION, TABLADEVALIDACION, TABLADEAYUDA, OPCIONES, TABLA, CAMPO, BASICO, MASCARA)
values                   (36063, ' ', 0, 'Modalidad', 'Modalidad', 'A', 1, 0, NULL, 0, 0, 0, 0, 0, 0, 1, 3609, 'MODALIDAD', 0, '>');
insert into OPCIONES     (NUMERODECAMPO, IDIOMA, DESCRIPCION, OPCIONINTERNA, OPCIONDEPANTALLA)
values                   (36063, 'E', 'Intena', 'I', 'I');
insert into OPCIONES     (NUMERODECAMPO, IDIOMA, DESCRIPCION, OPCIONINTERNA, OPCIONDEPANTALLA)
values                   (36063, 'E', 'Externa', 'E', 'E');
insert into OPCIONES     (NUMERODECAMPO, IDIOMA, DESCRIPCION, OPCIONINTERNA, OPCIONDEPANTALLA)
values                   (36063, 'E', 'Mixta', 'M', 'M');
insert into DICCIONARIO  (NUMERODECAMPO, USODELCAMPO, REFERENCIA, DESCRIPCION, PROMPT, TIPODECAMPO, LARGO, DECIMALES, EDICION, CONTABILIZA, CONCEPTO, CALCULO, VALIDACION, TABLADEVALIDACION, TABLADEAYUDA, OPCIONES, TABLA, CAMPO, BASICO, MASCARA)
values                   (36064, ' ', 0, 'Vigencia desde desvinculación', 'Vigencia', 'N', 2, 0, NULL, 0, 0, 0, 0, 0, 0, 0, 3609, 'VIGENCIA', 0, NULL);
insert into INDICES      (NUMERODEARCHIVO, NUMERODEINDICE, DESCRIPCION, CLAVESREPETIDAS, CAMPO1)
values                   (3609, 1, 'PK_VW_VINCULOS', 0, 36058);
insert into AYUDAS       (NUMERODEARCHIVO, NUMERODEAYUDA, DESCRIPCION, FILTRO, MOSTRARTODOS, CAMPOS, CAMPOSVISTA, BASEVISTA, NOMBREVISTA, AYUDAGRANDE)
values                   (3609, 36091, 'Vínculos', NULL, 0, '36058R;36059;36060;36061;36062;36063;36064;', NULL, NULL, NULL, 0);
update DICCIONARIO       set TABLADEAYUDA = 36091 where NUMERODECAMPO = 36058;
go

-- VW_PersonasFisicas
insert into DESCRIPTORES (TITULO, IDENTIFICACION, DESCRIPCION, NOMBREFISICO, TIPODEDBMS, BASE)
values                   (10, 287, 'VW Personas físicas', 'VW_PERSONASFISICAS', 'D', 'Top/Clientes');
insert into DICCIONARIO  (NUMERODECAMPO, USODELCAMPO, REFERENCIA, DESCRIPCION, PROMPT, TIPODECAMPO, LARGO, DECIMALES, EDICION, CONTABILIZA, CONCEPTO, CALCULO, VALIDACION, TABLADEVALIDACION, TABLADEAYUDA, OPCIONES, TABLA, CAMPO, BASICO, MASCARA)
values                   (3001, ' ', 0, 'Tipo de documento', 'Tipo documento', 'A', 4, 0, NULL, 0, 0, 0, 0, 0, 0, 0, 287, 'TIPODOCUMENTO', 0, NULL);
insert into DICCIONARIO  (NUMERODECAMPO, USODELCAMPO, REFERENCIA, DESCRIPCION, PROMPT, TIPODECAMPO, LARGO, DECIMALES, EDICION, CONTABILIZA, CONCEPTO, CALCULO, VALIDACION, TABLADEVALIDACION, TABLADEAYUDA, OPCIONES, TABLA, CAMPO, BASICO, MASCARA)
values                   (3002, ' ', 0, 'Número de documento', 'Número documento', 'A', 20, 0, NULL, 0, 0, 0, 0, 0, 0, 0, 287, 'NUMERODOCUMENTO', 0, NULL);
insert into DICCIONARIO  (NUMERODECAMPO, USODELCAMPO, REFERENCIA, DESCRIPCION, PROMPT, TIPODECAMPO, LARGO, DECIMALES, EDICION, CONTABILIZA, CONCEPTO, CALCULO, VALIDACION, TABLADEVALIDACION, TABLADEAYUDA, OPCIONES, TABLA, CAMPO, BASICO, MASCARA)
values                   (3003, ' ', 0, 'Número de persona', 'Número persona', 'N', 12, 0, NULL, 0, 0, 0, 0, 0, 0, 0, 287, 'NUMEROPERSONAFJ', 0, NULL);
insert into DICCIONARIO  (NUMERODECAMPO, USODELCAMPO, REFERENCIA, DESCRIPCION, PROMPT, TIPODECAMPO, LARGO, DECIMALES, EDICION, CONTABILIZA, CONCEPTO, CALCULO, VALIDACION, TABLADEVALIDACION, TABLADEAYUDA, OPCIONES, TABLA, CAMPO, BASICO, MASCARA)
values                   (3004, ' ', 0, 'Apellido paterno', 'Apellido paterno', 'A', 30, 0, NULL, 0, 0, 0, 0, 0, 0, 0, 287, 'APELLIDOPATERNO', 0, NULL);
insert into DICCIONARIO  (NUMERODECAMPO, USODELCAMPO, REFERENCIA, DESCRIPCION, PROMPT, TIPODECAMPO, LARGO, DECIMALES, EDICION, CONTABILIZA, CONCEPTO, CALCULO, VALIDACION, TABLADEVALIDACION, TABLADEAYUDA, OPCIONES, TABLA, CAMPO, BASICO, MASCARA)
values                   (3005, ' ', 0, 'Apellido materno', 'Apellido materno', 'A', 30, 0, NULL, 0, 0, 0, 0, 0, 0, 0, 287, 'APELLIDOMATERNO', 0, NULL);
insert into DICCIONARIO  (NUMERODECAMPO, USODELCAMPO, REFERENCIA, DESCRIPCION, PROMPT, TIPODECAMPO, LARGO, DECIMALES, EDICION, CONTABILIZA, CONCEPTO, CALCULO, VALIDACION, TABLADEVALIDACION, TABLADEAYUDA, OPCIONES, TABLA, CAMPO, BASICO, MASCARA)
values                   (3006, ' ', 0, 'Primer nombre', 'Primer nombre', 'A', 30, 0, NULL, 0, 0, 0, 0, 0, 0, 0, 287, 'PRIMERNOMBRE', 0, NULL);
insert into DICCIONARIO  (NUMERODECAMPO, USODELCAMPO, REFERENCIA, DESCRIPCION, PROMPT, TIPODECAMPO, LARGO, DECIMALES, EDICION, CONTABILIZA, CONCEPTO, CALCULO, VALIDACION, TABLADEVALIDACION, TABLADEAYUDA, OPCIONES, TABLA, CAMPO, BASICO, MASCARA)
values                   (3007, ' ', 0, 'Segundo nombre', 'Segundo nombre', 'A', 30, 0, NULL, 0, 0, 0, 0, 0, 0, 0, 287, 'SEGUNDONOMBRE', 0, NULL);
insert into DICCIONARIO  (NUMERODECAMPO, USODELCAMPO, REFERENCIA, DESCRIPCION, PROMPT, TIPODECAMPO, LARGO, DECIMALES, EDICION, CONTABILIZA, CONCEPTO, CALCULO, VALIDACION, TABLADEVALIDACION, TABLADEAYUDA, OPCIONES, TABLA, CAMPO, BASICO, MASCARA)
values                   (1959, ' ', 0, 'Apertura', 'Apertura', 'N', 1, 0, NULL, 0, 0, 0, 0, 0, 0, 0, 287, 'APERTURA', 0, NULL);
insert into DICCIONARIO  (NUMERODECAMPO, USODELCAMPO, REFERENCIA, DESCRIPCION, PROMPT, TIPODECAMPO, LARGO, DECIMALES, EDICION, CONTABILIZA, CONCEPTO, CALCULO, VALIDACION, TABLADEVALIDACION, TABLADEAYUDA, OPCIONES, TABLA, CAMPO, BASICO, MASCARA)
values                   (1463, ' ', 0, 'Número de documento', 'Número documento', 'A', 20, 0, NULL, 0, 0, 0, 0, 0, 0, 0, 0, 'NUMERODOCUMENTO', 0, NULL);
insert into INDICES      (NUMERODEARCHIVO, NUMERODEINDICE, DESCRIPCION, CLAVESREPETIDAS, CAMPO1, CAMPO2)
values                   (287, 1, 'PK_VW_PERSONASFISICAS', 0, 3001, 3002);
insert into INDICES      (NUMERODEARCHIVO, NUMERODEINDICE, DESCRIPCION, CLAVESREPETIDAS, CAMPO1)
values                   (287, 2, 'PK_VW_PERSONASFISICAS', 0, 3003);
insert into AYUDAS       (NUMERODEARCHIVO, NUMERODEAYUDA, DESCRIPCION, FILTRO, MOSTRARTODOS, CAMPOS, CAMPOSVISTA, BASEVISTA, NOMBREVISTA, AYUDAGRANDE)
values                   (287, 2871, 'Personas físicas', NULL, 1, '3001;3002R;3003;3004;3005;3006;3007;', NULL, NULL, NULL, 0);
update DICCIONARIO       set TABLADEAYUDA = 2871 where NUMERODECAMPO in (3002,1463);
go

-- VW_PersonasJuridicas
insert into DESCRIPTORES (TITULO, IDENTIFICACION, DESCRIPCION, NOMBREFISICO, TIPODEDBMS, BASE)
values                   (10, 288, 'VW Personas jurídicas', 'VW_PERSONASJURIDICAS', 'D', 'Top/Clientes');
insert into DICCIONARIO  (NUMERODECAMPO, USODELCAMPO, REFERENCIA, DESCRIPCION, PROMPT, TIPODECAMPO, LARGO, DECIMALES, EDICION, CONTABILIZA, CONCEPTO, CALCULO, VALIDACION, TABLADEVALIDACION, TABLADEAYUDA, OPCIONES, TABLA, CAMPO, BASICO, MASCARA)
values                   (3008, ' ', 0, 'Tipo de documento', 'Tipo documento', 'A', 4, 0, NULL, 0, 0, 0, 0, 0, 0, 0, 288, 'TIPODOCUMENTO', 0, NULL);
insert into DICCIONARIO  (NUMERODECAMPO, USODELCAMPO, REFERENCIA, DESCRIPCION, PROMPT, TIPODECAMPO, LARGO, DECIMALES, EDICION, CONTABILIZA, CONCEPTO, CALCULO, VALIDACION, TABLADEVALIDACION, TABLADEAYUDA, OPCIONES, TABLA, CAMPO, BASICO, MASCARA)
values                   (3009, ' ', 0, 'Número de documento', 'Número documento', 'A', 20, 0, NULL, 0, 0, 0, 0, 0, 0, 0, 288, 'NUMERODOCUMENTO', 0, NULL);
insert into DICCIONARIO  (NUMERODECAMPO, USODELCAMPO, REFERENCIA, DESCRIPCION, PROMPT, TIPODECAMPO, LARGO, DECIMALES, EDICION, CONTABILIZA, CONCEPTO, CALCULO, VALIDACION, TABLADEVALIDACION, TABLADEAYUDA, OPCIONES, TABLA, CAMPO, BASICO, MASCARA)
values                   (3010, ' ', 0, 'Número de persona', 'Número persona', 'N', 12, 0, NULL, 0, 0, 0, 0, 0, 0, 0, 288, 'NUMEROPERSONAFJ', 0, NULL);
insert into DICCIONARIO  (NUMERODECAMPO, USODELCAMPO, REFERENCIA, DESCRIPCION, PROMPT, TIPODECAMPO, LARGO, DECIMALES, EDICION, CONTABILIZA, CONCEPTO, CALCULO, VALIDACION, TABLADEVALIDACION, TABLADEAYUDA, OPCIONES, TABLA, CAMPO, BASICO, MASCARA)
values                   (3011, ' ', 0, 'Razón social', 'Razón social', 'A', 70, 0, NULL, 0, 0, 0, 0, 0, 0, 0, 288, 'RAZONSOCIAL', 0, NULL);
insert into DICCIONARIO  (NUMERODECAMPO, USODELCAMPO, REFERENCIA, DESCRIPCION, PROMPT, TIPODECAMPO, LARGO, DECIMALES, EDICION, CONTABILIZA, CONCEPTO, CALCULO, VALIDACION, TABLADEVALIDACION, TABLADEAYUDA, OPCIONES, TABLA, CAMPO, BASICO, MASCARA)
values                   (3021, ' ', 0, 'Apertura', 'Apertura', 'N', 1, 0, NULL, 0, 0, 0, 0, 0, 0, 0, 288, 'APERTURA', 0, NULL);
insert into DICCIONARIO  (NUMERODECAMPO, USODELCAMPO, REFERENCIA, DESCRIPCION, PROMPT, TIPODECAMPO, LARGO, DECIMALES, EDICION, CONTABILIZA, CONCEPTO, CALCULO, VALIDACION, TABLADEVALIDACION, TABLADEAYUDA, OPCIONES, TABLA, CAMPO, BASICO, MASCARA)
values                   (1464, ' ', 0, 'Número de documento', 'Número documento', 'A', 20, 0, NULL, 0, 0, 0, 0, 0, 0, 0, 0, 'NUMERODOCUMENTO', 0, NULL);
insert into INDICES      (NUMERODEARCHIVO, NUMERODEINDICE, DESCRIPCION, CLAVESREPETIDAS, CAMPO1, CAMPO2)
values                   (288, 1, 'PK_VW_PERSONASJURIDICAS', 0, 3008, 3009);
insert into INDICES      (NUMERODEARCHIVO, NUMERODEINDICE, DESCRIPCION, CLAVESREPETIDAS, CAMPO1)
values                   (288, 2, 'PK_VW_PERSONASJURIDICAS', 0, 3010);
insert into AYUDAS       (NUMERODEARCHIVO, NUMERODEAYUDA, DESCRIPCION, FILTRO, MOSTRARTODOS, CAMPOS, CAMPOSVISTA, BASEVISTA, NOMBREVISTA, AYUDAGRANDE)
values                   (288, 2881, 'Personas jurídicas', NULL, 1, '3008;3009R;3010;3011;3021;', NULL, NULL, NULL, 0);
update DICCIONARIO       set TABLADEAYUDA = 2881 where NUMERODECAMPO in (3009,1464);
go

-- VW_InstitucionesFinancieras
insert into DESCRIPTORES (TITULO, IDENTIFICACION, DESCRIPCION, NOMBREFISICO, TIPODEDBMS, BASE)
values                   (10, 289, 'VW Instituciones financieras', 'VW_INSTITUCIONESFINANCIERAS', 'D', 'Top/Clientes');
insert into DICCIONARIO  (NUMERODECAMPO, USODELCAMPO, REFERENCIA, DESCRIPCION, PROMPT, TIPODECAMPO, LARGO, DECIMALES, EDICION, CONTABILIZA, CONCEPTO, CALCULO, VALIDACION, TABLADEVALIDACION, TABLADEAYUDA, OPCIONES, TABLA, CAMPO, BASICO, MASCARA)
values                   (3012, ' ', 0, 'Tipo de documento', 'Tipo documento', 'A', 4, 0, NULL, 0, 0, 0, 0, 0, 0, 0, 289, 'TIPODOCUMENTO', 0, NULL);
insert into DICCIONARIO  (NUMERODECAMPO, USODELCAMPO, REFERENCIA, DESCRIPCION, PROMPT, TIPODECAMPO, LARGO, DECIMALES, EDICION, CONTABILIZA, CONCEPTO, CALCULO, VALIDACION, TABLADEVALIDACION, TABLADEAYUDA, OPCIONES, TABLA, CAMPO, BASICO, MASCARA)
values                   (3013, ' ', 0, 'Número de documento', 'Número documento', 'A', 20, 0, NULL, 0, 0, 0, 0, 0, 0, 0, 289, 'NUMERODOCUMENTO', 0, NULL);
insert into DICCIONARIO  (NUMERODECAMPO, USODELCAMPO, REFERENCIA, DESCRIPCION, PROMPT, TIPODECAMPO, LARGO, DECIMALES, EDICION, CONTABILIZA, CONCEPTO, CALCULO, VALIDACION, TABLADEVALIDACION, TABLADEAYUDA, OPCIONES, TABLA, CAMPO, BASICO, MASCARA)
values                   (3014, ' ', 0, 'Número de persona', 'Número persona', 'N', 12, 0, NULL, 0, 0, 0, 0, 0, 0, 0, 289, 'NUMEROPERSONAFJ', 0, NULL);
insert into DICCIONARIO  (NUMERODECAMPO, USODELCAMPO, REFERENCIA, DESCRIPCION, PROMPT, TIPODECAMPO, LARGO, DECIMALES, EDICION, CONTABILIZA, CONCEPTO, CALCULO, VALIDACION, TABLADEVALIDACION, TABLADEAYUDA, OPCIONES, TABLA, CAMPO, BASICO, MASCARA)
values                   (3015, ' ', 0, 'Razón social', 'Razón social', 'A', 70, 0, NULL, 0, 0, 0, 0, 0, 0, 0, 289, 'RAZONSOCIAL', 0, NULL);
insert into DICCIONARIO  (NUMERODECAMPO, USODELCAMPO, REFERENCIA, DESCRIPCION, PROMPT, TIPODECAMPO, LARGO, DECIMALES, EDICION, CONTABILIZA, CONCEPTO, CALCULO, VALIDACION, TABLADEVALIDACION, TABLADEAYUDA, OPCIONES, TABLA, CAMPO, BASICO, MASCARA)
values                   (3022, ' ', 0, 'Apertura', 'Apertura', 'N', 1, 0, NULL, 0, 0, 0, 0, 0, 0, 0, 289, 'APERTURA', 0, NULL);
insert into DICCIONARIO  (NUMERODECAMPO, USODELCAMPO, REFERENCIA, DESCRIPCION, PROMPT, TIPODECAMPO, LARGO, DECIMALES, EDICION, CONTABILIZA, CONCEPTO, CALCULO, VALIDACION, TABLADEVALIDACION, TABLADEAYUDA, OPCIONES, TABLA, CAMPO, BASICO, MASCARA)
values                   (1465, ' ', 0, 'Número de documento', 'Número documento', 'A', 20, 0, NULL, 0, 0, 0, 0, 0, 0, 0, 0, 'NUMERODOCUMENTO', 0, NULL);
insert into INDICES      (NUMERODEARCHIVO, NUMERODEINDICE, DESCRIPCION, CLAVESREPETIDAS, CAMPO1, CAMPO2)
values                   (289, 1, 'PK_VW_INSTITUCIONESFINANCIERAS', 0, 3012, 3013);
insert into INDICES      (NUMERODEARCHIVO, NUMERODEINDICE, DESCRIPCION, CLAVESREPETIDAS, CAMPO1)
values                   (289, 2, 'PK_VW_PERSONASJURIDICAS', 0, 3014);
insert into AYUDAS       (NUMERODEARCHIVO, NUMERODEAYUDA, DESCRIPCION, FILTRO, MOSTRARTODOS, CAMPOS, CAMPOSVISTA, BASEVISTA, NOMBREVISTA, AYUDAGRANDE)
values                   (289, 2891, 'Personas financieras', NULL, 1, '3012;3013R;3014;3015;3022;', NULL, NULL, NULL, 0);
update DICCIONARIO       set TABLADEAYUDA = 2891 where NUMERODECAMPO in (3013,1465);
go

-- Ayudas ----------------------------------------------------------------------------------------------------------------------

-- CLI_PersonasFisicas
insert into AYUDAS       (NUMERODEARCHIVO, NUMERODEAYUDA, DESCRIPCION, FILTRO, MOSTRARTODOS, CAMPOS, CAMPOSVISTA, BASEVISTA, NOMBREVISTA, AYUDAGRANDE)
values                   (14, 144, 'Todas las personas físicas', NULL, 1, '1401R;1418;1420;1421;1422;', NULL, NULL, NULL, 0);
insert into DICCIONARIO  (NUMERODECAMPO, USODELCAMPO, REFERENCIA, DESCRIPCION, PROMPT, TIPODECAMPO, LARGO, DECIMALES, EDICION, CONTABILIZA, CONCEPTO, CALCULO, VALIDACION, TABLADEVALIDACION, TABLADEAYUDA, OPCIONES, TABLA, CAMPO, BASICO, MASCARA)
values                   (1395, ' ', 0, 'Número de persona física', 'Persona física', 'N', 12, 0, NULL, 0, 0, 0, 0, 14, 144, 0, 0, NULL, 0, NULL);
insert into DICCIONARIO  (NUMERODECAMPO, USODELCAMPO, REFERENCIA, DESCRIPCION, PROMPT, TIPODECAMPO, LARGO, DECIMALES, EDICION, CONTABILIZA, CONCEPTO, CALCULO, VALIDACION, TABLADEVALIDACION, TABLADEAYUDA, OPCIONES, TABLA, CAMPO, BASICO, MASCARA)
values                   (1396, ' ', 0, 'Número de persona física', 'Persona física', 'N', 12, 0, NULL, 0, 0, 0, 0, 14, 144, 0, 0, NULL, 0, NULL);
go

-- CLI_PersonaJuridicas
insert into AYUDAS       (NUMERODEARCHIVO, NUMERODEAYUDA, DESCRIPCION, FILTRO, MOSTRARTODOS, CAMPOS, CAMPOSVISTA, BASEVISTA, NOMBREVISTA, AYUDAGRANDE)
values                   (19, 194, 'Todas las personas jurídicas', NULL, 1, '1451R;1452;', NULL, NULL, NULL, 0);
insert into DICCIONARIO  (NUMERODECAMPO, USODELCAMPO, REFERENCIA, DESCRIPCION, PROMPT, TIPODECAMPO, LARGO, DECIMALES, EDICION, CONTABILIZA, CONCEPTO, CALCULO, VALIDACION, TABLADEVALIDACION, TABLADEAYUDA, OPCIONES, TABLA, CAMPO, BASICO, MASCARA)
values                   (1397, ' ', 0, 'Número de persona jurídica', 'Persona jurídica', 'N', 12, 0, NULL, 0, 0, 0, 0, 19, 194, 0, 0, NULL, 0, NULL);
insert into DICCIONARIO  (NUMERODECAMPO, USODELCAMPO, REFERENCIA, DESCRIPCION, PROMPT, TIPODECAMPO, LARGO, DECIMALES, EDICION, CONTABILIZA, CONCEPTO, CALCULO, VALIDACION, TABLADEVALIDACION, TABLADEAYUDA, OPCIONES, TABLA, CAMPO, BASICO, MASCARA)
values                   (1398, ' ', 0, 'Número de persona jurídica', 'Persona jurídica', 'N', 12, 0, NULL, 0, 0, 0, 0, 19, 194, 0, 0, NULL, 0, NULL);
go

-- CLI_DocumentosPFPJ
insert into DICCIONARIO  (NUMERODECAMPO, USODELCAMPO, REFERENCIA, DESCRIPCION, PROMPT, TIPODECAMPO, LARGO, DECIMALES, EDICION, CONTABILIZA, CONCEPTO, CALCULO, VALIDACION, TABLADEVALIDACION, TABLADEAYUDA, OPCIONES, TABLA, CAMPO, BASICO, MASCARA)
values                   (1132, ' ', 0, 'Tipo de documento', 'Tipo Documento', 'A', 4, 0, NULL, 0, 0, 0, 0, 0, 332, 0, 0, 'C1132', 0, NULL);
go

-- VW_PersonasFisicas
insert into DICCIONARIO  (NUMERODECAMPO, USODELCAMPO, REFERENCIA, DESCRIPCION, PROMPT, TIPODECAMPO, LARGO, DECIMALES, EDICION, CONTABILIZA, CONCEPTO, CALCULO, VALIDACION, TABLADEVALIDACION, TABLADEAYUDA, OPCIONES, TABLA, CAMPO, BASICO, MASCARA)
values                   (3018, ' ', 0, 'Número de documento', 'Número documento', 'A', 20, 0, NULL, 0, 0, 0, 0, 0, 2871, 0, 0, 'NUMERODOCUMENTO', 0, NULL);
go

-- VW_PersonasJuridicas
insert into DICCIONARIO  (NUMERODECAMPO, USODELCAMPO, REFERENCIA, DESCRIPCION, PROMPT, TIPODECAMPO, LARGO, DECIMALES, EDICION, CONTABILIZA, CONCEPTO, CALCULO, VALIDACION, TABLADEVALIDACION, TABLADEAYUDA, OPCIONES, TABLA, CAMPO, BASICO, MASCARA)
values                   (3019, ' ', 0, 'Número de documento', 'Número documento', 'A', 20, 0, NULL, 0, 0, 0, 0, 0, 2881, 0, 0, 'NUMERODOCUMENTO', 0, NULL);
go

-- VW_PersonasJuridicas
insert into DICCIONARIO  (NUMERODECAMPO, USODELCAMPO, REFERENCIA, DESCRIPCION, PROMPT, TIPODECAMPO, LARGO, DECIMALES, EDICION, CONTABILIZA, CONCEPTO, CALCULO, VALIDACION, TABLADEVALIDACION, TABLADEAYUDA, OPCIONES, TABLA, CAMPO, BASICO, MASCARA)
values                   (3020, ' ', 0, 'Número de documento', 'Número documento', 'A', 20, 0, NULL, 0, 0, 0, 0, 0, 2891, 0, 0, 'NUMERODOCUMENTO', 0, NULL);
go
